Tin_Cold,Tin_Normal,Tin_Hot,Tin_label,Tin_degree,Tout_Cold,Tout_Normal,Tout_Hot,Tout_label,Tout_degree,Hin_Dry,Hin_Normal,Hin_Wet,Hin_label,Hin_degree,Hout_Dry,Hout_Normal,Hout_Wet,Hout_label,Hout_degree,L_Low,L_Normal,L_High,L_label,L_degree,Solar_Low,Solar_Normal,Solar_High,Solar_label,Solar_degree,CO2_Low,CO2_Normal,CO2_High,CO2_label,CO2_degree,Wind_Low,Wind_Medium,Wind_High,Wind_label,Wind_degree,N_Low,N_Normal,N_High,N_label,N_degree,E_Low,E_Normal,E_High,E_label,E_degree,W,status
0.0,0.6559388133853681,0.0,Normal,0.6559388133853681,0.0,0.8150252158667904,0.0,Normal,0.8150252158667904,0.0,0.7927922912545985,0.0,Normal,0.7927922912545985,0.0,0.752042012950021,0.0,Normal,0.752042012950021,1.0,0.0,0.0,Low,1.0,0.0,0.8941099358028324,0.0,Normal,0.8941099358028324,0.0,0.6073937610487871,0.0,Normal,0.6073937610487871,0.0,0.6430630742333042,0.0,Medium,0.6430630742333042,0.436781609195402,0.28160919540229895,0.0,Low,0.436781609195402,0.5202397642466353,0.23988011787668231,0.0,Low,0.5202397642466353,3,Good
0.0,0.7878065568195021,0.0,Normal,0.7878065568195021,0.0,0.9637523423741038,0.0,Normal,0.9637523423741038,0.0,0.5778801564550227,0.0,Normal,0.5778801564550227,0.0,0.7874773534940057,0.0,Normal,0.7874773534940057,0.0,0.6222999653333563,0.0,Normal,0.6222999653333563,0.6510333579218155,0.1744833210390922,0.0,Low,0.6510333579218155,0.0,0.6570439474522578,0.0,Normal,0.6570439474522578,0.0,0.7008309491364443,0.0,Medium,0.7008309491364443,0.0,0.7605363984674328,0.0,Normal,0.7605363984674328,0.0,0.5018667663185358,0.0,Normal,0.5018667663185358,1,Acceptable
0.0,0.5513594772711643,0.0,Normal,0.5513594772711643,0.0,0.7403719931185911,0.0,Normal,0.7403719931185911,0.0,0.919752703501894,0.0,Normal,0.919752703501894,0.0,0.9668561129759135,0.0,Normal,0.9668561129759135,1.0,0.0,0.0,Low,1.0,0.0,0.0,1.0,High,1.0,0.0,0.8003051373385095,0.0,Normal,0.8003051373385095,1.0,0.0,0.0,Low,1.0,0.0,0.8563218390804596,0.0,Normal,0.8563218390804596,1.0,0.0,0.0,Low,1.0,3,Good
0.0,0.0618976876477554,0.8762046247044891,Hot,0.8762046247044891,0.0,0.6568720276166766,0.0,Normal,0.6568720276166766,0.0,0.30456259037288386,0.39087481925423173,Wet,0.39087481925423173,0.0,0.10913281693426821,0.7817343661314636,Wet,0.7817343661314636,0.0,0.7293928458396515,0.0,Normal,0.7293928458396515,0.08707944776294414,0.4564602761185278,0.0,Normal,0.4564602761185278,0.0,0.5694205518839944,0.0,Normal,0.5694205518839944,0.6219002096402786,0.18904989517986068,0.0,Low,0.6219002096402786,0.0,0.0,1.0,High,1.0,0.0,0.6619015549728585,0.0,Normal,0.6619015549728585,0,Poor
0.45670712098556554,0.2716464395072174,0.0,Cold,0.45670712098556554,0.0,0.958912978292648,0.0,Normal,0.958912978292648,0.0,0.6341055304562017,0.0,Normal,0.6341055304562017,0.23146747845908328,0.3842662607704582,0.0,Normal,0.3842662607704582,0.0,0.5520092473232093,0.0,Normal,0.5520092473232093,0.0,0.48592510259917004,0.02814979480165989,Normal,0.48592510259917004,0.31386295530438685,0.3430685223478066,0.0,Normal,0.3430685223478066,0.0,0.2533804914350358,0.49323901712992857,High,0.49323901712992857,0.0,0.5689655172413791,0.0,Normal,0.5689655172413791,0.0,0.5496059542446573,0.0,Normal,0.5496059542446573,3,Acceptable
0.0,0.9655282643876328,0.0,Normal,0.9655282643876328,0.04746174670461968,0.47626912664769006,0.0,Normal,0.47626912664769006,0.0,0.8136067923049498,0.0,Normal,0.8136067923049498,0.0,0.5210828155807545,0.0,Normal,0.5210828155807545,1.0,0.0,0.0,Low,1.0,0.0,0.08049588493422224,0.8390082301315555,High,0.8390082301315555,0.018192479481234564,0.4909037602593827,0.0,Normal,0.4909037602593827,0.0,0.3186859343892326,0.36262813122153514,High,0.36262813122153514,0.0,0.4731800766283523,0.05363984674329525,Normal,0.4731800766283523,0.0,0.9624101463311295,0.0,Normal,0.9624101463311295,3,Good
0.0,0.959861423729481,0.0,Normal,0.959861423729481,0.0,0.646586130081934,0.0,Normal,0.646586130081934,0.0,0.9958286166545216,0.0,Normal,0.9958286166545216,0.0,0.8960054660160937,0.0,Normal,0.8960054660160937,0.0,0.924944163681516,0.0,Normal,0.924944163681516,0.6871225966129783,0.15643870169351082,0.0,Low,0.6871225966129783,0.0,0.37769956259511095,0.2446008748097783,Normal,0.37769956259511095,0.0,0.8625002754618304,0.0,Medium,0.8625002754618304,0.0,0.7605363984674332,0.0,Normal,0.7605363984674332,0.0,0.512351463562828,0.0,Normal,0.512351463562828,1,Acceptable
0.0,0.24286229148071758,0.5142754170385643,Hot,0.5142754170385643,0.0,0.4969724145204946,0.006055170959010548,Normal,0.4969724145204946,0.0,0.7331715785194173,0.0,Normal,0.7331715785194173,0.0,0.9036987130772749,0.0,Normal,0.9036987130772749,0.5913653451043297,0.20431732744783507,0.0,Low,0.5913653451043297,0.0,0.9441396675317629,0.0,Normal,0.9441396675317629,0.0,0.30517980260191474,0.38964039479617074,High,0.38964039479617074,0.0,0.9175531253183865,0.0,Medium,0.9175531253183865,0.0,0.0,1.0,High,1.0,0.042412753111452664,0.4787936234442736,0.0,Normal,0.4787936234442736,0,Acceptable
0.0,0.5966478192244399,0.0,Normal,0.5966478192244399,0.0,0.5753981039492658,0.0,Normal,0.5753981039492658,0.0,0.8910967583050199,0.0,Normal,0.8910967583050199,0.0,0.7353580419984381,0.0,Normal,0.7353580419984381,0.0,0.8795560021519478,0.0,Normal,0.8795560021519478,0.0,0.9225271097578756,0.0,Normal,0.9225271097578756,0.0,0.821875043883128,0.0,Normal,0.821875043883128,0.7281666388634669,0.1359166805682665,0.0,Low,0.7281666388634669,0.0,0.0,1.0,High,1.0,0.0,0.8062307722967539,0.0,Normal,0.8062307722967539,3,Acceptable
0.0,0.9558871953004089,0.0,Normal,0.9558871953004089,0.0,0.9179528874112466,0.0,Normal,0.9179528874112466,0.5514198800555336,0.2242900599722333,0.0,Dry,0.5514198800555336,0.3715768072517275,0.31421159637413615,0.0,Dry,0.3715768072517275,1.0,0.0,0.0,Low,1.0,0.0,0.0,1.0,High,1.0,0.0,0.5988833438758162,0.0,Normal,0.5988833438758162,1.0,0.0,0.0,Low,1.0,0.0,0.7605363984674328,0.0,Normal,0.7605363984674328,0.4479159768462314,0.27604201157688424,0.0,Low,0.4479159768462314,3,Good
0.0,0.8837101538248882,0.0,Normal,0.8837101538248882,0.0,0.852384259191894,0.0,Normal,0.852384259191894,0.0,0.4968285916302149,0.006342816739569198,Normal,0.4968285916302149,0.0,0.7552391944527886,0.0,Normal,0.7552391944527886,0.0,0.998548084543021,0.0,Normal,0.998548084543021,0.12907621316194218,0.4354618934190288,0.0,Normal,0.4354618934190288,0.0,0.9603755748469194,0.0,Normal,0.9603755748469194,0.1746870989000931,0.41265645054995337,0.0,Medium,0.41265645054995337,0.0,0.5689655172413791,0.0,Normal,0.5689655172413791,0.04043152133163394,0.47978423933418296,0.0,Normal,0.47978423933418296,3,Good
0.07366923867317109,0.4631653806634147,0.0,Normal,0.4631653806634147,0.4895713261567631,0.2552143369216184,0.0,Cold,0.4895713261567631,0.9294858501603732,0.03525707491981342,0.0,Dry,0.9294858501603732,1.0,0.0,0.0,Dry,1.0,0.0,0.5664080520459265,0.0,Normal,0.5664080520459265,0.0,0.7714570538693323,0.0,Normal,0.7714570538693323,0.0,0.8560852740782272,0.0,Normal,0.8560852740782272,0.0,0.8160309578163606,0.0,Medium,0.8160309578163606,0.0,0.7605363984674332,0.0,Normal,0.7605363984674332,0.0,0.8953997774549624,0.0,Normal,0.8953997774549624,0,Acceptable
0.0,0.8068464829148301,0.0,Normal,0.8068464829148301,0.0,0.4549620349560903,0.09007593008781924,Normal,0.4549620349560903,0.0,0.9647843873473778,0.0,Normal,0.9647843873473778,0.0,0.961777744670289,0.0,Normal,0.961777744670289,0.0,0.9754598718870597,0.0,Normal,0.9754598718870597,0.3218961527166829,0.3390519236416584,0.0,Normal,0.3390519236416584,0.0,0.6931516907703857,0.0,Normal,0.6931516907703857,0.0,0.47313111592905405,0.053737768141892336,Medium,0.47313111592905405,0.0,0.37739463601532547,0.24521072796934892,Normal,0.37739463601532547,0.0,0.8358969984109085,0.0,Normal,0.8358969984109085,0,Acceptable
0.0,0.3830583008575619,0.23388339828487545,Normal,0.3830583008575619,0.0,0.9569246810779927,0.0,Normal,0.9569246810779927,0.0,0.7448407861154577,0.0,Normal,0.7448407861154577,0.0,0.9644555554460233,0.0,Normal,0.9644555554460233,1.0,0.0,0.0,Low,1.0,0.0,0.09091255595070653,0.818174888098587,High,0.818174888098587,0.0,0.8336683936727727,0.0,Normal,0.8336683936727727,0.0,0.8438240815804855,0.0,Medium,0.8438240815804855,0.0,0.0,1.0,High,1.0,0.39273104031275086,0.3036344798436245,0.0,Low,0.39273104031275086,3,Good
0.0,0.610248654563704,0.0,Normal,0.610248654563704,0.0,0.4266941765921312,0.14661164681573738,Normal,0.4266941765921312,0.0523204514011843,0.473839774299408,0.0,Normal,0.473839774299408,0.0,0.6539884789573268,0.0,Normal,0.6539884789573268,0.0,0.8852719847316588,0.0,Normal,0.8852719847316588,0.27275292881410057,0.36362353559294963,0.0,Normal,0.36362353559294963,0.31075277720757966,0.34462361139621017,0.0,Normal,0.34462361139621017,0.19508665133114245,0.4024566743344287,0.0,Medium,0.4024566743344287,1.0,0.0,0.0,Low,1.0,0.0,0.8092634738167678,0.0,Normal,0.8092634738167678,0,Acceptable
0.0,0.9394295726200017,0.0,Normal,0.9394295726200017,0.0,0.34517403945926856,0.30965192108146267,Normal,0.34517403945926856,0.0,0.5715026236163235,0.0,Normal,0.5715026236163235,0.0,0.9098653019589946,0.0,Normal,0.9098653019589946,0.0,0.6543365021705944,0.0,Normal,0.6543365021705944,0.0,0.8419048553991104,0.0,Normal,0.8419048553991104,0.42964438408183625,0.2851778079590819,0.0,Low,0.42964438408183625,0.9817334242463939,0.009133287876803085,0.0,Low,0.9817334242463939,0.0,0.664750957854406,0.0,Normal,0.664750957854406,0.0,0.9395287754645714,0.0,Normal,0.9395287754645714,0,Acceptable
0.1388666740020817,0.4305666629989594,0.0,Normal,0.4305666629989594,0.0,0.303786159410604,0.39242768117879184,Hot,0.39242768117879184,0.0,0.9230596231329834,0.0,Normal,0.9230596231329834,0.0,0.7535919847396402,0.0,Normal,0.7535919847396402,0.0,0.0,1.0,High,1.0,0.8097030946813052,0.09514845265934738,0.0,Low,0.8097030946813052,0.1976052954164524,0.4011973522917738,0.0,Normal,0.4011973522917738,0.0,0.8689057019381226,0.0,Medium,0.8689057019381226,0.436781609195402,0.28160919540229895,0.0,Low,0.436781609195402,0.0,0.5998456963680997,0.0,Normal,0.5998456963680997,0,Acceptable
0.0,0.8196870183167636,0.0,Normal,0.8196870183167636,0.0,0.6566404899516645,0.0,Normal,0.6566404899516645,0.0,0.7980368292505489,0.0,Normal,0.7980368292505489,0.0,0.6924744391837491,0.0,Normal,0.6924744391837491,0.0,0.6511780777426373,0.0,Normal,0.6511780777426373,0.30018140379791036,0.34990929810104476,0.0,Normal,0.34990929810104476,0.0,0.19117521719080455,0.617649565618391,High,0.617649565618391,1.0,0.0,0.0,Low,1.0,0.0,0.6647509578544063,0.0,Normal,0.6647509578544063,0.02247304668401466,0.4887634766579926,0.0,Normal,0.4887634766579926,0,Acceptable
0.0,0.0,1.0,Hot,1.0,0.0,0.9006839758332853,0.0,Normal,0.9006839758332853,0.0,0.2599446394314146,0.4801107211371703,Wet,0.4801107211371703,0.0,0.08925742685937739,0.8214851462812452,Wet,0.8214851462812452,0.16055025385338376,0.41972487307330797,0.0,Normal,0.41972487307330797,0.0,0.9618774367914924,0.0,Normal,0.9618774367914924,0.0,0.9687155385446355,0.0,Normal,0.9687155385446355,0.0,0.9554339667030854,0.0,Medium,0.9554339667030854,0.0,0.8563218390804601,0.0,Normal,0.8563218390804601,0.0,0.8024828487864131,0.0,Normal,0.8024828487864131,0,Poor
0.0,0.0,1.0,Hot,1.0,0.0,0.9916822377462092,0.0,Normal,0.9916822377462092,0.0,0.9756350803107025,0.0,Normal,0.9756350803107025,0.0,0.9319713954082322,0.0,Normal,0.9319713954082322,0.0,0.4847794663263824,0.03044106734723516,Normal,0.4847794663263824,0.9570730677439969,0.021463466128001533,0.0,Low,0.9570730677439969,0.0,0.9528348409504617,0.0,Normal,0.9528348409504617,0.0,0.27860463566278937,0.44279072867442154,High,0.44279072867442154,0.0,0.0,1.0,High,1.0,0.0,0.21086155568445172,0.5782768886310965,High,0.5782768886310965,2,Poor
0.0,0.8092113125235672,0.0,Normal,0.8092113125235672,0.1280122637435417,0.43599386812822905,0.0,Normal,0.43599386812822905,0.0,0.22174441703181985,0.5565111659363599,Wet,0.5565111659363599,0.0,0.10287521465172546,0.7942495706965492,Wet,0.7942495706965492,0.0,0.5046307833239664,0.0,Normal,0.5046307833239664,1.0,0.0,0.0,Low,1.0,0.0,0.193562549521366,0.6128749009572682,High,0.6128749009572682,0.0,0.8364823963102789,0.0,Medium,0.8364823963102789,0.24521072796934829,0.3773946360153258,0.0,Normal,0.3773946360153258,0.0,0.8497764832750243,0.0,Normal,0.8497764832750243,1,Acceptable
0.18844100086222004,0.4057794995688902,0.0,Normal,0.4057794995688902,0.556158927587202,0.22192053620639893,0.0,Cold,0.556158927587202,0.0,0.057718082510402266,0.8845638349791953,Wet,0.8845638349791953,0.0,0.0,1.0,Wet,1.0,0.0,0.7421340821987704,0.0,Normal,0.7421340821987704,0.6316161661755241,0.18419191691223794,0.0,Low,0.6316161661755241,1.0,0.0,0.0,Low,1.0,0.0,0.7766118205352203,0.0,Medium,0.7766118205352203,0.6283524904214557,0.1858237547892721,0.0,Low,0.6283524904214557,0.0,0.8409367138466555,0.0,Normal,0.8409367138466555,1,Poor
0.0,0.9819497388180477,0.0,Normal,0.9819497388180477,0.0,0.6040328522225898,0.0,Normal,0.6040328522225898,0.0,0.9755003449351672,0.0,Normal,0.9755003449351672,0.0,0.9157065784436491,0.0,Normal,0.9157065784436491,1.0,0.0,0.0,Low,1.0,0.0,0.4415753723011843,0.11684925539763134,Normal,0.4415753723011843,0.0,0.9773192319456961,0.0,Normal,0.9773192319456961,1.0,0.0,0.0,Low,1.0,1.0,0.0,0.0,Low,1.0,0.3214254344368998,0.33928728278155,0.0,Normal,0.33928728278155,3,Good
0.0,0.8128190991559444,0.0,Normal,0.8128190991559444,0.0,0.6141702591009361,0.0,Normal,0.6141702591009361,0.0,0.6662280528731811,0.0,Normal,0.6662280528731811,0.0,0.7655112473407842,0.0,Normal,0.7655112473407842,0.7973381104242336,0.10133094478788315,0.0,Low,0.7973381104242336,0.0,0.9449199518986128,0.0,Normal,0.9449199518986128,0.0,0.6750695678314179,0.0,Normal,0.6750695678314179,0.0,0.7499710682574615,0.0,Medium,0.7499710682574615,0.24521072796934829,0.3773946360153258,0.0,Normal,0.3773946360153258,0.07983512533586268,0.4600824373320686,0.0,Normal,0.4600824373320686,3,Good
0.0,0.0007034920917223297,0.9985930158165554,Hot,0.9985930158165554,0.0,0.5965799289356908,0.0,Normal,0.5965799289356908,0.0,0.6827438421137431,0.0,Normal,0.6827438421137431,0.0,0.6975639523745548,0.0,Normal,0.6975639523745548,0.0,0.8396505176483872,0.0,Normal,0.8396505176483872,0.0,0.543187051484243,0.0,Normal,0.543187051484243,1.0,0.0,0.0,Low,1.0,1.0,0.0,0.0,Low,1.0,0.0,0.6647509578544063,0.0,Normal,0.6647509578544063,0.0,0.09197114388408305,0.8160577122318339,High,0.8160577122318339,0,Poor
0.0,0.6478544107759954,0.0,Normal,0.6478544107759954,0.0,0.5688120070093481,0.0,Normal,0.5688120070093481,0.0,0.7477530036953024,0.0,Normal,0.7477530036953024,0.0,0.3889794388052136,0.22204112238957316,Normal,0.3889794388052136,0.0,0.295423932320852,0.4091521353582959,High,0.4091521353582959,0.6208481927470303,0.18957590362648477,0.0,Low,0.6208481927470303,0.0,0.0,1.0,High,1.0,0.5714219264909497,0.2142890367545251,0.0,Low,0.5714219264909497,0.05363984674329458,0.47318007662835265,0.0,Normal,0.47318007662835265,0.06971172423355403,0.4651441378832229,0.0,Normal,0.4651441378832229,1,Acceptable
0.0,0.9417855220859054,0.0,Normal,0.9417855220859054,0.0,0.7037131664208248,0.0,Normal,0.7037131664208248,0.0,0.558697545224906,0.0,Normal,0.558697545224906,0.0,0.7897696798920196,0.0,Normal,0.7897696798920196,0.7508467152041042,0.12457664239794788,0.0,Low,0.7508467152041042,0.0,0.7379196265582153,0.0,Normal,0.7379196265582153,0.19810075562430352,0.40094962218784824,0.0,Normal,0.40094962218784824,0.0,0.8838971170755263,0.0,Medium,0.8838971170755263,0.0,0.0,1.0,High,1.0,0.0,0.592246732010659,0.0,Normal,0.592246732010659,3,Good
0.0,0.738946486359366,0.0,Normal,0.738946486359366,0.0,0.4925797258269518,0.014840548346096166,Normal,0.4925797258269518,0.0,0.7157643430159603,0.0,Normal,0.7157643430159603,0.0,0.868209602607792,0.0,Normal,0.868209602607792,0.0,0.0651892182032288,0.8696215635935424,High,0.8696215635935424,1.0,0.0,0.0,Low,1.0,0.0,0.7506220364535734,0.0,Normal,0.7506220364535734,0.0,0.3696275961267605,0.2607448077464794,Medium,0.3696275961267605,0.0,0.5689655172413791,0.0,Normal,0.5689655172413791,0.0,0.9568129323563495,0.0,Normal,0.9568129323563495,2,Poor
0.0,0.895971892248607,0.0,Normal,0.895971892248607,0.0,0.9411119934425866,0.0,Normal,0.9411119934425866,0.0,0.6400165649860099,0.0,Normal,0.6400165649860099,0.0,0.9346463026876062,0.0,Normal,0.9346463026876062,1.0,0.0,0.0,Low,1.0,0.0,0.0,1.0,High,1.0,0.0,0.5898935560634775,0.0,Normal,0.5898935560634775,0.0,0.6196019092844249,0.0,Medium,0.6196019092844249,1.0,0.0,0.0,Low,1.0,1.0,0.0,0.0,Low,1.0,3,Good
0.0,0.5503843127035574,0.0,Normal,0.5503843127035574,0.9856180252522286,0.007190987373885671,0.0,Cold,0.9856180252522286,0.0,0.6946472425272421,0.0,Normal,0.6946472425272421,0.0,0.8325217297340307,0.0,Normal,0.8325217297340307,0.0,0.4310215787552516,0.13795684248949677,Normal,0.4310215787552516,0.0,0.509436592862834,0.0,Normal,0.509436592862834,0.0,0.9483264179477767,0.0,Normal,0.9483264179477767,0.0,0.2848110442353036,0.43037791152939303,High,0.43037791152939303,0.0,0.664750957854406,0.0,Normal,0.664750957854406,0.0,0.36867740173174063,0.2626451965365188,Normal,0.36867740173174063,0,Acceptable
0.0,0.4697335651031217,0.060532869793755585,Normal,0.4697335651031217,0.0,0.7645316113955539,0.0,Normal,0.7645316113955539,0.0,0.7392817871746425,0.0,Normal,0.7392817871746425,0.07443608616844637,0.46278195691577667,0.0,Normal,0.46278195691577667,1.0,0.0,0.0,Low,1.0,0.0,0.0,1.0,High,1.0,0.0,0.9357385132528405,0.0,Normal,0.9357385132528405,1.0,0.0,0.0,Low,1.0,0.0,0.0,1.0,High,1.0,0.7585680548935901,0.12071597255320492,0.0,Low,0.7585680548935901,3,Good
0.43828916810342716,0.28085541594828656,0.0,Cold,0.43828916810342716,0.10629804602330226,0.44685097698834875,0.0,Normal,0.44685097698834875,0.9874169037244174,0.00629154813779134,0.0,Dry,0.9874169037244174,0.0,0.7871889381238069,0.0,Normal,0.7871889381238069,0.0,0.9486859143713646,0.0,Normal,0.9486859143713646,0.6368478380720435,0.18157608096397823,0.0,Low,0.6368478380720435,0.0,0.0,1.0,High,1.0,0.0,0.6159201526096063,0.0,Medium,0.6159201526096063,0.8199233716475094,0.09003831417624526,0.0,Low,0.8199233716475094,0.03150822953733236,0.4842458852313338,0.0,Normal,0.4842458852313338,0,Poor
0.0,0.738367536205724,0.0,Normal,0.738367536205724,0.0,0.6330996617257744,0.0,Normal,0.6330996617257744,0.0,0.6250050835086284,0.0,Normal,0.6250050835086284,0.0,0.15283823071110958,0.694323538577781,Wet,0.694323538577781,0.0,0.605050324551564,0.0,Normal,0.605050324551564,0.0,0.6938876172477214,0.0,Normal,0.6938876172477214,0.0,0.5854516406222162,0.0,Normal,0.5854516406222162,0.0,0.9864949538790525,0.0,Medium,0.9864949538790525,0.0,0.8563218390804601,0.0,Normal,0.8563218390804601,0.15061594855100316,0.4246920257244984,0.0,Normal,0.4246920257244984,3,Good
0.0,0.9730107159699165,0.0,Normal,0.9730107159699165,0.0,0.6308580933297374,0.0,Normal,0.6308580933297374,0.0,0.4312203708048358,0.13755925839032765,Normal,0.4312203708048358,0.0,0.28933543132001,0.42132913735998023,Wet,0.42132913735998023,0.31843324751819035,0.3407833762409047,0.0,Normal,0.3407833762409047,0.0,0.27406768596926384,0.45186462806147226,High,0.45186462806147226,0.0,0.8285286531276679,0.0,Normal,0.8285286531276679,0.5727767173633243,0.21361164131833785,0.0,Low,0.5727767173633243,0.0,0.0,1.0,High,1.0,0.0,0.6588819412217474,0.0,Normal,0.6588819412217474,3,Good
0.0,0.8364859074627723,0.0,Normal,0.8364859074627723,0.0,0.6611458088212203,0.0,Normal,0.6611458088212203,1.0,0.0,0.0,Dry,1.0,0.12526630725103208,0.4373668463744838,0.0,Normal,0.4373668463744838,1.0,0.0,0.0,Low,1.0,0.0,0.6307600006318316,0.0,Normal,0.6307600006318316,0.0,0.8059491232813281,0.0,Normal,0.8059491232813281,0.6872544433610641,0.15637277831946794,0.0,Low,0.6872544433610641,1.0,0.0,0.0,Low,1.0,0.5939185232311316,0.20304073838443415,0.0,Low,0.5939185232311316,3,Acceptable
0.0,0.8855567120724306,0.0,Normal,0.8855567120724306,0.0,0.883476014409992,0.0,Normal,0.883476014409992,0.0,0.858590382270759,0.0,Normal,0.858590382270759,0.0,0.894248880414127,0.0,Normal,0.894248880414127,0.0,0.614858472271891,0.0,Normal,0.614858472271891,0.0,0.7966616132520253,0.0,Normal,0.7966616132520253,0.0,0.6237854871027625,0.0,Normal,0.6237854871027625,1.0,0.0,0.0,Low,1.0,1.0,0.0,0.0,Low,1.0,0.5336560397696294,0.23317198011518525,0.0,Low,0.5336560397696294,0,Acceptable
0.0,0.5762318165620195,0.0,Normal,0.5762318165620195,0.0,0.40370033223074026,0.19259933553851924,Normal,0.40370033223074026,0.0,0.5965757911424437,0.0,Normal,0.5965757911424437,0.0,0.8909661591079359,0.0,Normal,0.8909661591079359,0.0,0.16510934984435074,0.6697813003112985,High,0.6697813003112985,1.0,0.0,0.0,Low,1.0,0.0,0.8767020135042322,0.0,Normal,0.8767020135042322,0.5701857626820133,0.21490711865899334,0.0,Low,0.5701857626820133,0.0,0.4731800766283523,0.05363984674329525,Normal,0.4731800766283523,0.0,0.9654145185272687,0.0,Normal,0.9654145185272687,3,Acceptable
0.0,0.5554442107978915,0.0,Normal,0.5554442107978915,0.0,0.8016205288549424,0.0,Normal,0.8016205288549424,0.0,0.6410272223909743,0.0,Normal,0.6410272223909743,0.0,0.9390597955852428,0.0,Normal,0.9390597955852428,0.0,0.6851292008620261,0.0,Normal,0.6851292008620261,0.0,0.838446695816686,0.0,Normal,0.838446695816686,0.0,0.9996391876939126,0.0,Normal,0.9996391876939126,0.0,0.9330418547906668,0.0,Medium,0.9330418547906668,0.0,0.5689655172413794,0.0,Normal,0.5689655172413794,0.2740203675516409,0.36298981622417953,0.0,Normal,0.36298981622417953,3,Good
0.0,0.8221203871680917,0.0,Normal,0.8221203871680917,0.0,0.8070720548974902,0.0,Normal,0.8070720548974902,0.0,0.7354557575088009,0.0,Normal,0.7354557575088009,0.0,0.5806958657519108,0.0,Normal,0.5806958657519108,1.0,0.0,0.0,Low,1.0,0.0,0.7307093112279895,0.0,Normal,0.7307093112279895,0.0,0.7281954826615433,0.0,Normal,0.7281954826615433,0.4009489776659939,0.299525511167003,0.0,Low,0.4009489776659939,0.0,0.0,1.0,High,1.0,0.0,0.6297679370188035,0.0,Normal,0.6297679370188035,3,Good
0.0,0.48803596125915455,0.023928077481689868,Normal,0.48803596125915455,0.0,0.010478807258154138,0.9790423854836917,Hot,0.9790423854836917,0.0,0.5256363802731623,0.0,Normal,0.5256363802731623,0.0,0.6739958498900978,0.0,Normal,0.6739958498900978,1.0,0.0,0.0,Low,1.0,0.0,0.3085548127119427,0.38289037457611463,High,0.38289037457611463,0.0,0.9813573966067224,0.0,Normal,0.9813573966067224,1.0,0.0,0.0,Low,1.0,0.0,0.6647509578544063,0.0,Normal,0.6647509578544063,0.0,0.7554406645703688,0.0,Normal,0.7554406645703688,3,Good
0.0,0.7486695687379409,0.0,Normal,0.7486695687379409,0.0,0.03905477553159451,0.9218904489368109,Hot,0.9218904489368109,0.0,0.7012022451928064,0.0,Normal,0.7012022451928064,0.0,0.6133034911290468,0.0,Normal,0.6133034911290468,0.0,0.8535332315777372,0.0,Normal,0.8535332315777372,0.0,0.8541091837578939,0.0,Normal,0.8541091837578939,0.0,0.7733374474438778,0.0,Normal,0.7733374474438778,0.0,0.8934583538458106,0.0,Medium,0.8934583538458106,0.0,0.0,1.0,High,1.0,0.0,0.4584392432332773,0.0831215135334454,Normal,0.4584392432332773,3,Acceptable
0.0,0.8657693181878249,0.0,Normal,0.8657693181878249,0.0,0.6054017360913069,0.0,Normal,0.6054017360913069,0.0,0.599871973462342,0.0,Normal,0.599871973462342,0.1365622521850636,0.43171887390746805,0.0,Normal,0.43171887390746805,0.0,0.644626315021119,0.0,Normal,0.644626315021119,0.3960159256512011,0.3019920371743994,0.0,Low,0.3960159256512011,0.0,0.15776913677779456,0.6844617264444111,High,0.6844617264444111,0.0,0.9104403367538778,0.0,Medium,0.9104403367538778,0.0,0.2816091954022987,0.4367816091954026,High,0.4367816091954026,0.0559576102590884,0.47202119487045574,0.0,Normal,0.47202119487045574,0,Acceptable
0.0,0.14816371501249406,0.7036725699750116,Hot,0.7036725699750116,0.0,0.5937460103909983,0.0,Normal,0.5937460103909983,0.0,0.866261384816926,0.0,Normal,0.866261384816926,0.0,0.7256616359932854,0.0,Normal,0.7256616359932854,0.0,0.506028746399145,0.0,Normal,0.506028746399145,0.0,0.5497196051016692,0.0,Normal,0.5497196051016692,0.0,0.8583736517646687,0.0,Normal,0.8583736517646687,0.25798925730531364,0.3710053713473431,0.0,Medium,0.3710053713473431,0.0,0.4731800766283523,0.05363984674329525,Normal,0.4731800766283523,0.1932454286268247,0.4033772856865876,0.0,Normal,0.4033772856865876,3,Acceptable
0.4410045490952797,0.2794977254523603,0.0,Cold,0.4410045490952797,0.0,0.5973740564870781,0.0,Normal,0.5973740564870781,0.0,0.9588913435069009,0.0,Normal,0.9588913435069009,0.0,0.9752818301121265,0.0,Normal,0.9752818301121265,0.0,0.5635562753514715,0.0,Normal,0.5635562753514715,0.19557273057428462,0.4022136347128576,0.0,Normal,0.4022136347128576,0.0,0.7321023189574264,0.0,Normal,0.7321023189574264,0.5072806004840615,0.24635969975796917,0.0,Low,0.5072806004840615,1.0,0.0,0.0,Low,1.0,0.37862421133487234,0.3106878943325638,0.0,Low,0.37862421133487234,3,Acceptable
0.32074850399405963,0.33962574800297035,0.0,Normal,0.33962574800297035,0.0,0.8328722865550533,0.0,Normal,0.8328722865550533,0.0,0.5853626254068982,0.0,Normal,0.5853626254068982,0.0,0.42247300537649174,0.15505398924701694,Normal,0.42247300537649174,0.0,0.8798717420591482,0.0,Normal,0.8798717420591482,0.9223492417803848,0.038825379109807594,0.0,Low,0.9223492417803848,0.0,0.8388995295670336,0.0,Normal,0.8388995295670336,0.0,0.8635261131474975,0.0,Medium,0.8635261131474975,1.0,0.0,0.0,Low,1.0,0.37658639339515626,0.31170680330242184,0.0,Low,0.37658639339515626,2,Poor
0.0,0.9651281379069353,0.0,Normal,0.9651281379069353,0.0,0.41415148070342467,0.17169703859315041,Normal,0.41415148070342467,0.0,0.9274301969620328,0.0,Normal,0.9274301969620328,0.0,0.9283625109545317,0.0,Normal,0.9283625109545317,0.740602697465649,0.12969865126717547,0.0,Low,0.740602697465649,0.0,0.25740441592854807,0.4851911681429039,High,0.4851911681429039,0.0,0.7302897732975798,0.0,Normal,0.7302897732975798,0.0,0.9840961300150897,0.0,Medium,0.9840961300150897,0.8199233716475094,0.09003831417624526,0.0,Low,0.8199233716475094,0.10363509254234785,0.44818245372882604,0.0,Normal,0.44818245372882604,3,Good
0.0,0.8093989508697637,0.0,Normal,0.8093989508697637,0.0,0.6204319134079731,0.0,Normal,0.6204319134079731,0.0,0.7141857942771545,0.0,Normal,0.7141857942771545,0.0,0.19613994042039679,0.6077201191592067,Wet,0.6077201191592067,0.0,0.41875778909106526,0.16248442181786946,Normal,0.41875778909106526,0.2957909915619874,0.35210450421900624,0.0,Normal,0.35210450421900624,0.08508839642290165,0.45745580178854917,0.0,Normal,0.45745580178854917,0.0,0.7941856676315537,0.0,Medium,0.7941856676315537,0.8199233716475094,0.09003831417624526,0.0,Low,0.8199233716475094,0.09450539080905883,0.4527473045954705,0.0,Normal,0.4527473045954705,3,Good
0.0,0.5162985379024772,0.0,Normal,0.5162985379024772,0.0,0.9668314288386233,0.0,Normal,0.9668314288386233,0.6204722909223627,0.18976385453881875,0.0,Dry,0.6204722909223627,1.0,0.0,0.0,Dry,1.0,0.4943375294257216,0.25283123528713913,0.0,Low,0.4943375294257216,0.0,0.4596864894976507,0.0806270210046986,Normal,0.4596864894976507,0.0,0.9683691748024046,0.0,Normal,0.9683691748024046,0.0,0.49196813932349337,0.016063721353013774,Medium,0.49196813932349337,0.0,0.4731800766283523,0.05363984674329525,Normal,0.4731800766283523,0.0,0.5231451689670649,0.0,Normal,0.5231451689670649,3,Good
0.0,0.6916941720155603,0.0,Normal,0.6916941720155603,0.09601639894830552,0.45199180052584714,0.0,Normal,0.45199180052584714,0.0,0.6168075590293541,0.0,Normal,0.6168075590293541,0.298789335770697,0.3506053321146514,0.0,Normal,0.3506053321146514,0.0,0.6974421558463112,0.0,Normal,0.6974421558463112,0.0,0.5695918299349837,0.0,Normal,0.5695918299349837,0.09873433862004734,0.45063283068997634,0.0,Normal,0.45063283068997634,0.06494640059910119,0.4675267997004493,0.0,Medium,0.4675267997004493,1.0,0.0,0.0,Low,1.0,0.0,0.7158196792842734,0.0,Normal,0.7158196792842734,0,Acceptable
0.0,0.576288539095683,0.0,Normal,0.576288539095683,0.0,0.8648163172919273,0.0,Normal,0.8648163172919273,0.0,0.5953942373088312,0.0,Normal,0.5953942373088312,0.0,0.7206003060033286,0.0,Normal,0.7206003060033286,0.0,0.6968768931539275,0.0,Normal,0.6968768931539275,0.492485424176544,0.25375728791172797,0.0,Low,0.492485424176544,0.0,0.9623488992922739,0.0,Normal,0.9623488992922739,0.5741914663608996,0.21290426681955021,0.0,Low,0.5741914663608996,0.0,0.7605363984674332,0.0,Normal,0.7605363984674332,0.0,0.6204320016772839,0.0,Normal,0.6204320016772839,3,Good
0.0,0.7700991872004196,0.0,Normal,0.7700991872004196,0.0,0.6735493642830381,0.0,Normal,0.6735493642830381,0.0,0.5828787774021024,0.0,Normal,0.5828787774021024,0.0,0.8312105630987281,0.0,Normal,0.8312105630987281,0.0,0.6296883883137915,0.0,Normal,0.6296883883137915,0.0,0.5634001001082426,0.0,Normal,0.5634001001082426,0.0,0.8594433531772034,0.0,Normal,0.8594433531772034,0.0,0.1426825323231463,0.7146349353537076,High,0.7146349353537076,0.0,0.5689655172413794,0.0,Normal,0.5689655172413794,0.20416625329626456,0.39791687335186765,0.0,Normal,0.39791687335186765,0,Acceptable
0.0,0.7255298293138359,0.0,Normal,0.7255298293138359,0.0,0.45466176363134153,0.09067647273731672,Normal,0.45466176363134153,0.0,0.6650691283109122,0.0,Normal,0.6650691283109122,0.0,0.7192043973765347,0.0,Normal,0.7192043973765347,0.08154198802725623,0.45922900598637173,0.0,Normal,0.45922900598637173,0.0,0.3895218165525736,0.2209563668948528,Normal,0.3895218165525736,0.5850167333827783,0.2074916333086109,0.0,Low,0.5850167333827783,0.7120465942251775,0.14397670288741124,0.0,Low,0.7120465942251775,1.0,0.0,0.0,Low,1.0,0.0,0.639872421731967,0.0,Normal,0.639872421731967,3,Good
0.0,0.9990474456727773,0.0,Normal,0.9990474456727773,0.0,0.9935171335820124,0.0,Normal,0.9935171335820124,0.0,0.4165306731751612,0.16693865364967683,Normal,0.4165306731751612,0.0,0.8480142085357577,0.0,Normal,0.8480142085357577,0.0,0.5671433832393518,0.0,Normal,0.5671433832393518,0.4335293716405613,0.28323531417971926,0.0,Low,0.4335293716405613,1.0,0.0,0.0,Low,1.0,0.0,0.8933439232557302,0.0,Medium,0.8933439232557302,0.0,0.0,1.0,High,1.0,0.0,0.5969967896276192,0.0,Normal,0.5969967896276192,1,Acceptable
0.0,0.996234028232955,0.0,Normal,0.996234028232955,0.0,0.7625865611597035,0.0,Normal,0.7625865611597035,0.0,0.0,1.0,Wet,1.0,0.0,0.0,1.0,Wet,1.0,0.0,0.9083553013358978,0.0,Normal,0.9083553013358978,0.0,0.7143080404126047,0.0,Normal,0.7143080404126047,0.0,0.28691277852907937,0.4261744429418414,High,0.4261744429418414,0.0,0.799020593283681,0.0,Medium,0.799020593283681,0.0,0.952107279693487,0.0,Normal,0.952107279693487,0.1529216919795254,0.42353915401023723,0.0,Normal,0.42353915401023723,3,Acceptable
0.0,0.1367592331089673,0.7264815337820651,Hot,0.7264815337820651,0.0,0.6175688389714954,0.0,Normal,0.6175688389714954,0.15313724997751105,0.4234313750112446,0.0,Normal,0.4234313750112446,0.0,0.5683421706705123,0.0,Normal,0.5683421706705123,1.0,0.0,0.0,Low,1.0,0.0,0.20793759489405095,0.5841248102118981,High,0.5841248102118981,0.0,0.8420005645929425,0.0,Normal,0.8420005645929425,0.0,0.6571808832174205,0.0,Medium,0.6571808832174205,0.0,0.9521072796934864,0.0,Normal,0.9521072796934864,0.23445651906844284,0.38277174046577855,0.0,Normal,0.38277174046577855,3,Acceptable
0.0,0.8385794507978521,0.0,Normal,0.8385794507978521,0.0,0.8588841137855491,0.0,Normal,0.8588841137855491,0.0,0.9061491121274612,0.0,Normal,0.9061491121274612,0.0,0.8724328283460545,0.0,Normal,0.8724328283460545,0.0,0.5323816289301403,0.0,Normal,0.5323816289301403,0.8821488118316524,0.0589255940841738,0.0,Low,0.8821488118316524,0.0,0.9277267325208435,0.0,Normal,0.9277267325208435,0.2571794766087451,0.3714102616956274,0.0,Medium,0.3714102616956274,0.0,0.0,1.0,High,1.0,0.0,0.5004548233991714,0.0,Normal,0.5004548233991714,3,Good
0.0,0.3581470701666859,0.2837058596666274,Normal,0.3581470701666859,0.0,0.8079418750178772,0.0,Normal,0.8079418750178772,0.0,0.5897981873245156,0.0,Normal,0.5897981873245156,0.0,0.7136640746308596,0.0,Normal,0.7136640746308596,1.0,0.0,0.0,Low,1.0,0.0,0.0,1.0,High,1.0,0.0,0.6250279221865841,0.0,Normal,0.6250279221865841,0.4133371978154888,0.29333140109225553,0.0,Low,0.4133371978154888,0.0,0.7605363984674332,0.0,Normal,0.7605363984674332,0.0,0.5436156631397292,0.0,Normal,0.5436156631397292,3,Good
0.0,0.6982349940597224,0.0,Normal,0.6982349940597224,0.0,0.8351078178692124,0.0,Normal,0.8351078178692124,0.3107024847384701,0.344648757630765,0.0,Normal,0.344648757630765,0.0,0.5215223258484208,0.0,Normal,0.5215223258484208,0.37246415236667874,0.3137679238166605,0.0,Low,0.37246415236667874,0.0,0.46003250472958573,0.07993499054082855,Normal,0.46003250472958573,0.0,0.6915611489215814,0.0,Normal,0.6915611489215814,0.0,0.9518643783101467,0.0,Medium,0.9518643783101467,0.05363984674329458,0.47318007662835265,0.0,Normal,0.47318007662835265,0.560493345174667,0.21975332741266645,0.0,Low,0.560493345174667,3,Good
0.0,0.6519424906667839,0.0,Normal,0.6519424906667839,0.0,0.946807673478598,0.0,Normal,0.946807673478598,0.0,0.8575480200070965,0.0,Normal,0.8575480200070965,0.0,0.9840667159778149,0.0,Normal,0.9840667159778149,0.0,0.7338509653307504,0.0,Normal,0.7338509653307504,0.22947405030924015,0.3852629748453798,0.0,Normal,0.3852629748453798,0.0,0.7829442252242487,0.0,Normal,0.7829442252242487,0.0,0.516089446534613,0.0,Medium,0.516089446534613,0.24521072796934829,0.3773946360153258,0.0,Normal,0.3773946360153258,0.3056022378169642,0.34719888109151786,0.0,Normal,0.34719888109151786,1,Acceptable
0.0,0.9735048879256164,0.0,Normal,0.9735048879256164,0.0,0.759852145781618,0.0,Normal,0.759852145781618,0.0,0.9885467293214909,0.0,Normal,0.9885467293214909,0.0,0.9763713997501332,0.0,Normal,0.9763713997501332,1.0,0.0,0.0,Low,1.0,0.0,0.0,1.0,High,1.0,0.0,0.8198415703333488,0.0,Normal,0.8198415703333488,0.0,0.586459650935599,0.0,Medium,0.586459650935599,0.0,0.0,1.0,High,1.0,0.0511250732857349,0.4744374633571325,0.0,Normal,0.4744374633571325,3,Good
0.0,0.7506915316990643,0.0,Normal,0.7506915316990643,0.8612629988526103,0.06936850057369487,0.0,Cold,0.8612629988526103,0.0,0.7909205633398275,0.0,Normal,0.7909205633398275,0.0,0.824249092479333,0.0,Normal,0.824249092479333,0.04071724587202974,0.47964137706398496,0.0,Normal,0.47964137706398496,0.0,0.7949302615620985,0.0,Normal,0.7949302615620985,0.0,0.9539835781747449,0.0,Normal,0.9539835781747449,0.0,0.8427748895930619,0.0,Medium,0.8427748895930619,0.0,0.4731800766283523,0.05363984674329525,Normal,0.4731800766283523,0.0,0.53334266423739,0.0,Normal,0.53334266423739,3,Acceptable
0.0,0.6371539436127283,0.0,Normal,0.6371539436127283,0.0,0.5303246047289636,0.0,Normal,0.5303246047289636,0.0,0.4619603327289187,0.07607933454216176,Normal,0.4619603327289187,0.0,0.21694487131642473,0.5661102573671508,Wet,0.5661102573671508,0.0,0.0748989827719775,0.850202034456045,High,0.850202034456045,1.0,0.0,0.0,Low,1.0,0.0,0.7613584239559555,0.0,Normal,0.7613584239559555,0.0,0.1798980630382325,0.6402038739235352,High,0.6402038739235352,0.0,0.0,1.0,High,1.0,0.0,0.3750681737937714,0.24986365241245723,Normal,0.3750681737937714,2,Poor
0.0,0.8465597873471299,0.0,Normal,0.8465597873471299,0.0,0.8894292086813623,0.0,Normal,0.8894292086813623,0.0,0.7413678307791735,0.0,Normal,0.7413678307791735,0.0,0.735362985334245,0.0,Normal,0.735362985334245,0.34130178188184046,0.32934910905907966,0.0,Low,0.34130178188184046,0.0,0.6136700912538218,0.0,Normal,0.6136700912538218,0.0,0.9212629446377382,0.0,Normal,0.9212629446377382,1.0,0.0,0.0,Low,1.0,0.0,0.7605363984674328,0.0,Normal,0.7605363984674328,0.02584062638843613,0.48707968680578184,0.0,Normal,0.48707968680578184,0,Acceptable
0.0,0.5279576124022616,0.0,Normal,0.5279576124022616,0.0,0.11696247191601682,0.7660750561679663,Hot,0.7660750561679663,0.0,0.8212425281150508,0.0,Normal,0.8212425281150508,0.0,0.8280742078566468,0.0,Normal,0.8280742078566468,0.0,0.5852320553142052,0.0,Normal,0.5852320553142052,0.0,0.8861034654023138,0.0,Normal,0.8861034654023138,0.8267155300440764,0.0866422349779618,0.0,Low,0.8267155300440764,0.0,0.7641519853494824,0.0,Medium,0.7641519853494824,0.0,0.0,1.0,High,1.0,0.0,0.9539875375923773,0.0,Normal,0.9539875375923773,0,Acceptable
0.0,0.40798921842179847,0.18402156315640222,Normal,0.40798921842179847,0.0,0.9894693068112361,0.0,Normal,0.9894693068112361,0.5812116166044845,0.2093941916977578,0.0,Dry,0.5812116166044845,0.0,0.6624076876150211,0.0,Normal,0.6624076876150211,0.20580505384604603,0.39709747307697685,0.0,Normal,0.39709747307697685,0.0,0.15635827674942407,0.6872834465011519,High,0.6872834465011519,0.0,0.7246945663137425,0.0,Normal,0.7246945663137425,0.0,0.7509973484502652,0.0,Medium,0.7509973484502652,0.0,0.0,1.0,High,1.0,0.0,0.571640886207123,0.0,Normal,0.571640886207123,3,Acceptable
0.37334377861532453,0.3133281106923379,0.0,Cold,0.37334377861532453,0.0,0.7560427780709245,0.0,Normal,0.7560427780709245,0.0,0.823111210426912,0.0,Normal,0.823111210426912,0.0,0.1456289037062967,0.7087421925874068,Wet,0.7087421925874068,0.2686344747561733,0.36568276262191324,0.0,Normal,0.36568276262191324,0.0,0.5949212893092697,0.0,Normal,0.5949212893092697,0.0,0.5148857257855942,0.0,Normal,0.5148857257855942,0.0,0.7185729131170815,0.0,Medium,0.7185729131170815,0.8199233716475094,0.09003831417624526,0.0,Low,0.8199233716475094,0.40524397304653353,0.2973780134767332,0.0,Low,0.40524397304653353,0,Acceptable
0.0,0.6164435559484511,0.0,Normal,0.6164435559484511,0.237207447517528,0.3813962762412359,0.0,Normal,0.3813962762412359,0.0,0.8068835161803652,0.0,Normal,0.8068835161803652,0.0,0.9943376437203468,0.0,Normal,0.9943376437203468,1.0,0.0,0.0,Low,1.0,0.0,0.6962962807859199,0.0,Normal,0.6962962807859199,0.0,0.05748846575717038,0.8850230684856593,High,0.8850230684856593,0.0,0.7358579342630812,0.0,Medium,0.7358579342630812,0.8199233716475094,0.09003831417624526,0.0,Low,0.8199233716475094,0.0,0.6324438466272256,0.0,Normal,0.6324438466272256,3,Acceptable
0.0,0.5975474788659799,0.0,Normal,0.5975474788659799,0.0,0.9488858329097227,0.0,Normal,0.9488858329097227,0.0,0.5208602684067382,0.0,Normal,0.5208602684067382,0.0,0.6136381126938664,0.0,Normal,0.6136381126938664,1.0,0.0,0.0,Low,1.0,0.0,0.9338217701696081,0.0,Normal,0.9338217701696081,0.0,0.28252479608547326,0.43495040782905364,High,0.43495040782905364,0.4915103508872006,0.2542448245563997,0.0,Low,0.4915103508872006,0.0,0.090038314176245,0.81992337164751,High,0.81992337164751,0.09667360409174118,0.45166319795412935,0.0,Normal,0.45166319795412935,3,Good
0.0,0.7137173924588286,0.0,Normal,0.7137173924588286,0.22642245889861,0.3867887705506949,0.0,Normal,0.3867887705506949,0.0,0.7911728762750244,0.0,Normal,0.7911728762750244,0.0,0.7180798770762473,0.0,Normal,0.7180798770762473,1.0,0.0,0.0,Low,1.0,0.0,0.0,1.0,High,1.0,0.0,0.6943884371574024,0.0,Normal,0.6943884371574024,0.27077144063776426,0.3646142796811178,0.0,Medium,0.3646142796811178,0.0,0.5689655172413791,0.0,Normal,0.5689655172413791,0.0,0.5456285051660521,0.0,Normal,0.5456285051660521,3,Good
0.0,0.7204008290111256,0.0,Normal,0.7204008290111256,0.0,0.5343236737419599,0.0,Normal,0.5343236737419599,0.7965467668553826,0.10172661657230873,0.0,Dry,0.7965467668553826,0.0,0.5277875555931353,0.0,Normal,0.5277875555931353,1.0,0.0,0.0,Low,1.0,0.0,0.904524158177179,0.0,Normal,0.904524158177179,0.8249044128509604,0.0875477935745198,0.0,Low,0.8249044128509604,0.9191058219825042,0.04044708900874786,0.0,Low,0.9191058219825042,0.0,0.6647509578544063,0.0,Normal,0.6647509578544063,0.304398041101118,0.34780097944944094,0.0,Normal,0.34780097944944094,3,Acceptable
0.11498677138983668,0.4425066143050819,0.0,Normal,0.4425066143050819,1.0,0.0,0.0,Cold,1.0,0.0,0.48983213634932377,0.02033572730135153,Normal,0.48983213634932377,0.0,0.7127907064111453,0.0,Normal,0.7127907064111453,0.0,0.714908504307933,0.0,Normal,0.714908504307933,0.0,0.5893420062341174,0.0,Normal,0.5893420062341174,0.0,0.5516117882721494,0.0,Normal,0.5516117882721494,0.0,0.5987388122536611,0.0,Medium,0.5987388122536611,0.0,0.4731800766283523,0.05363984674329525,Normal,0.4731800766283523,0.0,0.0,1.0,High,1.0,0,Acceptable
0.0,0.4039686295975112,0.19206274080497676,Normal,0.4039686295975112,0.0,0.3767493730348426,0.24650125393031452,Normal,0.3767493730348426,0.0,0.8896635994043696,0.0,Normal,0.8896635994043696,0.7956055541349681,0.10219722293251589,0.0,Dry,0.7956055541349681,1.0,0.0,0.0,Low,1.0,0.0,0.49957314510007356,0.0008537097998529193,Normal,0.49957314510007356,0.0,0.36267002761458184,0.27465994477083655,Normal,0.36267002761458184,0.8999456346591139,0.05002718267044306,0.0,Low,0.8999456346591139,0.0,0.0,1.0,High,1.0,0.241732879789319,0.37913356010534044,0.0,Normal,0.37913356010534044,3,Good
0.0,0.7557578380101904,0.0,Normal,0.7557578380101904,0.0,0.43459713806891803,0.13080572386216366,Normal,0.43459713806891803,0.0,0.0,1.0,Wet,1.0,0.0,0.0,1.0,Wet,1.0,0.0,0.8530230489666715,0.0,Normal,0.8530230489666715,0.8711424935254359,0.064428753237282,0.0,Low,0.8711424935254359,0.0,0.48542727199059466,0.029145456018811043,Normal,0.48542727199059466,0.8753291187420825,0.06233544062895871,0.0,Low,0.8753291187420825,0.0,0.090038314176245,0.81992337164751,High,0.81992337164751,0.0,0.8087742925081111,0.0,Normal,0.8087742925081111,1,Acceptable
0.0,0.7350479262776393,0.0,Normal,0.7350479262776393,0.0,0.8247510535913994,0.0,Normal,0.8247510535913994,0.0,0.49719658270238104,0.005606834595236939,Normal,0.49719658270238104,0.0,0.4140726379475169,0.17185472410496652,Normal,0.4140726379475169,1.0,0.0,0.0,Low,1.0,0.0,0.27599323449881796,0.4480135310023641,High,0.4480135310023641,0.0,0.47827340498264287,0.043453190034714595,Normal,0.47827340498264287,0.0,0.903405872826359,0.0,Medium,0.903405872826359,0.0,0.9521072796934864,0.0,Normal,0.9521072796934864,0.28401993406970505,0.3579900329651474,0.0,Normal,0.3579900329651474,3,Good
1.0,0.0,0.0,Cold,1.0,0.0,0.8421898880265329,0.0,Normal,0.8421898880265329,0.0,0.8909407391588695,0.0,Normal,0.8909407391588695,0.0,0.8998860918776602,0.0,Normal,0.8998860918776602,0.0,0.5305286592231331,0.0,Normal,0.5305286592231331,0.08455847623371737,0.4577207618831412,0.0,Normal,0.4577207618831412,0.0,0.8739338591054742,0.0,Normal,0.8739338591054742,0.0,0.2726996211848679,0.45460075763026453,High,0.45460075763026453,0.0,0.5689655172413794,0.0,Normal,0.5689655172413794,0.0,0.7121892025910654,0.0,Normal,0.7121892025910654,3,Poor
0.0,0.3331008947493356,0.33379821050132813,Hot,0.33379821050132813,0.0,0.8469066194778715,0.0,Normal,0.8469066194778715,0.0,0.4491660014761709,0.10166799704765732,Normal,0.4491660014761709,0.0,0.8516132547334089,0.0,Normal,0.8516132547334089,0.0,0.6410650504322479,0.0,Normal,0.6410650504322479,0.0,0.8823759146806046,0.0,Normal,0.8823759146806046,0.0,0.44034400689662545,0.11931198620674942,Normal,0.44034400689662545,0.9406673802470515,0.02966630987647422,0.0,Low,0.9406673802470515,0.0,0.0,1.0,High,1.0,0.0,0.9483652588737712,0.0,Normal,0.9483652588737712,0,Acceptable
0.0,0.7885470151553906,0.0,Normal,0.7885470151553906,0.0,0.7335395443041814,0.0,Normal,0.7335395443041814,0.0,0.9363621352179762,0.0,Normal,0.9363621352179762,0.0,0.8368215079436455,0.0,Normal,0.8368215079436455,0.7008773623497472,0.14956131882512638,0.0,Low,0.7008773623497472,0.0,0.833444828161742,0.0,Normal,0.833444828161742,0.0,0.7062739511424062,0.0,Normal,0.7062739511424062,0.2674058144578416,0.36629709277107914,0.0,Medium,0.36629709277107914,1.0,0.0,0.0,Low,1.0,0.0,0.512348522392544,0.0,Normal,0.512348522392544,3,Good
0.0,0.894999594624113,0.0,Normal,0.894999594624113,0.0,0.5405047824659308,0.0,Normal,0.5405047824659308,0.7242433411108864,0.13787832944455683,0.0,Dry,0.7242433411108864,0.16346873476157522,0.41826563261921224,0.0,Normal,0.41826563261921224,0.0,0.5806896752550383,0.0,Normal,0.5806896752550383,0.0,0.9757090999566929,0.0,Normal,0.9757090999566929,0.0,0.7038926468397919,0.0,Normal,0.7038926468397919,0.0,0.6143149976995065,0.0,Medium,0.6143149976995065,1.0,0.0,0.0,Low,1.0,0.2838264268042768,0.3580867865978616,0.0,Normal,0.3580867865978616,3,Good
0.0,0.6233292314423049,0.0,Normal,0.6233292314423049,0.0,0.878585369702565,0.0,Normal,0.878585369702565,0.0,0.9992397545385455,0.0,Normal,0.9992397545385455,0.0,0.5668406258011508,0.0,Normal,0.5668406258011508,0.7873888224634695,0.10630558876826521,0.0,Low,0.7873888224634695,0.0,0.7141739364236384,0.0,Normal,0.7141739364236384,0.0,0.9421786703478281,0.0,Normal,0.9421786703478281,0.8707985492744196,0.06460072536279023,0.0,Low,0.8707985492744196,0.0,0.2816091954022987,0.4367816091954026,High,0.4367816091954026,0.09440355465334732,0.45279822267332626,0.0,Normal,0.45279822267332626,3,Good
0.0,0.7576920902223163,0.0,Normal,0.7576920902223163,0.0,0.841558091998194,0.0,Normal,0.841558091998194,0.0,0.6788427292962477,0.0,Normal,0.6788427292962477,0.0,0.9222515564240988,0.0,Normal,0.9222515564240988,0.0,0.5613114699981252,0.0,Normal,0.5613114699981252,0.0,0.6216648229621996,0.0,Normal,0.6216648229621996,0.043473676245218175,0.47826316187739093,0.0,Normal,0.47826316187739093,0.0,0.5040314348000794,0.0,Medium,0.5040314348000794,0.0,0.0,1.0,High,1.0,0.0,0.5100765447682656,0.0,Normal,0.5100765447682656,0,Acceptable
0.0,0.2800543930196692,0.43989121396066094,Hot,0.43989121396066094,0.0,0.5405415071006419,0.0,Normal,0.5405415071006419,0.0,0.7213392362600274,0.0,Normal,0.7213392362600274,0.0,0.7301733325214982,0.0,Normal,0.7301733325214982,0.0,0.06727945640009414,0.8654410871998117,High,0.8654410871998117,0.7965015773216169,0.10174921133919154,0.0,Low,0.7965015773216169,0.0,0.9356204119140472,0.0,Normal,0.9356204119140472,0.0,0.7060966778815838,0.0,Medium,0.7060966778815838,0.0,0.7605363984674328,0.0,Normal,0.7605363984674328,0.0,0.002162593328847684,0.9956748133423047,High,0.9956748133423047,1,Poor
0.0,0.5919950338258747,0.0,Normal,0.5919950338258747,0.0,0.0,1.0,Hot,1.0,0.0,0.8693636415734315,0.0,Normal,0.8693636415734315,0.0,0.5928183334545726,0.0,Normal,0.5928183334545726,0.12866397902195548,0.43566801048902215,0.0,Normal,0.43566801048902215,0.0,0.8734082946740794,0.0,Normal,0.8734082946740794,0.0,0.5051174327676298,0.0,Normal,0.5051174327676298,0.5617516200692876,0.2191241899653562,0.0,Low,0.5617516200692876,0.0,0.5689655172413791,0.0,Normal,0.5689655172413791,0.0,0.15225313430046694,0.6954937313990661,High,0.6954937313990661,3,Acceptable
0.0,0.5168733843052786,0.0,Normal,0.5168733843052786,0.0,0.8416208795480691,0.0,Normal,0.8416208795480691,0.0,0.8345170694803331,0.0,Normal,0.8345170694803331,0.0,0.9602165310443771,0.0,Normal,0.9602165310443771,0.0,0.6848476758369453,0.0,Normal,0.6848476758369453,0.04735978736722469,0.47632010631638755,0.0,Normal,0.47632010631638755,0.0,0.7676696144958793,0.0,Normal,0.7676696144958793,0.0,0.7928535301372566,0.0,Medium,0.7928535301372566,1.0,0.0,0.0,Low,1.0,0.256290627609765,0.37185468619511747,0.0,Normal,0.37185468619511747,0,Acceptable
0.0,0.6960308307894609,0.0,Normal,0.6960308307894609,0.0,0.7755146751544433,0.0,Normal,0.7755146751544433,0.0,0.9379872476180079,0.0,Normal,0.9379872476180079,0.0,0.9558331017127667,0.0,Normal,0.9558331017127667,0.6645787458925557,0.16771062705372208,0.0,Low,0.6645787458925557,0.0,0.792097462182886,0.0,Normal,0.792097462182886,0.0,0.9003410963158843,0.0,Normal,0.9003410963158843,0.0,0.4233500792364137,0.15329984152717296,Medium,0.4233500792364137,0.0,0.5689655172413791,0.0,Normal,0.5689655172413791,0.23616811366377202,0.38191594316811395,0.0,Normal,0.38191594316811395,3,Good
0.8517806802759564,0.07410965986202181,0.0,Cold,0.8517806802759564,0.0,0.8537049926666103,0.0,Normal,0.8537049926666103,0.0,0.9433443629949746,0.0,Normal,0.9433443629949746,0.0,0.9038874379500258,0.0,Normal,0.9038874379500258,0.0,0.8285979357084806,0.0,Normal,0.8285979357084806,0.0,0.5242090353412683,0.0,Normal,0.5242090353412683,0.0,0.8420959243408065,0.0,Normal,0.8420959243408065,0.0,0.6168030333577422,0.0,Medium,0.6168030333577422,1.0,0.0,0.0,Low,1.0,0.0,0.5709348695370369,0.0,Normal,0.5709348695370369,3,Poor
0.0,0.8546943053913402,0.0,Normal,0.8546943053913402,0.0,0.8126194944256664,0.0,Normal,0.8126194944256664,0.0,0.379653733360905,0.2406925332781892,Normal,0.379653733360905,0.0,0.23733671428890465,0.525326571422191,Wet,0.525326571422191,0.0,0.5711680511572553,0.0,Normal,0.5711680511572553,0.26239210458859596,0.3688039477057019,0.0,Normal,0.3688039477057019,0.6879911411424725,0.15600442942876377,0.0,Low,0.6879911411424725,0.0,0.8365621853015697,0.0,Medium,0.8365621853015697,0.0,0.37739463601532547,0.24521072796934892,Normal,0.37739463601532547,0.0,0.7038898644784115,0.0,Normal,0.7038898644784115,1,Acceptable
0.21423835009924033,0.39288082495038007,0.0,Normal,0.39288082495038007,0.0,0.5825507810434556,0.0,Normal,0.5825507810434556,0.0,0.3921542786352155,0.21569144272956822,Normal,0.3921542786352155,0.0,0.8771900476643371,0.0,Normal,0.8771900476643371,0.0,0.5374790188669889,0.0,Normal,0.5374790188669889,0.0,0.9325407272749394,0.0,Normal,0.9325407272749394,0.0,0.7863250418477069,0.0,Normal,0.7863250418477069,0.0,0.9699485735845662,0.0,Medium,0.9699485735845662,0.0,0.8563218390804596,0.0,Normal,0.8563218390804596,0.029161367570985926,0.48541931621450696,0.0,Normal,0.48541931621450696,3,Acceptable
0.2470605516446601,0.37646972417767016,0.0,Normal,0.37646972417767016,0.0,0.8877872668161021,0.0,Normal,0.8877872668161021,0.0,0.4741903534786775,0.051619293042644045,Normal,0.4741903534786775,0.0,0.07121842597433603,0.857563148051328,Wet,0.857563148051328,0.0,0.7612941455108378,0.0,Normal,0.7612941455108378,0.12975915760367943,0.4351204211981602,0.0,Normal,0.4351204211981602,0.0,0.8090641287069055,0.0,Normal,0.8090641287069055,0.0,0.7630229861853544,0.0,Medium,0.7630229861853544,0.0,0.5689655172413794,0.0,Normal,0.5689655172413794,0.0034673304323369018,0.4982663347838315,0.0,Normal,0.4982663347838315,1,Acceptable
0.0,0.5105073200458489,0.0,Normal,0.5105073200458489,0.0,0.9305533198094761,0.0,Normal,0.9305533198094761,0.0,0.7046484322462159,0.0,Normal,0.7046484322462159,0.0,0.628916096569087,0.0,Normal,0.628916096569087,0.8348286360139764,0.08258568199301176,0.0,Low,0.8348286360139764,0.0,0.7027909981052084,0.0,Normal,0.7027909981052084,0.4894553800032929,0.25527230999835354,0.0,Low,0.4894553800032929,0.3235057151189065,0.33824714244054666,0.0,Medium,0.33824714244054666,0.0,0.0,1.0,High,1.0,0.6770375878063976,0.16148120609680122,0.0,Low,0.6770375878063976,3,Good
0.0,0.3940872153482488,0.21182556930350158,Normal,0.3940872153482488,0.127047639913048,0.4364761800434759,0.0,Normal,0.4364761800434759,0.0,0.8180172177398753,0.0,Normal,0.8180172177398753,0.0,0.6107200295381027,0.0,Normal,0.6107200295381027,0.0,0.6302017981622378,0.0,Normal,0.6302017981622378,0.0,0.978338856110321,0.0,Normal,0.978338856110321,0.0,0.47799970957052573,0.04400058085894885,Normal,0.47799970957052573,0.0,0.5448792073023009,0.0,Medium,0.5448792073023009,0.05363984674329458,0.47318007662835265,0.0,Normal,0.47318007662835265,0.0,0.33903671451772444,0.3219265709645512,Normal,0.33903671451772444,3,Acceptable
0.0,0.9075806443370306,0.0,Normal,0.9075806443370306,0.0,0.8683962499492198,0.0,Normal,0.8683962499492198,1.0,0.0,0.0,Dry,1.0,1.0,0.0,0.0,Dry,1.0,0.33196551107724803,0.3340172444613759,0.0,Normal,0.3340172444613759,0.0,0.9069353869931971,0.0,Normal,0.9069353869931971,0.0,0.15951179348013775,0.6809764130397246,High,0.6809764130397246,0.0,0.9264442642912459,0.0,Medium,0.9264442642912459,0.436781609195402,0.28160919540229895,0.0,Low,0.436781609195402,0.06765359196493896,0.46617320401753043,0.0,Normal,0.46617320401753043,3,Acceptable
0.0,0.7840501841172037,0.0,Normal,0.7840501841172037,0.0,0.9666097102263406,0.0,Normal,0.9666097102263406,0.0,0.784575239753675,0.0,Normal,0.784575239753675,0.0,0.9050759082429445,0.0,Normal,0.9050759082429445,0.0,0.5392691182412462,0.0,Normal,0.5392691182412462,0.5244737148427477,0.23776314257862605,0.0,Low,0.5244737148427477,0.0,0.9843786113634487,0.0,Normal,0.9843786113634487,0.0,0.6567750496540927,0.0,Medium,0.6567750496540927,0.0,0.952107279693487,0.0,Normal,0.952107279693487,0.0,0.5025138576093543,0.0,Normal,0.5025138576093543,3,Good
0.0,0.6757190584565916,0.0,Normal,0.6757190584565916,0.7734809253609556,0.11325953731952218,0.0,Cold,0.7734809253609556,0.24604577645830494,0.37697711177084764,0.0,Normal,0.37697711177084764,0.4218366428987491,0.28908167855062533,0.0,Dry,0.4218366428987491,0.0,0.521745707424126,0.0,Normal,0.521745707424126,0.0,0.5314434120866225,0.0,Normal,0.5314434120866225,0.0,0.7995338610144278,0.0,Normal,0.7995338610144278,0.43633441073837725,0.2818327946308113,0.0,Low,0.43633441073837725,0.0,0.2816091954022987,0.4367816091954026,High,0.4367816091954026,0.0,0.3855795640529568,0.22884087189408647,Normal,0.3855795640529568,3,Acceptable
0.5942112266824108,0.20289438665879472,0.0,Cold,0.5942112266824108,0.0,0.7932537345713087,0.0,Normal,0.7932537345713087,0.0,0.542881687791535,0.0,Normal,0.542881687791535,0.0,0.3613358279329721,0.27732834413405616,Normal,0.3613358279329721,0.0,0.883355498256791,0.0,Normal,0.883355498256791,0.0,0.6851010753091704,0.0,Normal,0.6851010753091704,0.0,0.16697532014935781,0.6660493597012845,High,0.6660493597012845,0.0,0.7726160539431381,0.0,Medium,0.7726160539431381,0.0,0.7605363984674328,0.0,Normal,0.7605363984674328,0.0,0.6766865820211884,0.0,Normal,0.6766865820211884,0,Poor
0.0,0.9655921526731338,0.0,Normal,0.9655921526731338,0.0,0.8771821915852236,0.0,Normal,0.8771821915852236,0.0,0.9426287437000379,0.0,Normal,0.9426287437000379,0.0,0.7924869703531869,0.0,Normal,0.7924869703531869,0.0,0.93256658945246,0.0,Normal,0.93256658945246,0.0,0.9943606290225591,0.0,Normal,0.9943606290225591,0.0,0.6186617038109694,0.0,Normal,0.6186617038109694,1.0,0.0,0.0,Low,1.0,0.24521072796934829,0.3773946360153258,0.0,Normal,0.3773946360153258,0.16388011374916914,0.4180599431254154,0.0,Normal,0.4180599431254154,0,Acceptable
1.0,0.0,0.0,Cold,1.0,0.0,0.652732436984056,0.0,Normal,0.652732436984056,0.005500921468019957,0.4972495392659902,0.0,Normal,0.4972495392659902,0.0,0.5816474049955477,0.0,Normal,0.5816474049955477,0.2947477876774717,0.35262610616126405,0.0,Normal,0.35262610616126405,0.0,0.8251179884524633,0.0,Normal,0.8251179884524633,0.0,0.9477372928625734,0.0,Normal,0.9477372928625734,0.1376547052909775,0.43117264735451116,0.0,Medium,0.43117264735451116,1.0,0.0,0.0,Low,1.0,0.5113116920631838,0.24434415396840806,0.0,Low,0.5113116920631838,3,Poor
0.0,0.7224201824500891,0.0,Normal,0.7224201824500891,0.0,0.825700845381745,0.0,Normal,0.825700845381745,0.0,0.31061519156829187,0.3787696168634157,Wet,0.3787696168634157,0.0,0.35549405442549,0.2890118911490203,Normal,0.35549405442549,0.0,0.5532786937099841,0.0,Normal,0.5532786937099841,0.225345433776142,0.38732728311192893,0.0,Normal,0.38732728311192893,0.0,0.7181437518287538,0.0,Normal,0.7181437518287538,0.0,0.15719068644302653,0.685618627113947,High,0.685618627113947,0.6283524904214557,0.1858237547892721,0.0,Low,0.6283524904214557,0.0,0.7249679673472809,0.0,Normal,0.7249679673472809,1,Acceptable
0.0,0.9677464594400544,0.0,Normal,0.9677464594400544,0.0,0.712488381918408,0.0,Normal,0.712488381918408,0.0,0.8527579414689049,0.0,Normal,0.8527579414689049,0.0,0.5933490821386332,0.0,Normal,0.5933490821386332,0.0,0.6749652770064457,0.0,Normal,0.6749652770064457,0.0,0.7717681380283961,0.0,Normal,0.7717681380283961,0.0,0.6700273620983921,0.0,Normal,0.6700273620983921,1.0,0.0,0.0,Low,1.0,0.436781609195402,0.28160919540229895,0.0,Low,0.436781609195402,0.4110270907377033,0.2944864546311483,0.0,Low,0.4110270907377033,3,Good
0.2128768090631883,0.3935615954684061,0.0,Normal,0.3935615954684061,0.0,0.8894911394163479,0.0,Normal,0.8894911394163479,0.0,0.5671942137709886,0.0,Normal,0.5671942137709886,0.18575101586418552,0.40712449206790713,0.0,Normal,0.40712449206790713,0.0,0.9984167172893357,0.0,Normal,0.9984167172893357,0.0,0.6475683246895152,0.0,Normal,0.6475683246895152,0.0,0.7295140617829383,0.0,Normal,0.7295140617829383,0.0,0.33561763257379024,0.32876473485241986,Medium,0.33561763257379024,0.0,0.0,1.0,High,1.0,0.0,0.630960568434636,0.0,Normal,0.630960568434636,3,Acceptable
0.0,0.6295532370748292,0.0,Normal,0.6295532370748292,0.0,0.744244839750674,0.0,Normal,0.744244839750674,0.0,0.6290439631711443,0.0,Normal,0.6290439631711443,0.0,0.5344020047878091,0.0,Normal,0.5344020047878091,1.0,0.0,0.0,Low,1.0,0.0,0.2389193694296523,0.5221612611406954,High,0.5221612611406954,0.0,0.6020490119388904,0.0,Normal,0.6020490119388904,0.1614968152060192,0.41925159239699034,0.0,Medium,0.41925159239699034,0.0,0.0,1.0,High,1.0,0.0,0.5468066720079736,0.0,Normal,0.5468066720079736,3,Good
0.0,0.2950704980511883,0.40985900389762275,Hot,0.40985900389762275,0.0,0.25939611946591323,0.4812077610681734,Hot,0.4812077610681734,0.0,0.2784052525182227,0.4431894949635541,Wet,0.4431894949635541,0.0,0.31071557048428877,0.37856885903142273,Wet,0.37856885903142273,0.0,0.9273168074530029,0.0,Normal,0.9273168074530029,0.1806688726192934,0.4096655636903532,0.0,Normal,0.4096655636903532,0.21157587128491306,0.39421206435754347,0.0,Normal,0.39421206435754347,0.22343656036428178,0.38828171981785903,0.0,Medium,0.38828171981785903,0.0,0.0,1.0,High,1.0,0.0,0.623181238558341,0.0,Normal,0.623181238558341,0,Acceptable
0.0,0.4742654811013399,0.05146903779731911,Normal,0.4742654811013399,0.0,0.9074156107409264,0.0,Normal,0.9074156107409264,0.0,0.7750533458663046,0.0,Normal,0.7750533458663046,0.0,0.38113497253175826,0.23773005493648383,Normal,0.38113497253175826,0.0,0.819372997875512,0.0,Normal,0.819372997875512,0.0,0.6338739694577038,0.0,Normal,0.6338739694577038,0.0,0.7397124792548465,0.0,Normal,0.7397124792548465,1.0,0.0,0.0,Low,1.0,0.0,0.5689655172413791,0.0,Normal,0.5689655172413791,0.0,0.7809639598135596,0.0,Normal,0.7809639598135596,0,Acceptable
0.3342678950517689,0.3328660524741157,0.0,Cold,0.3342678950517689,0.0,0.17987164483664758,0.6402567103267047,Hot,0.6402567103267047,0.0,0.9780635156259309,0.0,Normal,0.9780635156259309,0.0,0.7022709500657933,0.0,Normal,0.7022709500657933,0.0,0.9514605670556018,0.0,Normal,0.9514605670556018,0.0,0.9955557283949054,0.0,Normal,0.9955557283949054,0.0,0.6531154096471072,0.0,Normal,0.6531154096471072,0.0,0.8923576859732036,0.0,Medium,0.8923576859732036,0.0,0.5689655172413794,0.0,Normal,0.5689655172413794,0.0,0.2293504321675568,0.5412991356648864,High,0.5412991356648864,0,Poor
0.0,0.8850091352933979,0.0,Normal,0.8850091352933979,0.0,0.8481183954911985,0.0,Normal,0.8481183954911985,0.0,0.944757295181245,0.0,Normal,0.944757295181245,0.0,0.786878518648119,0.0,Normal,0.786878518648119,0.8045869980301589,0.09770650098492052,0.0,Low,0.8045869980301589,0.0,0.9039244995832353,0.0,Normal,0.9039244995832353,0.14772860821919898,0.4261356958904005,0.0,Normal,0.4261356958904005,0.0,0.6166150094944605,0.0,Medium,0.6166150094944605,0.0,0.0,1.0,High,1.0,0.0,0.6829967957648347,0.0,Normal,0.6829967957648347,0,Acceptable
0.0,0.5470432238449725,0.0,Normal,0.5470432238449725,1.0,0.0,0.0,Cold,1.0,0.0,0.8837221585814996,0.0,Normal,0.8837221585814996,0.0,0.9138566192377681,0.0,Normal,0.9138566192377681,0.0,0.9342165469547749,0.0,Normal,0.9342165469547749,0.0,0.9225371565838548,0.0,Normal,0.9225371565838548,0.0,0.8475492873905924,0.0,Normal,0.8475492873905924,0.2562274916475028,0.37188625417624854,0.0,Medium,0.37188625417624854,0.0,0.664750957854406,0.0,Normal,0.664750957854406,0.0,0.0,1.0,High,1.0,0,Poor
0.0,0.593365056402112,0.0,Normal,0.593365056402112,0.0,0.6511260760783718,0.0,Normal,0.6511260760783718,0.0,0.8850954377860997,0.0,Normal,0.8850954377860997,0.0,0.9423504391944928,0.0,Normal,0.9423504391944928,0.9964356058219855,0.0017821970890072075,0.0,Low,0.9964356058219855,0.0,0.802937895782262,0.0,Normal,0.802937895782262,0.0,0.6767646955048939,0.0,Normal,0.6767646955048939,0.0,0.9402505112682993,0.0,Medium,0.9402505112682993,0.8199233716475094,0.09003831417624526,0.0,Low,0.8199233716475094,0.0,0.5749170409292748,0.0,Normal,0.5749170409292748,3,Good
0.0,0.5329437835527779,0.0,Normal,0.5329437835527779,0.0,0.28569873112652633,0.4286025377469472,Hot,0.4286025377469472,0.0,0.5501403246336255,0.0,Normal,0.5501403246336255,0.11139900543978923,0.44430049728010523,0.0,Normal,0.44430049728010523,0.0,0.5698006309303462,0.0,Normal,0.5698006309303462,0.0,0.6010653366108744,0.0,Normal,0.6010653366108744,0.0,0.9645694608715643,0.0,Normal,0.9645694608715643,0.4177251691120612,0.29113741544396937,0.0,Low,0.4177251691120612,0.0,0.9521072796934864,0.0,Normal,0.9521072796934864,0.0,0.5915387467870937,0.0,Normal,0.5915387467870937,3,Good
0.09652597731899615,0.45173701134050215,0.0,Normal,0.45173701134050215,0.0,0.5881538664642637,0.0,Normal,0.5881538664642637,0.0,0.2840576692668539,0.4318846614662916,Wet,0.4318846614662916,0.0,0.19262002803323655,0.6147599439335271,Wet,0.6147599439335271,0.9847105826041469,0.007644708697926556,0.0,Low,0.9847105826041469,0.0,0.3480212620093994,0.30395747598120115,Normal,0.3480212620093994,0.569577986768625,0.21521100661568746,0.0,Low,0.569577986768625,0.6666767144845107,0.16666164275774464,0.0,Low,0.6666767144845107,0.0,0.0,1.0,High,1.0,0.0,0.7048637710293156,0.0,Normal,0.7048637710293156,3,Acceptable
0.0,0.8621829761280838,0.0,Normal,0.8621829761280838,0.0,0.8895501468358298,0.0,Normal,0.8895501468358298,0.0,0.9540910071352535,0.0,Normal,0.9540910071352535,0.0,0.8343656917053173,0.0,Normal,0.8343656917053173,0.0,0.9653740167596051,0.0,Normal,0.9653740167596051,0.0,0.5716968379918865,0.0,Normal,0.5716968379918865,0.0,0.6702496023923105,0.0,Normal,0.6702496023923105,0.0,0.6749685166788952,0.0,Medium,0.6749685166788952,0.0,0.7605363984674332,0.0,Normal,0.7605363984674332,0.0,0.5197139067794155,0.0,Normal,0.5197139067794155,1,Acceptable
0.0,0.5125576434468475,0.0,Normal,0.5125576434468475,0.0,0.966132417271788,0.0,Normal,0.966132417271788,0.0,0.9090056440785949,0.0,Normal,0.9090056440785949,0.0,0.9081157431587673,0.0,Normal,0.9081157431587673,1.0,0.0,0.0,Low,1.0,0.0,0.1413999287756519,0.7172001424486962,High,0.7172001424486962,0.6081199763174537,0.19594001184127313,0.0,Low,0.6081199763174537,0.0,0.5810069474086734,0.0,Medium,0.5810069474086734,0.436781609195402,0.28160919540229895,0.0,Low,0.436781609195402,0.5756320616543819,0.21218396917280904,0.0,Low,0.5756320616543819,3,Acceptable
0.0,0.7269879770265287,0.0,Normal,0.7269879770265287,0.0,0.6811543871848146,0.0,Normal,0.6811543871848146,0.0,0.7971322182917131,0.0,Normal,0.7971322182917131,0.0,0.8443057603366677,0.0,Normal,0.8443057603366677,0.0,0.922587420223998,0.0,Normal,0.922587420223998,0.0,0.7131714079735948,0.0,Normal,0.7131714079735948,0.3349637327437514,0.33251813362812427,0.0,Low,0.3349637327437514,0.0,0.9082212466693645,0.0,Medium,0.9082212466693645,0.0,0.7605363984674328,0.0,Normal,0.7605363984674328,0.0,0.8404343507818028,0.0,Normal,0.8404343507818028,0,Acceptable
0.0,0.5976250385850624,0.0,Normal,0.5976250385850624,0.0,0.5384066815464156,0.0,Normal,0.5384066815464156,0.041606647905542395,0.47919667604722893,0.0,Normal,0.47919667604722893,0.0,0.8350344396203605,0.0,Normal,0.8350344396203605,0.5165245068764851,0.2417377465617574,0.0,Low,0.5165245068764851,0.0,0.5580824507784738,0.0,Normal,0.5580824507784738,0.8193608374420676,0.09031958127896622,0.0,Low,0.8193608374420676,1.0,0.0,0.0,Low,1.0,1.0,0.0,0.0,Low,1.0,0.0,0.6309117887179201,0.0,Normal,0.6309117887179201,3,Good
0.0,0.8643392513068477,0.0,Normal,0.8643392513068477,0.0,0.7054012390718717,0.0,Normal,0.7054012390718717,0.0,0.7222829066361806,0.0,Normal,0.7222829066361806,0.0,0.8003978871580669,0.0,Normal,0.8003978871580669,0.0,0.5565990104626496,0.0,Normal,0.5565990104626496,0.1518934153590645,0.4240532923204676,0.0,Normal,0.4240532923204676,0.0,0.2858528851120359,0.4282942297759284,High,0.4282942297759284,0.0,0.5861779126743875,0.0,Medium,0.5861779126743875,1.0,0.0,0.0,Low,1.0,0.4427620734889536,0.27861896325552316,0.0,Low,0.4427620734889536,0,Acceptable
0.0,0.5240941978588628,0.0,Normal,0.5240941978588628,0.8006242930969166,0.09968785345154169,0.0,Cold,0.8006242930969166,0.04554017167384358,0.47722991416307836,0.0,Normal,0.47722991416307836,0.0,0.5586528718263478,0.0,Normal,0.5586528718263478,1.0,0.0,0.0,Low,1.0,0.0,0.6587195217135189,0.0,Normal,0.6587195217135189,0.0,0.636302002494234,0.0,Normal,0.636302002494234,0.0,0.7611421441709791,0.0,Medium,0.7611421441709791,0.0,0.4731800766283523,0.05363984674329525,Normal,0.4731800766283523,0.0,0.0,1.0,High,1.0,3,Acceptable
0.0,0.7637783861396706,0.0,Normal,0.7637783861396706,0.0,0.6338394491557141,0.0,Normal,0.6338394491557141,0.0,0.9537147509771545,0.0,Normal,0.9537147509771545,0.0,0.5556482565376888,0.0,Normal,0.5556482565376888,0.41587531994181015,0.29206234002909487,0.0,Low,0.41587531994181015,0.0,0.7681030601108974,0.0,Normal,0.7681030601108974,0.0,0.6472219115502058,0.0,Normal,0.6472219115502058,0.0,0.7620097774206653,0.0,Medium,0.7620097774206653,0.0,0.4731800766283523,0.05363984674329525,Normal,0.4731800766283523,0.0,0.5457043728151111,0.0,Normal,0.5457043728151111,3,Good
0.0,0.9059963927087381,0.0,Normal,0.9059963927087381,0.0,0.6018976344364438,0.0,Normal,0.6018976344364438,0.0,0.0,1.0,Wet,1.0,0.0,0.2456606861385955,0.5086786277228091,Wet,0.5086786277228091,1.0,0.0,0.0,Low,1.0,0.0,0.21476011075720514,0.5704797784855897,High,0.5704797784855897,0.0,0.6549123565644692,0.0,Normal,0.6549123565644692,0.003936060558674984,0.49803196972066244,0.0,Medium,0.49803196972066244,0.0,0.664750957854406,0.0,Normal,0.664750957854406,0.0,0.5108981468550285,0.0,Normal,0.5108981468550285,3,Good
0.6615794953991525,0.16921025230042383,0.0,Cold,0.6615794953991525,0.0,0.5984618923824132,0.0,Normal,0.5984618923824132,0.0,0.4821474061605481,0.035705187678902905,Normal,0.4821474061605481,0.0,0.25689801430690523,0.4862039713861898,Wet,0.4862039713861898,0.0,0.9689142216845406,0.0,Normal,0.9689142216845406,0.045334720731280205,0.4773326396343598,0.0,Normal,0.4773326396343598,0.0,0.7300995536191154,0.0,Normal,0.7300995536191154,0.0,0.6996365025837893,0.0,Medium,0.6996365025837893,0.05363984674329458,0.47318007662835265,0.0,Normal,0.47318007662835265,0.0,0.9708428044958067,0.0,Normal,0.9708428044958067,0,Poor
0.0,0.556650991460846,0.0,Normal,0.556650991460846,0.0,0.506283492659889,0.0,Normal,0.506283492659889,0.0,0.8812251422624288,0.0,Normal,0.8812251422624288,0.0,0.9380958197874942,0.0,Normal,0.9380958197874942,0.0,0.45387047628255206,0.09225904743489591,Normal,0.45387047628255206,0.0,0.5973028557002891,0.0,Normal,0.5973028557002891,0.0,0.8999065159277485,0.0,Normal,0.8999065159277485,0.4854378082794318,0.2572810958602841,0.0,Low,0.4854378082794318,0.0,0.090038314176245,0.81992337164751,High,0.81992337164751,0.0,0.7207888294844781,0.0,Normal,0.7207888294844781,0,Acceptable
0.0,0.62520664950172,0.0,Normal,0.62520664950172,0.4462378349432402,0.27688108252837984,0.0,Cold,0.4462378349432402,0.0,0.5399347431906988,0.0,Normal,0.5399347431906988,0.0,0.335600820911124,0.3287983581777523,Normal,0.335600820911124,0.0,0.3524808689031235,0.295038262193753,Normal,0.3524808689031235,0.35386097935779187,0.323069510321104,0.0,Low,0.35386097935779187,0.0,0.8949917783929598,0.0,Normal,0.8949917783929598,1.0,0.0,0.0,Low,1.0,1.0,0.0,0.0,Low,1.0,0.0,0.9399047481096862,0.0,Normal,0.9399047481096862,0,Acceptable
0.0,0.5796742386705922,0.0,Normal,0.5796742386705922,0.0,0.9278976994901049,0.0,Normal,0.9278976994901049,0.0,0.6501304337613161,0.0,Normal,0.6501304337613161,0.0,0.9049221729254738,0.0,Normal,0.9049221729254738,0.0,0.8223280376942551,0.0,Normal,0.8223280376942551,0.0,0.8339272860056403,0.0,Normal,0.8339272860056403,0.0,0.7705133120025628,0.0,Normal,0.7705133120025628,0.0,0.8876518413986482,0.0,Medium,0.8876518413986482,0.0,0.0,1.0,High,1.0,0.0,0.5069593354546714,0.0,Normal,0.5069593354546714,0,Acceptable
0.0,0.5920752279848635,0.0,Normal,0.5920752279848635,0.0,0.0,1.0,Hot,1.0,0.0,0.9627975741362971,0.0,Normal,0.9627975741362971,0.0,0.6805734210194465,0.0,Normal,0.6805734210194465,0.7678970776111992,0.11605146119440035,0.0,Low,0.7678970776111992,0.0,0.5273728739240956,0.0,Normal,0.5273728739240956,0.0,0.8739425145486525,0.0,Normal,0.8739425145486525,0.1275940963648792,0.4362029518175603,0.0,Medium,0.4362029518175603,0.0,0.8563218390804601,0.0,Normal,0.8563218390804601,0.0,0.693488997258292,0.0,Normal,0.693488997258292,3,Acceptable
0.0,0.9124274376679495,0.0,Normal,0.9124274376679495,0.0,0.8476794476551169,0.0,Normal,0.8476794476551169,0.40325826305506857,0.2983708684724658,0.0,Dry,0.40325826305506857,0.7715905100466194,0.11420474497669025,0.0,Dry,0.7715905100466194,1.0,0.0,0.0,Low,1.0,0.0,0.4300262653934013,0.13994746921319745,Normal,0.4300262653934013,0.0,0.7343878919991397,0.0,Normal,0.7343878919991397,1.0,0.0,0.0,Low,1.0,0.0,0.8563218390804596,0.0,Normal,0.8563218390804596,0.7656559396477228,0.11717203017613859,0.0,Low,0.7656559396477228,3,Good
0.0,0.3749290741197067,0.2501418517605858,Normal,0.3749290741197067,0.0,0.5255201655980377,0.0,Normal,0.5255201655980377,0.0,0.8703690826516616,0.0,Normal,0.8703690826516616,0.0,0.5246581796464531,0.0,Normal,0.5246581796464531,0.6446477779563227,0.1776761110218386,0.0,Low,0.6446477779563227,0.0,0.7120042606731742,0.0,Normal,0.7120042606731742,0.0,0.8764414028973322,0.0,Normal,0.8764414028973322,0.0,0.652340986965598,0.0,Medium,0.652340986965598,0.0,0.2816091954022987,0.4367816091954026,High,0.4367816091954026,0.3728690087480603,0.3135654956259698,0.0,Low,0.3728690087480603,3,Good
1.0,0.0,0.0,Cold,1.0,0.0,0.22538603516518604,0.5492279296696279,Hot,0.5492279296696279,0.0,0.7145563239598018,0.0,Normal,0.7145563239598018,0.0,0.8092800347694555,0.0,Normal,0.8092800347694555,0.0,0.805817121981229,0.0,Normal,0.805817121981229,0.0,0.5681322920013409,0.0,Normal,0.5681322920013409,0.0,0.8783794314612416,0.0,Normal,0.8783794314612416,0.0,0.7267924488132077,0.0,Medium,0.7267924488132077,0.0,0.7605363984674328,0.0,Normal,0.7605363984674328,0.0,0.0,1.0,High,1.0,0,Poor
0.809033646697321,0.09548317665133953,0.0,Cold,0.809033646697321,0.0,0.7721102335286559,0.0,Normal,0.7721102335286559,0.0,0.5948142962374912,0.0,Normal,0.5948142962374912,0.12538325469054057,0.43730837265472955,0.0,Normal,0.43730837265472955,0.0,0.5608441261400754,0.0,Normal,0.5608441261400754,0.0,0.8171125037267886,0.0,Normal,0.8171125037267886,0.0,0.6898607960893804,0.0,Normal,0.6898607960893804,0.0,0.19811805374758612,0.603763892504828,High,0.603763892504828,0.0,0.8563218390804601,0.0,Normal,0.8563218390804601,0.12013144407243413,0.43993427796378287,0.0,Normal,0.43993427796378287,3,Poor
0.0,0.6806663788112202,0.0,Normal,0.6806663788112202,0.0,0.7468028817919804,0.0,Normal,0.7468028817919804,0.0,0.9401151601049524,0.0,Normal,0.9401151601049524,0.0,0.9706491136120657,0.0,Normal,0.9706491136120657,0.0,0.5468231494228967,0.0,Normal,0.5468231494228967,0.0,0.9481265846590695,0.0,Normal,0.9481265846590695,0.0,0.6238600860805443,0.0,Normal,0.6238600860805443,1.0,0.0,0.0,Low,1.0,0.436781609195402,0.28160919540229895,0.0,Low,0.436781609195402,0.4048806813130832,0.29755965934345835,0.0,Low,0.4048806813130832,3,Good
0.42133322351404984,0.2893333882429752,0.0,Cold,0.42133322351404984,0.0,0.9047917719211818,0.0,Normal,0.9047917719211818,0.0,0.37864050272961863,0.24271899454076196,Normal,0.37864050272961863,0.0,0.4529159573576174,0.09416808528476554,Normal,0.4529159573576174,0.021744052570621435,0.48912797371468913,0.0,Normal,0.48912797371468913,0.0,0.54687565302715,0.0,Normal,0.54687565302715,0.0,0.7773798290492293,0.0,Normal,0.7773798290492293,0.01092244202485143,0.4945387789875742,0.0,Medium,0.4945387789875742,0.0,0.18582375478927182,0.6283524904214562,High,0.6283524904214562,0.0,0.6272421964670281,0.0,Normal,0.6272421964670281,0,Acceptable
0.7539591512015649,0.12302042439921765,0.0,Cold,0.7539591512015649,0.1110418329872121,0.4444790835063938,0.0,Normal,0.4444790835063938,0.884695280723657,0.057652359638171516,0.0,Dry,0.884695280723657,0.0,0.6194805019623552,0.0,Normal,0.6194805019623552,0.0,0.9007689731940471,0.0,Normal,0.9007689731940471,0.0,0.6177692005629446,0.0,Normal,0.6177692005629446,0.0,0.38595402726396166,0.22809194547207698,Normal,0.38595402726396166,0.0,0.6518577842014704,0.0,Medium,0.6518577842014704,0.05363984674329458,0.47318007662835265,0.0,Normal,0.47318007662835265,0.1765573044242553,0.4117213477878723,0.0,Normal,0.4117213477878723,3,Poor
0.0,0.926183624834405,0.0,Normal,0.926183624834405,0.4109898855873795,0.2945050572063102,0.0,Cold,0.4109898855873795,0.0,0.8823426725403052,0.0,Normal,0.8823426725403052,0.0,0.7802936774765933,0.0,Normal,0.7802936774765933,0.0,0.9169529419618756,0.0,Normal,0.9169529419618756,0.0,0.645909950714362,0.0,Normal,0.645909950714362,0.8607729617515449,0.06961351912422754,0.0,Low,0.8607729617515449,0.0,0.8443766986193171,0.0,Medium,0.8443766986193171,0.0,0.0,1.0,High,1.0,0.0,0.4562907093476183,0.08741858130476349,Normal,0.4562907093476183,0,Acceptable
0.0,0.8973201471122793,0.0,Normal,0.8973201471122793,0.0,0.3508554518851825,0.2982890962296348,Normal,0.3508554518851825,0.14089358514467973,0.4295532074276603,0.0,Normal,0.4295532074276603,0.2644441275304774,0.3677779362347612,0.0,Normal,0.3677779362347612,0.0,0.8767467503677638,0.0,Normal,0.8767467503677638,0.04351536503503519,0.4782423174824823,0.0,Normal,0.4782423174824823,0.13369248701919687,0.43315375649040155,0.0,Normal,0.43315375649040155,0.74827847142109,0.12586076428945495,0.0,Low,0.74827847142109,0.0,0.8563218390804596,0.0,Normal,0.8563218390804596,0.0,0.8202343570802452,0.0,Normal,0.8202343570802452,3,Good
0.0,0.7722477330122982,0.0,Normal,0.7722477330122982,0.0,0.7492969753187848,0.0,Normal,0.7492969753187848,0.0,0.8468581989967406,0.0,Normal,0.8468581989967406,0.0,0.554524607911951,0.0,Normal,0.554524607911951,1.0,0.0,0.0,Low,1.0,0.0,0.0,1.0,High,1.0,0.0,0.6376908591890856,0.0,Normal,0.6376908591890856,0.0,0.7595994841585236,0.0,Medium,0.7595994841585236,0.0,0.5689655172413794,0.0,Normal,0.5689655172413794,0.4862768878937933,0.25686155605310335,0.0,Low,0.4862768878937933,3,Good
0.0,0.5107465685585153,0.0,Normal,0.5107465685585153,0.7223020756926664,0.13884896215366677,0.0,Cold,0.7223020756926664,0.0,0.5291759608620327,0.0,Normal,0.5291759608620327,0.0,0.38055482837385457,0.23889034325229125,Normal,0.38055482837385457,0.0,0.9819981485937708,0.0,Normal,0.9819981485937708,0.9814779346445874,0.009261032677706282,0.0,Low,0.9814779346445874,0.0,0.5704345048034075,0.0,Normal,0.5704345048034075,0.0,0.0,1.0,High,1.0,1.0,0.0,0.0,Low,1.0,0.0,0.873749144322861,0.0,Normal,0.873749144322861,1,Acceptable
0.0,0.1245513314172311,0.7508973371655375,Hot,0.7508973371655375,0.0,0.6306721236571852,0.0,Normal,0.6306721236571852,0.0,0.5763236358810953,0.0,Normal,0.5763236358810953,0.0,0.9022868499396404,0.0,Normal,0.9022868499396404,0.0,0.8741256714014484,0.0,Normal,0.8741256714014484,0.35232557869933584,0.323837210650332,0.0,Low,0.35232557869933584,0.0,0.87415430746923,0.0,Normal,0.87415430746923,0.0,0.8076517242347246,0.0,Medium,0.8076517242347246,1.0,0.0,0.0,Low,1.0,0.0,0.6607051211668681,0.0,Normal,0.6607051211668681,0,Poor
0.0,0.5103481663144124,0.0,Normal,0.5103481663144124,1.0,0.0,0.0,Cold,1.0,0.0,0.9828359041657044,0.0,Normal,0.9828359041657044,0.0,0.8731172402431495,0.0,Normal,0.8731172402431495,0.0,0.29984925483986224,0.40030149032027557,High,0.40030149032027557,1.0,0.0,0.0,Low,1.0,0.0,0.6747225454240694,0.0,Normal,0.6747225454240694,0.0,0.8766273837160758,0.0,Medium,0.8766273837160758,0.0,0.0,1.0,High,1.0,0.0,0.0,1.0,High,1.0,2,Poor
0.0,0.6923259576530167,0.0,Normal,0.6923259576530167,0.03248176246698796,0.4837591187665059,0.0,Normal,0.4837591187665059,0.0,0.695170223561312,0.0,Normal,0.695170223561312,0.0,0.7887214880611609,0.0,Normal,0.7887214880611609,0.0,0.45958976501955384,0.0808204699608923,Normal,0.45958976501955384,0.6206753445362301,0.1896623277318849,0.0,Low,0.6206753445362301,0.0,0.0,1.0,High,1.0,0.0,0.817052704073514,0.0,Medium,0.817052704073514,0.0,0.0,1.0,High,1.0,0.0,0.3367110383395288,0.3265779233209424,Normal,0.3367110383395288,1,Poor
0.0,0.5301237685056281,0.0,Normal,0.5301237685056281,0.14413035983453096,0.4279348200827344,0.0,Normal,0.4279348200827344,0.0,0.8029395710460729,0.0,Normal,0.8029395710460729,0.0,0.7724161740864682,0.0,Normal,0.7724161740864682,0.0,0.0,1.0,High,1.0,0.9563609331232138,0.021819533438393088,0.0,Low,0.9563609331232138,0.0,0.798344588245968,0.0,Normal,0.798344588245968,0.0,0.27569452889677687,0.44861094220644654,High,0.44861094220644654,0.0,0.7605363984674332,0.0,Normal,0.7605363984674332,0.0,0.9041414724944616,0.0,Normal,0.9041414724944616,1,Acceptable
0.0,0.8187542944301656,0.0,Normal,0.8187542944301656,0.33476721174278606,0.3326163941286069,0.0,Cold,0.33476721174278606,0.0,0.5907279838086709,0.0,Normal,0.5907279838086709,0.0,0.8311658827721977,0.0,Normal,0.8311658827721977,0.0,0.813771538314353,0.0,Normal,0.813771538314353,0.0,0.6821772506370505,0.0,Normal,0.6821772506370505,0.0,0.7849549493422677,0.0,Normal,0.7849549493422677,0.0,0.39749847596806476,0.20500304806387093,Medium,0.39749847596806476,0.05363984674329458,0.47318007662835265,0.0,Normal,0.47318007662835265,0.0,0.5831306809977896,0.0,Normal,0.5831306809977896,0,Acceptable
0.0,0.6388937811272197,0.0,Normal,0.6388937811272197,0.0,0.9185028097784403,0.0,Normal,0.9185028097784403,0.8899887544711854,0.05500562276440732,0.0,Dry,0.8899887544711854,1.0,0.0,0.0,Dry,1.0,1.0,0.0,0.0,Low,1.0,0.0,0.0,1.0,High,1.0,0.0,0.6753372597801142,0.0,Normal,0.6753372597801142,0.0,0.5705221618739004,0.0,Medium,0.5705221618739004,0.0,0.664750957854406,0.0,Normal,0.664750957854406,0.2762906677274381,0.3618546661362809,0.0,Normal,0.3618546661362809,3,Acceptable
0.0,0.9585405179147739,0.0,Normal,0.9585405179147739,0.0,0.7765344741892141,0.0,Normal,0.7765344741892141,0.0,0.6932224295947053,0.0,Normal,0.6932224295947053,0.0,0.5927375784206658,0.0,Normal,0.5927375784206658,0.0,0.7361635769081004,0.0,Normal,0.7361635769081004,0.0,0.5758198799411112,0.0,Normal,0.5758198799411112,0.0,0.9233923437180172,0.0,Normal,0.9233923437180172,1.0,0.0,0.0,Low,1.0,1.0,0.0,0.0,Low,1.0,0.004438117730388103,0.49778094113480587,0.0,Normal,0.49778094113480587,0,Acceptable
0.0,0.30335372693854473,0.39329254612290987,Hot,0.39329254612290987,0.6126604750860501,0.19366976245697487,0.0,Cold,0.6126604750860501,0.0,0.7687066186891901,0.0,Normal,0.7687066186891901,0.0,0.9094820804102763,0.0,Normal,0.9094820804102763,1.0,0.0,0.0,Low,1.0,0.0,0.0,1.0,High,1.0,0.0,0.9733301008490328,0.0,Normal,0.9733301008490328,1.0,0.0,0.0,Low,1.0,0.0,0.6647509578544063,0.0,Normal,0.6647509578544063,0.0,0.0,1.0,High,1.0,3,Acceptable
0.0,0.8958392646217377,0.0,Normal,0.8958392646217377,0.0,0.8936938055531055,0.0,Normal,0.8936938055531055,0.2599681884413722,0.370015905779314,0.0,Normal,0.370015905779314,0.31441635543771407,0.34279182228114286,0.0,Normal,0.34279182228114286,0.5942180987556814,0.2028909506221592,0.0,Low,0.5942180987556814,0.0,0.46049028148801024,0.0790194370239795,Normal,0.46049028148801024,0.4047948598651216,0.2976025700674392,0.0,Low,0.4047948598651216,0.0,0.6903469216519544,0.0,Medium,0.6903469216519544,0.0,0.0,1.0,High,1.0,0.2162125175326857,0.3918937412336571,0.0,Normal,0.3918937412336571,3,Good
0.0,0.6024284215980428,0.0,Normal,0.6024284215980428,0.0,0.4044737892122293,0.19105242157554114,Normal,0.4044737892122293,1.0,0.0,0.0,Dry,1.0,0.8587032147199934,0.07064839264000326,0.0,Dry,0.8587032147199934,0.0,0.2800805667276167,0.4398388665447665,High,0.4398388665447665,0.5410559409867758,0.22947202950661205,0.0,Low,0.5410559409867758,0.0,0.8010525539247698,0.0,Normal,0.8010525539247698,0.8691531289634664,0.06542343551826678,0.0,Low,0.8691531289634664,1.0,0.0,0.0,Low,1.0,0.0,0.9457126775166799,0.0,Normal,0.9457126775166799,0,Poor
0.0,0.9075561550060027,0.0,Normal,0.9075561550060027,0.0,0.4849638781107173,0.030072243778565173,Normal,0.4849638781107173,0.0,0.5763476271837915,0.0,Normal,0.5763476271837915,0.0,0.23311347450674955,0.5337730509865011,Wet,0.5337730509865011,0.0,0.8906069045148614,0.0,Normal,0.8906069045148614,0.38415433781051916,0.30792283109474033,0.0,Low,0.38415433781051916,0.0,0.9993228744850081,0.0,Normal,0.9993228744850081,0.5850546071142639,0.20747269644286798,0.0,Low,0.5850546071142639,0.0,0.9521072796934864,0.0,Normal,0.9521072796934864,0.0,0.6599206262902567,0.0,Normal,0.6599206262902567,0,Acceptable
0.0,0.7028196269979227,0.0,Normal,0.7028196269979227,0.0,0.9564410032422909,0.0,Normal,0.9564410032422909,0.05201542377733715,0.4739922881113316,0.0,Normal,0.4739922881113316,0.0,0.9989916054463384,0.0,Normal,0.9989916054463384,0.3996488725153653,0.30017556374231724,0.0,Low,0.3996488725153653,0.0,0.761777341246188,0.0,Normal,0.761777341246188,0.0,0.964757707484535,0.0,Normal,0.964757707484535,0.0,0.918491940731453,0.0,Medium,0.918491940731453,1.0,0.0,0.0,Low,1.0,0.41145820071105516,0.2942708996444724,0.0,Low,0.41145820071105516,3,Good
0.0,0.9177143703531094,0.0,Normal,0.9177143703531094,0.0,0.9165054811662582,0.0,Normal,0.9165054811662582,0.0,0.923806994124019,0.0,Normal,0.923806994124019,0.0,0.6376150368230425,0.0,Normal,0.6376150368230425,0.0,0.6759404265730227,0.0,Normal,0.6759404265730227,0.0,0.7266126306095158,0.0,Normal,0.7266126306095158,0.0,0.5848553006231402,0.0,Normal,0.5848553006231402,0.0,0.8939258141720878,0.0,Medium,0.8939258141720878,0.0,0.664750957854406,0.0,Normal,0.664750957854406,0.10631877594231813,0.44684061202884084,0.0,Normal,0.44684061202884084,3,Good
0.0,0.5783293760269931,0.0,Normal,0.5783293760269931,0.0,0.16546963289305974,0.6690607342138803,Hot,0.6690607342138803,0.0,0.7546596370422789,0.0,Normal,0.7546596370422789,0.0,0.9019677568570899,0.0,Normal,0.9019677568570899,1.0,0.0,0.0,Low,1.0,0.0,0.0,1.0,High,1.0,0.015274425355742733,0.4923627873221286,0.0,Normal,0.4923627873221286,1.0,0.0,0.0,Low,1.0,0.0,0.8563218390804601,0.0,Normal,0.8563218390804601,0.0,0.722062889670366,0.0,Normal,0.722062889670366,3,Acceptable
0.0,0.3996490743423658,0.20070185131526758,Normal,0.3996490743423658,0.0,0.8320128691390836,0.0,Normal,0.8320128691390836,0.4170626423713446,0.2914686788143278,0.0,Dry,0.4170626423713446,0.06874983676689538,0.46562508161655214,0.0,Normal,0.46562508161655214,0.1900590374875414,0.40497048125622914,0.0,Normal,0.40497048125622914,0.0,0.9795390213137686,0.0,Normal,0.9795390213137686,0.7502983758732349,0.12485081206338257,0.0,Low,0.7502983758732349,0.0,0.5477671531709406,0.0,Medium,0.5477671531709406,0.0,0.0,1.0,High,1.0,0.0,0.9404473333004812,0.0,Normal,0.9404473333004812,3,Acceptable
0.0,0.9837529766149934,0.0,Normal,0.9837529766149934,0.0,0.23933088633537,0.5213382273292598,Hot,0.5213382273292598,0.0,0.9091530439700938,0.0,Normal,0.9091530439700938,0.0,0.8276452832524368,0.0,Normal,0.8276452832524368,0.0,0.7563642034009211,0.0,Normal,0.7563642034009211,0.3793469835435105,0.3103265082282447,0.0,Low,0.3793469835435105,0.0,0.794283970337677,0.0,Normal,0.794283970337677,0.0,0.7503929834151424,0.0,Medium,0.7503929834151424,0.0,0.37739463601532547,0.24521072796934892,Normal,0.37739463601532547,0.0,0.9335852286608533,0.0,Normal,0.9335852286608533,0,Acceptable
0.0,0.31769569876521764,0.364608602469564,Hot,0.364608602469564,0.0,0.9430788654233585,0.0,Normal,0.9430788654233585,0.0,0.8115245264768185,0.0,Normal,0.8115245264768185,0.0,0.9136041762197424,0.0,Normal,0.9136041762197424,0.3659800106960489,0.31700999465197544,0.0,Low,0.3659800106960489,0.0,0.49241112845439866,0.015177743091202674,Normal,0.49241112845439866,0.0,0.0,1.0,High,1.0,1.0,0.0,0.0,Low,1.0,0.0,0.18582375478927182,0.6283524904214562,High,0.6283524904214562,0.0,0.5949592789556566,0.0,Normal,0.5949592789556566,3,Acceptable
0.0,0.7062497633445314,0.0,Normal,0.7062497633445314,0.0,0.9836792102430161,0.0,Normal,0.9836792102430161,0.5997841338462693,0.20010793307686545,0.0,Dry,0.5997841338462693,0.5049296724876046,0.24753516375619766,0.0,Dry,0.5049296724876046,0.6090614219572259,0.195469289021387,0.0,Low,0.6090614219572259,0.0,0.3322269678349559,0.3355460643300882,High,0.3355460643300882,0.0,0.4899491312497858,0.020101737500428794,Normal,0.4899491312497858,0.0,0.5615979247419969,0.0,Medium,0.5615979247419969,0.8199233716475094,0.09003831417624526,0.0,Low,0.8199233716475094,0.4693194310271218,0.26534028448643904,0.0,Low,0.4693194310271218,3,Good
0.0,0.7812895142585647,0.0,Normal,0.7812895142585647,0.0,0.9465585807492426,0.0,Normal,0.9465585807492426,0.0,0.6213827674537624,0.0,Normal,0.6213827674537624,0.0,0.8913216484027472,0.0,Normal,0.8913216484027472,0.0,0.7548190949048282,0.0,Normal,0.7548190949048282,0.8156094406615838,0.09219527966920807,0.0,Low,0.8156094406615838,0.12800356161536722,0.4359982191923164,0.0,Normal,0.4359982191923164,0.0,0.7837056141010068,0.0,Medium,0.7837056141010068,0.0,0.37739463601532547,0.24521072796934892,Normal,0.37739463601532547,0.03879905965243395,0.48060047017378293,0.0,Normal,0.48060047017378293,1,Acceptable
0.0,0.740557971980443,0.0,Normal,0.740557971980443,0.0,0.6786099635855704,0.0,Normal,0.6786099635855704,0.0,0.8827993452981632,0.0,Normal,0.8827993452981632,0.0,0.9011566957336987,0.0,Normal,0.9011566957336987,0.0,0.9902916876521025,0.0,Normal,0.9902916876521025,0.36810487024014876,0.31594756487992554,0.0,Low,0.36810487024014876,0.0,0.7597854715648599,0.0,Normal,0.7597854715648599,1.0,0.0,0.0,Low,1.0,0.05363984674329458,0.47318007662835265,0.0,Normal,0.47318007662835265,0.0,0.5558230397546537,0.0,Normal,0.5558230397546537,0,Good
0.5894549717640172,0.20527251411799155,0.0,Cold,0.5894549717640172,0.15684072807673705,0.42157963596163134,0.0,Normal,0.42157963596163134,0.0,0.038543219870479234,0.9229135602590415,Wet,0.9229135602590415,0.0,0.0,1.0,Wet,1.0,0.0,0.7700889889314729,0.0,Normal,0.7700889889314729,0.0,0.831715199799138,0.0,Normal,0.831715199799138,0.0,0.7612171774575369,0.0,Normal,0.7612171774575369,0.0,0.5198444308619702,0.0,Medium,0.5198444308619702,0.0,0.0,1.0,High,1.0,0.0,0.5399546696314202,0.0,Normal,0.5399546696314202,3,Acceptable
0.0,0.9606164964669371,0.0,Normal,0.9606164964669371,0.023602492695783957,0.4881987536521079,0.0,Normal,0.4881987536521079,0.0,0.6066785425257432,0.0,Normal,0.6066785425257432,0.0,0.35241531600758863,0.2951693679848231,Normal,0.35241531600758863,0.0,0.6272376614708385,0.0,Normal,0.6272376614708385,1.0,0.0,0.0,Low,1.0,0.0,0.9094026007538952,0.0,Normal,0.9094026007538952,0.0,0.0,1.0,High,1.0,0.0,0.090038314176245,0.81992337164751,High,0.81992337164751,0.0,0.5569363085268534,0.0,Normal,0.5569363085268534,2,Poor
0.0,0.7608982405609702,0.0,Normal,0.7608982405609702,0.0,0.3470948799242327,0.3058102401515344,Normal,0.3470948799242327,0.0334656185818772,0.48326719070906154,0.0,Normal,0.48326719070906154,0.5331103014732438,0.23344484926337802,0.0,Dry,0.5331103014732438,0.0,0.5007505564005011,0.0,Normal,0.5007505564005011,0.0,0.6373862298796635,0.0,Normal,0.6373862298796635,0.0,0.9349401239657948,0.0,Normal,0.9349401239657948,0.4591304663511201,0.2704347668244399,0.0,Low,0.4591304663511201,0.0,0.37739463601532547,0.24521072796934892,Normal,0.37739463601532547,0.0,0.635270581591272,0.0,Normal,0.635270581591272,3,Good
0.0,0.5543592702930786,0.0,Normal,0.5543592702930786,0.0,0.9974456725503801,0.0,Normal,0.9974456725503801,0.0,0.6230202190511216,0.0,Normal,0.6230202190511216,0.0,0.7571920576379342,0.0,Normal,0.7571920576379342,1.0,0.0,0.0,Low,1.0,0.0,0.1063037729395333,0.7873924541209334,High,0.7873924541209334,0.0,0.24193238459234373,0.5161352308153127,High,0.5161352308153127,0.21690101589283797,0.39154949205358097,0.0,Medium,0.39154949205358097,0.6283524904214557,0.1858237547892721,0.0,Low,0.6283524904214557,0.36094994609826664,0.31952502695086665,0.0,Low,0.36094994609826664,3,Good
0.0,0.40762022458251157,0.184759550834976,Normal,0.40762022458251157,0.0,0.5882238896089856,0.0,Normal,0.5882238896089856,0.0,0.7598298923424711,0.0,Normal,0.7598298923424711,0.17216390141825072,0.4139180492908745,0.0,Normal,0.4139180492908745,0.0,0.7091461028148749,0.0,Normal,0.7091461028148749,0.0,0.9117206933121432,0.0,Normal,0.9117206933121432,0.0,0.8484318923347745,0.0,Normal,0.8484318923347745,0.7209435081382033,0.13952824593089835,0.0,Low,0.7209435081382033,0.0,0.7605363984674328,0.0,Normal,0.7605363984674328,1.0,0.0,0.0,Low,1.0,3,Good
0.0,0.7246875828257744,0.0,Normal,0.7246875828257744,0.9187860128831764,0.0406069935584118,0.0,Cold,0.9187860128831764,0.12492056957116032,0.43753971521442,0.0,Normal,0.43753971521442,0.19085961530361373,0.404570192348193,0.0,Normal,0.404570192348193,1.0,0.0,0.0,Low,1.0,0.0,0.7510302271886389,0.0,Normal,0.7510302271886389,0.0,0.9387936533955502,0.0,Normal,0.9387936533955502,0.0,0.6241081088321109,0.0,Medium,0.6241081088321109,0.0,0.8563218390804601,0.0,Normal,0.8563218390804601,0.0,0.0,1.0,High,1.0,3,Acceptable
0.11492490941911578,0.44253754529044237,0.0,Normal,0.44253754529044237,1.0,0.0,0.0,Cold,1.0,0.0,0.5401975841872383,0.0,Normal,0.5401975841872383,0.0,0.17473264901886756,0.650534701962265,Wet,0.650534701962265,0.0,0.1899042140034762,0.6201915719930475,High,0.6201915719930475,1.0,0.0,0.0,Low,1.0,0.0,0.3172913026011982,0.3654173947976038,High,0.3654173947976038,0.0,0.8085085654643955,0.0,Medium,0.8085085654643955,1.0,0.0,0.0,Low,1.0,0.0,0.08367366267918203,0.832652674641636,High,0.832652674641636,1,Poor
0.0,0.7629970735903204,0.0,Normal,0.7629970735903204,0.0,0.8485923466678778,0.0,Normal,0.8485923466678778,0.0,0.1132106750836498,0.7735786498327002,Wet,0.7735786498327002,0.0,0.2009865666849538,0.5980268666300926,Wet,0.5980268666300926,0.0,0.9783276811733865,0.0,Normal,0.9783276811733865,0.2900933026018673,0.35495334869906625,0.0,Normal,0.35495334869906625,0.34006541753413255,0.3299672912329337,0.0,Low,0.34006541753413255,0.0,0.9253654361161928,0.0,Medium,0.9253654361161928,0.0,0.4731800766283523,0.05363984674329525,Normal,0.4731800766283523,0.0,0.5898443001665465,0.0,Normal,0.5898443001665465,0,Acceptable
0.0,0.6221167157910101,0.0,Normal,0.6221167157910101,0.0,0.5737213841701937,0.0,Normal,0.5737213841701937,0.0,0.8550436041438058,0.0,Normal,0.8550436041438058,0.0,0.631319378861712,0.0,Normal,0.631319378861712,0.5213912911580278,0.239304354420986,0.0,Low,0.5213912911580278,0.0,0.7525441371839116,0.0,Normal,0.7525441371839116,0.0,0.9620124231994666,0.0,Normal,0.9620124231994666,0.0,0.6256242027976978,0.0,Medium,0.6256242027976978,0.0,0.9521072796934864,0.0,Normal,0.9521072796934864,0.0,0.8364445413492142,0.0,Normal,0.8364445413492142,3,Acceptable
0.0,0.5559980345843248,0.0,Normal,0.5559980345843248,0.0,0.3600222852526595,0.2799554294946808,Normal,0.3600222852526595,0.2815745494720638,0.35921272526396825,0.0,Normal,0.35921272526396825,0.7663518290865815,0.11682408545670923,0.0,Dry,0.7663518290865815,0.22743506471994973,0.386282467640025,0.0,Normal,0.386282467640025,0.0,0.8098502126293704,0.0,Normal,0.8098502126293704,0.0,0.7848782669848161,0.0,Normal,0.7848782669848161,0.0,0.2581883923160746,0.483623215367851,High,0.483623215367851,0.436781609195402,0.28160919540229895,0.0,Low,0.436781609195402,0.0,0.5882167099180701,0.0,Normal,0.5882167099180701,0,Acceptable
0.0,0.5926303360591093,0.0,Normal,0.5926303360591093,0.0,0.7782858929474525,0.0,Normal,0.7782858929474525,0.0,0.9795729894886113,0.0,Normal,0.9795729894886113,0.0,0.9703632634669055,0.0,Normal,0.9703632634669055,0.2732749175114853,0.36336254124425726,0.0,Normal,0.36336254124425726,0.0,0.8670097227197892,0.0,Normal,0.8670097227197892,0.0,0.6214744962021275,0.0,Normal,0.6214744962021275,0.0,0.9845782977632803,0.0,Medium,0.9845782977632803,0.0,0.18582375478927182,0.6283524904214562,High,0.6283524904214562,0.0,0.6020325412128588,0.0,Normal,0.6020325412128588,3,Good
0.3132784908527928,0.34336075457360377,0.0,Normal,0.34336075457360377,0.0,0.5763659258852105,0.0,Normal,0.5763659258852105,0.0,0.5317017247848116,0.0,Normal,0.5317017247848116,0.0,0.8490152264777288,0.0,Normal,0.8490152264777288,0.054801822782007285,0.4725990886089962,0.0,Normal,0.4725990886089962,0.0,0.924287710881368,0.0,Normal,0.924287710881368,0.0,0.7994337571423789,0.0,Normal,0.7994337571423789,0.0,0.7147700631979108,0.0,Medium,0.7147700631979108,1.0,0.0,0.0,Low,1.0,0.0,0.8301415995957242,0.0,Normal,0.8301415995957242,3,Acceptable
0.0,0.7122964944453022,0.0,Normal,0.7122964944453022,0.0,0.0,1.0,Hot,1.0,0.0,0.5928666607329983,0.0,Normal,0.5928666607329983,0.0194535610969029,0.4902732194515484,0.0,Normal,0.4902732194515484,0.8727885689332882,0.0636057155333559,0.0,Low,0.8727885689332882,0.0,0.5131852073361808,0.0,Normal,0.5131852073361808,0.0,0.9387516642766969,0.0,Normal,0.9387516642766969,0.0010640550915802904,0.49946797245420976,0.0,Medium,0.49946797245420976,0.0,0.18582375478927182,0.6283524904214562,High,0.6283524904214562,0.0,0.5709641728852265,0.0,Normal,0.5709641728852265,3,Acceptable
0.025951673806674354,0.4870241630966631,0.0,Normal,0.4870241630966631,1.0,0.0,0.0,Cold,1.0,1.0,0.0,0.0,Dry,1.0,1.0,0.0,0.0,Dry,1.0,1.0,0.0,0.0,Low,1.0,0.0,0.38176605121720225,0.2364678975655955,Normal,0.38176605121720225,0.0,0.818027431518286,0.0,Normal,0.818027431518286,1.0,0.0,0.0,Low,1.0,1.0,0.0,0.0,Low,1.0,0.0,0.27338782295025427,0.4532243540994914,High,0.4532243540994914,3,Acceptable
0.0,0.8021090966662534,0.0,Normal,0.8021090966662534,0.0,0.9998065480834855,0.0,Normal,0.9998065480834855,0.0,0.8869173691857534,0.0,Normal,0.8869173691857534,0.0,0.7415693842658218,0.0,Normal,0.7415693842658218,0.0,0.6583558707851914,0.0,Normal,0.6583558707851914,0.0,0.7110210662309255,0.0,Normal,0.7110210662309255,0.0,0.8413916479809377,0.0,Normal,0.8413916479809377,0.0,0.9457355886196501,0.0,Medium,0.9457355886196501,0.436781609195402,0.28160919540229895,0.0,Low,0.436781609195402,0.3034372107749756,0.3482813946125121,0.0,Normal,0.3482813946125121,0,Acceptable
0.0,0.40277898419862557,0.194442031602748,Normal,0.40277898419862557,0.0,0.06275372435818931,0.8744925512836214,Hot,0.8744925512836214,0.07025498959559139,0.46487250520220447,0.0,Normal,0.46487250520220447,0.38700413113400717,0.3064979344329963,0.0,Dry,0.38700413113400717,0.042259940125500224,0.47887002993724975,0.0,Normal,0.47887002993724975,0.0,0.7759284876955198,0.0,Normal,0.7759284876955198,0.0,0.13943894852142363,0.7211221029571528,High,0.7211221029571528,0.67975013003075,0.16012493498462496,0.0,Low,0.67975013003075,1.0,0.0,0.0,Low,1.0,0.0,0.5608350232274604,0.0,Normal,0.5608350232274604,3,Acceptable
0.028810468879751076,0.4855947655601247,0.0,Normal,0.4855947655601247,0.0,0.543104924764937,0.0,Normal,0.543104924764937,0.0,0.4872043666135225,0.025591266772954074,Normal,0.4872043666135225,0.0,0.3403716793721358,0.3192566412557287,Normal,0.3403716793721358,0.0,0.7145768423482717,0.0,Normal,0.7145768423482717,0.0,0.7414330116572669,0.0,Normal,0.7414330116572669,0.0,0.5825866854086468,0.0,Normal,0.5825866854086468,0.0,0.6433106726582333,0.0,Medium,0.6433106726582333,1.0,0.0,0.0,Low,1.0,0.4731190016100527,0.2634404991949736,0.0,Low,0.4731190016100527,3,Good
0.0,0.5688050394693064,0.0,Normal,0.5688050394693064,0.0,0.4281030184882646,0.14379396302347056,Normal,0.4281030184882646,0.0,0.8470271412285049,0.0,Normal,0.8470271412285049,0.0,0.9615005769486484,0.0,Normal,0.9615005769486484,0.0,0.9322311783127242,0.0,Normal,0.9322311783127242,0.32706510178920484,0.3364674491053975,0.0,Normal,0.3364674491053975,0.0,0.6918208847030505,0.0,Normal,0.6918208847030505,0.05853309672498771,0.4707334516375061,0.0,Medium,0.4707334516375061,0.0,0.952107279693487,0.0,Normal,0.952107279693487,0.05360217416353712,0.47319891291823135,0.0,Normal,0.47319891291823135,0,Acceptable
0.0,0.590352845382295,0.0,Normal,0.590352845382295,0.0,0.8234083985671855,0.0,Normal,0.8234083985671855,0.0,0.5932717461271674,0.0,Normal,0.5932717461271674,0.0,0.8657444991271376,0.0,Normal,0.8657444991271376,1.0,0.0,0.0,Low,1.0,0.0,0.03366982320827211,0.9326603535834558,High,0.9326603535834558,0.0,0.5829322887382536,0.0,Normal,0.5829322887382536,0.02584543696022365,0.4870772815198881,0.0,Medium,0.4870772815198881,0.05363984674329458,0.47318007662835265,0.0,Normal,0.47318007662835265,0.47706779180040687,0.26146610409979654,0.0,Low,0.47706779180040687,3,Good
0.0,0.9505141280320031,0.0,Normal,0.9505141280320031,0.0,0.5720216830905233,0.0,Normal,0.5720216830905233,0.038724345930124554,0.4806378270349379,0.0,Normal,0.4806378270349379,0.10434968190982295,0.44782515904508835,0.0,Normal,0.44782515904508835,0.0,0.5672036572735238,0.0,Normal,0.5672036572735238,0.0,0.9115571028853543,0.0,Normal,0.9115571028853543,0.27879194850910105,0.3606040257454495,0.0,Normal,0.3606040257454495,1.0,0.0,0.0,Low,1.0,0.0,0.7605363984674328,0.0,Normal,0.7605363984674328,0.0,0.758703492706269,0.0,Normal,0.758703492706269,3,Good
0.0,0.4858190498640636,0.0283619002718718,Normal,0.4858190498640636,0.0,0.9172081649336667,0.0,Normal,0.9172081649336667,0.0,0.8328269146623317,0.0,Normal,0.8328269146623317,0.0,0.9134752946799879,0.0,Normal,0.9134752946799879,0.6661786309323774,0.16691068453381125,0.0,Low,0.6661786309323774,0.0,0.7343920033332473,0.0,Normal,0.7343920033332473,0.3825378852281411,0.3087310573859295,0.0,Low,0.3825378852281411,0.0,0.675170455515157,0.0,Medium,0.675170455515157,0.0,0.664750957854406,0.0,Normal,0.664750957854406,0.003506490628465336,0.4982467546857673,0.0,Normal,0.4982467546857673,3,Good
0.021148912659301248,0.4894255436703496,0.0,Normal,0.4894255436703496,0.0,0.945313833227213,0.0,Normal,0.945313833227213,0.09122439401524193,0.4543878029923792,0.0,Normal,0.4543878029923792,0.224544902951454,0.3877275485242729,0.0,Normal,0.3877275485242729,0.0,0.5403596396054441,0.0,Normal,0.5403596396054441,0.6081728493105791,0.19591357534471038,0.0,Low,0.6081728493105791,0.0,0.40757115018192586,0.18485769963614862,Normal,0.40757115018192586,0.0,0.647909282238126,0.0,Medium,0.647909282238126,0.0,0.18582375478927182,0.6283524904214562,High,0.6283524904214562,0.0,0.5299815959595263,0.0,Normal,0.5299815959595263,3,Good
0.0,0.5158918175680739,0.0,Normal,0.5158918175680739,0.31742572337237895,0.3412871383138104,0.0,Normal,0.3412871383138104,0.0,0.9622884644326833,0.0,Normal,0.9622884644326833,0.0,0.8973602195355923,0.0,Normal,0.8973602195355923,0.0,0.7041441621519928,0.0,Normal,0.7041441621519928,0.0,0.804125885361986,0.0,Normal,0.804125885361986,0.0,0.5796556938607074,0.0,Normal,0.5796556938607074,0.0,0.5852236387230002,0.0,Medium,0.5852236387230002,1.0,0.0,0.0,Low,1.0,0.0,0.7434044971920858,0.0,Normal,0.7434044971920858,0,Acceptable
0.07228770808378146,0.46385614595810953,0.0,Normal,0.46385614595810953,0.9035594715953321,0.048220264202333954,0.0,Cold,0.9035594715953321,0.0,0.5860570468566015,0.0,Normal,0.5860570468566015,0.0,0.5044209366219189,0.0,Normal,0.5044209366219189,0.0,0.9753910736848205,0.0,Normal,0.9753910736848205,0.4062570267645596,0.2968714866177201,0.0,Low,0.4062570267645596,0.0,0.869548740633734,0.0,Normal,0.869548740633734,0.0,0.6035104076051795,0.0,Medium,0.6035104076051795,0.0,0.0,1.0,High,1.0,0.0,0.370139682926876,0.2597206341462481,Normal,0.370139682926876,1,Acceptable
0.0,0.5052161144241553,0.0,Normal,0.5052161144241553,0.0,0.9043566243553403,0.0,Normal,0.9043566243553403,0.0,0.8899383491946015,0.0,Normal,0.8899383491946015,0.0,0.8320137564493554,0.0,Normal,0.8320137564493554,0.0,0.7389344587053832,0.0,Normal,0.7389344587053832,0.0,0.9133222316762674,0.0,Normal,0.9133222316762674,0.0,0.6419224028101531,0.0,Normal,0.6419224028101531,0.0,0.7183026172474881,0.0,Medium,0.7183026172474881,0.0,0.6647509578544063,0.0,Normal,0.6647509578544063,0.3637888163428581,0.3181055918285709,0.0,Low,0.3637888163428581,0,Acceptable
0.0,0.6904103140534422,0.0,Normal,0.6904103140534422,0.0,0.7354717652344077,0.0,Normal,0.7354717652344077,0.0,0.6671906306216119,0.0,Normal,0.6671906306216119,0.0,0.9363465002723551,0.0,Normal,0.9363465002723551,0.20167774412034217,0.3991611279398288,0.0,Normal,0.3991611279398288,0.0,0.6143487127022564,0.0,Normal,0.6143487127022564,0.0,0.7299830929278511,0.0,Normal,0.7299830929278511,0.10552942718605124,0.4472352864069743,0.0,Medium,0.4472352864069743,0.6283524904214557,0.1858237547892721,0.0,Low,0.6283524904214557,0.5164188876015016,0.24179055619924916,0.0,Low,0.5164188876015016,3,Good
0.0,0.7263315533308496,0.0,Normal,0.7263315533308496,0.006096361978345159,0.4969518190108273,0.0,Normal,0.4969518190108273,0.0,0.7079895556420779,0.0,Normal,0.7079895556420779,0.0,0.980084979542233,0.0,Normal,0.980084979542233,0.0,0.5524043465422684,0.0,Normal,0.5524043465422684,0.0,0.8536022928224317,0.0,Normal,0.8536022928224317,0.0,0.9382097276110263,0.0,Normal,0.9382097276110263,1.0,0.0,0.0,Low,1.0,0.0,0.0,1.0,High,1.0,0.0,0.7310546436962245,0.0,Normal,0.7310546436962245,3,Good
0.0,0.8054770591549029,0.0,Normal,0.8054770591549029,0.0,0.8445474435665419,0.0,Normal,0.8445474435665419,0.0,0.7238643598264125,0.0,Normal,0.7238643598264125,0.0,0.8523363424903231,0.0,Normal,0.8523363424903231,0.0,0.8554613232327278,0.0,Normal,0.8554613232327278,1.0,0.0,0.0,Low,1.0,0.0,0.5489272433175809,0.0,Normal,0.5489272433175809,0.0,0.33548583725556824,0.3290283254888638,Medium,0.33548583725556824,0.0,0.8563218390804596,0.0,Normal,0.8563218390804596,0.0,0.8912528219065685,0.0,Normal,0.8912528219065685,2,Poor
1.0,0.0,0.0,Cold,1.0,0.0,0.6808822096153953,0.0,Normal,0.6808822096153953,0.0,0.5081797239497472,0.0,Normal,0.5081797239497472,0.0,0.698705200969722,0.0,Normal,0.698705200969722,0.0,0.303439732859097,0.39312053428180604,High,0.39312053428180604,0.8245583980003051,0.08772080099984744,0.0,Low,0.8245583980003051,0.0,0.5729782354102694,0.0,Normal,0.5729782354102694,0.8252229195940683,0.0873885402029658,0.0,Low,0.8252229195940683,0.0,0.8563218390804601,0.0,Normal,0.8563218390804601,0.22042335806386254,0.38978832096806865,0.0,Normal,0.38978832096806865,0,Poor
0.0,0.9502366889529624,0.0,Normal,0.9502366889529624,0.24070655239105276,0.3796467238044735,0.0,Normal,0.3796467238044735,0.0,0.7190483716578389,0.0,Normal,0.7190483716578389,0.0,0.9942400343945251,0.0,Normal,0.9942400343945251,0.0,0.9527832604372548,0.0,Normal,0.9527832604372548,0.7896924686915349,0.10515376565423257,0.0,Low,0.7896924686915349,0.0,0.6109807094068842,0.0,Normal,0.6109807094068842,0.0,0.2942291807852941,0.4115416384294121,High,0.4115416384294121,0.0,0.8563218390804601,0.0,Normal,0.8563218390804601,0.0,0.635235038125156,0.0,Normal,0.635235038125156,1,Acceptable
0.08854092680121353,0.45572953659939347,0.0,Normal,0.45572953659939347,0.0,0.9627293234679214,0.0,Normal,0.9627293234679214,0.0,0.5955804510850276,0.0,Normal,0.5955804510850276,0.0,0.6176031255833281,0.0,Normal,0.6176031255833281,0.0,0.8003841685970058,0.0,Normal,0.8003841685970058,0.0,0.6682239078109414,0.0,Normal,0.6682239078109414,0.0,0.583632568880768,0.0,Normal,0.583632568880768,0.44728268328052156,0.27635865835973916,0.0,Low,0.44728268328052156,0.0,0.37739463601532547,0.24521072796934892,Normal,0.37739463601532547,0.04338978824676158,0.4783051058766191,0.0,Normal,0.4783051058766191,0,Acceptable
0.0,0.8321664341056831,0.0,Normal,0.8321664341056831,0.5324681794778525,0.2337659102610737,0.0,Cold,0.5324681794778525,0.0,0.7954143569353114,0.0,Normal,0.7954143569353114,0.3854088434357338,0.307295578282133,0.0,Dry,0.3854088434357338,0.950533752926143,0.02473312353692852,0.0,Low,0.950533752926143,0.0,0.6859311441949953,0.0,Normal,0.6859311441949953,0.0,0.7632187837302492,0.0,Normal,0.7632187837302492,0.0,0.6668104607875979,0.0,Medium,0.6668104607875979,0.0,0.4731800766283523,0.05363984674329525,Normal,0.4731800766283523,0.0,0.3168393034877921,0.3663213930244158,High,0.3663213930244158,0,Acceptable
0.0,0.5166697333716681,0.0,Normal,0.5166697333716681,0.0,0.9624333152564264,0.0,Normal,0.9624333152564264,0.0,0.8985626007122569,0.0,Normal,0.8985626007122569,0.0,0.7044687934828973,0.0,Normal,0.7044687934828973,0.0,0.9380659491769736,0.0,Normal,0.9380659491769736,0.619214333688245,0.1903928331558775,0.0,Low,0.619214333688245,0.0,0.9698657417260715,0.0,Normal,0.9698657417260715,0.0,0.995672278870411,0.0,Medium,0.995672278870411,0.05363984674329458,0.47318007662835265,0.0,Normal,0.47318007662835265,0.0,0.6418408208070392,0.0,Normal,0.6418408208070392,0,Acceptable
0.0,0.9785323492574823,0.0,Normal,0.9785323492574823,0.0,0.7354352435994385,0.0,Normal,0.7354352435994385,0.0,0.5623675812438862,0.0,Normal,0.5623675812438862,0.0,0.8684526243474232,0.0,Normal,0.8684526243474232,0.0,0.9619182668300287,0.0,Normal,0.9619182668300287,0.0,0.5692186399506407,0.0,Normal,0.5692186399506407,0.0,0.9244720773527473,0.0,Normal,0.9244720773527473,0.0,0.9212502636978563,0.0,Medium,0.9212502636978563,1.0,0.0,0.0,Low,1.0,0.2418897581204217,0.3790551209397891,0.0,Normal,0.3790551209397891,1,Acceptable
0.0,0.9589896385529546,0.0,Normal,0.9589896385529546,0.0,0.5278876988900049,0.0,Normal,0.5278876988900049,0.0,0.6788147774230712,0.0,Normal,0.6788147774230712,0.0,0.9633278057985996,0.0,Normal,0.9633278057985996,0.0,0.9007871825159471,0.0,Normal,0.9007871825159471,0.3882692992110994,0.30586535039445023,0.0,Low,0.3882692992110994,0.05180654529006527,0.4740967273549674,0.0,Normal,0.4740967273549674,0.34408950511991754,0.3279552474400412,0.0,Low,0.34408950511991754,0.0,0.18582375478927182,0.6283524904214562,High,0.6283524904214562,0.0,0.9523290186450921,0.0,Normal,0.9523290186450921,0,Acceptable
0.0,0.2592069342612412,0.48158613147751705,Hot,0.48158613147751705,0.0,0.6649120205328501,0.0,Normal,0.6649120205328501,0.0,0.8515034638831147,0.0,Normal,0.8515034638831147,0.0,0.9437439087657237,0.0,Normal,0.9437439087657237,0.3022575370892391,0.34887123145538035,0.0,Normal,0.34887123145538035,0.0,0.43005444371191426,0.1398911125761715,Normal,0.43005444371191426,0.0,0.9885178625223776,0.0,Normal,0.9885178625223776,0.0,0.7390924687596905,0.0,Medium,0.7390924687596905,0.0,0.5689655172413794,0.0,Normal,0.5689655172413794,0.0,0.8214360683710431,0.0,Normal,0.8214360683710431,3,Acceptable
0.0,0.8067017961230523,0.0,Normal,0.8067017961230523,0.0,0.6010155807515982,0.0,Normal,0.6010155807515982,0.0,0.5521019059719412,0.0,Normal,0.5521019059719412,0.0,0.3784141814313872,0.24317163713722592,Normal,0.3784141814313872,0.0,0.9043550602943033,0.0,Normal,0.9043550602943033,0.8680386829161099,0.06598065854194503,0.0,Low,0.8680386829161099,0.0,0.9931283084387464,0.0,Normal,0.9931283084387464,0.0,0.8845825282302212,0.0,Medium,0.8845825282302212,0.0,0.0,1.0,High,1.0,0.0,0.6537391800933582,0.0,Normal,0.6537391800933582,2,Acceptable
0.0,0.8786831283646372,0.0,Normal,0.8786831283646372,0.0,0.6938532122544535,0.0,Normal,0.6938532122544535,0.0,0.9200567690206364,0.0,Normal,0.9200567690206364,0.0,0.956677667034871,0.0,Normal,0.956677667034871,0.0,0.9674445332855524,0.0,Normal,0.9674445332855524,0.0,0.7527781334862353,0.0,Normal,0.7527781334862353,0.0,0.71995587442018,0.0,Normal,0.71995587442018,0.0,0.828541246670197,0.0,Medium,0.828541246670197,0.0,0.2816091954022987,0.4367816091954026,High,0.4367816091954026,0.0,0.6502556894247749,0.0,Normal,0.6502556894247749,0,Acceptable
0.18157031978171487,0.4092148401091428,0.0,Normal,0.4092148401091428,0.38826773879683174,0.305866130601584,0.0,Cold,0.38826773879683174,0.0,0.9834924606049724,0.0,Normal,0.9834924606049724,0.0,0.9240741323028897,0.0,Normal,0.9240741323028897,0.0,0.6697623072366055,0.0,Normal,0.6697623072366055,0.5999899981695481,0.2000050009152259,0.0,Low,0.5999899981695481,0.0,0.7123430869166211,0.0,Normal,0.7123430869166211,0.0,0.9115471144558834,0.0,Medium,0.9115471144558834,0.6283524904214557,0.1858237547892721,0.0,Low,0.6283524904214557,0.0,0.7023231740310071,0.0,Normal,0.7023231740310071,0,Acceptable
0.0,0.8603640195423231,0.0,Normal,0.8603640195423231,0.0,0.6192213304915363,0.0,Normal,0.6192213304915363,0.0,0.4104336790013916,0.17913264199721604,Normal,0.4104336790013916,0.0,0.4540159537794839,0.09196809244103263,Normal,0.4540159537794839,0.0,0.38157512207637806,0.2368497558472439,Normal,0.38157512207637806,1.0,0.0,0.0,Low,1.0,0.0,0.5813942442212164,0.0,Normal,0.5813942442212164,0.0,0.9988711475046979,0.0,Medium,0.9988711475046979,0.6283524904214557,0.1858237547892721,0.0,Low,0.6283524904214557,0.0,0.9354436865044308,0.0,Normal,0.9354436865044308,2,Poor
0.9418502064611672,0.02907489676941637,0.0,Cold,0.9418502064611672,0.2683458414867207,0.36582707925663954,0.0,Normal,0.36582707925663954,0.0,0.707076021335999,0.0,Normal,0.707076021335999,0.0,0.5729104129156102,0.0,Normal,0.5729104129156102,0.0,0.6908617052958603,0.0,Normal,0.6908617052958603,1.0,0.0,0.0,Low,1.0,0.0,0.9619157872669465,0.0,Normal,0.9619157872669465,0.0,0.0,1.0,High,1.0,0.0,0.664750957854406,0.0,Normal,0.664750957854406,0.0,0.7639225783393095,0.0,Normal,0.7639225783393095,2,Poor
0.0,0.5749370676463933,0.0,Normal,0.5749370676463933,0.0,0.9398704994601907,0.0,Normal,0.9398704994601907,0.0,0.9985100756853804,0.0,Normal,0.9985100756853804,0.0,0.8331130978092439,0.0,Normal,0.8331130978092439,0.22516953169500953,0.3874152341524951,0.0,Normal,0.3874152341524951,0.0,0.9071535251296657,0.0,Normal,0.9071535251296657,0.0,0.9455799798490515,0.0,Normal,0.9455799798490515,0.12849112236486446,0.4357544388175677,0.0,Medium,0.4357544388175677,0.6283524904214557,0.1858237547892721,0.0,Low,0.6283524904214557,0.34665121764589346,0.3266743911770532,0.0,Low,0.34665121764589346,3,Good
0.0,0.4799560550068694,0.04008788998626018,Normal,0.4799560550068694,0.0,0.9858810482830607,0.0,Normal,0.9858810482830607,0.0,0.29493997666585786,0.4101200466682837,Wet,0.4101200466682837,0.0,0.018623540325175804,0.9627529193496485,Wet,0.9627529193496485,0.0,0.17273166949543767,0.6545366610091247,High,0.6545366610091247,1.0,0.0,0.0,Low,1.0,0.0,0.5814272509053262,0.0,Normal,0.5814272509053262,0.0,0.7190684886225693,0.0,Medium,0.7190684886225693,1.0,0.0,0.0,Low,1.0,0.0,0.5378409512848423,0.0,Normal,0.5378409512848423,1,Acceptable
0.0,0.5350914875986883,0.0,Normal,0.5350914875986883,0.0,0.8367118382638968,0.0,Normal,0.8367118382638968,0.0,0.44982540080126293,0.10034919839747328,Normal,0.44982540080126293,0.0,0.2399219026407362,0.5201561947185278,Wet,0.5201561947185278,0.0,0.9741315639146159,0.0,Normal,0.9741315639146159,0.6588104841139444,0.17059475794302778,0.0,Low,0.6588104841139444,0.0,0.6592309970731396,0.0,Normal,0.6592309970731396,0.0,0.81603219024708,0.0,Medium,0.81603219024708,0.0,0.7605363984674328,0.0,Normal,0.7605363984674328,0.0,0.581905802359375,0.0,Normal,0.581905802359375,0,Acceptable
0.9074880430974012,0.046255978451299425,0.0,Cold,0.9074880430974012,0.0,0.9039085903204545,0.0,Normal,0.9039085903204545,0.0,0.7062405195910334,0.0,Normal,0.7062405195910334,0.0,0.9051598921031386,0.0,Normal,0.9051598921031386,0.0,0.7811383694371139,0.0,Normal,0.7811383694371139,0.0,0.7337660122908001,0.0,Normal,0.7337660122908001,0.0,0.05651930097235215,0.8869613980552957,High,0.8869613980552957,0.0,0.42874469584910097,0.1425106083017985,Medium,0.42874469584910097,1.0,0.0,0.0,Low,1.0,0.4521039144601169,0.2739480427699415,0.0,Low,0.4521039144601169,3,Poor
0.0,0.7847365264460354,0.0,Normal,0.7847365264460354,0.0,0.509062155991026,0.0,Normal,0.509062155991026,0.0,0.8056433185247753,0.0,Normal,0.8056433185247753,0.0,0.6893207156565405,0.0,Normal,0.6893207156565405,0.010875157372413274,0.4945624213137932,0.0,Normal,0.4945624213137932,0.0,0.8386121515496362,0.0,Normal,0.8386121515496362,0.0,0.8862470035257901,0.0,Normal,0.8862470035257901,0.3813114717099501,0.3093442641450249,0.0,Low,0.3813114717099501,0.0,0.664750957854406,0.0,Normal,0.664750957854406,0.0,0.9976761443737635,0.0,Normal,0.9976761443737635,3,Good
0.0,0.42911815777505014,0.14176368444989879,Normal,0.42911815777505014,0.0,0.922043134824806,0.0,Normal,0.922043134824806,0.0,0.9322697723502718,0.0,Normal,0.9322697723502718,0.0,0.6297614119309971,0.0,Normal,0.6297614119309971,0.0,0.6467979677078632,0.0,Normal,0.6467979677078632,0.0,0.673619813398538,0.0,Normal,0.673619813398538,0.0,0.9373879750855819,0.0,Normal,0.9373879750855819,0.0,0.5603557120334294,0.0,Medium,0.5603557120334294,0.0,0.090038314176245,0.81992337164751,High,0.81992337164751,0.0,0.6900652367305246,0.0,Normal,0.6900652367305246,0,Acceptable
0.0,0.9940214943453005,0.0,Normal,0.9940214943453005,0.0,0.6508270060199587,0.0,Normal,0.6508270060199587,0.0,0.780693646911606,0.0,Normal,0.780693646911606,0.03862283906032844,0.4806885804698356,0.0,Normal,0.4806885804698356,1.0,0.0,0.0,Low,1.0,0.0,0.0,1.0,High,1.0,0.0,0.8670784311852083,0.0,Normal,0.8670784311852083,0.0,0.0,1.0,High,1.0,0.0,0.664750957854406,0.0,Normal,0.664750957854406,0.332897538095277,0.33355123095236144,0.0,Normal,0.33355123095236144,3,Good
0.0,0.34425775672463393,0.3114844865507314,Normal,0.34425775672463393,0.0,0.2144101976803882,0.5711796046392235,Hot,0.5711796046392235,0.04900627509946155,0.4754968624502694,0.0,Normal,0.4754968624502694,0.26617932736307276,0.3669103363184635,0.0,Normal,0.3669103363184635,0.0,0.1347531754986812,0.7304936490026376,High,0.7304936490026376,1.0,0.0,0.0,Low,1.0,0.0,0.6212954547655211,0.0,Normal,0.6212954547655211,1.0,0.0,0.0,Low,1.0,0.8199233716475094,0.09003831417624526,0.0,Low,0.8199233716475094,0.0,0.5201789026631132,0.0,Normal,0.5201789026631132,1,Acceptable
0.0,0.7197778532191117,0.0,Normal,0.7197778532191117,0.0,0.24666943486981627,0.5066611302603673,Hot,0.5066611302603673,0.0,0.45438765866178343,0.09122468267643222,Normal,0.45438765866178343,0.0,0.0,1.0,Wet,1.0,0.0,0.7944806689702147,0.0,Normal,0.7944806689702147,0.23193819220884135,0.3840309038955792,0.0,Normal,0.3840309038955792,0.994442889249109,0.0027785553754455386,0.0,Low,0.994442889249109,0.0,0.9302309265181646,0.0,Medium,0.9302309265181646,0.0,0.9521072796934864,0.0,Normal,0.9521072796934864,0.0,0.6586172669074305,0.0,Normal,0.6586172669074305,1,Acceptable
0.0,0.6452119201196217,0.0,Normal,0.6452119201196217,0.0,0.7643278178524615,0.0,Normal,0.7643278178524615,0.0,0.8640224373240621,0.0,Normal,0.8640224373240621,0.0,0.9147165964844173,0.0,Normal,0.9147165964844173,0.0,0.721168499006431,0.0,Normal,0.721168499006431,0.41202439994258006,0.2939878000287099,0.0,Low,0.41202439994258006,0.0,0.7978340667348356,0.0,Normal,0.7978340667348356,0.7829937085254945,0.10850314573725271,0.0,Low,0.7829937085254945,0.0,0.9521072796934864,0.0,Normal,0.9521072796934864,0.1739840291623963,0.4130079854188018,0.0,Normal,0.4130079854188018,0,Acceptable
0.7135013421484463,0.14324932892577696,0.0,Cold,0.7135013421484463,0.0,0.780723226709771,0.0,Normal,0.780723226709771,0.0,0.9661722651146168,0.0,Normal,0.9661722651146168,0.0,0.7296611024194837,0.0,Normal,0.7296611024194837,0.0,0.681223587905872,0.0,Normal,0.681223587905872,0.0,0.5894222658360262,0.0,Normal,0.5894222658360262,0.0,0.6975685227207892,0.0,Normal,0.6975685227207892,0.0,0.8509526967825899,0.0,Medium,0.8509526967825899,0.05363984674329458,0.47318007662835265,0.0,Normal,0.47318007662835265,0.26759066014633265,0.36620466992683365,0.0,Normal,0.36620466992683365,3,Acceptable
0.0,0.5105873698063822,0.0,Normal,0.5105873698063822,0.0,0.9647007849468546,0.0,Normal,0.9647007849468546,0.0,0.7948889540942724,0.0,Normal,0.7948889540942724,0.0,0.4887300907549046,0.022539818490191318,Normal,0.4887300907549046,0.0,0.46399715691135446,0.07200568617729111,Normal,0.46399715691135446,1.0,0.0,0.0,Low,1.0,0.0,0.6673955130950731,0.0,Normal,0.6673955130950731,0.0,0.7553371518300878,0.0,Medium,0.7553371518300878,0.8199233716475094,0.09003831417624526,0.0,Low,0.8199233716475094,0.0,0.624540818172395,0.0,Normal,0.624540818172395,1,Acceptable
0.0,0.6085477364190471,0.0,Normal,0.6085477364190471,0.0,0.6445197630785254,0.0,Normal,0.6445197630785254,1.0,0.0,0.0,Dry,1.0,1.0,0.0,0.0,Dry,1.0,0.6856103543118272,0.15719482284408637,0.0,Low,0.6856103543118272,0.0,0.9913592153696158,0.0,Normal,0.9913592153696158,0.21539616502613237,0.3923019174869338,0.0,Normal,0.3923019174869338,0.10897434009312826,0.44551282995343583,0.0,Medium,0.44551282995343583,0.0,0.18582375478927182,0.6283524904214562,High,0.6283524904214562,0.0,0.5586965635900262,0.0,Normal,0.5586965635900262,3,Acceptable
0.0,0.6604804145566027,0.0,Normal,0.6604804145566027,0.0,0.6369144716479533,0.0,Normal,0.6369144716479533,0.0,0.7982055215053873,0.0,Normal,0.7982055215053873,0.0,0.829794716504144,0.0,Normal,0.829794716504144,0.0,0.7862194920724422,0.0,Normal,0.7862194920724422,0.0,0.5995085733975137,0.0,Normal,0.5995085733975137,0.0,0.5465830919674473,0.0,Normal,0.5465830919674473,0.0,0.7440785748222479,0.0,Medium,0.7440785748222479,1.0,0.0,0.0,Low,1.0,0.0,0.7760650591967299,0.0,Normal,0.7760650591967299,0,Acceptable
0.0,0.7075318678838949,0.0,Normal,0.7075318678838949,0.0,0.23613140873715432,0.5277371825256912,Hot,0.5277371825256912,0.0,0.6909949234800691,0.0,Normal,0.6909949234800691,0.0,0.9484699822974214,0.0,Normal,0.9484699822974214,0.0,0.5469677671882891,0.0,Normal,0.5469677671882891,0.3936360428128947,0.30318197859355256,0.0,Low,0.3936360428128947,0.0,0.05627549124733593,0.8874490175053281,High,0.8874490175053281,0.0,0.9455733792265631,0.0,Medium,0.9455733792265631,0.0,0.5689655172413791,0.0,Normal,0.5689655172413791,0.0,0.9215766140512976,0.0,Normal,0.9215766140512976,0,Acceptable
0.0,0.46699545092595934,0.06600909814808036,Normal,0.46699545092595934,0.0,0.7888590393915218,0.0,Normal,0.7888590393915218,0.0,0.7089305192720893,0.0,Normal,0.7089305192720893,0.0,0.5373542335727272,0.0,Normal,0.5373542335727272,0.0,0.9533259510110135,0.0,Normal,0.9533259510110135,0.3878385802387431,0.30608070988062835,0.0,Low,0.3878385802387431,0.0,0.43672283973319703,0.12655432053360618,Normal,0.43672283973319703,0.0,0.7031032709388594,0.0,Medium,0.7031032709388594,1.0,0.0,0.0,Low,1.0,0.0,0.9497422603247544,0.0,Normal,0.9497422603247544,1,Acceptable
0.0,0.6233509669875645,0.0,Normal,0.6233509669875645,0.0,0.9632042567626451,0.0,Normal,0.9632042567626451,0.16257390030357946,0.4187130498482104,0.0,Normal,0.4187130498482104,0.32640099944322654,0.3367995002783866,0.0,Normal,0.3367995002783866,0.0,0.6861047561926765,0.0,Normal,0.6861047561926765,0.0,0.6759705303719985,0.0,Normal,0.6759705303719985,0.0,0.09993197919049386,0.8001360416190123,High,0.8001360416190123,0.0,0.7210320802694835,0.0,Medium,0.7210320802694835,0.0,0.090038314176245,0.81992337164751,High,0.81992337164751,0.09739353035112597,0.45130323482443696,0.0,Normal,0.45130323482443696,3,Good
0.0,0.8958498713503007,0.0,Normal,0.8958498713503007,0.0,0.6682212567003796,0.0,Normal,0.6682212567003796,0.0,0.5639417990813093,0.0,Normal,0.5639417990813093,0.0,0.9703412044806857,0.0,Normal,0.9703412044806857,0.0,0.9351666701794866,0.0,Normal,0.9351666701794866,0.7063805025019568,0.14680974874902153,0.0,Low,0.7063805025019568,0.0,0.7459411052018572,0.0,Normal,0.7459411052018572,0.0,0.9591868598274946,0.0,Medium,0.9591868598274946,0.0,0.5689655172413794,0.0,Normal,0.5689655172413794,0.0,0.5632671583736434,0.0,Normal,0.5632671583736434,1,Acceptable
0.0,0.8334024251321794,0.0,Normal,0.8334024251321794,0.0,0.9519467231426273,0.0,Normal,0.9519467231426273,0.0,0.9702321396936698,0.0,Normal,0.9702321396936698,0.0,0.903790370584782,0.0,Normal,0.903790370584782,0.0,0.42509554830934126,0.14980890338131744,Normal,0.42509554830934126,1.0,0.0,0.0,Low,1.0,0.1286831605704717,0.43565841971476416,0.0,Normal,0.43565841971476416,0.0,0.8507356410294973,0.0,Medium,0.8507356410294973,0.0,0.0,1.0,High,1.0,0.0,0.6663440322600852,0.0,Normal,0.6663440322600852,1,Acceptable
0.0,0.9921398785956532,0.0,Normal,0.9921398785956532,0.0,0.11387162991240952,0.7722567401751809,Hot,0.7722567401751809,0.0,0.8136251528666156,0.0,Normal,0.8136251528666156,0.0,0.6215885223684088,0.0,Normal,0.6215885223684088,0.0,0.8248100469405425,0.0,Normal,0.8248100469405425,0.0,0.9148746819064523,0.0,Normal,0.9148746819064523,0.0,0.1453295279908613,0.7093409440182775,High,0.7093409440182775,0.0,0.9875018190681891,0.0,Medium,0.9875018190681891,0.0,0.0,1.0,High,1.0,0.0,0.8130562901984996,0.0,Normal,0.8130562901984996,3,Acceptable
0.0,0.9063179174185886,0.0,Normal,0.9063179174185886,0.0,0.4356647583192941,0.12867048336141163,Normal,0.4356647583192941,0.0,0.5924006494275276,0.0,Normal,0.5924006494275276,0.0,0.9170139483334849,0.0,Normal,0.9170139483334849,1.0,0.0,0.0,Low,1.0,0.0,0.0803482690522925,0.8393034618954149,High,0.8393034618954149,0.0,0.9271594862982715,0.0,Normal,0.9271594862982715,0.8281031389386215,0.08594843053068922,0.0,Low,0.8281031389386215,0.0,0.7605363984674328,0.0,Normal,0.7605363984674328,0.0,0.7110303674357875,0.0,Normal,0.7110303674357875,3,Good
0.0,0.5356024272938688,0.0,Normal,0.5356024272938688,0.0,0.8529776063395161,0.0,Normal,0.8529776063395161,0.0,0.6965844051977789,0.0,Normal,0.6965844051977789,0.0,0.5192148531499682,0.0,Normal,0.5192148531499682,0.0,0.6239922307523368,0.0,Normal,0.6239922307523368,0.0,0.9586717751632361,0.0,Normal,0.9586717751632361,0.0,0.9559680581563847,0.0,Normal,0.9559680581563847,0.15057584782873598,0.42471207608563194,0.0,Medium,0.42471207608563194,0.0,0.2816091954022987,0.4367816091954026,High,0.4367816091954026,0.039468497366809276,0.48026575131659527,0.0,Normal,0.48026575131659527,3,Good
0.0,0.9918789399707756,0.0,Normal,0.9918789399707756,0.0,0.4387053130936975,0.12258937381260476,Normal,0.4387053130936975,0.0,0.7526068572163883,0.0,Normal,0.7526068572163883,0.1831659207108052,0.40841703964459725,0.0,Normal,0.40841703964459725,1.0,0.0,0.0,Low,1.0,0.0,0.2801554126741934,0.43968917465161317,High,0.43968917465161317,0.0,0.9566262526679293,0.0,Normal,0.9566262526679293,0.11870076537680616,0.44064961731159685,0.0,Medium,0.44064961731159685,0.0,0.0,1.0,High,1.0,0.0,0.5237070795775004,0.0,Normal,0.5237070795775004,3,Good
0.25479603458350447,0.37260198270824796,0.0,Normal,0.37260198270824796,0.0,0.10800069305838114,0.7839986138832377,Hot,0.7839986138832377,0.0,0.6037076253648149,0.0,Normal,0.6037076253648149,0.02606635479337247,0.4869668226033136,0.0,Normal,0.4869668226033136,0.0,0.7885280528671718,0.0,Normal,0.7885280528671718,0.12774761373850443,0.4361261931307477,0.0,Normal,0.4361261931307477,0.0,0.864083731456613,0.0,Normal,0.864083731456613,0.0,0.8449940032659826,0.0,Medium,0.8449940032659826,1.0,0.0,0.0,Low,1.0,0.0,0.25275211353238447,0.49449577293523106,High,0.49449577293523106,3,Acceptable
0.0,0.8731204200835293,0.0,Normal,0.8731204200835293,0.37397777301057245,0.31301111349471367,0.0,Cold,0.37397777301057245,0.0,0.6977593690672856,0.0,Normal,0.6977593690672856,0.0,0.5941409767513623,0.0,Normal,0.5941409767513623,0.0,0.2321256163156886,0.5357487673686229,High,0.5357487673686229,0.4232365373844127,0.2883817313077936,0.0,Low,0.4232365373844127,0.0,0.6997792184148872,0.0,Normal,0.6997792184148872,0.0,0.14283031910196192,0.7143393617960763,High,0.7143393617960763,0.0,0.0,1.0,High,1.0,0.0,0.5199082977666928,0.0,Normal,0.5199082977666928,1,Acceptable
0.0,0.6012885037590666,0.0,Normal,0.6012885037590666,0.0,0.9692875393411209,0.0,Normal,0.9692875393411209,0.0,0.9699389094804065,0.0,Normal,0.9699389094804065,0.0,0.803544984026778,0.0,Normal,0.803544984026778,0.0,0.7229059047798428,0.0,Normal,0.7229059047798428,0.0,0.8391565015419973,0.0,Normal,0.8391565015419973,0.0,0.9758049382980143,0.0,Normal,0.9758049382980143,0.0,0.7631397183286321,0.0,Medium,0.7631397183286321,0.0,0.18582375478927182,0.6283524904214562,High,0.6283524904214562,0.23699281804034683,0.38150359097982656,0.0,Normal,0.38150359097982656,0,Acceptable
0.0,0.8121824075739867,0.0,Normal,0.8121824075739867,0.0,0.1626155372411145,0.6747689255177709,Hot,0.6747689255177709,0.0,0.583547504417316,0.0,Normal,0.583547504417316,0.0,0.43990378658358653,0.12019242683282733,Normal,0.43990378658358653,0.08903644711535948,0.45548177644232013,0.0,Normal,0.45548177644232013,0.0,0.6633520140826069,0.0,Normal,0.6633520140826069,0.0,0.9376323230223894,0.0,Normal,0.9376323230223894,0.0,0.8565623784531375,0.0,Medium,0.8565623784531375,0.0,0.18582375478927182,0.6283524904214562,High,0.6283524904214562,0.0,0.9409959381135194,0.0,Normal,0.9409959381135194,3,Acceptable
0.0,0.3583110428212781,0.2833779143574429,Normal,0.3583110428212781,0.0,0.49489777892435677,0.010204442151286247,Normal,0.49489777892435677,0.0,0.19286658802958614,0.6142668239408273,Wet,0.6142668239408273,0.0,0.26875794116246055,0.4624841176750792,Wet,0.4624841176750792,0.0,0.38853557674623473,0.22292884650753053,Normal,0.38853557674623473,0.9004928795098667,0.049753560245066636,0.0,Low,0.9004928795098667,0.0,0.8345391617986094,0.0,Normal,0.8345391617986094,1.0,0.0,0.0,Low,1.0,1.0,0.0,0.0,Low,1.0,0.331067341321839,0.33446632933908044,0.0,Normal,0.33446632933908044,0,Acceptable
1.0,0.0,0.0,Cold,1.0,0.0,0.857680251968792,0.0,Normal,0.857680251968792,0.0,0.17774944540171975,0.6445011091965601,Wet,0.6445011091965601,0.0,0.6729211185726082,0.0,Normal,0.6729211185726082,0.0,0.8995984098195073,0.0,Normal,0.8995984098195073,0.030142729535266508,0.4849286352323666,0.0,Normal,0.4849286352323666,0.0,0.17981475790608437,0.6403704841878314,High,0.6403704841878314,0.0,0.8930519587721658,0.0,Medium,0.8930519587721658,0.0,0.37739463601532547,0.24521072796934892,Normal,0.37739463601532547,0.0,0.631689743130256,0.0,Normal,0.631689743130256,1,Poor
0.8420777496392249,0.0789611251803876,0.0,Cold,0.8420777496392249,0.0,0.9987739271995526,0.0,Normal,0.9987739271995526,0.0,0.7926214561611432,0.0,Normal,0.7926214561611432,0.0,0.9428763194831536,0.0,Normal,0.9428763194831536,0.0,0.2826557387471268,0.4346885225057464,High,0.4346885225057464,1.0,0.0,0.0,Low,1.0,0.0,0.7045339739770363,0.0,Normal,0.7045339739770363,1.0,0.0,0.0,Low,1.0,0.0,0.37739463601532547,0.24521072796934892,Normal,0.37739463601532547,0.0,0.6012723393079716,0.0,Normal,0.6012723393079716,3,Poor
0.0,0.8884536375094658,0.0,Normal,0.8884536375094658,0.0,0.8442172446186387,0.0,Normal,0.8442172446186387,0.21607372527169658,0.39196313736415184,0.0,Normal,0.39196313736415184,0.14129949255108096,0.4293502537244594,0.0,Normal,0.4293502537244594,1.0,0.0,0.0,Low,1.0,0.0,0.21238309127964547,0.5752338174407091,High,0.5752338174407091,0.0,0.0,1.0,High,1.0,0.4283735059380755,0.2858132470309622,0.0,Low,0.4283735059380755,1.0,0.0,0.0,Low,1.0,0.5074398884654454,0.24628005576727724,0.0,Low,0.5074398884654454,3,Acceptable
0.0,0.19769272051804762,0.6046145589639044,Hot,0.6046145589639044,0.0,0.6441692852750778,0.0,Normal,0.6441692852750778,0.0,0.9250898153940103,0.0,Normal,0.9250898153940103,0.0,0.8348358031215323,0.0,Normal,0.8348358031215323,0.0,0.37086999089194866,0.25826001821610267,Normal,0.37086999089194866,1.0,0.0,0.0,Low,1.0,0.0,0.5200595084309491,0.0,Normal,0.5200595084309491,0.34861194724956995,0.32569402637521494,0.0,Low,0.34861194724956995,0.0,0.7605363984674332,0.0,Normal,0.7605363984674332,0.14338476187710014,0.4283076190614499,0.0,Normal,0.4283076190614499,3,Acceptable
0.434359249529404,0.2828203752352982,0.0,Cold,0.434359249529404,0.0,0.6636494015221567,0.0,Normal,0.6636494015221567,0.0,0.0,1.0,Wet,1.0,0.0,0.0,1.0,Wet,1.0,1.0,0.0,0.0,Low,1.0,0.0,0.22190898031395087,0.5561820393720983,High,0.5561820393720983,0.0,0.8292758910362822,0.0,Normal,0.8292758910362822,0.0,0.7506030745990457,0.0,Medium,0.7506030745990457,0.0,0.7605363984674332,0.0,Normal,0.7605363984674332,0.0,0.6590988522065552,0.0,Normal,0.6590988522065552,3,Acceptable
0.0,0.6822490758177325,0.0,Normal,0.6822490758177325,0.0,0.8086396045858792,0.0,Normal,0.8086396045858792,0.0,0.5562980610926835,0.0,Normal,0.5562980610926835,0.0,0.9993393749641685,0.0,Normal,0.9993393749641685,0.38061839538920644,0.3096908023053967,0.0,Low,0.38061839538920644,0.0,0.5657966897704619,0.0,Normal,0.5657966897704619,0.7262886084232005,0.13685569578839973,0.0,Low,0.7262886084232005,1.0,0.0,0.0,Low,1.0,0.0,0.090038314176245,0.81992337164751,High,0.81992337164751,0.0,0.6280145104417296,0.0,Normal,0.6280145104417296,3,Good
0.0,0.543894368612942,0.0,Normal,0.543894368612942,0.0,0.42400705481647194,0.15198589036705587,Normal,0.42400705481647194,0.0,0.8317444720746221,0.0,Normal,0.8317444720746221,0.0,0.699858578777803,0.0,Normal,0.699858578777803,0.0,0.8487333803126496,0.0,Normal,0.8487333803126496,0.20234971424957748,0.39882514287521115,0.0,Normal,0.39882514287521115,0.0,0.8920488840993864,0.0,Normal,0.8920488840993864,0.0,0.5897760124853196,0.0,Medium,0.5897760124853196,0.0,0.7605363984674328,0.0,Normal,0.7605363984674328,0.13296647037816112,0.4335167648109194,0.0,Normal,0.4335167648109194,0,Good
0.09376291895924682,0.4531185405203768,0.0,Normal,0.4531185405203768,0.0,0.96807308394808,0.0,Normal,0.96807308394808,0.0,0.6010029597615404,0.0,Normal,0.6010029597615404,0.17059195463126992,0.4147040226843649,0.0,Normal,0.4147040226843649,0.992240020740857,0.003879989629571503,0.0,Low,0.992240020740857,0.0,0.7228073081704359,0.0,Normal,0.7228073081704359,0.0,0.12808291648699133,0.7438341670260175,High,0.7438341670260175,0.35744661203519573,0.3212766939824021,0.0,Low,0.35744661203519573,0.0,0.090038314176245,0.81992337164751,High,0.81992337164751,0.27851950192302527,0.36074024903848734,0.0,Normal,0.36074024903848734,3,Acceptable
0.0,0.5477038487149642,0.0,Normal,0.5477038487149642,0.16469425370547586,0.41765287314726196,0.0,Normal,0.41765287314726196,0.0,0.0,1.0,Wet,1.0,0.0,0.6725158791786218,0.0,Normal,0.6725158791786218,0.0,0.5643608532591445,0.0,Normal,0.5643608532591445,0.0,0.9669386497797196,0.0,Normal,0.9669386497797196,0.43657947221265525,0.2817102638936724,0.0,Low,0.43657947221265525,0.008392573596186835,0.4958037132019065,0.0,Medium,0.4958037132019065,0.0,0.0,1.0,High,1.0,0.0,0.3283274790409782,0.34334504191804355,High,0.34334504191804355,0,Acceptable
0.0,0.8963055989003833,0.0,Normal,0.8963055989003833,0.0,0.0,1.0,Hot,1.0,0.0,0.8730806967766535,0.0,Normal,0.8730806967766535,0.0,0.6640385437040381,0.0,Normal,0.6640385437040381,1.0,0.0,0.0,Low,1.0,0.0,0.44020335013274753,0.119593299734505,Normal,0.44020335013274753,0.0,0.8212280715003705,0.0,Normal,0.8212280715003705,1.0,0.0,0.0,Low,1.0,1.0,0.0,0.0,Low,1.0,0.0,0.4170355346613648,0.16592893067727046,Normal,0.4170355346613648,3,Acceptable
0.0,0.549113493153628,0.0,Normal,0.549113493153628,0.0,0.6943123097766277,0.0,Normal,0.6943123097766277,0.0,0.41089700013616837,0.17820599972766243,Normal,0.41089700013616837,0.0,0.3685011320546614,0.2629977358906776,Normal,0.3685011320546614,1.0,0.0,0.0,Low,1.0,0.0,0.0,1.0,High,1.0,0.0,0.850652475339297,0.0,Normal,0.850652475339297,0.0,0.6434422429795073,0.0,Medium,0.6434422429795073,0.0,0.0,1.0,High,1.0,0.09972965124379254,0.4501351743781037,0.0,Normal,0.4501351743781037,3,Good
0.0,0.7657273534316352,0.0,Normal,0.7657273534316352,0.0,0.9195727808059976,0.0,Normal,0.9195727808059976,0.0,0.7208776600997574,0.0,Normal,0.7208776600997574,0.01084822747856198,0.49457588626071886,0.0,Normal,0.49457588626071886,0.5821250204584234,0.20893748977078822,0.0,Low,0.5821250204584234,0.0,0.0,1.0,High,1.0,0.0026226019106370263,0.4986886990446815,0.0,Normal,0.4986886990446815,1.0,0.0,0.0,Low,1.0,0.0,0.0,1.0,High,1.0,0.2946998839678725,0.3526500580160637,0.0,Normal,0.3526500580160637,3,Good
0.0,0.5884867824814637,0.0,Normal,0.5884867824814637,0.6580466483159839,0.17097667584200796,0.0,Cold,0.6580466483159839,0.0,0.9159229634807283,0.0,Normal,0.9159229634807283,0.0,0.5917199652378851,0.0,Normal,0.5917199652378851,0.0,0.6658611412050361,0.0,Normal,0.6658611412050361,0.0,0.5959887196301258,0.0,Normal,0.5959887196301258,0.0,0.6731235487104869,0.0,Normal,0.6731235487104869,0.0,0.4299686766839836,0.14006264663203324,Medium,0.4299686766839836,1.0,0.0,0.0,Low,1.0,0.0,0.0,1.0,High,1.0,0,Poor
0.0,0.3895891441463861,0.22082171170722686,Normal,0.3895891441463861,0.0,0.4063947375352689,0.18721052492946197,Normal,0.4063947375352689,0.22861023264407418,0.385694883677963,0.0,Normal,0.385694883677963,1.0,0.0,0.0,Dry,1.0,0.0,0.6983540876284321,0.0,Normal,0.6983540876284321,0.6839897045175608,0.15800514774121957,0.0,Low,0.6839897045175608,0.0,0.50577498119887,0.0,Normal,0.50577498119887,0.0,0.4884596449708338,0.02308071005833288,Medium,0.4884596449708338,0.0,0.18582375478927182,0.6283524904214562,High,0.6283524904214562,0.0,0.5537808964752395,0.0,Normal,0.5537808964752395,0,Acceptable
0.0,0.9917978800974484,0.0,Normal,0.9917978800974484,0.0,0.9601366101290529,0.0,Normal,0.9601366101290529,0.0,0.0,1.0,Wet,1.0,0.0,0.0,1.0,Wet,1.0,0.0,0.78992242865644,0.0,Normal,0.78992242865644,0.7818359180862224,0.10908204095688878,0.0,Low,0.7818359180862224,0.3426701845473026,0.3286649077263487,0.0,Low,0.3426701845473026,0.0,0.6863270369539626,0.0,Medium,0.6863270369539626,0.0,0.18582375478927182,0.6283524904214562,High,0.6283524904214562,0.0,0.6426827640520097,0.0,Normal,0.6426827640520097,1,Acceptable
0.0,0.6709843322931788,0.0,Normal,0.6709843322931788,0.0,0.8164646105724006,0.0,Normal,0.8164646105724006,0.0,0.9545015763800526,0.0,Normal,0.9545015763800526,0.0,0.9770316348352562,0.0,Normal,0.9770316348352562,0.41046429629678605,0.29476785185160687,0.0,Low,0.41046429629678605,0.0,0.8407575769046521,0.0,Normal,0.8407575769046521,0.0,0.5370596787937927,0.0,Normal,0.5370596787937927,0.0,0.8141284932408382,0.0,Medium,0.8141284932408382,1.0,0.0,0.0,Low,1.0,0.0,0.8660382185498193,0.0,Normal,0.8660382185498193,0,Acceptable
0.0,0.8039606129095638,0.0,Normal,0.8039606129095638,0.0,0.6187561094961177,0.0,Normal,0.6187561094961177,0.0,0.44191465632193916,0.11617068735612078,Normal,0.44191465632193916,0.0,0.014309894092759278,0.9713802118144814,Wet,0.9713802118144814,0.0,0.9605090459474664,0.0,Normal,0.9605090459474664,0.0,0.6255671273145493,0.0,Normal,0.6255671273145493,0.0,0.4337025984336971,0.13259480313260613,Normal,0.4337025984336971,0.0,0.7788122739071135,0.0,Medium,0.7788122739071135,0.6283524904214557,0.1858237547892721,0.0,Low,0.6283524904214557,0.0,0.5902252821896607,0.0,Normal,0.5902252821896607,0,Good
0.4181798198212271,0.2909100900893866,0.0,Cold,0.4181798198212271,0.0,0.6845505442231101,0.0,Normal,0.6845505442231101,0.0,0.3570789314292481,0.2858421371415031,Normal,0.3570789314292481,0.0,0.06902331414508929,0.8619533717098214,Wet,0.8619533717098214,0.0,0.33883755836248397,0.32232488327503206,Normal,0.33883755836248397,1.0,0.0,0.0,Low,1.0,0.0,0.7622013662568714,0.0,Normal,0.7622013662568714,0.0,0.0,1.0,High,1.0,1.0,0.0,0.0,Low,1.0,0.0,0.7323917035994275,0.0,Normal,0.7323917035994275,2,Poor
0.0,0.8368616832166551,0.0,Normal,0.8368616832166551,0.0,0.721779380295146,0.0,Normal,0.721779380295146,0.0,0.48975508227386083,0.02048983545227744,Normal,0.48975508227386083,0.0,0.233210687835788,0.5335786243284242,Wet,0.5335786243284242,0.0,0.9018633058285881,0.0,Normal,0.9018633058285881,0.9208904243190478,0.039554787840476086,0.0,Low,0.9208904243190478,0.0,0.9719560438559425,0.0,Normal,0.9719560438559425,0.0,0.31837034695448163,0.36325930609103707,High,0.36325930609103707,0.0,0.6647509578544063,0.0,Normal,0.6647509578544063,0.0,0.532058114443864,0.0,Normal,0.532058114443864,1,Acceptable
0.9111413128195723,0.04442934359021385,0.0,Cold,0.9111413128195723,0.9056568471041899,0.047171576447905046,0.0,Cold,0.9056568471041899,0.05700331890385638,0.47149834054807194,0.0,Normal,0.47149834054807194,0.0,0.5640203524726469,0.0,Normal,0.5640203524726469,0.0,0.5371342900295939,0.0,Normal,0.5371342900295939,0.0,0.8139578004705827,0.0,Normal,0.8139578004705827,0.0,0.782351549851769,0.0,Normal,0.782351549851769,0.0,0.880032322135291,0.0,Medium,0.880032322135291,0.24521072796934829,0.3773946360153258,0.0,Normal,0.3773946360153258,0.0,0.8270100890677266,0.0,Normal,0.8270100890677266,3,Poor
0.0,0.9873953804814252,0.0,Normal,0.9873953804814252,0.1346523128032577,0.432673843598371,0.0,Normal,0.432673843598371,1.0,0.0,0.0,Dry,1.0,1.0,0.0,0.0,Dry,1.0,0.20349250461659932,0.39825374769170024,0.0,Normal,0.39825374769170024,0.0,0.4911589255757481,0.01768214884850381,Normal,0.4911589255757481,0.0,0.506243468283513,0.0,Normal,0.506243468283513,0.11507485380210367,0.4424625730989481,0.0,Medium,0.4424625730989481,1.0,0.0,0.0,Low,1.0,0.0,0.7746782324250335,0.0,Normal,0.7746782324250335,3,Acceptable
0.0,0.5733361780455889,0.0,Normal,0.5733361780455889,0.0,0.7700960295650008,0.0,Normal,0.7700960295650008,0.7571362534651167,0.12143187326744169,0.0,Dry,0.7571362534651167,0.3357269458257918,0.332136527087104,0.0,Dry,0.3357269458257918,0.0,0.9013787066024317,0.0,Normal,0.9013787066024317,0.0,0.8466826366646134,0.0,Normal,0.8466826366646134,0.0,0.6013296875175983,0.0,Normal,0.6013296875175983,0.0,0.721286313960463,0.0,Medium,0.721286313960463,1.0,0.0,0.0,Low,1.0,0.48357694657615885,0.25821152671192055,0.0,Low,0.48357694657615885,3,Good
0.7308710948996378,0.13456445255018118,0.0,Cold,0.7308710948996378,0.0,0.8433588752438622,0.0,Normal,0.8433588752438622,0.0,0.8981961827750398,0.0,Normal,0.8981961827750398,0.0,0.956498430630109,0.0,Normal,0.956498430630109,0.0,0.7765913375193462,0.0,Normal,0.7765913375193462,0.9403988317126425,0.02980058414367877,0.0,Low,0.9403988317126425,0.30221162615580194,0.348894186922099,0.0,Normal,0.348894186922099,0.0,0.5201658674226611,0.0,Medium,0.5201658674226611,0.6283524904214557,0.1858237547892721,0.0,Low,0.6283524904214557,0.0,0.805084309967006,0.0,Normal,0.805084309967006,1,Poor
0.0,0.36941096497147036,0.26117807005705845,Normal,0.36941096497147036,0.0,0.5635421795027761,0.0,Normal,0.5635421795027761,0.0,0.7169847333091405,0.0,Normal,0.7169847333091405,0.0,0.6952348796209085,0.0,Normal,0.6952348796209085,0.0,0.8326675382648453,0.0,Normal,0.8326675382648453,0.0,0.9568480876739998,0.0,Normal,0.9568480876739998,0.0,0.0,1.0,High,1.0,0.0,0.7688363524237424,0.0,Medium,0.7688363524237424,0.05363984674329458,0.47318007662835265,0.0,Normal,0.47318007662835265,0.0,0.6115963015772882,0.0,Normal,0.6115963015772882,0,Acceptable
0.0,0.3860914557457573,0.2278170885084845,Normal,0.3860914557457573,0.0,0.9476820106508302,0.0,Normal,0.9476820106508302,0.0,0.608300629683494,0.0,Normal,0.608300629683494,0.0,0.9624387328792907,0.0,Normal,0.9624387328792907,0.0,0.6659629451765623,0.0,Normal,0.6659629451765623,1.0,0.0,0.0,Low,1.0,0.5834674853380765,0.20826625733096174,0.0,Low,0.5834674853380765,0.0,0.18078049236151247,0.6384390152769752,High,0.6384390152769752,0.0,0.0,1.0,High,1.0,0.0,0.9706934537465612,0.0,Normal,0.9706934537465612,2,Poor
0.0,0.6803941900777365,0.0,Normal,0.6803941900777365,0.0,0.22797297229032426,0.5440540554193514,Hot,0.5440540554193514,0.0,0.8639896232942256,0.0,Normal,0.8639896232942256,0.0,0.7076003371757593,0.0,Normal,0.7076003371757593,0.0,0.7839757715665608,0.0,Normal,0.7839757715665608,0.0,0.5996051514607472,0.0,Normal,0.5996051514607472,0.4639803006298057,0.26800984968509717,0.0,Low,0.4639803006298057,0.46589377153036277,0.2670531142348186,0.0,Low,0.46589377153036277,0.8199233716475094,0.09003831417624526,0.0,Low,0.8199233716475094,0.0,0.8222916443612515,0.0,Normal,0.8222916443612515,3,Good
0.2821206762453387,0.35893966187733084,0.0,Normal,0.35893966187733084,0.0,0.7504876921481921,0.0,Normal,0.7504876921481921,0.0,0.7929827945312052,0.0,Normal,0.7929827945312052,0.0,0.7334156916663224,0.0,Normal,0.7334156916663224,1.0,0.0,0.0,Low,1.0,0.0,0.014544784547692513,0.9709104309046149,High,0.9709104309046149,0.0,0.30077244697633,0.3984551060473402,High,0.3984551060473402,0.0,0.5896501262788844,0.0,Medium,0.5896501262788844,0.0,0.2816091954022987,0.4367816091954026,High,0.4367816091954026,0.0,0.6157638705186163,0.0,Normal,0.6157638705186163,3,Acceptable
0.28245070633600633,0.35877464683199706,0.0,Normal,0.35877464683199706,0.0,0.90851935916548,0.0,Normal,0.90851935916548,0.0,0.7646926244965432,0.0,Normal,0.7646926244965432,0.0,0.4871947592897472,0.025610481420506002,Normal,0.4871947592897472,0.530425580000085,0.23478720999995742,0.0,Low,0.530425580000085,0.0,0.8778671025468902,0.0,Normal,0.8778671025468902,0.0,0.7063851838413787,0.0,Normal,0.7063851838413787,0.0,0.5890836695086883,0.0,Medium,0.5890836695086883,0.0,0.7605363984674332,0.0,Normal,0.7605363984674332,0.21926753871487548,0.3903662306425622,0.0,Normal,0.3903662306425622,0,Acceptable
0.10564227369380935,0.4471788631530956,0.0,Normal,0.4471788631530956,0.9859500376617851,0.0070249811691074325,0.0,Cold,0.9859500376617851,0.0,0.6441601858377846,0.0,Normal,0.6441601858377846,0.0,0.3943772158369219,0.21124556832615654,Normal,0.3943772158369219,0.0,0.5484169403421173,0.0,Normal,0.5484169403421173,1.0,0.0,0.0,Low,1.0,0.0,0.23989047993916143,0.5202190401216773,High,0.5202190401216773,0.0,0.8959571917350027,0.0,Medium,0.8959571917350027,0.6283524904214557,0.1858237547892721,0.0,Low,0.6283524904214557,0.0,0.17431180939250315,0.6513763812149936,High,0.6513763812149936,2,Poor
0.0,0.2315779853263748,0.53684402934725,Hot,0.53684402934725,0.0,0.7309955982676943,0.0,Normal,0.7309955982676943,0.0,0.11017626097788401,0.7796474780442317,Wet,0.7796474780442317,0.0,0.09655782987069032,0.8068843402586194,Wet,0.8068843402586194,0.0,0.9508527447782186,0.0,Normal,0.9508527447782186,0.08199907277903251,0.45900046361048363,0.0,Normal,0.45900046361048363,0.0,0.4436098509796195,0.11278029804076119,Normal,0.4436098509796195,1.0,0.0,0.0,Low,1.0,0.0,0.18582375478927182,0.6283524904214562,High,0.6283524904214562,0.0,0.6869558753717403,0.0,Normal,0.6869558753717403,3,Acceptable
0.0,0.745693755483734,0.0,Normal,0.745693755483734,0.0,0.9652595755216368,0.0,Normal,0.9652595755216368,0.0,0.07623408547918113,0.8475318290416376,Wet,0.8475318290416376,0.0,0.0,1.0,Wet,1.0,0.0,0.22016720273264834,0.5596655945347033,High,0.5596655945347033,0.6588175884422277,0.1705912057788861,0.0,Low,0.6588175884422277,0.06543124628235444,0.4672843768588228,0.0,Normal,0.4672843768588228,0.0,0.7996292892975215,0.0,Medium,0.7996292892975215,1.0,0.0,0.0,Low,1.0,0.004291552727696971,0.49785422363615145,0.0,Normal,0.49785422363615145,1,Acceptable
0.0,0.6022451370583243,0.0,Normal,0.6022451370583243,0.0,0.840821969331478,0.0,Normal,0.840821969331478,0.0,0.9088553728427915,0.0,Normal,0.9088553728427915,0.0,0.4942726063833678,0.011454787233264895,Normal,0.4942726063833678,0.0,0.5083008452048043,0.0,Normal,0.5083008452048043,0.6405550604988125,0.17972246975059372,0.0,Low,0.6405550604988125,0.0,0.7994998519997314,0.0,Normal,0.7994998519997314,0.0,0.2837357352781007,0.43252852944379894,High,0.43252852944379894,0.0,0.5689655172413794,0.0,Normal,0.5689655172413794,0.0,0.8215231788763941,0.0,Normal,0.8215231788763941,1,Acceptable
0.5802209066033505,0.20988954669832485,0.0,Cold,0.5802209066033505,0.40063281387595906,0.2996835930620204,0.0,Cold,0.40063281387595906,0.0,0.8487672532220283,0.0,Normal,0.8487672532220283,0.0,0.8484565592097612,0.0,Normal,0.8484565592097612,0.0,0.7774518817607273,0.0,Normal,0.7774518817607273,0.38713867401704777,0.30643066299147603,0.0,Low,0.38713867401704777,0.0,0.0,1.0,High,1.0,0.0,0.5717966794147431,0.0,Medium,0.5717966794147431,0.0,0.6647509578544063,0.0,Normal,0.6647509578544063,0.0,0.792121195374697,0.0,Normal,0.792121195374697,0,Poor
0.0,0.9657072571760715,0.0,Normal,0.9657072571760715,0.0,0.686437466914749,0.0,Normal,0.686437466914749,0.0,0.9504607296921485,0.0,Normal,0.9504607296921485,0.0,0.9963036000034154,0.0,Normal,0.9963036000034154,0.6151698025706254,0.19241509871468726,0.0,Low,0.6151698025706254,0.0,0.9684158573402015,0.0,Normal,0.9684158573402015,0.0,0.6759875718628107,0.0,Normal,0.6759875718628107,0.0745936467801596,0.4627031766099201,0.0,Medium,0.4627031766099201,0.6283524904214557,0.1858237547892721,0.0,Low,0.6283524904214557,0.0,0.5988751034503057,0.0,Normal,0.5988751034503057,0,Acceptable
0.0,0.7166835098070427,0.0,Normal,0.7166835098070427,0.0,0.8207662479242713,0.0,Normal,0.8207662479242713,0.0,0.9769301547620527,0.0,Normal,0.9769301547620527,0.01678643303736183,0.4916067834813189,0.0,Normal,0.4916067834813189,0.0,0.6836723715594848,0.0,Normal,0.6836723715594848,0.6442732772020084,0.17786336139899572,0.0,Low,0.6442732772020084,0.0,0.8179093240028507,0.0,Normal,0.8179093240028507,0.11335953229720082,0.4433202338513995,0.0,Medium,0.4433202338513995,0.0,0.0,1.0,High,1.0,0.11632322475225644,0.44183838762387173,0.0,Normal,0.44183838762387173,3,Good
0.0,0.5710081959114048,0.0,Normal,0.5710081959114048,0.0,0.5163665481944498,0.0,Normal,0.5163665481944498,0.0,0.8619610643771665,0.0,Normal,0.8619610643771665,0.0,0.688154171718488,0.0,Normal,0.688154171718488,1.0,0.0,0.0,Low,1.0,0.0,0.1716028076438597,0.6567943847122806,High,0.6567943847122806,0.0,0.5798703210580436,0.0,Normal,0.5798703210580436,0.0,0.7047833656540036,0.0,Medium,0.7047833656540036,0.0,0.0,1.0,High,1.0,0.0,0.6462989780390243,0.0,Normal,0.6462989780390243,3,Good
0.0,0.8393269594679251,0.0,Normal,0.8393269594679251,0.0,0.5478445370265994,0.0,Normal,0.5478445370265994,0.0,0.610566081110029,0.0,Normal,0.610566081110029,0.0,0.8198863044653238,0.0,Normal,0.8198863044653238,0.6903949975601991,0.15480250121990044,0.0,Low,0.6903949975601991,0.0,0.6604575243037192,0.0,Normal,0.6604575243037192,0.0,0.8164411037180249,0.0,Normal,0.8164411037180249,1.0,0.0,0.0,Low,1.0,0.0,0.7605363984674332,0.0,Normal,0.7605363984674332,0.17192093646451354,0.41403953176774316,0.0,Normal,0.41403953176774316,3,Good
0.0,0.35794529215181153,0.28410941569637616,Normal,0.35794529215181153,0.0,0.4014145330880838,0.19717093382383225,Normal,0.4014145330880838,0.0,0.7869509257239741,0.0,Normal,0.7869509257239741,0.0,0.8801127135918704,0.0,Normal,0.8801127135918704,0.0,0.14213249503659328,0.7157350099268134,High,0.7157350099268134,0.423475181415859,0.2882624092920704,0.0,Low,0.423475181415859,0.0,0.6124774969305707,0.0,Normal,0.6124774969305707,0.0,0.943709041177846,0.0,Medium,0.943709041177846,0.6283524904214557,0.1858237547892721,0.0,Low,0.6283524904214557,0.05685710088514853,0.4715714495574257,0.0,Normal,0.4715714495574257,0,Acceptable
0.0,0.6052030172595445,0.0,Normal,0.6052030172595445,0.04967708050723444,0.47516145974638263,0.0,Normal,0.47516145974638263,0.0,0.9198646024092285,0.0,Normal,0.9198646024092285,0.0,0.7934520271555259,0.0,Normal,0.7934520271555259,0.40581918996431715,0.29709040501784134,0.0,Low,0.40581918996431715,0.0,0.7818765759472794,0.0,Normal,0.7818765759472794,0.0,0.5091252677710963,0.0,Normal,0.5091252677710963,0.0,0.5282768409686956,0.0,Medium,0.5282768409686956,0.0,0.18582375478927182,0.6283524904214562,High,0.6283524904214562,0.0,0.8040495483605116,0.0,Normal,0.8040495483605116,0,Acceptable
0.17596123034341218,0.41201938482829414,0.0,Normal,0.41201938482829414,0.0,0.5114411450797678,0.0,Normal,0.5114411450797678,0.08276310287780594,0.4586184485610972,0.0,Normal,0.4586184485610972,0.15696419720754498,0.42151790139622736,0.0,Normal,0.42151790139622736,0.0,0.7613890213294958,0.0,Normal,0.7613890213294958,0.0,0.6398648617724447,0.0,Normal,0.6398648617724447,0.0,0.7091425260767992,0.0,Normal,0.7091425260767992,0.5149832432571598,0.24250837837142003,0.0,Low,0.5149832432571598,0.0,0.8563218390804601,0.0,Normal,0.8563218390804601,0.0,0.9934535610489983,0.0,Normal,0.9934535610489983,0,Acceptable
0.0,0.8440908201672922,0.0,Normal,0.8440908201672922,0.0,0.7466652394550646,0.0,Normal,0.7466652394550646,0.0,0.5308782457989318,0.0,Normal,0.5308782457989318,0.0,0.30103145263590203,0.3979370947281962,Wet,0.3979370947281962,0.0,0.7589958437601705,0.0,Normal,0.7589958437601705,0.0,0.8599596448511738,0.0,Normal,0.8599596448511738,0.28727993121476997,0.356360034392615,0.0,Normal,0.356360034392615,0.0,0.7895426141857902,0.0,Medium,0.7895426141857902,0.0,0.0,1.0,High,1.0,0.0,0.5610119925680278,0.0,Normal,0.5610119925680278,0,Acceptable
0.0,0.8338859433425444,0.0,Normal,0.8338859433425444,0.0,0.2904683617860828,0.41906327642783425,Hot,0.41906327642783425,0.0,0.0,1.0,Wet,1.0,0.0,0.07491047720303298,0.8501790455939341,Wet,0.8501790455939341,1.0,0.0,0.0,Low,1.0,0.0,0.0,1.0,High,1.0,0.5775630309658074,0.2112184845170963,0.0,Low,0.5775630309658074,0.0,0.5314559102580416,0.0,Medium,0.5314559102580416,0.8199233716475094,0.09003831417624526,0.0,Low,0.8199233716475094,0.06135820649906908,0.4693208967504654,0.0,Normal,0.4693208967504654,3,Good
1.0,0.0,0.0,Cold,1.0,0.0,0.9456868147436154,0.0,Normal,0.9456868147436154,0.6685157854950983,0.16574210725245095,0.0,Dry,0.6685157854950983,0.053242381161994576,0.47337880941900257,0.0,Normal,0.47337880941900257,0.0,0.9849385059889604,0.0,Normal,0.9849385059889604,0.0,0.6241843703264869,0.0,Normal,0.6241843703264869,0.0,0.29728137412540356,0.40543725174919304,High,0.40543725174919304,0.299776769402257,0.3501116152988714,0.0,Medium,0.3501116152988714,1.0,0.0,0.0,Low,1.0,0.0,0.6793742610899716,0.0,Normal,0.6793742610899716,3,Poor
0.46309277021489814,0.2684536148925511,0.0,Cold,0.46309277021489814,0.0,0.6034756833084206,0.0,Normal,0.6034756833084206,0.22917102620649088,0.38541448689675467,0.0,Normal,0.38541448689675467,0.0,0.766814143239387,0.0,Normal,0.766814143239387,0.0,0.7244040943503123,0.0,Normal,0.7244040943503123,0.0,0.5145968263138262,0.0,Normal,0.5145968263138262,1.0,0.0,0.0,Low,1.0,0.0,0.538607489772272,0.0,Medium,0.538607489772272,0.24521072796934829,0.3773946360153258,0.0,Normal,0.3773946360153258,0.09382574954449134,0.45308712522775424,0.0,Normal,0.45308712522775424,0,Poor
0.9653506304961769,0.017324684751911568,0.0,Cold,0.9653506304961769,0.0,0.8322069878428981,0.0,Normal,0.8322069878428981,0.0,0.2703733661959743,0.4592532676080509,Wet,0.4592532676080509,0.0,0.38578709620708973,0.22842580758582087,Normal,0.38578709620708973,0.3683855581630138,0.315807220918493,0.0,Low,0.3683855581630138,0.26631511116269796,0.36684244441865094,0.0,Normal,0.36684244441865094,0.0,0.5224154044759549,0.0,Normal,0.5224154044759549,0.0,0.6367685836404408,0.0,Medium,0.6367685836404408,0.0,0.0,1.0,High,1.0,0.0,0.9798896011882036,0.0,Normal,0.9798896011882036,1,Poor
0.0,0.4464485139853846,0.10710297202922982,Normal,0.4464485139853846,0.0,0.3326060177565612,0.3347879644868775,Hot,0.3347879644868775,0.3838977918122875,0.30805110409385633,0.0,Dry,0.3838977918122875,0.7246971462391161,0.1376514268804419,0.0,Dry,0.7246971462391161,0.20036333947181142,0.3998183302640942,0.0,Normal,0.3998183302640942,0.03652772851038315,0.4817361357448083,0.0,Normal,0.4817361357448083,0.0,0.9437230254390419,0.0,Normal,0.9437230254390419,0.0,0.7384969867685475,0.0,Medium,0.7384969867685475,0.05363984674329458,0.47318007662835265,0.0,Normal,0.47318007662835265,0.2744831105035082,0.36275844474824587,0.0,Normal,0.36275844474824587,3,Acceptable
0.0,0.7405992990908016,0.0,Normal,0.7405992990908016,0.0,0.47193005947249117,0.05613988105501738,Normal,0.47193005947249117,0.0,0.6885041501867195,0.0,Normal,0.6885041501867195,0.0,0.636183698001771,0.0,Normal,0.636183698001771,0.25134590334905366,0.3743270483254731,0.0,Normal,0.3743270483254731,0.0,0.09362066712805886,0.8127586657438823,High,0.8127586657438823,0.0,0.8829111412715607,0.0,Normal,0.8829111412715607,0.5828544585442621,0.2085727707278689,0.0,Low,0.5828544585442621,0.0,0.4731800766283523,0.05363984674329525,Normal,0.4731800766283523,0.0,0.5145881332002652,0.0,Normal,0.5145881332002652,3,Good
0.17948445339595664,0.4102577733020219,0.0,Normal,0.4102577733020219,0.0,0.9540015985204005,0.0,Normal,0.9540015985204005,0.0,0.6935493687005555,0.0,Normal,0.6935493687005555,0.0,0.8637526517604659,0.0,Normal,0.8637526517604659,0.0,0.7850421812960419,0.0,Normal,0.7850421812960419,0.8833776898375629,0.058311155081218494,0.0,Low,0.8833776898375629,0.0,0.38077352201760933,0.23845295596478155,Normal,0.38077352201760933,0.0,0.7295026752678329,0.0,Medium,0.7295026752678329,0.05363984674329458,0.47318007662835265,0.0,Normal,0.47318007662835265,0.18170867860143836,0.40914566069928077,0.0,Normal,0.40914566069928077,0,Acceptable
0.0,0.7821200878728722,0.0,Normal,0.7821200878728722,0.0,0.8684740533207619,0.0,Normal,0.8684740533207619,0.0,0.8629887169734254,0.0,Normal,0.8629887169734254,0.0,0.886155088885327,0.0,Normal,0.886155088885327,0.0,0.882773395982696,0.0,Normal,0.882773395982696,0.0,0.732712954371098,0.0,Normal,0.732712954371098,0.0,0.9574917101266232,0.0,Normal,0.9574917101266232,0.0,0.6227883383208517,0.0,Medium,0.6227883383208517,0.0,0.0,1.0,High,1.0,0.09988946585096026,0.4500552670745198,0.0,Normal,0.4500552670745198,0,Acceptable
0.0,0.9134930596630435,0.0,Normal,0.9134930596630435,0.0,0.17023204813427725,0.6595359037314454,Hot,0.6595359037314454,0.0,0.39476726287883596,0.21046547424232728,Normal,0.39476726287883596,0.0,0.5677836114899877,0.0,Normal,0.5677836114899877,1.0,0.0,0.0,Low,1.0,0.0,0.0,1.0,High,1.0,0.662777402540439,0.16861129872978048,0.0,Low,0.662777402540439,1.0,0.0,0.0,Low,1.0,0.0,0.4731800766283523,0.05363984674329525,Normal,0.4731800766283523,0.0,0.8660681118874893,0.0,Normal,0.8660681118874893,3,Good
0.0,0.8680016809876845,0.0,Normal,0.8680016809876845,0.05561563117272947,0.47219218441363514,0.0,Normal,0.47219218441363514,0.0,0.0,1.0,Wet,1.0,0.0,0.0,1.0,Wet,1.0,0.0,0.747575341507635,0.0,Normal,0.747575341507635,0.0,0.7776421861193134,0.0,Normal,0.7776421861193134,0.0,0.936704136143115,0.0,Normal,0.936704136143115,1.0,0.0,0.0,Low,1.0,0.0,0.2816091954022987,0.4367816091954026,High,0.4367816091954026,0.0,0.7117088237371925,0.0,Normal,0.7117088237371925,0,Acceptable
0.647587016138628,0.17620649193068608,0.0,Cold,0.647587016138628,0.0,0.43360296860827124,0.1327940627834573,Normal,0.43360296860827124,0.0,0.8665118965387301,0.0,Normal,0.8665118965387301,0.09644449009509277,0.4517777549524535,0.0,Normal,0.4517777549524535,0.0,0.5501863968693461,0.0,Normal,0.5501863968693461,0.0,0.9122357723891336,0.0,Normal,0.9122357723891336,0.0,0.35544355495332125,0.2891128900933578,Normal,0.35544355495332125,0.0,0.7918273165065992,0.0,Medium,0.7918273165065992,0.0,0.0,1.0,High,1.0,0.0,0.6462319614940948,0.0,Normal,0.6462319614940948,0,Poor
0.0,0.6903815132395952,0.0,Normal,0.6903815132395952,0.0,0.45654309382706476,0.08691381234587023,Normal,0.45654309382706476,0.0,0.8568959566679387,0.0,Normal,0.8568959566679387,0.0,0.9473714661337925,0.0,Normal,0.9473714661337925,0.09066234264418015,0.4546688286779098,0.0,Normal,0.4546688286779098,0.0,0.5105447378034256,0.0,Normal,0.5105447378034256,0.0,0.8675839077432713,0.0,Normal,0.8675839077432713,0.0,0.6244156855176162,0.0,Medium,0.6244156855176162,0.0,0.2816091954022987,0.4367816091954026,High,0.4367816091954026,0.0,0.8447642335376395,0.0,Normal,0.8447642335376395,3,Good
0.0,0.9412753118087394,0.0,Normal,0.9412753118087394,0.0,0.5614772932304747,0.0,Normal,0.5614772932304747,0.2232684822345475,0.3883657588827264,0.0,Normal,0.3883657588827264,0.3594039892607985,0.3202980053696007,0.0,Dry,0.3594039892607985,0.0,0.7561534657986184,0.0,Normal,0.7561534657986184,0.0,0.5669320412575617,0.0,Normal,0.5669320412575617,0.0,0.6744717193010105,0.0,Normal,0.6744717193010105,0.0,0.4823095955190168,0.03538080896196685,Medium,0.4823095955190168,0.0,0.8563218390804601,0.0,Normal,0.8563218390804601,0.0,0.9975675113877127,0.0,Normal,0.9975675113877127,0,Acceptable
0.0,0.6277665814090706,0.0,Normal,0.6277665814090706,0.6494315007072664,0.17528424964636674,0.0,Cold,0.6494315007072664,0.0,0.7808971678681044,0.0,Normal,0.7808971678681044,0.0,0.9565497689628562,0.0,Normal,0.9565497689628562,0.0,0.8515762873137289,0.0,Normal,0.8515762873137289,0.0,0.5391121258919578,0.0,Normal,0.5391121258919578,0.0,0.8093232676569043,0.0,Normal,0.8093232676569043,0.0,0.7076679535360384,0.0,Medium,0.7076679535360384,0.0,0.7605363984674332,0.0,Normal,0.7605363984674332,0.0,0.7644987921530698,0.0,Normal,0.7644987921530698,0,Acceptable
0.5370514260514772,0.23147428697426153,0.0,Cold,0.5370514260514772,0.0,0.854313588590409,0.0,Normal,0.854313588590409,0.0,0.0,1.0,Wet,1.0,0.0,0.0,1.0,Wet,1.0,0.0,0.976198329949182,0.0,Normal,0.976198329949182,0.5378281904729953,0.23108590476350224,0.0,Low,0.5378281904729953,1.0,0.0,0.0,Low,1.0,0.0,0.45668573499827436,0.08662853000345172,Medium,0.45668573499827436,0.0,0.8563218390804596,0.0,Normal,0.8563218390804596,0.0,0.669382500209221,0.0,Normal,0.669382500209221,1,Poor
0.0,0.969483014955742,0.0,Normal,0.969483014955742,0.0,0.5203906105817457,0.0,Normal,0.5203906105817457,0.0,0.8785429089375641,0.0,Normal,0.8785429089375641,0.0,0.6081000285197707,0.0,Normal,0.6081000285197707,1.0,0.0,0.0,Low,1.0,0.0,0.0,1.0,High,1.0,0.0,0.7703978899696459,0.0,Normal,0.7703978899696459,0.0,0.8326076181527159,0.0,Medium,0.8326076181527159,0.0,0.4731800766283523,0.05363984674329525,Normal,0.4731800766283523,0.0,0.5802927830098724,0.0,Normal,0.5802927830098724,3,Good
0.0,0.6015418345297067,0.0,Normal,0.6015418345297067,0.0,0.683654617976119,0.0,Normal,0.683654617976119,0.0,0.015414924032708503,0.969170151934583,Wet,0.969170151934583,0.0,0.0,1.0,Wet,1.0,0.0,0.6812911391101613,0.0,Normal,0.6812911391101613,1.0,0.0,0.0,Low,1.0,0.0,0.793819918440063,0.0,Normal,0.793819918440063,0.0,0.07501060289206421,0.8499787942158716,High,0.8499787942158716,0.0,0.0,1.0,High,1.0,0.0,0.8347668435875816,0.0,Normal,0.8347668435875816,1,Acceptable
0.0,0.8897820734415263,0.0,Normal,0.8897820734415263,0.3021030240301708,0.3489484879849145,0.0,Normal,0.3489484879849145,0.5306314698621073,0.23468426506894646,0.0,Dry,0.5306314698621073,0.3314862209049223,0.33425688954753874,0.0,Normal,0.33425688954753874,1.0,0.0,0.0,Low,1.0,0.0,0.16059334206546477,0.6788133158690705,High,0.6788133158690705,0.0,0.5998129011536739,0.0,Normal,0.5998129011536739,0.0,0.7048314617279683,0.0,Medium,0.7048314617279683,1.0,0.0,0.0,Low,1.0,0.0,0.9795174750580244,0.0,Normal,0.9795174750580244,3,Good
0.0,0.6597891571819157,0.0,Normal,0.6597891571819157,0.13289984380689468,0.43355007809655255,0.0,Normal,0.43355007809655255,0.0,0.6827765885490311,0.0,Normal,0.6827765885490311,0.0,0.9727503939376552,0.0,Normal,0.9727503939376552,0.0,0.8879000343807137,0.0,Normal,0.8879000343807137,0.34075018577491334,0.3296249071125433,0.0,Low,0.34075018577491334,0.1801734235549385,0.40991328822253076,0.0,Normal,0.40991328822253076,0.0,0.9801518272408503,0.0,Medium,0.9801518272408503,0.0,0.7605363984674328,0.0,Normal,0.7605363984674328,0.0,0.26191086286175047,0.4761782742764991,High,0.4761782742764991,1,Acceptable
0.0,0.5438239049271246,0.0,Normal,0.5438239049271246,0.0,0.6213685326819728,0.0,Normal,0.6213685326819728,0.0,0.0,1.0,Wet,1.0,0.0,0.0,1.0,Wet,1.0,0.0,0.8276355385656436,0.0,Normal,0.8276355385656436,0.0,0.6106033460636319,0.0,Normal,0.6106033460636319,0.0,0.7296883779225309,0.0,Normal,0.7296883779225309,0.0,0.5445975914998954,0.0,Medium,0.5445975914998954,0.0,0.18582375478927182,0.6283524904214562,High,0.6283524904214562,0.0,0.7056177081279279,0.0,Normal,0.7056177081279279,1,Acceptable
0.0,0.9877910998685143,0.0,Normal,0.9877910998685143,0.0,0.6537917878293863,0.0,Normal,0.6537917878293863,0.0,0.9405943923825574,0.0,Normal,0.9405943923825574,0.0,0.6696023195534664,0.0,Normal,0.6696023195534664,0.16304049750946709,0.4184797512452663,0.0,Normal,0.4184797512452663,0.0,0.7968723452907964,0.0,Normal,0.7968723452907964,0.0,0.579460228661941,0.0,Normal,0.579460228661941,0.0,0.695582165065841,0.0,Medium,0.695582165065841,0.0,0.4731800766283523,0.05363984674329525,Normal,0.4731800766283523,0.370592473109609,0.31470376344519546,0.0,Low,0.370592473109609,3,Good
0.0,0.8052213374586241,0.0,Normal,0.8052213374586241,0.0,0.2964018783516358,0.4071962432967282,Hot,0.4071962432967282,0.0,0.6065438420143799,0.0,Normal,0.6065438420143799,0.0,0.5745026873453243,0.0,Normal,0.5745026873453243,0.0,0.8850808372318232,0.0,Normal,0.8850808372318232,0.0,0.9302642450964242,0.0,Normal,0.9302642450964242,0.0,0.5990511867714526,0.0,Normal,0.5990511867714526,0.0,0.683898734578225,0.0,Medium,0.683898734578225,1.0,0.0,0.0,Low,1.0,0.0,0.7830352076628925,0.0,Normal,0.7830352076628925,3,Good
0.0,0.9684811878380278,0.0,Normal,0.9684811878380278,0.0,0.7062863106955597,0.0,Normal,0.7062863106955597,0.0,0.8012264936935263,0.0,Normal,0.8012264936935263,0.0,0.48268319975730095,0.03463360048539854,Normal,0.48268319975730095,0.0,0.38639953403004146,0.22720093193991708,Normal,0.38639953403004146,0.9740065954597372,0.012996702270131364,0.0,Low,0.9740065954597372,0.0,0.5691482490773047,0.0,Normal,0.5691482490773047,0.0,0.24373745439381359,0.5125250912123731,High,0.5125250912123731,0.0,0.9521072796934864,0.0,Normal,0.9521072796934864,0.0,0.8476471097370009,0.0,Normal,0.8476471097370009,2,Acceptable
0.0,0.8227125676408883,0.0,Normal,0.8227125676408883,0.0,0.6232304699427392,0.0,Normal,0.6232304699427392,0.0,0.8539405173860669,0.0,Normal,0.8539405173860669,0.0,0.6107015861962048,0.0,Normal,0.6107015861962048,0.0,0.953214394061102,0.0,Normal,0.953214394061102,0.0,0.5534815537346159,0.0,Normal,0.5534815537346159,0.7379749313897426,0.13101253430512874,0.0,Low,0.7379749313897426,0.6160248347868401,0.19198758260657992,0.0,Low,0.6160248347868401,0.0,0.8563218390804601,0.0,Normal,0.8563218390804601,0.0,0.8959981439309742,0.0,Normal,0.8959981439309742,0,Acceptable
0.0,0.40205908135521035,0.19588183728957845,Normal,0.40205908135521035,0.0,0.9626846148476315,0.0,Normal,0.9626846148476315,0.0,0.972301878196817,0.0,Normal,0.972301878196817,0.0,0.8866744957818837,0.0,Normal,0.8866744957818837,0.0,0.7499932020863614,0.0,Normal,0.7499932020863614,0.0,0.9017182706602382,0.0,Normal,0.9017182706602382,0.0,0.48483012355095156,0.030339752898097233,Normal,0.48483012355095156,1.0,0.0,0.0,Low,1.0,0.24521072796934829,0.3773946360153258,0.0,Normal,0.3773946360153258,0.04632126265886535,0.47683936867056725,0.0,Normal,0.47683936867056725,3,Acceptable
0.0,0.36805953022437005,0.26388093955125913,Normal,0.36805953022437005,0.011512140713591435,0.4942439296432041,0.0,Normal,0.4942439296432041,0.0,0.7033721979076719,0.0,Normal,0.7033721979076719,0.0,0.847055715590823,0.0,Normal,0.847055715590823,0.0582878441684106,0.47085607791579454,0.0,Normal,0.47085607791579454,0.0,0.4490362348593806,0.10192753028123878,Normal,0.4490362348593806,0.0,0.8449649167345604,0.0,Normal,0.8449649167345604,1.0,0.0,0.0,Low,1.0,0.0,0.6647509578544063,0.0,Normal,0.6647509578544063,0.0,0.5191458002188365,0.0,Normal,0.5191458002188365,3,Acceptable
0.0,0.6440242869707534,0.0,Normal,0.6440242869707534,0.0,0.8881796045895871,0.0,Normal,0.8881796045895871,0.0,0.7830961550620033,0.0,Normal,0.7830961550620033,0.0,0.8825247286425636,0.0,Normal,0.8825247286425636,0.0,0.8485647838258012,0.0,Normal,0.8485647838258012,0.2889962137539416,0.3555018931230291,0.0,Normal,0.3555018931230291,0.0,0.9881391270658069,0.0,Normal,0.9881391270658069,0.7069265186203026,0.14653674068984865,0.0,Low,0.7069265186203026,1.0,0.0,0.0,Low,1.0,0.28864457245055436,0.3556777137747228,0.0,Normal,0.3556777137747228,0,Good
0.6520646315548781,0.173967684222561,0.0,Cold,0.6520646315548781,0.0,0.5293865726811088,0.0,Normal,0.5293865726811088,0.0,0.7032817482179122,0.0,Normal,0.7032817482179122,0.0,0.5378639382557991,0.0,Normal,0.5378639382557991,0.0,0.9080977878787986,0.0,Normal,0.9080977878787986,0.8545987062106133,0.07270064689469331,0.0,Low,0.8545987062106133,0.0,0.6395219871280258,0.0,Normal,0.6395219871280258,0.0,0.9874071195721036,0.0,Medium,0.9874071195721036,0.0,0.952107279693487,0.0,Normal,0.952107279693487,0.0,0.8639117655309229,0.0,Normal,0.8639117655309229,3,Acceptable
0.0,0.731225568566859,0.0,Normal,0.731225568566859,0.0,0.7495352798746732,0.0,Normal,0.7495352798746732,0.0,0.8085632921922054,0.0,Normal,0.8085632921922054,0.0,0.6770852028090407,0.0,Normal,0.6770852028090407,0.37565225214884596,0.31217387392557694,0.0,Low,0.37565225214884596,0.0,0.9596997214730292,0.0,Normal,0.9596997214730292,0.0,0.9649250293527207,0.0,Normal,0.9649250293527207,0.0,0.22003223723745136,0.5599355255250975,High,0.5599355255250975,0.0,0.5689655172413794,0.0,Normal,0.5689655172413794,0.0,0.7201526856483966,0.0,Normal,0.7201526856483966,0,Acceptable
0.0,0.6866472653292927,0.0,Normal,0.6866472653292927,0.0,0.5602153430157414,0.0,Normal,0.5602153430157414,0.0,0.717340373323689,0.0,Normal,0.717340373323689,0.0,0.9625313581666094,0.0,Normal,0.9625313581666094,0.0,0.6139575153376212,0.0,Normal,0.6139575153376212,0.0,0.9551860243049016,0.0,Normal,0.9551860243049016,0.0,0.994234020089721,0.0,Normal,0.994234020089721,0.494473398093412,0.25276330095329397,0.0,Low,0.494473398093412,0.0,0.37739463601532547,0.24521072796934892,Normal,0.37739463601532547,0.0,0.5784064890626953,0.0,Normal,0.5784064890626953,3,Good
0.0,0.8607652947526849,0.0,Normal,0.8607652947526849,0.0,0.8614415072037556,0.0,Normal,0.8614415072037556,0.0,0.41981539797084433,0.1603692040583105,Normal,0.41981539797084433,0.0,0.5799710177868413,0.0,Normal,0.5799710177868413,0.03023496659776401,0.48488251670111787,0.0,Normal,0.48488251670111787,0.0,0.7392864748496792,0.0,Normal,0.7392864748496792,0.0,0.6866969144283906,0.0,Normal,0.6866969144283906,0.0,0.20045321912135908,0.599093561757282,High,0.599093561757282,0.0,0.37739463601532547,0.24521072796934892,Normal,0.37739463601532547,0.0,0.6148109187103381,0.0,Normal,0.6148109187103381,0,Acceptable
0.0,0.6865211317927628,0.0,Normal,0.6865211317927628,0.0,0.5968235417775081,0.0,Normal,0.5968235417775081,0.0,0.5792161314163,0.0,Normal,0.5792161314163,0.0,0.31777196491865667,0.364456070162687,Wet,0.364456070162687,0.0,0.878047185433362,0.0,Normal,0.878047185433362,0.0,0.5714887891348391,0.0,Normal,0.5714887891348391,0.0,0.7781807174041778,0.0,Normal,0.7781807174041778,0.0,0.646641024240941,0.0,Medium,0.646641024240941,0.0,0.5689655172413794,0.0,Normal,0.5689655172413794,0.2232759238611526,0.38836203806942365,0.0,Normal,0.38836203806942365,3,Good
0.05005479421981307,0.47497260289009374,0.0,Normal,0.47497260289009374,0.0,0.2159985508150215,0.5680028983699569,Hot,0.5680028983699569,0.0,0.8296374883733977,0.0,Normal,0.8296374883733977,0.0,0.857855245187127,0.0,Normal,0.857855245187127,0.0,0.8255973534411621,0.0,Normal,0.8255973534411621,0.4001820931814386,0.29990895340928064,0.0,Low,0.4001820931814386,0.0,0.8960695529082222,0.0,Normal,0.8960695529082222,0.0,0.32747300500378135,0.34505398999243764,High,0.34505398999243764,0.0,0.2816091954022987,0.4367816091954026,High,0.4367816091954026,0.0,0.14239226692753676,0.7152154661449265,High,0.7152154661449265,1,Poor
0.42685816821562617,0.2865709158921871,0.0,Cold,0.42685816821562617,0.0,0.626240941824253,0.0,Normal,0.626240941824253,0.0,0.5180081705430143,0.0,Normal,0.5180081705430143,0.3366891191327501,0.3316554404336248,0.0,Dry,0.3366891191327501,0.1657044473986198,0.41714777630068994,0.0,Normal,0.41714777630068994,0.0,0.9505704798120739,0.0,Normal,0.9505704798120739,0.0,0.8290441767157314,0.0,Normal,0.8290441767157314,0.0,0.9261652246896996,0.0,Medium,0.9261652246896996,0.0,0.37739463601532547,0.24521072796934892,Normal,0.37739463601532547,0.0,0.8319508945487408,0.0,Normal,0.8319508945487408,3,Acceptable
0.0,0.24904613805500878,0.5019077238899818,Hot,0.5019077238899818,0.0,0.8604773733624489,0.0,Normal,0.8604773733624489,0.0,0.7694483493351572,0.0,Normal,0.7694483493351572,0.0,0.7662170734981046,0.0,Normal,0.7662170734981046,0.0,0.9997072097959826,0.0,Normal,0.9997072097959826,0.0,0.6995354635524534,0.0,Normal,0.6995354635524534,0.3773626438747558,0.3113186780626221,0.0,Low,0.3773626438747558,0.0,0.8080977879388983,0.0,Medium,0.8080977879388983,0.0,0.18582375478927182,0.6283524904214562,High,0.6283524904214562,0.0,0.946966184016861,0.0,Normal,0.946966184016861,3,Acceptable
0.0,0.37171970192612985,0.2565605961477395,Normal,0.37171970192612985,0.0,0.934443754851931,0.0,Normal,0.934443754851931,0.0,0.73098303055133,0.0,Normal,0.73098303055133,0.0,0.866554744518053,0.0,Normal,0.866554744518053,0.0,0.9093424443967961,0.0,Normal,0.9093424443967961,0.0,0.6757820131836154,0.0,Normal,0.6757820131836154,0.0,0.14393389292073153,0.712132214158537,High,0.712132214158537,1.0,0.0,0.0,Low,1.0,0.0,0.9521072796934864,0.0,Normal,0.9521072796934864,0.0,0.7906969568632454,0.0,Normal,0.7906969568632454,0,Acceptable
0.0,0.7929881934091415,0.0,Normal,0.7929881934091415,0.0,0.5240105201236027,0.0,Normal,0.5240105201236027,0.0,0.7311152760759972,0.0,Normal,0.7311152760759972,0.0,0.6298445454308902,0.0,Normal,0.6298445454308902,0.0,0.789141395231968,0.0,Normal,0.789141395231968,0.12282027250837049,0.43858986374581466,0.0,Normal,0.43858986374581466,0.0,0.36653847285583874,0.2669230542883228,Normal,0.36653847285583874,0.0,0.8659394658770534,0.0,Medium,0.8659394658770534,0.436781609195402,0.28160919540229895,0.0,Low,0.436781609195402,0.0,0.6984976974192947,0.0,Normal,0.6984976974192947,0,Acceptable
0.0,0.9719392647997082,0.0,Normal,0.9719392647997082,0.35880163873122184,0.32059918063438897,0.0,Cold,0.35880163873122184,0.0,0.734091954991042,0.0,Normal,0.734091954991042,0.0,0.7249407531754409,0.0,Normal,0.7249407531754409,0.0,0.6411327820358588,0.0,Normal,0.6411327820358588,0.0,0.665643260843144,0.0,Normal,0.665643260843144,0.0,0.5266062027086511,0.0,Normal,0.5266062027086511,0.0,0.8447360832802597,0.0,Medium,0.8447360832802597,0.24521072796934829,0.3773946360153258,0.0,Normal,0.3773946360153258,0.0,0.18488170650183283,0.6302365869963343,High,0.6302365869963343,0,Acceptable
0.0,0.9037569401723976,0.0,Normal,0.9037569401723976,0.0,0.78618098723671,0.0,Normal,0.78618098723671,0.33045310272539086,0.3347734486373047,0.0,Normal,0.3347734486373047,0.46176116605352496,0.26911941697323744,0.0,Dry,0.46176116605352496,0.0,0.5307131814813625,0.0,Normal,0.5307131814813625,0.9267739095382236,0.03661304523088818,0.0,Low,0.9267739095382236,0.0,0.5510157546781246,0.0,Normal,0.5510157546781246,1.0,0.0,0.0,Low,1.0,0.0,0.7605363984674328,0.0,Normal,0.7605363984674328,0.24114463822853208,0.3794276808857339,0.0,Normal,0.3794276808857339,0,Acceptable
0.0,0.04477954332748922,0.9104409133450214,Hot,0.9104409133450214,0.0,0.9754973756709514,0.0,Normal,0.9754973756709514,0.0,0.21592733294367428,0.568145334112651,Wet,0.568145334112651,0.0,0.13356349122680117,0.7328730175463978,Wet,0.7328730175463978,0.0,0.7135925798599263,0.0,Normal,0.7135925798599263,0.0,0.8203482362923353,0.0,Normal,0.8203482362923353,0.0,0.7680521428969522,0.0,Normal,0.7680521428969522,0.0,0.6382855275960126,0.0,Medium,0.6382855275960126,0.0,0.0,1.0,High,1.0,0.0,0.8960395892191971,0.0,Normal,0.8960395892191971,0,Poor
0.0,0.71277002111174,0.0,Normal,0.71277002111174,0.0,0.24197218554648023,0.5160556289070394,Hot,0.5160556289070394,0.0,0.746122335584618,0.0,Normal,0.746122335584618,0.0,0.625128965693952,0.0,Normal,0.625128965693952,0.0,0.9796704198407045,0.0,Normal,0.9796704198407045,0.0,0.8059624376904998,0.0,Normal,0.8059624376904998,0.0,0.6822647348587013,0.0,Normal,0.6822647348587013,0.0,0.7227596280928419,0.0,Medium,0.7227596280928419,1.0,0.0,0.0,Low,1.0,0.0,0.5356540855006379,0.0,Normal,0.5356540855006379,3,Good
0.4867367642840229,0.2566316178579887,0.0,Cold,0.4867367642840229,0.0,0.6546478968082121,0.0,Normal,0.6546478968082121,0.0,0.9298888356758305,0.0,Normal,0.9298888356758305,0.0,0.9128305205747373,0.0,Normal,0.9128305205747373,0.0,0.8158872285269977,0.0,Normal,0.8158872285269977,0.0,0.7579235667814637,0.0,Normal,0.7579235667814637,0.0,0.7423329646827278,0.0,Normal,0.7423329646827278,0.0,0.8022938127846166,0.0,Medium,0.8022938127846166,0.0,0.8563218390804601,0.0,Normal,0.8563218390804601,0.0,0.9337836184385703,0.0,Normal,0.9337836184385703,0,Acceptable
0.11833312442135989,0.44083343778932027,0.0,Normal,0.44083343778932027,0.0,0.7912691973358472,0.0,Normal,0.7912691973358472,0.0,0.6019401757062269,0.0,Normal,0.6019401757062269,0.0,0.7893523695360172,0.0,Normal,0.7893523695360172,0.0,0.9379954118137959,0.0,Normal,0.9379954118137959,0.0,0.8093253933034169,0.0,Normal,0.8093253933034169,0.0,0.7202078935291112,0.0,Normal,0.7202078935291112,0.0,0.8762526768176678,0.0,Medium,0.8762526768176678,0.0,0.952107279693487,0.0,Normal,0.952107279693487,0.042291854379750214,0.4788540728101248,0.0,Normal,0.4788540728101248,0,Acceptable
0.0,0.5511796770527967,0.0,Normal,0.5511796770527967,0.0,0.7496997498650793,0.0,Normal,0.7496997498650793,0.492199957204847,0.2539000213975766,0.0,Dry,0.492199957204847,0.7549668252580329,0.12251658737098352,0.0,Dry,0.7549668252580329,0.10950553381801453,0.4452472330909926,0.0,Normal,0.4452472330909926,0.0,0.7935759763683058,0.0,Normal,0.7935759763683058,0.0,0.8492478337173544,0.0,Normal,0.8492478337173544,0.01211135961419762,0.49394432019290113,0.0,Medium,0.49394432019290113,0.0,0.4731800766283523,0.05363984674329525,Normal,0.4731800766283523,0.03788671149435141,0.48105664425282424,0.0,Normal,0.48105664425282424,3,Good
0.0,0.8708023096810312,0.0,Normal,0.8708023096810312,0.0,0.8830178010338989,0.0,Normal,0.8830178010338989,0.0,0.9887975167730378,0.0,Normal,0.9887975167730378,0.0,0.870943513308687,0.0,Normal,0.870943513308687,0.0,0.8856574519699809,0.0,Normal,0.8856574519699809,0.0,0.5083262400564155,0.0,Normal,0.5083262400564155,0.0,0.2749680324790737,0.45006393504185277,High,0.45006393504185277,0.0,0.868230423541379,0.0,Medium,0.868230423541379,0.24521072796934829,0.3773946360153258,0.0,Normal,0.3773946360153258,0.23400320873239633,0.3829983956338018,0.0,Normal,0.3829983956338018,0,Acceptable
0.6741739857564036,0.1629130071217983,0.0,Cold,0.6741739857564036,0.0,0.9149843670523128,0.0,Normal,0.9149843670523128,0.0,0.9903588296009943,0.0,Normal,0.9903588296009943,0.0,0.7660038829247593,0.0,Normal,0.7660038829247593,0.0,0.36147172698986696,0.2770565460202661,Normal,0.36147172698986696,0.0,0.8300936791482264,0.0,Normal,0.8300936791482264,0.0,0.6369010369990001,0.0,Normal,0.6369010369990001,1.0,0.0,0.0,Low,1.0,1.0,0.0,0.0,Low,1.0,0.23266327920923685,0.38366836039538155,0.0,Normal,0.38366836039538155,0,Poor
0.6279433528028631,0.18602832359856858,0.0,Cold,0.6279433528028631,0.0,0.6073273930348705,0.0,Normal,0.6073273930348705,0.0,0.9332563990435797,0.0,Normal,0.9332563990435797,0.0,0.8460187818613941,0.0,Normal,0.8460187818613941,0.0,0.8905759181038053,0.0,Normal,0.8905759181038053,0.4020504329107422,0.2989747835446288,0.0,Low,0.4020504329107422,0.0,0.4328682051272767,0.13426358974544683,Normal,0.4328682051272767,0.0,0.23726975363198322,0.5254604927360338,High,0.5254604927360338,0.05363984674329458,0.47318007662835265,0.0,Normal,0.47318007662835265,0.0,0.5175040367541401,0.0,Normal,0.5175040367541401,1,Poor
0.0,0.36328188655622995,0.27343622688753927,Normal,0.36328188655622995,0.0,0.8953816677146125,0.0,Normal,0.8953816677146125,0.0,0.6844812738180482,0.0,Normal,0.6844812738180482,0.0,0.526387743041808,0.0,Normal,0.526387743041808,0.0,0.8433568827909211,0.0,Normal,0.8433568827909211,0.16747336537302562,0.4162633173134871,0.0,Normal,0.4162633173134871,0.0,0.7480240831314481,0.0,Normal,0.7480240831314481,0.0,0.561929339289886,0.0,Medium,0.561929339289886,0.0,0.18582375478927182,0.6283524904214562,High,0.6283524904214562,0.0,0.5713961312446227,0.0,Normal,0.5713961312446227,3,Good
0.44287641212392576,0.27856179393803726,0.0,Cold,0.44287641212392576,0.0,0.34023677013411563,0.3195264597317685,Normal,0.34023677013411563,0.0,0.5580026404691038,0.0,Normal,0.5580026404691038,0.19764423755515206,0.4011778812224238,0.0,Normal,0.4011778812224238,0.040553176483548274,0.4797234117582257,0.0,Normal,0.4797234117582257,0.0,0.6320585830791114,0.0,Normal,0.6320585830791114,0.0,0.8038000142268118,0.0,Normal,0.8038000142268118,0.0,0.8041531856108998,0.0,Medium,0.8041531856108998,0.0,0.9521072796934864,0.0,Normal,0.9521072796934864,0.0,0.6265823863849992,0.0,Normal,0.6265823863849992,3,Acceptable
1.0,0.0,0.0,Cold,1.0,0.23405024285804288,0.38297487857097845,0.0,Normal,0.38297487857097845,0.0,0.6314112317734306,0.0,Normal,0.6314112317734306,0.0,0.30491795572492963,0.39016408855014106,Wet,0.39016408855014106,0.0,0.5631126202393295,0.0,Normal,0.5631126202393295,0.9419088963027078,0.029045551848646108,0.0,Low,0.9419088963027078,0.0,0.9067933228895386,0.0,Normal,0.9067933228895386,0.0,0.0,1.0,High,1.0,0.0,0.6647509578544063,0.0,Normal,0.6647509578544063,0.0,0.6301691382540253,0.0,Normal,0.6301691382540253,1,Poor
0.0,0.3785371255666933,0.2429257488666126,Normal,0.3785371255666933,0.0,0.7607349238168875,0.0,Normal,0.7607349238168875,0.0,0.47441671928244916,0.051166561435100816,Normal,0.47441671928244916,0.0,0.36030566738760783,0.2793886652247846,Normal,0.36030566738760783,0.0,0.9981414270934339,0.0,Normal,0.9981414270934339,0.0,0.9603052144356823,0.0,Normal,0.9603052144356823,0.0,0.7122329055008731,0.0,Normal,0.7122329055008731,0.05123616780858735,0.47438191609570624,0.0,Medium,0.47438191609570624,0.05363984674329458,0.47318007662835265,0.0,Normal,0.47318007662835265,0.0,0.5323660619310187,0.0,Normal,0.5323660619310187,0,Acceptable
0.5302497541762444,0.2348751229118779,0.0,Cold,0.5302497541762444,0.0,0.8034280015642898,0.0,Normal,0.8034280015642898,0.0,0.49276252907204554,0.014474941855907992,Normal,0.49276252907204554,0.0,0.0,1.0,Wet,1.0,0.4786668166657922,0.2606665916671038,0.0,Low,0.4786668166657922,0.0,0.9367853548144093,0.0,Normal,0.9367853548144093,0.0,0.4938069560500482,0.012386087899903937,Normal,0.4938069560500482,1.0,0.0,0.0,Low,1.0,1.0,0.0,0.0,Low,1.0,0.7743892241124224,0.11280538794378878,0.0,Low,0.7743892241124224,3,Acceptable
0.0,0.6177484551152932,0.0,Normal,0.6177484551152932,0.0,0.551481752902968,0.0,Normal,0.551481752902968,0.6030743514719461,0.198462824264027,0.0,Dry,0.6030743514719461,0.3034367937586641,0.3482816031206678,0.0,Normal,0.3482816031206678,1.0,0.0,0.0,Low,1.0,0.0,0.0,1.0,High,1.0,0.0,0.46074442750754335,0.07851114498491356,Normal,0.46074442750754335,0.0,0.6770093048715251,0.0,Medium,0.6770093048715251,1.0,0.0,0.0,Low,1.0,0.0,0.7317007098070979,0.0,Normal,0.7317007098070979,3,Good
0.0,0.928103389878573,0.0,Normal,0.928103389878573,0.5293986659492491,0.23530066702537536,0.0,Cold,0.5293986659492491,0.0,0.6873654212311294,0.0,Normal,0.6873654212311294,0.18757821850823592,0.4062108907458819,0.0,Normal,0.4062108907458819,0.0,0.5497261290968641,0.0,Normal,0.5497261290968641,0.0,0.6939336104251668,0.0,Normal,0.6939336104251668,0.0,0.6520657547893204,0.0,Normal,0.6520657547893204,0.0,0.9848877684433697,0.0,Medium,0.9848877684433697,0.0,0.4731800766283523,0.05363984674329525,Normal,0.4731800766283523,0.0,0.4306012756174778,0.13879744876504443,Normal,0.4306012756174778,3,Acceptable
0.0,0.9416438008847312,0.0,Normal,0.9416438008847312,0.0,0.4747548377721198,0.05049032445576016,Normal,0.4747548377721198,0.0,0.538450665764775,0.0,Normal,0.538450665764775,0.0,0.2791528746759566,0.44169425064808704,Wet,0.44169425064808704,0.0,0.586308295800405,0.0,Normal,0.586308295800405,1.0,0.0,0.0,Low,1.0,0.25670398053382826,0.37164800973308587,0.0,Normal,0.37164800973308587,0.0,0.9940780051769311,0.0,Medium,0.9940780051769311,0.0,0.9521072796934864,0.0,Normal,0.9521072796934864,0.0,0.6738521346444386,0.0,Normal,0.6738521346444386,1,Acceptable
0.0,0.7169742511587509,0.0,Normal,0.7169742511587509,0.0,0.8886446055748426,0.0,Normal,0.8886446055748426,0.0,0.7877668434658618,0.0,Normal,0.7877668434658618,0.0,0.8714776401283472,0.0,Normal,0.8714776401283472,0.0,0.6285570666509581,0.0,Normal,0.6285570666509581,0.30252824633087333,0.34873587683456325,0.0,Normal,0.34873587683456325,0.0,0.9036118983023345,0.0,Normal,0.9036118983023345,0.0,0.8722996902352567,0.0,Medium,0.8722996902352567,0.0,0.8563218390804601,0.0,Normal,0.8563218390804601,0.09037145992569252,0.4548142700371537,0.0,Normal,0.4548142700371537,0,Acceptable
1.0,0.0,0.0,Cold,1.0,0.0,0.8457154852384664,0.0,Normal,0.8457154852384664,0.0,0.7285201566993592,0.0,Normal,0.7285201566993592,0.0,0.7971701696969572,0.0,Normal,0.7971701696969572,0.9707566615660793,0.01462166921696033,0.0,Low,0.9707566615660793,0.0,0.5257761217899215,0.0,Normal,0.5257761217899215,0.0,0.6165074045468472,0.0,Normal,0.6165074045468472,0.0,0.6316904309354876,0.0,Medium,0.6316904309354876,0.0,0.8563218390804601,0.0,Normal,0.8563218390804601,0.0,0.7214937129851248,0.0,Normal,0.7214937129851248,3,Poor
0.0,0.3806323293813523,0.23873534123729465,Normal,0.3806323293813523,0.6063953034049508,0.19680234829752455,0.0,Cold,0.6063953034049508,0.0,0.5859824857509762,0.0,Normal,0.5859824857509762,0.33180293304000646,0.33409853347999663,0.0,Normal,0.33409853347999663,0.0,0.0,1.0,High,1.0,1.0,0.0,0.0,Low,1.0,0.0,0.8514779121033508,0.0,Normal,0.8514779121033508,0.0,0.6428361343813944,0.0,Medium,0.6428361343813944,0.0,0.8563218390804596,0.0,Normal,0.8563218390804596,0.0,0.0,1.0,High,1.0,3,Acceptable
0.4548395092104126,0.27258024539479386,0.0,Cold,0.4548395092104126,0.3054641940865368,0.34726790295673154,0.0,Normal,0.34726790295673154,0.0,0.9043685775580127,0.0,Normal,0.9043685775580127,0.0,0.5513085528195748,0.0,Normal,0.5513085528195748,0.0,0.9049340080441272,0.0,Normal,0.9049340080441272,0.0,0.707487779294808,0.0,Normal,0.707487779294808,0.0,0.8010771502723353,0.0,Normal,0.8010771502723353,0.40601643942212357,0.29699178028893813,0.0,Low,0.40601643942212357,0.0,0.664750957854406,0.0,Normal,0.664750957854406,0.0,0.6469006977911824,0.0,Normal,0.6469006977911824,3,Acceptable
0.48143594036522647,0.2592820298173869,0.0,Cold,0.48143594036522647,0.0,0.9002719749180461,0.0,Normal,0.9002719749180461,0.0,0.7063678228107934,0.0,Normal,0.7063678228107934,0.0,0.9273568195575393,0.0,Normal,0.9273568195575393,0.0,0.7671938494170268,0.0,Normal,0.7671938494170268,0.0,0.5309568050898357,0.0,Normal,0.5309568050898357,0.0,0.9339555704280352,0.0,Normal,0.9339555704280352,0.0,0.0,1.0,High,1.0,0.0,0.0,1.0,High,1.0,0.0,0.6161713946128109,0.0,Normal,0.6161713946128109,0,Acceptable
0.0,0.646949954106604,0.0,Normal,0.646949954106604,0.0,0.5606468732556689,0.0,Normal,0.5606468732556689,0.0,0.7411413503531356,0.0,Normal,0.7411413503531356,0.0,0.42142498739603257,0.15715002520793525,Normal,0.42142498739603257,0.0,0.7942579205359396,0.0,Normal,0.7942579205359396,0.7458245127990903,0.1270877436004548,0.0,Low,0.7458245127990903,0.0038107335214932554,0.49809463323925335,0.0,Normal,0.49809463323925335,0.0,0.9158597294285464,0.0,Medium,0.9158597294285464,1.0,0.0,0.0,Low,1.0,0.0,0.6434941425702623,0.0,Normal,0.6434941425702623,1,Acceptable
0.0,0.6066465454528028,0.0,Normal,0.6066465454528028,0.0,0.05873625806980085,0.8825274838603983,Hot,0.8825274838603983,0.0,0.8149913313709722,0.0,Normal,0.8149913313709722,0.0,0.3888356656748061,0.2223286686503882,Normal,0.3888356656748061,0.0,0.1132864330209953,0.7734271339580094,High,0.7734271339580094,1.0,0.0,0.0,Low,1.0,0.0,0.6476431596009663,0.0,Normal,0.6476431596009663,1.0,0.0,0.0,Low,1.0,1.0,0.0,0.0,Low,1.0,0.0,0.8716255302407679,0.0,Normal,0.8716255302407679,0,Acceptable
0.0,0.5815016659144716,0.0,Normal,0.5815016659144716,0.0,0.513332163400512,0.0,Normal,0.513332163400512,0.0,0.8184918731863868,0.0,Normal,0.8184918731863868,0.0,0.9167143692698919,0.0,Normal,0.9167143692698919,0.0,0.6026612788806262,0.0,Normal,0.6026612788806262,0.0,0.7227786347869676,0.0,Normal,0.7227786347869676,0.0,0.6812491326921541,0.0,Normal,0.6812491326921541,0.2752247364675868,0.3623876317662066,0.0,Medium,0.3623876317662066,0.0,0.0,1.0,High,1.0,0.012085199796191359,0.49395740010190425,0.0,Normal,0.49395740010190425,3,Good
0.0,0.9812110656865531,0.0,Normal,0.9812110656865531,0.0,0.7010296640771699,0.0,Normal,0.7010296640771699,0.0,0.8549256436875196,0.0,Normal,0.8549256436875196,0.0,0.7032556896039516,0.0,Normal,0.7032556896039516,0.7179617450881405,0.14101912745592968,0.0,Low,0.7179617450881405,0.0,0.3222264703082897,0.3555470593834205,High,0.3555470593834205,0.1317995162978874,0.4341002418510563,0.0,Normal,0.4341002418510563,0.043278928917102166,0.47836053554144886,0.0,Medium,0.47836053554144886,0.0,0.952107279693487,0.0,Normal,0.952107279693487,0.0,0.6220515343771071,0.0,Normal,0.6220515343771071,3,Good
0.0,0.6620264454072756,0.0,Normal,0.6620264454072756,0.24221572726571586,0.378892136367142,0.0,Normal,0.378892136367142,0.0,0.9676430957216614,0.0,Normal,0.9676430957216614,0.0,0.8059345641400231,0.0,Normal,0.8059345641400231,1.0,0.0,0.0,Low,1.0,0.0,0.0,1.0,High,1.0,0.0,0.5647403656569505,0.0,Normal,0.5647403656569505,0.9765951441196484,0.011702427940175796,0.0,Low,0.9765951441196484,1.0,0.0,0.0,Low,1.0,0.0,0.9678711432551027,0.0,Normal,0.9678711432551027,3,Good
0.0,0.8260083467636193,0.0,Normal,0.8260083467636193,0.4211572278452235,0.28942138607738815,0.0,Cold,0.4211572278452235,0.0,0.5032709880038785,0.0,Normal,0.5032709880038785,0.0,0.5141769873772148,0.0,Normal,0.5141769873772148,0.0,0.37147782021950937,0.25704435956098126,Normal,0.37147782021950937,0.571580015029069,0.21420999248546546,0.0,Low,0.571580015029069,1.0,0.0,0.0,Low,1.0,1.0,0.0,0.0,Low,1.0,0.0,0.7605363984674328,0.0,Normal,0.7605363984674328,0.0,0.7137672393188387,0.0,Normal,0.7137672393188387,0,Acceptable
0.0,0.6390057598870581,0.0,Normal,0.6390057598870581,0.0,0.7329812995308443,0.0,Normal,0.7329812995308443,0.0,0.8426448921797204,0.0,Normal,0.8426448921797204,0.0,0.6784444463148929,0.0,Normal,0.6784444463148929,0.0,0.2773738762206811,0.44525224755863785,High,0.44525224755863785,0.0,0.6960582383257365,0.0,Normal,0.6960582383257365,0.0,0.2991730762383021,0.40165384752339606,High,0.40165384752339606,0.0,0.63620687767695,0.0,Medium,0.63620687767695,1.0,0.0,0.0,Low,1.0,0.3004256471432384,0.34978717642838075,0.0,Normal,0.34978717642838075,0,Acceptable
0.0,0.7010209201057025,0.0,Normal,0.7010209201057025,0.0,0.7449092773477027,0.0,Normal,0.7449092773477027,0.0,0.9406968024566772,0.0,Normal,0.9406968024566772,0.0,0.7760502239005395,0.0,Normal,0.7760502239005395,0.0,0.9319137569356551,0.0,Normal,0.9319137569356551,0.0,0.8188897633060995,0.0,Normal,0.8188897633060995,0.0,0.7791392185776896,0.0,Normal,0.7791392185776896,0.0,0.7341378576095323,0.0,Medium,0.7341378576095323,0.24521072796934829,0.3773946360153258,0.0,Normal,0.3773946360153258,0.10956569735934604,0.4452171513203269,0.0,Normal,0.4452171513203269,3,Good
0.0,0.8677457009936983,0.0,Normal,0.8677457009936983,0.0,0.9377671187273845,0.0,Normal,0.9377671187273845,0.0,0.5676530533662562,0.0,Normal,0.5676530533662562,0.0,0.7179866702101096,0.0,Normal,0.7179866702101096,1.0,0.0,0.0,Low,1.0,0.0,0.08221056912600462,0.8355788617479908,High,0.8355788617479908,0.0,0.6119081774116777,0.0,Normal,0.6119081774116777,0.0,0.7381367446979751,0.0,Medium,0.7381367446979751,1.0,0.0,0.0,Low,1.0,0.7709530419874041,0.11452347900629792,0.0,Low,0.7709530419874041,3,Good
0.4100206548691001,0.2949896725654501,0.0,Cold,0.4100206548691001,0.0,0.9461891950187393,0.0,Normal,0.9461891950187393,0.0,0.7142927419392292,0.0,Normal,0.7142927419392292,0.20310002977013764,0.39844998511493107,0.0,Normal,0.39844998511493107,0.0,0.5599724713605496,0.0,Normal,0.5599724713605496,0.0,0.7858351907102853,0.0,Normal,0.7858351907102853,0.0,0.5398668635553208,0.0,Normal,0.5398668635553208,0.12168738712679913,0.43915630643660036,0.0,Medium,0.43915630643660036,0.0,0.7605363984674332,0.0,Normal,0.7605363984674332,0.0758378623521079,0.462081068823946,0.0,Normal,0.462081068823946,0,Acceptable
0.7911519963134002,0.10442400184329999,0.0,Cold,0.7911519963134002,0.0,0.9519034532724848,0.0,Normal,0.9519034532724848,0.0,0.6025466243814106,0.0,Normal,0.6025466243814106,0.0,0.14932491552895283,0.7013501689420945,Wet,0.7013501689420945,0.015086406055737158,0.4924567969721313,0.0,Normal,0.4924567969721313,0.0,0.6536416462606641,0.0,Normal,0.6536416462606641,0.0,0.4994544111499936,0.0010911777000131163,Normal,0.4994544111499936,0.2277146404996013,0.3861426797501993,0.0,Medium,0.3861426797501993,1.0,0.0,0.0,Low,1.0,0.17208522575001112,0.41395738712499436,0.0,Normal,0.41395738712499436,3,Poor
0.0,0.9469622933965414,0.0,Normal,0.9469622933965414,0.0,0.2001697060459371,0.5996605879081257,Hot,0.5996605879081257,0.0,0.9103873791347028,0.0,Normal,0.9103873791347028,0.0,0.2624466210143074,0.4751067579713855,Wet,0.4751067579713855,0.0,0.5908916956857528,0.0,Normal,0.5908916956857528,0.8580605688057329,0.07096971559713351,0.0,Low,0.8580605688057329,0.0,0.9746232482423394,0.0,Normal,0.9746232482423394,0.0,0.9024787445609889,0.0,Medium,0.9024787445609889,1.0,0.0,0.0,Low,1.0,0.0,0.6901776791639336,0.0,Normal,0.6901776791639336,1,Acceptable
0.0,0.5709329436207925,0.0,Normal,0.5709329436207925,0.16131513263971056,0.4193424336801446,0.0,Normal,0.4193424336801446,0.0,0.9873578659431171,0.0,Normal,0.9873578659431171,0.0,0.8778987948277138,0.0,Normal,0.8778987948277138,0.0,0.7264731239034725,0.0,Normal,0.7264731239034725,0.0,0.5553023362646741,0.0,Normal,0.5553023362646741,0.0,0.9590999334726226,0.0,Normal,0.9590999334726226,0.0,0.8058470853880667,0.0,Medium,0.8058470853880667,0.0,0.5689655172413791,0.0,Normal,0.5689655172413791,0.0,0.788009885080329,0.0,Normal,0.788009885080329,0,Acceptable
0.9624180744466918,0.01879096277665411,0.0,Cold,0.9624180744466918,0.49930080657342,0.25034959671328993,0.0,Cold,0.49930080657342,0.0,0.9763537762187305,0.0,Normal,0.9763537762187305,0.0,0.8931990807726979,0.0,Normal,0.8931990807726979,1.0,0.0,0.0,Low,1.0,0.0,0.8801922174363357,0.0,Normal,0.8801922174363357,0.0,0.9094786457882242,0.0,Normal,0.9094786457882242,1.0,0.0,0.0,Low,1.0,0.24521072796934829,0.3773946360153258,0.0,Normal,0.3773946360153258,0.0,0.5591009829424348,0.0,Normal,0.5591009829424348,3,Poor
0.0,0.9895339387741794,0.0,Normal,0.9895339387741794,0.0,0.9821431037009344,0.0,Normal,0.9821431037009344,0.0,0.7582977166715463,0.0,Normal,0.7582977166715463,0.0,0.9091010975298209,0.0,Normal,0.9091010975298209,0.9229060536097801,0.03854697319510998,0.0,Low,0.9229060536097801,0.0,0.5321616637483557,0.0,Normal,0.5321616637483557,0.0,0.6923190097476702,0.0,Normal,0.6923190097476702,0.2080074479503559,0.395996276024822,0.0,Medium,0.395996276024822,0.0,0.5689655172413794,0.0,Normal,0.5689655172413794,0.39574939401464526,0.3021253029926773,0.0,Low,0.39574939401464526,3,Good
0.0,0.8996702273217161,0.0,Normal,0.8996702273217161,0.8453923551817624,0.0773038224091188,0.0,Cold,0.8453923551817624,0.0,0.6168405254537562,0.0,Normal,0.6168405254537562,0.0,0.7176557587350025,0.0,Normal,0.7176557587350025,0.6877065596912784,0.15614672015436076,0.0,Low,0.6877065596912784,0.0,0.8120968755099361,0.0,Normal,0.8120968755099361,0.0,0.2915443044765601,0.41691139104688,High,0.41691139104688,0.19928756303148865,0.4003562184842556,0.0,Medium,0.4003562184842556,0.0,0.5689655172413791,0.0,Normal,0.5689655172413791,0.0,0.04290796458502232,0.9141840708299553,High,0.9141840708299553,3,Acceptable
0.2621069752329646,0.3689465123835179,0.0,Normal,0.3689465123835179,0.0,0.9952368597571926,0.0,Normal,0.9952368597571926,0.0,0.6915112693073651,0.0,Normal,0.6915112693073651,0.14441312928222955,0.4277934353588851,0.0,Normal,0.4277934353588851,0.0,0.6607996216546801,0.0,Normal,0.6607996216546801,0.0,0.7579299590549082,0.0,Normal,0.7579299590549082,0.0,0.7614685339080774,0.0,Normal,0.7614685339080774,0.22983339039741635,0.38508330480129177,0.0,Medium,0.38508330480129177,0.0,0.7605363984674332,0.0,Normal,0.7605363984674332,0.0,0.5593831297360112,0.0,Normal,0.5593831297360112,0,Acceptable
0.0,0.800832027440173,0.0,Normal,0.800832027440173,0.7935614710324308,0.10321926448378457,0.0,Cold,0.7935614710324308,0.0,0.8900001842629915,0.0,Normal,0.8900001842629915,0.0,0.7378349587673053,0.0,Normal,0.7378349587673053,0.0,0.5070173405600965,0.0,Normal,0.5070173405600965,0.0,0.7693604672280315,0.0,Normal,0.7693604672280315,0.0,0.9414098179871059,0.0,Normal,0.9414098179871059,0.0,0.9912637236965679,0.0,Medium,0.9912637236965679,0.0,0.18582375478927182,0.6283524904214562,High,0.6283524904214562,0.0,0.24167434391406817,0.5166513121718637,High,0.5166513121718637,0,Acceptable
0.0,0.4023392705302985,0.19532145893940214,Normal,0.4023392705302985,0.0,0.8852355156849703,0.0,Normal,0.8852355156849703,0.0,0.793743882506668,0.0,Normal,0.793743882506668,0.0,0.9735478574730122,0.0,Normal,0.9735478574730122,0.0,0.5882487935167862,0.0,Normal,0.5882487935167862,0.8980270337458826,0.05098648312705873,0.0,Low,0.8980270337458826,0.0,0.8638280383224326,0.0,Normal,0.8638280383224326,1.0,0.0,0.0,Low,1.0,0.0,0.0,1.0,High,1.0,0.0,0.8910649383132268,0.0,Normal,0.8910649383132268,1,Acceptable
0.0,0.7735599736849516,0.0,Normal,0.7735599736849516,0.0,0.5184572159897195,0.0,Normal,0.5184572159897195,0.0,0.9647477337475483,0.0,Normal,0.9647477337475483,0.0,0.8312299778583683,0.0,Normal,0.8312299778583683,0.9719625005763515,0.014018749711824242,0.0,Low,0.9719625005763515,0.0,0.6099110739912798,0.0,Normal,0.6099110739912798,0.0,0.8452012059808107,0.0,Normal,0.8452012059808107,0.0,0.8097679176083565,0.0,Medium,0.8097679176083565,0.0,0.0,1.0,High,1.0,0.08449247520863032,0.45775376239568477,0.0,Normal,0.45775376239568477,3,Good
0.0,0.468471296960139,0.06305740607972098,Normal,0.468471296960139,0.0,0.5835220000418972,0.0,Normal,0.5835220000418972,0.0,0.42681453847905,0.1463709230418992,Normal,0.42681453847905,0.0,0.4798416632659435,0.040316673468113455,Normal,0.4798416632659435,0.0,0.9806912075993276,0.0,Normal,0.9806912075993276,0.0,0.6616881232688423,0.0,Normal,0.6616881232688423,0.0,0.8819387898469284,0.0,Normal,0.8819387898469284,0.0,0.2223330889475044,0.5553338221049914,High,0.5553338221049914,0.0,0.6647509578544063,0.0,Normal,0.6647509578544063,0.0,0.6781451325847868,0.0,Normal,0.6781451325847868,0,Acceptable
0.0,0.6721903343433828,0.0,Normal,0.6721903343433828,0.0,0.9201960060166806,0.0,Normal,0.9201960060166806,0.0,0.7960635056705772,0.0,Normal,0.7960635056705772,0.0,0.6685739317068917,0.0,Normal,0.6685739317068917,0.0,0.8745372328828505,0.0,Normal,0.8745372328828505,0.8661335775561285,0.06693321122193573,0.0,Low,0.8661335775561285,0.0,0.6801063332094996,0.0,Normal,0.6801063332094996,0.24623437733197837,0.37688281133401075,0.0,Medium,0.37688281133401075,0.05363984674329458,0.47318007662835265,0.0,Normal,0.47318007662835265,0.24100219275106102,0.3794989036244694,0.0,Normal,0.3794989036244694,0,Acceptable
0.3656219389623868,0.31718903051880676,0.0,Cold,0.3656219389623868,0.0,0.5734353585129089,0.0,Normal,0.5734353585129089,0.0,0.857511245694178,0.0,Normal,0.857511245694178,0.0,0.8123791487843556,0.0,Normal,0.8123791487843556,0.0,0.0,1.0,High,1.0,0.6764535844583475,0.16177320777082624,0.0,Low,0.6764535844583475,0.0,0.0,1.0,High,1.0,0.14775483407533926,0.4261225829623303,0.0,Medium,0.4261225829623303,1.0,0.0,0.0,Low,1.0,0.0,0.9774843218394079,0.0,Normal,0.9774843218394079,1,Poor
0.0,0.8866641945815872,0.0,Normal,0.8866641945815872,0.0,0.9973504475469526,0.0,Normal,0.9973504475469526,0.3457203621796385,0.3271398189101809,0.0,Dry,0.3457203621796385,1.0,0.0,0.0,Dry,1.0,1.0,0.0,0.0,Low,1.0,0.0,0.20023115792432963,0.5995376841513407,High,0.5995376841513407,1.0,0.0,0.0,Low,1.0,0.0,0.881515087540044,0.0,Medium,0.881515087540044,0.0,0.952107279693487,0.0,Normal,0.952107279693487,0.8424127868157046,0.07879360659214767,0.0,Low,0.8424127868157046,3,Acceptable
0.0,0.7545638606117294,0.0,Normal,0.7545638606117294,0.0,0.7737435596269197,0.0,Normal,0.7737435596269197,0.0,0.7344889558285308,0.0,Normal,0.7344889558285308,0.0,0.6817904944618621,0.0,Normal,0.6817904944618621,0.9392917047459525,0.03035414762702376,0.0,Low,0.9392917047459525,0.0,0.6324709612006301,0.0,Normal,0.6324709612006301,0.0,0.2939754269503482,0.4120491460993038,High,0.4120491460993038,0.0,0.8206037118002304,0.0,Medium,0.8206037118002304,0.0,0.8563218390804601,0.0,Normal,0.8563218390804601,0.19519214027731568,0.4024039298613421,0.0,Normal,0.4024039298613421,3,Good
0.0,0.9273984279406235,0.0,Normal,0.9273984279406235,0.0,0.8202000973986046,0.0,Normal,0.8202000973986046,0.0,0.6517541405819405,0.0,Normal,0.6517541405819405,0.0,0.4284931341081673,0.14301373178366583,Normal,0.4284931341081673,0.0,0.8537277974611557,0.0,Normal,0.8537277974611557,0.0,0.828077475685797,0.0,Normal,0.828077475685797,0.0,0.7660941634871891,0.0,Normal,0.7660941634871891,0.479939351086026,0.260030324456987,0.0,Low,0.479939351086026,0.0,0.7605363984674328,0.0,Normal,0.7605363984674328,0.0,0.7236187433951007,0.0,Normal,0.7236187433951007,0,Acceptable
0.0,0.4920737375335384,0.0158525249329222,Normal,0.4920737375335384,0.0,0.8925666063821254,0.0,Normal,0.8925666063821254,0.0,0.7217037476227366,0.0,Normal,0.7217037476227366,0.0,0.6816661136882979,0.0,Normal,0.6816661136882979,0.0,0.5525707060962896,0.0,Normal,0.5525707060962896,0.0,0.7780646177425267,0.0,Normal,0.7780646177425267,0.0,0.9667639263010291,0.0,Normal,0.9667639263010291,0.4828069078841502,0.25859654605792487,0.0,Low,0.4828069078841502,0.0,0.0,1.0,High,1.0,0.0,0.7651518926208088,0.0,Normal,0.7651518926208088,3,Good
0.0,0.9288918692214575,0.0,Normal,0.9288918692214575,0.0,0.7500093413052854,0.0,Normal,0.7500093413052854,0.0,0.36508682563673905,0.2698263487265212,Normal,0.36508682563673905,0.0,0.42867804489728617,0.14264391020542808,Normal,0.42867804489728617,0.0,0.8386701784768845,0.0,Normal,0.8386701784768845,0.0,0.6779722295116403,0.0,Normal,0.6779722295116403,0.0,0.7641718848906325,0.0,Normal,0.7641718848906325,0.0,0.1881681635493859,0.6236636729012284,High,0.6236636729012284,0.0,0.7605363984674332,0.0,Normal,0.7605363984674332,0.0,0.7067988839953125,0.0,Normal,0.7067988839953125,0,Acceptable
0.0,0.9477171900195556,0.0,Normal,0.9477171900195556,0.0,0.8328685119951098,0.0,Normal,0.8328685119951098,0.0,0.5087895444271168,0.0,Normal,0.5087895444271168,0.0,0.5544584065978893,0.0,Normal,0.5544584065978893,0.06522079663136342,0.46738960168431815,0.0,Normal,0.46738960168431815,0.0,0.7819266306541258,0.0,Normal,0.7819266306541258,0.0,0.9591780923718304,0.0,Normal,0.9591780923718304,0.6831371156911942,0.1584314421544029,0.0,Low,0.6831371156911942,0.0,0.7605363984674332,0.0,Normal,0.7605363984674332,0.4222125440226797,0.2888937279886601,0.0,Low,0.4222125440226797,3,Good
0.0,0.5784967232632336,0.0,Normal,0.5784967232632336,0.0,0.8751745677998938,0.0,Normal,0.8751745677998938,0.0,0.7967439269479029,0.0,Normal,0.7967439269479029,0.0,0.6528606563989805,0.0,Normal,0.6528606563989805,0.48424345680640574,0.25787827159679705,0.0,Low,0.48424345680640574,0.0,0.4898020347152807,0.020395930569438607,Normal,0.4898020347152807,0.0,0.6412568188123496,0.0,Normal,0.6412568188123496,0.11296535432186663,0.44351732283906664,0.0,Medium,0.44351732283906664,0.0,0.5689655172413791,0.0,Normal,0.5689655172413791,0.0,0.6408240370232497,0.0,Normal,0.6408240370232497,3,Good
0.0,0.6782251422188171,0.0,Normal,0.6782251422188171,0.0,0.35447090043935825,0.29105819912128333,Normal,0.35447090043935825,0.0,0.8291547585669107,0.0,Normal,0.8291547585669107,0.0,0.9734923843641468,0.0,Normal,0.9734923843641468,0.0,0.7480063733554997,0.0,Normal,0.7480063733554997,0.0,0.645468525680145,0.0,Normal,0.645468525680145,0.0,0.6442988077284524,0.0,Normal,0.6442988077284524,0.0,0.5786051063225883,0.0,Medium,0.5786051063225883,0.0,0.952107279693487,0.0,Normal,0.952107279693487,0.0,0.9001541657311893,0.0,Normal,0.9001541657311893,0,Acceptable
0.0,0.6592734909327841,0.0,Normal,0.6592734909327841,0.0,0.6443932031240168,0.0,Normal,0.6443932031240168,0.0,0.4098949937631781,0.180210012473643,Normal,0.4098949937631781,0.0,0.6114345070668198,0.0,Normal,0.6114345070668198,0.0,0.9500929263692931,0.0,Normal,0.9500929263692931,0.4053037806211283,0.29734810968943576,0.0,Low,0.4053037806211283,0.0,0.3877806870178264,0.22443862596434744,Normal,0.3877806870178264,0.0,0.6070743958627296,0.0,Medium,0.6070743958627296,0.6283524904214557,0.1858237547892721,0.0,Low,0.6283524904214557,0.016237426179316027,0.49188128691034194,0.0,Normal,0.49188128691034194,0,Acceptable
0.0,0.7060458164439346,0.0,Normal,0.7060458164439346,0.0,0.6631751302045882,0.0,Normal,0.6631751302045882,0.9416465270297818,0.029176736485109104,0.0,Dry,0.9416465270297818,0.9790568675580966,0.010471566220951696,0.0,Dry,0.9790568675580966,0.0,0.8812706675670571,0.0,Normal,0.8812706675670571,0.0,0.9521850959845813,0.0,Normal,0.9521850959845813,0.0,0.5415833381635675,0.0,Normal,0.5415833381635675,0.0,0.5082978243835571,0.0,Medium,0.5082978243835571,0.0,0.0,1.0,High,1.0,0.0,0.6178259451266728,0.0,Normal,0.6178259451266728,3,Acceptable
0.0,0.9689257522982911,0.0,Normal,0.9689257522982911,0.0,0.5102533352960772,0.0,Normal,0.5102533352960772,0.0,0.6841895113504388,0.0,Normal,0.6841895113504388,0.0,0.7559844550890752,0.0,Normal,0.7559844550890752,0.0,0.7291022894093308,0.0,Normal,0.7291022894093308,0.0,0.5932982895562366,0.0,Normal,0.5932982895562366,0.0,0.04478107962538364,0.9104378407492327,High,0.9104378407492327,0.0,0.7844521594652015,0.0,Medium,0.7844521594652015,0.0,0.952107279693487,0.0,Normal,0.952107279693487,0.0,0.9302406778351283,0.0,Normal,0.9302406778351283,0,Acceptable
0.059142690678622704,0.4704286546606889,0.0,Normal,0.4704286546606889,0.0,0.40735352949107123,0.18529294101785732,Normal,0.40735352949107123,0.0,0.6607144826698569,0.0,Normal,0.6607144826698569,0.0,0.5833319168596225,0.0,Normal,0.5833319168596225,1.0,0.0,0.0,Low,1.0,0.0,0.5771505248437749,0.0,Normal,0.5771505248437749,0.0,0.13085026116877277,0.7382994776624545,High,0.7382994776624545,0.0,0.570908772315427,0.0,Medium,0.570908772315427,0.8199233716475094,0.09003831417624526,0.0,Low,0.8199233716475094,0.0,0.7853189530161985,0.0,Normal,0.7853189530161985,3,Acceptable
0.0,0.4960505016934697,0.007898996613059546,Normal,0.4960505016934697,0.0,0.9021488224666508,0.0,Normal,0.9021488224666508,0.0,0.7065496362150506,0.0,Normal,0.7065496362150506,0.0,0.822144547544425,0.0,Normal,0.822144547544425,0.5056152926597901,0.24719235367010486,0.0,Low,0.5056152926597901,0.0,0.7491976844710678,0.0,Normal,0.7491976844710678,0.0,0.6442150393671514,0.0,Normal,0.6442150393671514,0.6317911345920055,0.1841044327039972,0.0,Low,0.6317911345920055,0.0,0.0,1.0,High,1.0,0.0,0.701918525549411,0.0,Normal,0.701918525549411,3,Good
0.0,0.9362337485669089,0.0,Normal,0.9362337485669089,0.0,0.5597778073754057,0.0,Normal,0.5597778073754057,0.0,0.5731174489608839,0.0,Normal,0.5731174489608839,0.6034738794437208,0.19826306027813956,0.0,Dry,0.6034738794437208,0.0,0.9966904138336011,0.0,Normal,0.9966904138336011,0.0,0.7951618058911288,0.0,Normal,0.7951618058911288,0.0,0.5389398768946566,0.0,Normal,0.5389398768946566,0.6126458265374197,0.19367708673129014,0.0,Low,0.6126458265374197,0.0,0.8563218390804596,0.0,Normal,0.8563218390804596,0.0,0.6539445683089932,0.0,Normal,0.6539445683089932,3,Good
0.0,0.9634121607782594,0.0,Normal,0.9634121607782594,0.0,0.8586226399679955,0.0,Normal,0.8586226399679955,0.0,0.7182830338034849,0.0,Normal,0.7182830338034849,0.0,0.8619440770892604,0.0,Normal,0.8619440770892604,0.5491262909763808,0.22543685451180953,0.0,Low,0.5491262909763808,0.0,0.6098216725934404,0.0,Normal,0.6098216725934404,0.0,0.48204371892839154,0.03591256214321727,Normal,0.48204371892839154,0.0,0.8870668434581681,0.0,Medium,0.8870668434581681,0.0,0.18582375478927182,0.6283524904214562,High,0.6283524904214562,0.06264167626181302,0.4686791618690934,0.0,Normal,0.4686791618690934,3,Good
0.2920167874659075,0.35399160626704645,0.0,Normal,0.35399160626704645,0.0,0.9108462160616319,0.0,Normal,0.9108462160616319,0.8749100342593611,0.06254498287031947,0.0,Dry,0.8749100342593611,0.0,0.846927911909484,0.0,Normal,0.846927911909484,1.0,0.0,0.0,Low,1.0,0.0,0.0,1.0,High,1.0,0.0,0.3150637149550558,0.3698725700898886,High,0.3698725700898886,1.0,0.0,0.0,Low,1.0,1.0,0.0,0.0,Low,1.0,1.0,0.0,0.0,Low,1.0,3,Acceptable
0.0,0.5517850986749127,0.0,Normal,0.5517850986749127,0.0,0.9684818037695828,0.0,Normal,0.9684818037695828,0.797006684502097,0.10149665774895154,0.0,Dry,0.797006684502097,1.0,0.0,0.0,Dry,1.0,1.0,0.0,0.0,Low,1.0,0.0,0.0,1.0,High,1.0,0.0,0.9629473940748813,0.0,Normal,0.9629473940748813,0.0,0.9023397436934077,0.0,Medium,0.9023397436934077,0.0,0.5689655172413794,0.0,Normal,0.5689655172413794,0.40351982166157097,0.29824008916921446,0.0,Low,0.40351982166157097,3,Acceptable
0.1833133344117496,0.40834333279412544,0.0,Normal,0.40834333279412544,0.0,0.9476632943668367,0.0,Normal,0.9476632943668367,0.0,0.9844154660726397,0.0,Normal,0.9844154660726397,0.0,0.8100472286463467,0.0,Normal,0.8100472286463467,0.5460485217441032,0.22697573912794833,0.0,Low,0.5460485217441032,0.0,0.060314249014561644,0.8793715019708768,High,0.8793715019708768,0.0,0.35193510372551007,0.29612979254898014,Normal,0.35193510372551007,0.0,0.5872790980631832,0.0,Medium,0.5872790980631832,1.0,0.0,0.0,Low,1.0,0.45458887635500816,0.2727055618224959,0.0,Low,0.45458887635500816,3,Good
1.0,0.0,0.0,Cold,1.0,0.15505773528839245,0.4224711323558037,0.0,Normal,0.4224711323558037,0.0,0.9174690030920598,0.0,Normal,0.9174690030920598,0.0,0.9420127001382039,0.0,Normal,0.9420127001382039,0.0,0.634411799110964,0.0,Normal,0.634411799110964,1.0,0.0,0.0,Low,1.0,0.0,0.8149840938643818,0.0,Normal,0.8149840938643818,0.0,0.0,1.0,High,1.0,0.0,0.4731800766283523,0.05363984674329525,Normal,0.4731800766283523,0.0,0.6956320238950756,0.0,Normal,0.6956320238950756,2,Poor
0.0,0.9200113895164944,0.0,Normal,0.9200113895164944,0.0,0.8382299842595206,0.0,Normal,0.8382299842595206,0.0,0.40538880054911614,0.18922239890176698,Normal,0.40538880054911614,0.0,0.5220088991861958,0.0,Normal,0.5220088991861958,0.0,0.0,1.0,High,1.0,0.8824806241604889,0.05875968791975556,0.0,Low,0.8824806241604889,0.0,0.5672117945835681,0.0,Normal,0.5672117945835681,0.0,0.13046115649263404,0.7390776870147321,High,0.7390776870147321,0.0,0.0,1.0,High,1.0,0.0,0.7374265968008168,0.0,Normal,0.7374265968008168,1,Acceptable
0.0,0.21311157729225982,0.5737768454154799,Hot,0.5737768454154799,0.0,0.9174093189448681,0.0,Normal,0.9174093189448681,0.0,0.7741566598858843,0.0,Normal,0.7741566598858843,0.0,0.49770646834526006,0.004587063309480305,Normal,0.49770646834526006,0.0,0.9195911763772064,0.0,Normal,0.9195911763772064,0.850243866928112,0.07487806653594396,0.0,Low,0.850243866928112,0.0,0.4922412975985228,0.015517404802954752,Normal,0.4922412975985228,0.0,0.44892011256988557,0.10215977486022929,Medium,0.44892011256988557,0.05363984674329458,0.47318007662835265,0.0,Normal,0.47318007662835265,0.0,0.7779948916646255,0.0,Normal,0.7779948916646255,1,Poor
0.0,0.6557547285470563,0.0,Normal,0.6557547285470563,0.0,0.4112428523747892,0.17751429525042137,Normal,0.4112428523747892,0.0,0.9734220796113289,0.0,Normal,0.9734220796113289,0.0,0.8607507943978169,0.0,Normal,0.8607507943978169,0.0,0.5958381051510231,0.0,Normal,0.5958381051510231,0.0,0.5635443794934107,0.0,Normal,0.5635443794934107,0.0,0.6401746018427862,0.0,Normal,0.6401746018427862,0.0,0.8367808305652087,0.0,Medium,0.8367808305652087,0.0,0.6647509578544063,0.0,Normal,0.6647509578544063,0.02790078651279997,0.4860496067435999,0.0,Normal,0.4860496067435999,3,Good
0.12858367940591398,0.43570816029704323,0.0,Normal,0.43570816029704323,0.0,0.4146984432530164,0.1706031134939669,Normal,0.4146984432530164,0.0,0.402671448113358,0.1946571037732832,Normal,0.402671448113358,0.0,0.47043762622784063,0.05912474754431912,Normal,0.47043762622784063,0.29355048156306135,0.35322475921846924,0.0,Normal,0.35322475921846924,0.0,0.49210018055124854,0.015799638897502914,Normal,0.49210018055124854,0.0,0.8058719768956875,0.0,Normal,0.8058719768956875,0.6526544380692292,0.1736727809653854,0.0,Low,0.6526544380692292,0.0,0.0,1.0,High,1.0,0.0,0.9041626946362364,0.0,Normal,0.9041626946362364,3,Acceptable
0.5982086902921111,0.2008956548539446,0.0,Cold,0.5982086902921111,0.0,0.618563276848747,0.0,Normal,0.618563276848747,0.0,0.5254050102922146,0.0,Normal,0.5254050102922146,0.0,0.9413801257278378,0.0,Normal,0.9413801257278378,0.0,0.9393174791894021,0.0,Normal,0.9393174791894021,0.8960328328933388,0.05198358355333058,0.0,Low,0.8960328328933388,0.0,0.8951884958822244,0.0,Normal,0.8951884958822244,0.2520640902505994,0.37396795487470025,0.0,Medium,0.37396795487470025,1.0,0.0,0.0,Low,1.0,0.3041138275819011,0.3479430862090494,0.0,Normal,0.3479430862090494,0,Acceptable
0.1672655870233252,0.41636720648833764,0.0,Normal,0.41636720648833764,0.0,0.6533986437832329,0.0,Normal,0.6533986437832329,0.14221662343387437,0.42889168828306296,0.0,Normal,0.42889168828306296,0.0,0.5835550149753916,0.0,Normal,0.5835550149753916,0.0,0.7612150817782137,0.0,Normal,0.7612150817782137,0.0,0.7187867397373722,0.0,Normal,0.7187867397373722,0.0,0.35658522952128746,0.28682954095742536,Normal,0.35658522952128746,0.0,0.8505065185127128,0.0,Medium,0.8505065185127128,1.0,0.0,0.0,Low,1.0,0.0,0.6054423860118695,0.0,Normal,0.6054423860118695,0,Acceptable
0.39084903265973053,0.3045754836701349,0.0,Cold,0.39084903265973053,0.0,0.6413760222113136,0.0,Normal,0.6413760222113136,0.11906840727214546,0.4404657963639274,0.0,Normal,0.4404657963639274,0.1283155213828726,0.43584223930856353,0.0,Normal,0.43584223930856353,0.0,0.6468468063771343,0.0,Normal,0.6468468063771343,0.0,0.8633330122774386,0.0,Normal,0.8633330122774386,0.0,0.8217885604184249,0.0,Normal,0.8217885604184249,0.7876412841688719,0.10617935791556404,0.0,Low,0.7876412841688719,0.0,0.5689655172413791,0.0,Normal,0.5689655172413791,0.0,0.7782391599835373,0.0,Normal,0.7782391599835373,0,Acceptable
0.0,0.5849121055622838,0.0,Normal,0.5849121055622838,0.0,0.48372267048760775,0.03255465902478429,Normal,0.48372267048760775,0.0,0.5931499761743629,0.0,Normal,0.5931499761743629,0.0,0.13311717940874168,0.7337656411825167,Wet,0.7337656411825167,0.09477290318648969,0.452613548406755,0.0,Normal,0.452613548406755,0.0,0.7738887940124294,0.0,Normal,0.7738887940124294,0.0,0.48465732976536946,0.030685340469261402,Normal,0.48465732976536946,0.26828000840340394,0.365859995798298,0.0,Medium,0.365859995798298,0.6283524904214557,0.1858237547892721,0.0,Low,0.6283524904214557,0.39145873821489885,0.3042706308925505,0.0,Low,0.39145873821489885,3,Good
0.0,0.5693590359612138,0.0,Normal,0.5693590359612138,0.0,0.9726739443012905,0.0,Normal,0.9726739443012905,0.36936360950403724,0.3153181952479815,0.0,Dry,0.36936360950403724,0.5978144569794899,0.201092771510255,0.0,Dry,0.5978144569794899,0.0,0.3272254692991772,0.3455490614016456,High,0.3455490614016456,1.0,0.0,0.0,Low,1.0,0.0,0.898397451055488,0.0,Normal,0.898397451055488,0.7777031050927249,0.11114844745363756,0.0,Low,0.7777031050927249,0.0,0.0,1.0,High,1.0,0.0,0.8559275590249852,0.0,Normal,0.8559275590249852,1,Acceptable
0.0,0.7123039338280618,0.0,Normal,0.7123039338280618,0.0,0.7572298693098346,0.0,Normal,0.7572298693098346,0.0,0.33291797197910344,0.33416405604179245,Wet,0.33416405604179245,0.0,0.14625575915592276,0.7074884816881546,Wet,0.7074884816881546,0.0,0.6078199310053269,0.0,Normal,0.6078199310053269,0.6759050943564285,0.1620474528217857,0.0,Low,0.6759050943564285,0.0,0.7151728289043503,0.0,Normal,0.7151728289043503,0.0,0.8394210120922454,0.0,Medium,0.8394210120922454,0.0,0.8563218390804601,0.0,Normal,0.8563218390804601,0.0,0.6097593053969597,0.0,Normal,0.6097593053969597,1,Acceptable
0.0,0.7053907910914302,0.0,Normal,0.7053907910914302,0.0,0.6467132654966454,0.0,Normal,0.6467132654966454,0.0,0.8583037681613042,0.0,Normal,0.8583037681613042,0.0,0.7131930270870404,0.0,Normal,0.7131930270870404,0.0,0.30510705127518967,0.38978589744962067,High,0.38978589744962067,0.706553868232481,0.14672306588375947,0.0,Low,0.706553868232481,0.0,0.873248074193432,0.0,Normal,0.873248074193432,0.0,0.9365732490541898,0.0,Medium,0.9365732490541898,0.0,0.5689655172413791,0.0,Normal,0.5689655172413791,0.0,0.7365220224908166,0.0,Normal,0.7365220224908166,1,Acceptable
0.0,0.7567129018670563,0.0,Normal,0.7567129018670563,0.0,0.5625836243527155,0.0,Normal,0.5625836243527155,0.0,0.609870874636516,0.0,Normal,0.609870874636516,0.0,0.6857473042470204,0.0,Normal,0.6857473042470204,0.0,0.9811165867240401,0.0,Normal,0.9811165867240401,0.03326143559975887,0.48336928220012043,0.0,Normal,0.48336928220012043,0.0,0.9851511597020851,0.0,Normal,0.9851511597020851,0.0,0.24122344781822028,0.5175531043635596,High,0.5175531043635596,0.0,0.090038314176245,0.81992337164751,High,0.81992337164751,0.0,0.8525469365764333,0.0,Normal,0.8525469365764333,0,Acceptable
0.0,0.8795121554618844,0.0,Normal,0.8795121554618844,0.0,0.7591973672896274,0.0,Normal,0.7591973672896274,0.0,0.36904034361047067,0.26191931277905794,Normal,0.36904034361047067,0.0,0.4266622213285776,0.14667555734284518,Normal,0.4266622213285776,0.0,0.7836967082392201,0.0,Normal,0.7836967082392201,0.0,0.5904032729455252,0.0,Normal,0.5904032729455252,0.0,0.7050166690341934,0.0,Normal,0.7050166690341934,0.0,0.5887821861706433,0.0,Medium,0.5887821861706433,0.0,0.2816091954022987,0.4367816091954026,High,0.4367816091954026,0.0,0.7224762047062917,0.0,Normal,0.7224762047062917,0,Acceptable
0.0,0.505941959971883,0.0,Normal,0.505941959971883,0.0,0.9174616239917225,0.0,Normal,0.9174616239917225,0.0,0.998609690905438,0.0,Normal,0.998609690905438,0.0,0.9128958189864967,0.0,Normal,0.9128958189864967,0.0,0.8676066469495577,0.0,Normal,0.8676066469495577,0.0,0.825823490160163,0.0,Normal,0.825823490160163,0.0,0.0,1.0,High,1.0,0.0,0.0382381779530687,0.9235236440938627,High,0.9235236440938627,0.0,0.5689655172413794,0.0,Normal,0.5689655172413794,0.12096179420231176,0.43951910289884405,0.0,Normal,0.43951910289884405,3,Acceptable
0.0,0.9767856974099327,0.0,Normal,0.9767856974099327,0.0,0.7702179298586451,0.0,Normal,0.7702179298586451,0.0,0.24418089965313777,0.511638200693724,Wet,0.511638200693724,0.0,0.1943328688599203,0.6113342622801596,Wet,0.6113342622801596,0.3657929613064965,0.31710351934675163,0.0,Low,0.3657929613064965,0.0,0.5403788367475636,0.0,Normal,0.5403788367475636,0.0,0.6306503437388995,0.0,Normal,0.6306503437388995,0.11653932119234536,0.4417303394038272,0.0,Medium,0.4417303394038272,0.0,0.952107279693487,0.0,Normal,0.952107279693487,0.21475709646662255,0.39262145176668867,0.0,Normal,0.39262145176668867,3,Good
0.0,0.5346993808436218,0.0,Normal,0.5346993808436218,0.0,0.8367096395784945,0.0,Normal,0.8367096395784945,0.0,0.7247821904351225,0.0,Normal,0.7247821904351225,0.0,0.8621749653573032,0.0,Normal,0.8621749653573032,0.0,0.6583384060367655,0.0,Normal,0.6583384060367655,0.0,0.8605712138430851,0.0,Normal,0.8605712138430851,0.0,0.6395865775492767,0.0,Normal,0.6395865775492767,0.0,0.55534100429697,0.0,Medium,0.55534100429697,1.0,0.0,0.0,Low,1.0,0.5885090554894801,0.2057454722552599,0.0,Low,0.5885090554894801,3,Good
0.0,0.6577766393101713,0.0,Normal,0.6577766393101713,0.0,0.9527154659436604,0.0,Normal,0.9527154659436604,0.0,0.5730331374645149,0.0,Normal,0.5730331374645149,0.0,0.5604960192965794,0.0,Normal,0.5604960192965794,0.0,0.7471190283056932,0.0,Normal,0.7471190283056932,0.0,0.6536662168382785,0.0,Normal,0.6536662168382785,0.0,0.7585769263975547,0.0,Normal,0.7585769263975547,1.0,0.0,0.0,Low,1.0,0.0,0.664750957854406,0.0,Normal,0.664750957854406,0.08518056938124817,0.45740971530937585,0.0,Normal,0.45740971530937585,3,Good
0.45242747517137427,0.27378626241431303,0.0,Cold,0.45242747517137427,0.0,0.5263305249480361,0.0,Normal,0.5263305249480361,1.0,0.0,0.0,Dry,1.0,1.0,0.0,0.0,Dry,1.0,0.0,0.6147887549538864,0.0,Normal,0.6147887549538864,0.0,0.9646007918445636,0.0,Normal,0.9646007918445636,0.0,0.5452436664238552,0.0,Normal,0.5452436664238552,0.3926059340600536,0.30369703296997314,0.0,Low,0.3926059340600536,0.0,0.8563218390804601,0.0,Normal,0.8563218390804601,0.0,0.9559206067508588,0.0,Normal,0.9559206067508588,3,Poor
0.7125322633436104,0.14373386832819487,0.0,Cold,0.7125322633436104,0.0,0.6677037193356735,0.0,Normal,0.6677037193356735,0.0,0.47475886927111904,0.05048226145776106,Normal,0.47475886927111904,0.0,0.24384343412387105,0.5123131317522581,Wet,0.5123131317522581,0.0,0.3445279717945996,0.31094405641080086,Normal,0.3445279717945996,0.45731272777676557,0.2713436361116171,0.0,Low,0.45731272777676557,0.0,0.4687118687088744,0.06257626258225155,Normal,0.4687118687088744,0.0,0.30853847735992057,0.38292304528015914,High,0.38292304528015914,1.0,0.0,0.0,Low,1.0,0.28495387180684356,0.3575230640965782,0.0,Normal,0.3575230640965782,1,Poor
0.0,0.9515656722196953,0.0,Normal,0.9515656722196953,0.0,0.7227893820704002,0.0,Normal,0.7227893820704002,0.0,0.5166042028747919,0.0,Normal,0.5166042028747919,0.0,0.7998974821705708,0.0,Normal,0.7998974821705708,0.0,0.7272361973455735,0.0,Normal,0.7272361973455735,0.0,0.8123349969919773,0.0,Normal,0.8123349969919773,0.0,0.7784406924173427,0.0,Normal,0.7784406924173427,0.0,0.6169880071963109,0.0,Medium,0.6169880071963109,0.8199233716475094,0.09003831417624526,0.0,Low,0.8199233716475094,0.0,0.573003768908505,0.0,Normal,0.573003768908505,0,Acceptable
0.0,0.22286361003893015,0.5542727799221392,Hot,0.5542727799221392,0.0,0.8235130656283345,0.0,Normal,0.8235130656283345,0.0,0.7490842553041563,0.0,Normal,0.7490842553041563,0.0,0.8115870646790196,0.0,Normal,0.8115870646790196,0.0,0.802441313530084,0.0,Normal,0.802441313530084,0.0,0.5405906072374937,0.0,Normal,0.5405906072374937,0.0,0.6286844733434446,0.0,Normal,0.6286844733434446,0.0,0.7363771264543197,0.0,Medium,0.7363771264543197,0.0,0.7605363984674332,0.0,Normal,0.7605363984674332,0.0,0.575589239567186,0.0,Normal,0.575589239567186,0,Acceptable
0.0,0.9949424814687226,0.0,Normal,0.9949424814687226,0.0,0.8692205376417856,0.0,Normal,0.8692205376417856,0.0,0.43005951314673674,0.13988097370652566,Normal,0.43005951314673674,0.0,0.5790922667582361,0.0,Normal,0.5790922667582361,0.0,0.9615035342055747,0.0,Normal,0.9615035342055747,0.0,0.8076374310607114,0.0,Normal,0.8076374310607114,0.0,0.8934947358446945,0.0,Normal,0.8934947358446945,0.0,0.684876835853238,0.0,Medium,0.684876835853238,0.8199233716475094,0.09003831417624526,0.0,Low,0.8199233716475094,0.11084222768130056,0.44457888615934965,0.0,Normal,0.44457888615934965,0,Acceptable
0.5269635221120158,0.2365182389439922,0.0,Cold,0.5269635221120158,0.0,0.13626428836665752,0.7274714232666849,Hot,0.7274714232666849,0.0,0.5179943937819438,0.0,Normal,0.5179943937819438,0.0,0.5141623130082297,0.0,Normal,0.5141623130082297,0.0,0.6579225796402086,0.0,Normal,0.6579225796402086,0.0,0.5594870679476848,0.0,Normal,0.5594870679476848,0.48249577055367215,0.2587521147231639,0.0,Low,0.48249577055367215,1.0,0.0,0.0,Low,1.0,0.0,0.8563218390804601,0.0,Normal,0.8563218390804601,0.0,0.034493021910806096,0.9310139561783878,High,0.9310139561783878,3,Poor
0.0,0.7881832560853564,0.0,Normal,0.7881832560853564,1.0,0.0,0.0,Cold,1.0,0.08397987495969379,0.45801006252015325,0.0,Normal,0.45801006252015325,0.06633941155946892,0.4668302942202654,0.0,Normal,0.4668302942202654,0.7525077051317483,0.12374614743412585,0.0,Low,0.7525077051317483,0.0,0.5036474797192289,0.0,Normal,0.5036474797192289,0.32296963440406357,0.3385151827979682,0.0,Normal,0.3385151827979682,0.0,0.8713888312271428,0.0,Medium,0.8713888312271428,0.0,0.0,1.0,High,1.0,0.0,0.0,1.0,High,1.0,3,Acceptable
0.5476458142288432,0.22617709288557855,0.0,Cold,0.5476458142288432,0.03532014644263383,0.482339926778683,0.0,Normal,0.482339926778683,0.0,0.8659668114906603,0.0,Normal,0.8659668114906603,0.0,0.6109910486926691,0.0,Normal,0.6109910486926691,0.0,0.9025286803800912,0.0,Normal,0.9025286803800912,0.25863566382840897,0.3706821680857954,0.0,Normal,0.3706821680857954,0.0,0.8297030260439486,0.0,Normal,0.8297030260439486,0.0,0.7999661148675492,0.0,Medium,0.7999661148675492,0.0,0.2816091954022987,0.4367816091954026,High,0.4367816091954026,0.0,0.6479093593535976,0.0,Normal,0.6479093593535976,1,Poor
0.0,0.5619043055972972,0.0,Normal,0.5619043055972972,0.0,0.2831005360870975,0.4337989278258048,Hot,0.4337989278258048,0.0,0.7274874433985715,0.0,Normal,0.7274874433985715,0.0,0.9159979451310472,0.0,Normal,0.9159979451310472,1.0,0.0,0.0,Low,1.0,0.0,0.3308320990618767,0.33833580187624657,High,0.33833580187624657,0.0,0.6237336840777538,0.0,Normal,0.6237336840777538,0.7431590282375622,0.1284204858812189,0.0,Low,0.7431590282375622,0.0,0.0,1.0,High,1.0,0.0,0.5557569391657494,0.0,Normal,0.5557569391657494,3,Good
0.0,0.7106865109703797,0.0,Normal,0.7106865109703797,0.0,0.4724449123572979,0.055110175285403885,Normal,0.4724449123572979,0.9984728210312861,0.0007635894843569587,0.0,Dry,0.9984728210312861,0.2877370577207529,0.3561314711396234,0.0,Normal,0.3561314711396234,0.0,0.6810859605056675,0.0,Normal,0.6810859605056675,0.0,0.9536345442551087,0.0,Normal,0.9536345442551087,0.0,0.8252286808501165,0.0,Normal,0.8252286808501165,0.8954272067520128,0.052286396623993564,0.0,Low,0.8954272067520128,0.24521072796934829,0.3773946360153258,0.0,Normal,0.3773946360153258,0.0,0.7757555518681456,0.0,Normal,0.7757555518681456,0,Acceptable
0.0,0.7543128780060655,0.0,Normal,0.7543128780060655,0.0,0.9743585502245412,0.0,Normal,0.9743585502245412,0.0,0.002059479624103387,0.9958810407517932,Wet,0.9958810407517932,0.0,0.10208898165713244,0.7958220366857353,Wet,0.7958220366857353,0.0,0.9357679827550645,0.0,Normal,0.9357679827550645,0.5446203261193521,0.22768983694032394,0.0,Low,0.5446203261193521,0.47319772347126443,0.2634011382643678,0.0,Low,0.47319772347126443,0.0,0.6328194138533969,0.0,Medium,0.6328194138533969,0.0,0.7605363984674328,0.0,Normal,0.7605363984674328,0.11604141561484281,0.44197929219257853,0.0,Normal,0.44197929219257853,1,Acceptable
0.0,0.7123800288029848,0.0,Normal,0.7123800288029848,0.0,0.9541571569685625,0.0,Normal,0.9541571569685625,0.0,0.9933979343245821,0.0,Normal,0.9933979343245821,0.0,0.789806521707946,0.0,Normal,0.789806521707946,0.0,0.8570913647057792,0.0,Normal,0.8570913647057792,0.283876646163848,0.35806167691807594,0.0,Normal,0.35806167691807594,0.0,0.5758368571205085,0.0,Normal,0.5758368571205085,0.0,0.9619320855268911,0.0,Medium,0.9619320855268911,0.0,0.8563218390804596,0.0,Normal,0.8563218390804596,0.0,0.7045517464989379,0.0,Normal,0.7045517464989379,1,Acceptable
0.0,0.9157754583280898,0.0,Normal,0.9157754583280898,0.0,0.16836041381010738,0.6632791723797852,Hot,0.6632791723797852,0.0,0.879452766054546,0.0,Normal,0.879452766054546,0.0,0.7493465951439708,0.0,Normal,0.7493465951439708,0.0,0.0,1.0,High,1.0,0.9264984224496906,0.036750788775154704,0.0,Low,0.9264984224496906,0.0,0.0,1.0,High,1.0,0.0,0.0,1.0,High,1.0,0.0,0.9521072796934864,0.0,Normal,0.9521072796934864,0.0,0.5919135770852872,0.0,Normal,0.5919135770852872,1,Poor
0.0,0.8001053312002119,0.0,Normal,0.8001053312002119,0.0,0.0,1.0,Hot,1.0,0.0,0.5165997955829306,0.0,Normal,0.5165997955829306,0.0,0.768606915552932,0.0,Normal,0.768606915552932,0.0,0.5899289093885793,0.0,Normal,0.5899289093885793,0.032336886990889394,0.48383155650455517,0.0,Normal,0.48383155650455517,0.21719255417859817,0.3914037229107009,0.0,Normal,0.3914037229107009,0.27985661231406633,0.3600716938429668,0.0,Medium,0.3600716938429668,1.0,0.0,0.0,Low,1.0,0.0,0.0,1.0,High,1.0,3,Acceptable
0.0,0.6242051341473035,0.0,Normal,0.6242051341473035,0.11123469882236958,0.4443826505888151,0.0,Normal,0.4443826505888151,0.124190664135969,0.43790466793201566,0.0,Normal,0.43790466793201566,0.0,0.6886801799866871,0.0,Normal,0.6886801799866871,0.0,0.7513546799609415,0.0,Normal,0.7513546799609415,0.051631722048696566,0.4741841389756516,0.0,Normal,0.4741841389756516,0.0,0.8995118769763517,0.0,Normal,0.8995118769763517,0.0,0.9358484489666292,0.0,Medium,0.9358484489666292,0.0,0.0,1.0,High,1.0,0.0,0.811445069285894,0.0,Normal,0.811445069285894,3,Good
0.0,0.6972697255426857,0.0,Normal,0.6972697255426857,0.0,0.23476944132257996,0.53046111735484,Hot,0.53046111735484,0.0,0.7498711971932336,0.0,Normal,0.7498711971932336,0.0,0.6948144889463003,0.0,Normal,0.6948144889463003,1.0,0.0,0.0,Low,1.0,0.0,0.8396202723164268,0.0,Normal,0.8396202723164268,0.0,0.7007254240225891,0.0,Normal,0.7007254240225891,0.5029897958850088,0.24850510205749554,0.0,Low,0.5029897958850088,0.0,0.664750957854406,0.0,Normal,0.664750957854406,0.0,0.8617846139045656,0.0,Normal,0.8617846139045656,3,Good
0.0,0.845683803504225,0.0,Normal,0.845683803504225,0.0,0.9672359638032888,0.0,Normal,0.9672359638032888,0.0,0.5931185354692291,0.0,Normal,0.5931185354692291,0.0921841636037952,0.4539079181981022,0.0,Normal,0.4539079181981022,0.9311636034054317,0.03441819829728412,0.0,Low,0.9311636034054317,0.0,0.3973466606150077,0.20530667876998462,Normal,0.3973466606150077,0.0,0.8141789029856542,0.0,Normal,0.8141789029856542,0.0,0.6320532893281762,0.0,Medium,0.6320532893281762,0.6283524904214557,0.1858237547892721,0.0,Low,0.6283524904214557,0.2538216653738174,0.3730891673130913,0.0,Normal,0.3730891673130913,3,Good
0.0,0.5031475069485272,0.0,Normal,0.5031475069485272,0.6225510712643795,0.1887244643678102,0.0,Cold,0.6225510712643795,0.0,0.9919768349850207,0.0,Normal,0.9919768349850207,0.0,0.8210643768490211,0.0,Normal,0.8210643768490211,0.0,0.9675400992949699,0.0,Normal,0.9675400992949699,0.0,0.6666147630658261,0.0,Normal,0.6666147630658261,0.0,0.8728592457112575,0.0,Normal,0.8728592457112575,0.0,0.9139907823730359,0.0,Medium,0.9139907823730359,0.0,0.7605363984674328,0.0,Normal,0.7605363984674328,0.06759042709770348,0.4662047864511482,0.0,Normal,0.4662047864511482,3,Good
0.0,0.44632965605271013,0.10734068789457882,Normal,0.44632965605271013,0.0,0.5058581044928748,0.0,Normal,0.5058581044928748,0.0,0.35114236769372015,0.29771526461255904,Normal,0.35114236769372015,0.0,0.3446635151746474,0.31067296965070557,Normal,0.3446635151746474,0.0,0.7718397594658017,0.0,Normal,0.7718397594658017,0.6451664587416358,0.17741677062918204,0.0,Low,0.6451664587416358,0.6160211310391465,0.1919894344804268,0.0,Low,0.6160211310391465,0.0,0.9862346669876249,0.0,Medium,0.9862346669876249,0.0,0.5689655172413791,0.0,Normal,0.5689655172413791,0.0,0.229123078604894,0.541753842790212,High,0.541753842790212,1,Poor
0.0,0.3249269725129949,0.35014605497400947,Hot,0.35014605497400947,0.0,0.7582070609369072,0.0,Normal,0.7582070609369072,0.0,0.8381908080950004,0.0,Normal,0.8381908080950004,0.0,0.855045160808274,0.0,Normal,0.855045160808274,0.0,0.5529578725565278,0.0,Normal,0.5529578725565278,0.7622765180565888,0.11886174097170557,0.0,Low,0.7622765180565888,0.0,0.7906616008226685,0.0,Normal,0.7906616008226685,0.0,0.7584040500206132,0.0,Medium,0.7584040500206132,0.0,0.0,1.0,High,1.0,0.0,0.5000894836278544,0.0,Normal,0.5000894836278544,1,Poor
0.0,0.5069806344100327,0.0,Normal,0.5069806344100327,0.0,0.8126273096439299,0.0,Normal,0.8126273096439299,0.0,0.209480057460305,0.5810398850793895,Wet,0.5810398850793895,0.0,0.11157630854820481,0.7768473829035905,Wet,0.7768473829035905,0.0,0.8519773231094595,0.0,Normal,0.8519773231094595,0.013784380635393835,0.49310780968230294,0.0,Normal,0.49310780968230294,0.0,0.991744019663254,0.0,Normal,0.991744019663254,0.0,0.3460263883544564,0.30794722329108754,Medium,0.3460263883544564,1.0,0.0,0.0,Low,1.0,0.1665296806868861,0.4167351596565569,0.0,Normal,0.4167351596565569,1,Acceptable
0.0,0.8383808388987549,0.0,Normal,0.8383808388987549,0.0,0.475013497318033,0.04997300536393371,Normal,0.475013497318033,0.0,0.739945549559313,0.0,Normal,0.739945549559313,0.0,0.9626650960936292,0.0,Normal,0.9626650960936292,0.0,0.8147053612438342,0.0,Normal,0.8147053612438342,0.7716646476882366,0.11416767615588164,0.0,Low,0.7716646476882366,0.0,0.5055147976831454,0.0,Normal,0.5055147976831454,0.0,0.732230778194836,0.0,Medium,0.732230778194836,1.0,0.0,0.0,Low,1.0,0.3055328265620477,0.3472335867189761,0.0,Normal,0.3472335867189761,0,Good
0.0,0.5460438026556208,0.0,Normal,0.5460438026556208,0.0,0.7353100592750634,0.0,Normal,0.7353100592750634,0.0,0.5825481681218735,0.0,Normal,0.5825481681218735,0.0,0.697338503502129,0.0,Normal,0.697338503502129,0.0,0.7425633648421195,0.0,Normal,0.7425633648421195,0.0,0.48046427518793605,0.039071449624127876,Normal,0.48046427518793605,0.0,0.8335724769737818,0.0,Normal,0.8335724769737818,1.0,0.0,0.0,Low,1.0,0.0,0.9521072796934864,0.0,Normal,0.9521072796934864,0.0,0.8572609984767754,0.0,Normal,0.8572609984767754,3,Good
0.0,0.8821902039114669,0.0,Normal,0.8821902039114669,0.0,0.622726773274578,0.0,Normal,0.622726773274578,0.0,0.8305788058042208,0.0,Normal,0.8305788058042208,0.0,0.9582591469385,0.0,Normal,0.9582591469385,0.0,0.8871449798173847,0.0,Normal,0.8871449798173847,0.0,0.7422209566287559,0.0,Normal,0.7422209566287559,0.0,0.7831356316108197,0.0,Normal,0.7831356316108197,0.0,0.9903209389815181,0.0,Medium,0.9903209389815181,0.05363984674329458,0.47318007662835265,0.0,Normal,0.47318007662835265,0.0,0.7489963906632066,0.0,Normal,0.7489963906632066,3,Good
0.0,0.2848024037569692,0.43039519248606095,Hot,0.43039519248606095,0.0,0.5250961854374503,0.0,Normal,0.5250961854374503,0.0,0.40740875521075526,0.18518248957848873,Normal,0.40740875521075526,0.0,0.4125709953206249,0.17485800935875054,Normal,0.4125709953206249,0.0,0.5964458152844229,0.0,Normal,0.5964458152844229,0.18114057941802195,0.4094297102909889,0.0,Normal,0.4094297102909889,0.507325746364953,0.24633712681752354,0.0,Low,0.507325746364953,0.0,0.9756658425493706,0.0,Medium,0.9756658425493706,0.0,0.0,1.0,High,1.0,0.0,0.5949290467435508,0.0,Normal,0.5949290467435508,1,Acceptable
0.0,0.5026172303690022,0.0,Normal,0.5026172303690022,0.0,0.2839235215850973,0.43215295682980526,Hot,0.43215295682980526,0.039266842793172815,0.48036657860341375,0.0,Normal,0.48036657860341375,0.0,0.7754200402001614,0.0,Normal,0.7754200402001614,0.6556561816030309,0.17217190919848452,0.0,Low,0.6556561816030309,0.0,0.7574583510975708,0.0,Normal,0.7574583510975708,0.0,0.6797269546270562,0.0,Normal,0.6797269546270562,0.0,0.8935595159440652,0.0,Medium,0.8935595159440652,0.0,0.4731800766283523,0.05363984674329525,Normal,0.4731800766283523,0.0,0.5420590029767034,0.0,Normal,0.5420590029767034,0,Acceptable
0.1099551370058439,0.44502243149707826,0.0,Normal,0.44502243149707826,0.0,0.8114620118805641,0.0,Normal,0.8114620118805641,0.39559764346328385,0.3022011782683582,0.0,Dry,0.39559764346328385,0.1598411910992944,0.42007940445035263,0.0,Normal,0.42007940445035263,0.0,0.7871849698090146,0.0,Normal,0.7871849698090146,0.0,0.7468189946852356,0.0,Normal,0.7468189946852356,0.0,0.6363208719181671,0.0,Normal,0.6363208719181671,0.6223342120490111,0.18883289397549446,0.0,Low,0.6223342120490111,1.0,0.0,0.0,Low,1.0,0.24674477085342914,0.37662761457328536,0.0,Normal,0.37662761457328536,3,Acceptable
0.0,0.3569424502526897,0.2861150994946198,Normal,0.3569424502526897,0.5308902758097757,0.23455486209511212,0.0,Cold,0.5308902758097757,1.0,0.0,0.0,Dry,1.0,0.9321433921120238,0.03392830394398811,0.0,Dry,0.9321433921120238,0.5158584399097641,0.24207078004511787,0.0,Low,0.5158584399097641,0.0,0.9806637197445464,0.0,Normal,0.9806637197445464,0.0,0.9496784349837534,0.0,Normal,0.9496784349837534,0.0,0.505680938654717,0.0,Medium,0.505680938654717,0.0,0.7605363984674328,0.0,Normal,0.7605363984674328,0.0,0.0,1.0,High,1.0,3,Poor
0.0,0.5612138842532128,0.0,Normal,0.5612138842532128,0.0,0.45071000118672033,0.09857999762655908,Normal,0.45071000118672033,0.0,0.7178835692521349,0.0,Normal,0.7178835692521349,0.0,0.9699354480635892,0.0,Normal,0.9699354480635892,1.0,0.0,0.0,Low,1.0,0.0,0.085719062221589,0.828561875556822,High,0.828561875556822,0.0,0.5716105700124764,0.0,Normal,0.5716105700124764,0.3617558260519275,0.3191220869740362,0.0,Low,0.3617558260519275,0.0,0.4731800766283523,0.05363984674329525,Normal,0.4731800766283523,0.8597839490543111,0.07010802547284446,0.0,Low,0.8597839490543111,3,Good
0.0,0.7808872416222223,0.0,Normal,0.7808872416222223,0.08129532276876911,0.4593523386156153,0.0,Normal,0.4593523386156153,0.0,0.8573081167061273,0.0,Normal,0.8573081167061273,0.0,0.9147084498890824,0.0,Normal,0.9147084498890824,1.0,0.0,0.0,Low,1.0,0.0,0.12659917636477494,0.7468016472704501,High,0.7468016472704501,0.0,0.8669561948872251,0.0,Normal,0.8669561948872251,0.8442384040168377,0.07788079799158111,0.0,Low,0.8442384040168377,0.436781609195402,0.28160919540229895,0.0,Low,0.436781609195402,0.0,0.7828982071259932,0.0,Normal,0.7828982071259932,3,Good
1.0,0.0,0.0,Cold,1.0,0.0,0.9678560227397472,0.0,Normal,0.9678560227397472,0.0,0.14146652107865798,0.7170669578426837,Wet,0.7170669578426837,0.0,0.0,1.0,Wet,1.0,0.0,0.6277114255839652,0.0,Normal,0.6277114255839652,0.8508201496014276,0.07458992519928617,0.0,Low,0.8508201496014276,0.35266855892981597,0.323665720535092,0.0,Low,0.35266855892981597,0.0,0.9675114970223339,0.0,Medium,0.9675114970223339,0.24521072796934829,0.3773946360153258,0.0,Normal,0.3773946360153258,0.0,0.7543870782390184,0.0,Normal,0.7543870782390184,2,Poor
0.0,0.6564813352983491,0.0,Normal,0.6564813352983491,0.0,0.5993779430294328,0.0,Normal,0.5993779430294328,0.0,0.5213222298990153,0.0,Normal,0.5213222298990153,0.23440972482535424,0.38279513758732275,0.0,Normal,0.38279513758732275,0.0,0.09644511365920737,0.8071097726815852,High,0.8071097726815852,0.5293091968795458,0.23534540156022704,0.0,Low,0.5293091968795458,0.0,0.8540298522128088,0.0,Normal,0.8540298522128088,0.0,0.11581006084110383,0.7683798783177924,High,0.7683798783177924,0.436781609195402,0.28160919540229895,0.0,Low,0.436781609195402,0.0,0.8531301414221172,0.0,Normal,0.8531301414221172,1,Acceptable
0.0,0.6418502640315045,0.0,Normal,0.6418502640315045,0.0,0.14593692844848258,0.7081261431030348,Hot,0.7081261431030348,0.9625506186631905,0.018724690668404764,0.0,Dry,0.9625506186631905,0.27530252781560216,0.3623487360921988,0.0,Normal,0.3623487360921988,0.0,0.6663394381577987,0.0,Normal,0.6663394381577987,0.0,0.684320555159222,0.0,Normal,0.684320555159222,0.0,0.6670023479821408,0.0,Normal,0.6670023479821408,0.0,0.8715229928132359,0.0,Medium,0.8715229928132359,0.6283524904214557,0.1858237547892721,0.0,Low,0.6283524904214557,0.0,0.6192754711860795,0.0,Normal,0.6192754711860795,3,Acceptable
0.0,0.2872833789860907,0.42543324202781796,Hot,0.42543324202781796,0.0,0.2727372667799991,0.45452546644000164,Hot,0.45452546644000164,0.0,0.766854693930687,0.0,Normal,0.766854693930687,0.0,0.6833349459390314,0.0,Normal,0.6833349459390314,0.0,0.8004247505752407,0.0,Normal,0.8004247505752407,0.3014817943780242,0.3492591028109878,0.0,Normal,0.3492591028109878,0.0,0.5020014288975977,0.0,Normal,0.5020014288975977,0.0,0.555465696821401,0.0,Medium,0.555465696821401,0.0,0.5689655172413794,0.0,Normal,0.5689655172413794,0.0,0.5957600151213011,0.0,Normal,0.5957600151213011,0,Acceptable
0.12296923385144455,0.43851538307427795,0.0,Normal,0.43851538307427795,0.0,0.7582558576528502,0.0,Normal,0.7582558576528502,0.0,0.9058400380832616,0.0,Normal,0.9058400380832616,0.0,0.9582591204781112,0.0,Normal,0.9582591204781112,1.0,0.0,0.0,Low,1.0,0.0,0.14282647260117212,0.7143470547976557,High,0.7143470547976557,0.0,0.8695236194850963,0.0,Normal,0.8695236194850963,1.0,0.0,0.0,Low,1.0,0.24521072796934829,0.3773946360153258,0.0,Normal,0.3773946360153258,0.3557511328939536,0.3221244335530231,0.0,Low,0.3557511328939536,3,Good
0.467450898152154,0.2662745509239231,0.0,Cold,0.467450898152154,0.0,0.6902142857997958,0.0,Normal,0.6902142857997958,0.0,0.9428833776614263,0.0,Normal,0.9428833776614263,0.0,0.95795135385743,0.0,Normal,0.95795135385743,0.17695450960212006,0.41152274519893983,0.0,Normal,0.41152274519893983,0.0,0.9474701195497532,0.0,Normal,0.9474701195497532,0.0,0.8063981069437548,0.0,Normal,0.8063981069437548,0.0,0.0,1.0,High,1.0,0.0,0.5689655172413791,0.0,Normal,0.5689655172413791,0.2712272453607678,0.36438637731961604,0.0,Normal,0.36438637731961604,3,Acceptable
0.0,0.546722823968464,0.0,Normal,0.546722823968464,0.0,0.19242214054417914,0.6151557189116417,Hot,0.6151557189116417,0.0,0.6896795630621482,0.0,Normal,0.6896795630621482,0.0,0.9839923455796696,0.0,Normal,0.9839923455796696,0.0,0.978489138603093,0.0,Normal,0.978489138603093,0.0,0.8800207041602763,0.0,Normal,0.8800207041602763,0.0,0.8636450489695224,0.0,Normal,0.8636450489695224,0.0,0.7747291653627768,0.0,Medium,0.7747291653627768,1.0,0.0,0.0,Low,1.0,0.0,0.7086836603812356,0.0,Normal,0.7086836603812356,3,Acceptable
0.0,0.5090231471554553,0.0,Normal,0.5090231471554553,0.0,0.6748725963816258,0.0,Normal,0.6748725963816258,0.0,0.6726870491316048,0.0,Normal,0.6726870491316048,0.0,0.9385770440919035,0.0,Normal,0.9385770440919035,1.0,0.0,0.0,Low,1.0,0.0,0.0,1.0,High,1.0,0.0,0.62629739846065,0.0,Normal,0.62629739846065,1.0,0.0,0.0,Low,1.0,1.0,0.0,0.0,Low,1.0,0.5969381522329481,0.20153092388352595,0.0,Low,0.5969381522329481,3,Acceptable
0.0,0.9600566790783531,0.0,Normal,0.9600566790783531,0.4074163228235367,0.2962918385882316,0.0,Cold,0.4074163228235367,0.0,0.5864375112205547,0.0,Normal,0.5864375112205547,0.5506200322631125,0.22468998386844363,0.0,Dry,0.5506200322631125,0.0,0.3360289996915148,0.32794200061697043,Normal,0.3360289996915148,0.6128506819713333,0.19357465901433332,0.0,Low,0.6128506819713333,0.0,0.5139471135288795,0.0,Normal,0.5139471135288795,0.0,0.9507857110754263,0.0,Medium,0.9507857110754263,0.0,0.37739463601532547,0.24521072796934892,Normal,0.37739463601532547,0.0,0.6305521501147079,0.0,Normal,0.6305521501147079,0,Acceptable
0.0,0.342455576671437,0.3150888466571253,Normal,0.342455576671437,0.3312241904644305,0.3343879047677846,0.0,Normal,0.3343879047677846,0.0,0.7668523320466657,0.0,Normal,0.7668523320466657,0.0,0.892768059017175,0.0,Normal,0.892768059017175,0.050493177353550696,0.4747534113232245,0.0,Normal,0.4747534113232245,0.0,0.9676500205633748,0.0,Normal,0.9676500205633748,0.0,0.523762239136961,0.0,Normal,0.523762239136961,0.0,0.668605157408482,0.0,Medium,0.668605157408482,0.0,0.37739463601532547,0.24521072796934892,Normal,0.37739463601532547,0.0,0.0,1.0,High,1.0,3,Acceptable
0.0,0.9466509084329083,0.0,Normal,0.9466509084329083,0.0,0.4069108234852993,0.18617835302940128,Normal,0.4069108234852993,0.0,0.6959668942939468,0.0,Normal,0.6959668942939468,0.0,0.382583430529027,0.23483313894194635,Normal,0.382583430529027,0.0,0.9272164588171203,0.0,Normal,0.9272164588171203,0.0,0.8545096879954028,0.0,Normal,0.8545096879954028,0.0,0.37781665855693924,0.24436668288612176,Normal,0.37781665855693924,0.0,0.7817943533906386,0.0,Medium,0.7817943533906386,0.436781609195402,0.28160919540229895,0.0,Low,0.436781609195402,0.0,0.702583105589206,0.0,Normal,0.702583105589206,3,Good
0.0,0.41074950465393173,0.17850099069213562,Normal,0.41074950465393173,0.0,0.9399808003379271,0.0,Normal,0.9399808003379271,0.0,0.6287953713110306,0.0,Normal,0.6287953713110306,0.0,0.8488041348579983,0.0,Normal,0.8488041348579983,0.8280205896996039,0.08598970515019802,0.0,Low,0.8280205896996039,0.0,0.22792479674928237,0.5441504065014352,High,0.5441504065014352,0.8460269702126163,0.07698651489369182,0.0,Low,0.8460269702126163,0.3491774718992305,0.3254112640503847,0.0,Low,0.3491774718992305,1.0,0.0,0.0,Low,1.0,0.04341697645441405,0.4782915117727929,0.0,Normal,0.4782915117727929,3,Good
0.0,0.7709944908253129,0.0,Normal,0.7709944908253129,0.0,0.6921194897764325,0.0,Normal,0.6921194897764325,0.04516859552618607,0.4774157022369071,0.0,Normal,0.4774157022369071,0.0,0.5202213960870633,0.0,Normal,0.5202213960870633,0.2835135569794022,0.3582432215102988,0.0,Normal,0.3582432215102988,0.0,0.5816520054419696,0.0,Normal,0.5816520054419696,0.0,0.9654584612454004,0.0,Normal,0.9654584612454004,0.0,0.15504903553667945,0.6899019289266413,High,0.6899019289266413,0.0,0.37739463601532547,0.24521072796934892,Normal,0.37739463601532547,0.0,0.6447925202774523,0.0,Normal,0.6447925202774523,3,Good
0.30808360232209486,0.3459581988389528,0.0,Normal,0.3459581988389528,0.0,0.8226178915697333,0.0,Normal,0.8226178915697333,0.0,0.9959057614073613,0.0,Normal,0.9959057614073613,0.0,0.9290329975359126,0.0,Normal,0.9290329975359126,0.0,0.8581532412957484,0.0,Normal,0.8581532412957484,0.5415765265281266,0.22921173673593664,0.0,Low,0.5415765265281266,0.0,0.6545578176987905,0.0,Normal,0.6545578176987905,0.0,0.9438379346232987,0.0,Medium,0.9438379346232987,1.0,0.0,0.0,Low,1.0,0.4269662424054251,0.28651687879728743,0.0,Low,0.4269662424054251,1,Acceptable
0.0,0.8138105297323603,0.0,Normal,0.8138105297323603,0.0,0.6834215491083246,0.0,Normal,0.6834215491083246,0.0,0.5157402273404453,0.0,Normal,0.5157402273404453,0.11774673556363878,0.44112663221818044,0.0,Normal,0.44112663221818044,0.8937524419894107,0.05312377900529463,0.0,Low,0.8937524419894107,0.0,0.560035757756271,0.0,Normal,0.560035757756271,0.01410849978007793,0.49294575010996106,0.0,Normal,0.49294575010996106,0.19694184529215178,0.401529077353924,0.0,Medium,0.401529077353924,0.0,0.9521072796934864,0.0,Normal,0.9521072796934864,0.13932632591615424,0.4303368370419228,0.0,Normal,0.4303368370419228,3,Good
1.0,0.0,0.0,Cold,1.0,0.09932816276867414,0.4503359186156628,0.0,Normal,0.4503359186156628,0.5585645546371053,0.2207177226814474,0.0,Dry,0.5585645546371053,0.9530003643046077,0.023499817847696162,0.0,Dry,0.9530003643046077,0.0,0.6943823402038044,0.0,Normal,0.6943823402038044,0.0,0.5574881558101933,0.0,Normal,0.5574881558101933,0.0,0.9739337865677085,0.0,Normal,0.9739337865677085,0.0,0.5326622342787267,0.0,Medium,0.5326622342787267,0.8199233716475094,0.09003831417624526,0.0,Low,0.8199233716475094,0.28044935926300507,0.3597753203684974,0.0,Normal,0.3597753203684974,3,Poor
0.0,0.5050676372313171,0.0,Normal,0.5050676372313171,0.0,0.9688733845580938,0.0,Normal,0.9688733845580938,0.0,0.7711281108771901,0.0,Normal,0.7711281108771901,0.0,0.9297876904590965,0.0,Normal,0.9297876904590965,0.016568978345429388,0.49171551082728515,0.0,Normal,0.49171551082728515,0.0,0.7525209047773066,0.0,Normal,0.7525209047773066,0.41424272722645256,0.2928786363867737,0.0,Low,0.41424272722645256,0.1787111942423176,0.41064440287884113,0.0,Medium,0.41064440287884113,0.0,0.5689655172413794,0.0,Normal,0.5689655172413794,0.0,0.5984409312972507,0.0,Normal,0.5984409312972507,3,Good
0.0,0.6126067151786982,0.0,Normal,0.6126067151786982,0.0,0.9515087170993954,0.0,Normal,0.9515087170993954,0.0,0.6836110356140813,0.0,Normal,0.6836110356140813,0.0,0.7892487766550743,0.0,Normal,0.7892487766550743,0.211060706301044,0.3944696468494779,0.0,Normal,0.3944696468494779,0.0,0.8156541235317791,0.0,Normal,0.8156541235317791,0.0,0.6319198288740411,0.0,Normal,0.6319198288740411,0.26907695814024574,0.36546152092987705,0.0,Medium,0.36546152092987705,0.0,0.8563218390804596,0.0,Normal,0.8563218390804596,0.13973426560590682,0.4301328671970465,0.0,Normal,0.4301328671970465,3,Good
0.0,0.7162008164796507,0.0,Normal,0.7162008164796507,0.0,0.46063055256746055,0.07873889486507872,Normal,0.46063055256746055,0.06506360802682326,0.4674681959865885,0.0,Normal,0.4674681959865885,0.0,0.8955336019594521,0.0,Normal,0.8955336019594521,0.0,0.8161152415248096,0.0,Normal,0.8161152415248096,0.0,0.6492390829195294,0.0,Normal,0.6492390829195294,0.0,0.7858704378624277,0.0,Normal,0.7858704378624277,0.0,0.7100185265623945,0.0,Medium,0.7100185265623945,1.0,0.0,0.0,Low,1.0,0.45435343932591554,0.2728232803370422,0.0,Low,0.45435343932591554,3,Good
0.0,0.9077351765953403,0.0,Normal,0.9077351765953403,0.0,0.9488844627095037,0.0,Normal,0.9488844627095037,0.0,0.7861200005944052,0.0,Normal,0.7861200005944052,0.1589403926729967,0.4205298036635015,0.0,Normal,0.4205298036635015,0.0,0.8129449899408233,0.0,Normal,0.8129449899408233,0.3576850187854736,0.3211574906072631,0.0,Low,0.3576850187854736,0.0,0.8688884008602487,0.0,Normal,0.8688884008602487,0.13956465289062497,0.43021767355468743,0.0,Medium,0.43021767355468743,0.0,0.5689655172413791,0.0,Normal,0.5689655172413791,0.023598327496657596,0.48820083625167116,0.0,Normal,0.48820083625167116,0,Acceptable
0.0,0.8887546489040722,0.0,Normal,0.8887546489040722,0.0,0.600970386344015,0.0,Normal,0.600970386344015,0.0,0.4688972773096973,0.06220544538060446,Normal,0.4688972773096973,0.0,0.29910922906868936,0.40178154186262155,Wet,0.40178154186262155,0.36041872226587607,0.3197906388670619,0.0,Low,0.36041872226587607,0.6174607149467605,0.1912696425266197,0.0,Low,0.6174607149467605,0.0,0.9516264173519471,0.0,Normal,0.9516264173519471,0.0,0.74832957995781,0.0,Medium,0.74832957995781,0.0,0.8563218390804601,0.0,Normal,0.8563218390804601,0.0,0.8112027819180848,0.0,Normal,0.8112027819180848,1,Acceptable
0.030743891818159466,0.4846280540909205,0.0,Normal,0.4846280540909205,0.0,0.8655507581227468,0.0,Normal,0.8655507581227468,0.05112178806495487,0.4744391059675227,0.0,Normal,0.4744391059675227,0.0,0.5501389543787398,0.0,Normal,0.5501389543787398,1.0,0.0,0.0,Low,1.0,0.0,0.2105437739658445,0.578912452068311,High,0.578912452068311,0.0,0.7346570796909464,0.0,Normal,0.7346570796909464,0.0,0.8457138217189732,0.0,Medium,0.8457138217189732,1.0,0.0,0.0,Low,1.0,1.0,0.0,0.0,Low,1.0,3,Good
0.0,0.872096254978383,0.0,Normal,0.872096254978383,0.0,0.6678174148964224,0.0,Normal,0.6678174148964224,0.0,0.9244378347999246,0.0,Normal,0.9244378347999246,0.0,0.9012485694328596,0.0,Normal,0.9012485694328596,0.6771425300240955,0.16142873498795218,0.0,Low,0.6771425300240955,0.0,0.30564695876122033,0.3887060824775593,High,0.3887060824775593,0.06342176150742783,0.4682891192462861,0.0,Normal,0.4682891192462861,0.19102707587243,0.4044864620637849,0.0,Medium,0.4044864620637849,0.0,0.664750957854406,0.0,Normal,0.664750957854406,0.18635521094115856,0.40682239452942065,0.0,Normal,0.40682239452942065,3,Good
0.48257962526100323,0.2587101873694985,0.0,Cold,0.48257962526100323,0.0,0.6730360567841245,0.0,Normal,0.6730360567841245,0.0,0.408660045783652,0.1826799084326952,Normal,0.408660045783652,0.0,0.49000468682093556,0.019990626358129326,Normal,0.49000468682093556,0.0,0.9887948415109761,0.0,Normal,0.9887948415109761,0.7485443930593013,0.1257278034703493,0.0,Low,0.7485443930593013,0.0,0.8960402936779368,0.0,Normal,0.8960402936779368,0.16834669442621072,0.41582665278689457,0.0,Medium,0.41582665278689457,0.436781609195402,0.28160919540229895,0.0,Low,0.436781609195402,0.2705589726674148,0.36472051366629255,0.0,Normal,0.36472051366629255,0,Acceptable
0.0,0.11516518571477735,0.7696696285704451,Hot,0.7696696285704451,0.0,0.7636282304389493,0.0,Normal,0.7636282304389493,0.0,0.9924916901997801,0.0,Normal,0.9924916901997801,0.0,0.8517721042498247,0.0,Normal,0.8517721042498247,0.0,0.6344286834221153,0.0,Normal,0.6344286834221153,0.0,0.7734237700507346,0.0,Normal,0.7734237700507346,0.2222836539569587,0.38885817302152065,0.0,Normal,0.38885817302152065,1.0,0.0,0.0,Low,1.0,0.0,0.7605363984674328,0.0,Normal,0.7605363984674328,0.0,0.8066422876780411,0.0,Normal,0.8066422876780411,3,Acceptable
0.9250559288441634,0.037472035577918325,0.0,Cold,0.9250559288441634,0.0,0.9780419734619991,0.0,Normal,0.9780419734619991,0.0,0.8849241613129921,0.0,Normal,0.8849241613129921,0.0,0.9094840346141285,0.0,Normal,0.9094840346141285,0.36204384707226245,0.31897807646386866,0.0,Low,0.36204384707226245,0.0,0.3529811925712891,0.29403761485742175,Normal,0.3529811925712891,0.0,0.503793863199783,0.0,Normal,0.503793863199783,1.0,0.0,0.0,Low,1.0,0.0,0.8563218390804601,0.0,Normal,0.8563218390804601,0.0,0.514301686505455,0.0,Normal,0.514301686505455,3,Poor
0.0,0.8368813121339149,0.0,Normal,0.8368813121339149,0.0,0.7852743829116646,0.0,Normal,0.7852743829116646,0.0,0.8607111636730161,0.0,Normal,0.8607111636730161,0.0,0.9071278544759246,0.0,Normal,0.9071278544759246,0.0,0.6562350898850692,0.0,Normal,0.6562350898850692,1.0,0.0,0.0,Low,1.0,0.0,0.5625429603004349,0.0,Normal,0.5625429603004349,0.0,0.5806186046641484,0.0,Medium,0.5806186046641484,0.0,0.18582375478927182,0.6283524904214562,High,0.6283524904214562,0.09419308051673228,0.4529034597416338,0.0,Normal,0.4529034597416338,2,Poor
0.0,0.587964916949498,0.0,Normal,0.587964916949498,0.0,0.961868860610855,0.0,Normal,0.961868860610855,0.0,0.9843366773473066,0.0,Normal,0.9843366773473066,0.0,0.9747272626872409,0.0,Normal,0.9747272626872409,1.0,0.0,0.0,Low,1.0,0.0,0.1974658120719597,0.6050683758560806,High,0.6050683758560806,0.0,0.7333847669943003,0.0,Normal,0.7333847669943003,0.009934256267787494,0.49503287186610617,0.0,Medium,0.49503287186610617,1.0,0.0,0.0,Low,1.0,1.0,0.0,0.0,Low,1.0,3,Good
0.0,0.38543690749908044,0.22912618500183832,Normal,0.38543690749908044,0.0,0.8915818083476489,0.0,Normal,0.8915818083476489,0.0,0.9130779349463093,0.0,Normal,0.9130779349463093,0.0,0.574821096699179,0.0,Normal,0.574821096699179,0.0,0.7253524094381838,0.0,Normal,0.7253524094381838,0.0,0.11587425135588479,0.7682514972882304,High,0.7682514972882304,1.0,0.0,0.0,Low,1.0,0.8348025363652549,0.08259873181737254,0.0,Low,0.8348025363652549,0.0,0.0,1.0,High,1.0,0.0,0.7201642654913786,0.0,Normal,0.7201642654913786,3,Acceptable
0.0,0.7931547342429853,0.0,Normal,0.7931547342429853,0.0,0.8059227326990123,0.0,Normal,0.8059227326990123,0.0,0.9489525990897417,0.0,Normal,0.9489525990897417,0.0,0.4992113887790496,0.0015772224419013236,Normal,0.4992113887790496,0.5900445103531788,0.2049777448234105,0.0,Low,0.5900445103531788,0.0,0.853456559181879,0.0,Normal,0.853456559181879,0.0,0.6806780854700442,0.0,Normal,0.6806780854700442,0.0,0.8269460181074069,0.0,Medium,0.8269460181074069,0.0,0.37739463601532547,0.24521072796934892,Normal,0.37739463601532547,0.31842251834068597,0.340788740829657,0.0,Normal,0.340788740829657,3,Good
0.0,0.8964091743372448,0.0,Normal,0.8964091743372448,0.0,0.8881758135496357,0.0,Normal,0.8881758135496357,0.0,0.8560831886235722,0.0,Normal,0.8560831886235722,0.0,0.74103504466112,0.0,Normal,0.74103504466112,0.0,0.9372481036784628,0.0,Normal,0.9372481036784628,0.0,0.7016671529456184,0.0,Normal,0.7016671529456184,0.0,0.8574974030136129,0.0,Normal,0.8574974030136129,0.0,0.6703014436989766,0.0,Medium,0.6703014436989766,0.0,0.664750957854406,0.0,Normal,0.664750957854406,0.13036862371558822,0.43481568814220584,0.0,Normal,0.43481568814220584,0,Acceptable
0.0,0.865720158908006,0.0,Normal,0.865720158908006,0.0,0.14698185331157468,0.7060362933768506,Hot,0.7060362933768506,0.0,0.8198271200921505,0.0,Normal,0.8198271200921505,0.0,0.6848454783290715,0.0,Normal,0.6848454783290715,0.0,0.0855399067627099,0.8289201864745802,High,0.8289201864745802,0.3094676633103449,0.34526616834482743,0.0,Normal,0.34526616834482743,0.0,0.6997843037644316,0.0,Normal,0.6997843037644316,0.0,0.9746678460798814,0.0,Medium,0.9746678460798814,0.0,0.5689655172413794,0.0,Normal,0.5689655172413794,0.0,0.6200856917846994,0.0,Normal,0.6200856917846994,0,Acceptable
0.005525768843535068,0.49723711557823275,0.0,Normal,0.49723711557823275,0.07332578689746501,0.46333710655126736,0.0,Normal,0.46333710655126736,0.0,0.7788405282994348,0.0,Normal,0.7788405282994348,0.0,0.6206046353243204,0.0,Normal,0.6206046353243204,1.0,0.0,0.0,Low,1.0,0.0,0.16507188469857234,0.6698562306028554,High,0.6698562306028554,0.0,0.17366049825673177,0.6526790034865365,High,0.6526790034865365,0.0,0.956001325769653,0.0,Medium,0.956001325769653,0.0,0.5689655172413794,0.0,Normal,0.5689655172413794,0.4426960432168499,0.278651978391575,0.0,Low,0.4426960432168499,3,Acceptable
0.7026882880285273,0.1486558559857364,0.0,Cold,0.7026882880285273,0.8308213440726899,0.084589327963655,0.0,Cold,0.8308213440726899,0.0,0.6828815506196283,0.0,Normal,0.6828815506196283,0.0,0.9477373937017469,0.0,Normal,0.9477373937017469,0.0,0.8800445012201659,0.0,Normal,0.8800445012201659,0.0,0.8341621367000792,0.0,Normal,0.8341621367000792,0.0,0.7500919671795967,0.0,Normal,0.7500919671795967,0.0,0.7652986348154039,0.0,Medium,0.7652986348154039,0.24521072796934829,0.3773946360153258,0.0,Normal,0.3773946360153258,0.0,0.9910697013929736,0.0,Normal,0.9910697013929736,0,Poor
0.0,0.7163360914497566,0.0,Normal,0.7163360914497566,0.0,0.7040662565091086,0.0,Normal,0.7040662565091086,0.0,0.19380420903804402,0.6123915819239116,Wet,0.6123915819239116,0.0,0.14987680579706805,0.7002463884058641,Wet,0.7002463884058641,0.0,0.8518343997268459,0.0,Normal,0.8518343997268459,0.10923269274226573,0.445383653628867,0.0,Normal,0.445383653628867,0.0,0.9811598010150054,0.0,Normal,0.9811598010150054,0.0,0.37650287962133716,0.24699424075732598,Medium,0.37650287962133716,0.0,0.18582375478927182,0.6283524904214562,High,0.6283524904214562,0.0,0.8269321220537428,0.0,Normal,0.8269321220537428,1,Acceptable
0.6694736172549788,0.16526319137251072,0.0,Cold,0.6694736172549788,0.570245476943464,0.21487726152826797,0.0,Cold,0.570245476943464,0.6633131954670106,0.16834340226649475,0.0,Dry,0.6633131954670106,0.0,0.6945965084193741,0.0,Normal,0.6945965084193741,0.0,0.9833011852241034,0.0,Normal,0.9833011852241034,0.0,0.9157625894509019,0.0,Normal,0.9157625894509019,0.0,0.3149533386375269,0.37009332272494644,High,0.37009332272494644,0.0,0.6719437046781935,0.0,Medium,0.6719437046781935,1.0,0.0,0.0,Low,1.0,0.0,0.6173377237472787,0.0,Normal,0.6173377237472787,3,Acceptable
0.0,0.8921395183094395,0.0,Normal,0.8921395183094395,0.0,0.6526424143305041,0.0,Normal,0.6526424143305041,0.0,0.9603442110824274,0.0,Normal,0.9603442110824274,0.0,0.4077596336081572,0.184480732783686,Normal,0.4077596336081572,0.0,0.3794885263129712,0.24102294737405755,Normal,0.3794885263129712,0.14812486991610446,0.42593756504194763,0.0,Normal,0.42593756504194763,0.0,0.6288113269832013,0.0,Normal,0.6288113269832013,0.0,0.8016609640520993,0.0,Medium,0.8016609640520993,1.0,0.0,0.0,Low,1.0,0.35684642302172753,0.3215767884891362,0.0,Low,0.35684642302172753,1,Acceptable
0.0,0.0,1.0,Hot,1.0,0.0,0.9560087632873502,0.0,Normal,0.9560087632873502,0.0,0.4775852045326478,0.044829590934703435,Normal,0.4775852045326478,0.0,0.7108936979382429,0.0,Normal,0.7108936979382429,0.0,0.5345383953882172,0.0,Normal,0.5345383953882172,0.7887963949097623,0.1056018025451188,0.0,Low,0.7887963949097623,0.0,0.7705476959379391,0.0,Normal,0.7705476959379391,0.0,0.3770086011444697,0.24598279771106096,Medium,0.3770086011444697,0.0,0.5689655172413791,0.0,Normal,0.5689655172413791,0.0,0.8584813016220019,0.0,Normal,0.8584813016220019,0,Poor
0.0,0.6440858559936598,0.0,Normal,0.6440858559936598,0.0,0.8516420030768566,0.0,Normal,0.8516420030768566,0.0,0.0,1.0,Wet,1.0,0.0,0.0,1.0,Wet,1.0,0.0,0.8810494863953101,0.0,Normal,0.8810494863953101,0.3996141801237094,0.30019290993814524,0.0,Low,0.3996141801237094,0.0,0.6999233690367924,0.0,Normal,0.6999233690367924,0.0,0.0,1.0,High,1.0,0.0,0.090038314176245,0.81992337164751,High,0.81992337164751,0.0,0.6538077475000801,0.0,Normal,0.6538077475000801,1,Acceptable
0.0,0.5423225691121527,0.0,Normal,0.5423225691121527,0.0,0.5648709136605837,0.0,Normal,0.5648709136605837,0.0,0.5265537858707919,0.0,Normal,0.5265537858707919,0.0,0.8721554479689932,0.0,Normal,0.8721554479689932,0.0,0.9400264358283618,0.0,Normal,0.9400264358283618,0.40787991066658963,0.2960600446667051,0.0,Low,0.40787991066658963,0.7911828974005949,0.10440855129970258,0.0,Low,0.7911828974005949,0.0,0.091851077164173,0.8162978456716541,High,0.8162978456716541,0.0,0.6647509578544063,0.0,Normal,0.6647509578544063,0.0,0.6287275942704174,0.0,Normal,0.6287275942704174,0,Acceptable
0.0,0.5439696209065167,0.0,Normal,0.5439696209065167,0.0,0.9117776692067157,0.0,Normal,0.9117776692067157,0.0,0.7978738017454304,0.0,Normal,0.7978738017454304,0.0,0.7019997758322457,0.0,Normal,0.7019997758322457,0.0,0.6100313949238617,0.0,Normal,0.6100313949238617,0.0,0.6351876103769675,0.0,Normal,0.6351876103769675,0.0,0.9021467443338205,0.0,Normal,0.9021467443338205,0.17717363738776973,0.41141318130611504,0.0,Medium,0.41141318130611504,0.0,0.8563218390804601,0.0,Normal,0.8563218390804601,0.0,0.6033243134727335,0.0,Normal,0.6033243134727335,0,Acceptable
0.0,0.34898364175569074,0.30203271648861774,Normal,0.34898364175569074,0.0,0.9027476034481628,0.0,Normal,0.9027476034481628,0.0,0.0,1.0,Wet,1.0,0.0,0.0,1.0,Wet,1.0,0.0,0.9296561932836651,0.0,Normal,0.9296561932836651,0.0,0.684175075194687,0.0,Normal,0.684175075194687,0.0,0.7729604250720784,0.0,Normal,0.7729604250720784,0.3877582937822549,0.3061208531088725,0.0,Low,0.3877582937822549,0.0,0.7605363984674328,0.0,Normal,0.7605363984674328,0.0,0.563016544075113,0.0,Normal,0.563016544075113,3,Acceptable
0.0,0.6851517324957089,0.0,Normal,0.6851517324957089,0.0,0.860645068949411,0.0,Normal,0.860645068949411,0.0,0.8897072172814546,0.0,Normal,0.8897072172814546,0.0,0.97876413525628,0.0,Normal,0.97876413525628,0.0,0.5883684289115301,0.0,Normal,0.5883684289115301,0.0,0.6064579018669402,0.0,Normal,0.6064579018669402,0.5146038156240883,0.24269809218795585,0.0,Low,0.5146038156240883,0.0,0.9918660197917397,0.0,Medium,0.9918660197917397,0.24521072796934829,0.3773946360153258,0.0,Normal,0.3773946360153258,0.27442006750281506,0.36278996624859244,0.0,Normal,0.36278996624859244,3,Good
0.0,0.6982949700793354,0.0,Normal,0.6982949700793354,0.0,0.07621482903425923,0.8475703419314815,Hot,0.8475703419314815,0.0,0.6807123226570034,0.0,Normal,0.6807123226570034,0.0,0.7600402051919755,0.0,Normal,0.7600402051919755,0.7488170384028966,0.12559148079855167,0.0,Low,0.7488170384028966,0.0,0.27806315858220565,0.4438736828355887,High,0.4438736828355887,0.0,0.6536974313922064,0.0,Normal,0.6536974313922064,0.0,0.8130075809088464,0.0,Medium,0.8130075809088464,0.0,0.664750957854406,0.0,Normal,0.664750957854406,0.0,0.586194180164439,0.0,Normal,0.586194180164439,3,Acceptable
0.0,0.8314105535187999,0.0,Normal,0.8314105535187999,0.6340936987069706,0.18295315064651466,0.0,Cold,0.6340936987069706,0.0,0.7358306951009893,0.0,Normal,0.7358306951009893,0.0,0.7553270372323059,0.0,Normal,0.7553270372323059,0.0,0.8984009001153564,0.0,Normal,0.8984009001153564,0.2127472180827897,0.393626390958605,0.0,Normal,0.393626390958605,0.0,0.6775835268988813,0.0,Normal,0.6775835268988813,0.0,0.6244429307164032,0.0,Medium,0.6244429307164032,0.6283524904214557,0.1858237547892721,0.0,Low,0.6283524904214557,0.0,0.3658858759131481,0.2682282481737038,Normal,0.3658858759131481,1,Acceptable
0.0,0.9265362823706923,0.0,Normal,0.9265362823706923,0.0,0.22323605597976123,0.5535278880404775,Hot,0.5535278880404775,1.0,0.0,0.0,Dry,1.0,0.9082835134194301,0.045858243290284914,0.0,Dry,0.9082835134194301,0.0,0.5869050559562317,0.0,Normal,0.5869050559562317,0.0,0.6134442286067646,0.0,Normal,0.6134442286067646,0.0,0.44711455419568014,0.10577089160863998,Normal,0.44711455419568014,0.0,0.9925114025310064,0.0,Medium,0.9925114025310064,0.0,0.664750957854406,0.0,Normal,0.664750957854406,0.0,0.9313600055432052,0.0,Normal,0.9313600055432052,3,Acceptable
0.0,0.27397697322211556,0.45204605355576827,Hot,0.45204605355576827,0.0,0.6109355648354152,0.0,Normal,0.6109355648354152,0.0,0.24565783873128808,0.5086843225374234,Wet,0.5086843225374234,0.0,0.10616809161867394,0.7876638167626522,Wet,0.7876638167626522,0.0,0.9664029322388622,0.0,Normal,0.9664029322388622,0.9321525487331437,0.033923725633428145,0.0,Low,0.9321525487331437,0.0,0.20574161406953545,0.5885167718609292,High,0.5885167718609292,0.0,0.0,1.0,High,1.0,0.0,0.0,1.0,High,1.0,0.0,0.1383918624313546,0.7232162751372908,High,0.7232162751372908,1,Poor
0.0,0.9336536369775682,0.0,Normal,0.9336536369775682,0.0,0.8793722297434542,0.0,Normal,0.8793722297434542,0.0,0.8064125546067711,0.0,Normal,0.8064125546067711,0.0,0.78145575681183,0.0,Normal,0.78145575681183,0.0,0.6441867611307951,0.0,Normal,0.6441867611307951,0.571706670691686,0.21414666465415694,0.0,Low,0.571706670691686,0.0,0.4954436652451001,0.009112669509800176,Normal,0.4954436652451001,0.7547270639540264,0.12263646802298678,0.0,Low,0.7547270639540264,0.0,0.18582375478927182,0.6283524904214562,High,0.6283524904214562,0.0,0.5258038729223207,0.0,Normal,0.5258038729223207,0,Acceptable
0.0,0.9726177411066738,0.0,Normal,0.9726177411066738,0.0,0.8268043751946828,0.0,Normal,0.8268043751946828,0.0,0.6174430661830509,0.0,Normal,0.6174430661830509,0.0,0.6815336438565707,0.0,Normal,0.6815336438565707,0.4319899953692575,0.2840050023153712,0.0,Low,0.4319899953692575,0.11384587004924196,0.4430770649753789,0.0,Normal,0.4430770649753789,0.0,0.7975279450613312,0.0,Normal,0.7975279450613312,0.0,0.7388925978865599,0.0,Medium,0.7388925978865599,0.0,0.8563218390804596,0.0,Normal,0.8563218390804596,0.26230067159101084,0.3688496642044945,0.0,Normal,0.3688496642044945,0,Acceptable
0.0,0.832633886156127,0.0,Normal,0.832633886156127,0.0,0.5373931319319065,0.0,Normal,0.5373931319319065,0.0,0.6409472285325805,0.0,Normal,0.6409472285325805,0.0,0.9803090770766275,0.0,Normal,0.9803090770766275,0.0,0.790299475846145,0.0,Normal,0.790299475846145,1.0,0.0,0.0,Low,1.0,0.3821161824465747,0.3089419087767126,0.0,Low,0.3821161824465747,0.0,0.9078128378737843,0.0,Medium,0.9078128378737843,1.0,0.0,0.0,Low,1.0,0.0,0.8000943321976356,0.0,Normal,0.8000943321976356,1,Acceptable
0.0,0.8290444706001857,0.0,Normal,0.8290444706001857,0.7292105664203727,0.13539471678981363,0.0,Cold,0.7292105664203727,0.0,0.958797636403889,0.0,Normal,0.958797636403889,0.0,0.6691348657431144,0.0,Normal,0.6691348657431144,0.0,0.9601135500186774,0.0,Normal,0.9601135500186774,0.0,0.7061588466339658,0.0,Normal,0.7061588466339658,0.0,0.6860604115772676,0.0,Normal,0.6860604115772676,0.0,0.8527261176152345,0.0,Medium,0.8527261176152345,0.0,0.8563218390804596,0.0,Normal,0.8563218390804596,0.0,0.38137567896985947,0.23724864206028107,Normal,0.38137567896985947,0,Acceptable
0.0,0.9053009554754211,0.0,Normal,0.9053009554754211,0.0,0.0,1.0,Hot,1.0,0.0,0.6114900749953899,0.0,Normal,0.6114900749953899,0.0,0.8338641996237175,0.0,Normal,0.8338641996237175,0.31996402910346017,0.34001798544826983,0.0,Normal,0.34001798544826983,0.0,0.8176817181183311,0.0,Normal,0.8176817181183311,0.0,0.5482510927119992,0.0,Normal,0.5482510927119992,0.11637131858706953,0.4418143407064652,0.0,Medium,0.4418143407064652,0.0,0.5689655172413794,0.0,Normal,0.5689655172413794,0.0,0.0,1.0,High,1.0,0,Acceptable
0.0,0.4471762343133606,0.10564753137327784,Normal,0.4471762343133606,0.0,0.5430673590630188,0.0,Normal,0.5430673590630188,0.44637974179502754,0.2768101291024863,0.0,Dry,0.44637974179502754,0.0,0.5504695760821122,0.0,Normal,0.5504695760821122,0.4040313198001604,0.29798434009991975,0.0,Low,0.4040313198001604,0.0,0.8015720731968341,0.0,Normal,0.8015720731968341,0.0,0.952912666946103,0.0,Normal,0.952912666946103,0.8296490129329761,0.0851754935335119,0.0,Low,0.8296490129329761,0.0,0.7605363984674332,0.0,Normal,0.7605363984674332,0.20393337299341976,0.3980333135032901,0.0,Normal,0.3980333135032901,3,Good
0.0,0.9860324121859748,0.0,Normal,0.9860324121859748,0.13815453473688385,0.43092273263155795,0.0,Normal,0.43092273263155795,0.0,0.7935764301129328,0.0,Normal,0.7935764301129328,0.0,0.8288968539534787,0.0,Normal,0.8288968539534787,0.0,0.8595398480144266,0.0,Normal,0.8595398480144266,0.0,0.6716581133843675,0.0,Normal,0.6716581133843675,0.0,0.7008602282264498,0.0,Normal,0.7008602282264498,0.0,0.07626255653197953,0.847474886936041,High,0.847474886936041,0.0,0.5689655172413794,0.0,Normal,0.5689655172413794,0.0,0.7341203713152069,0.0,Normal,0.7341203713152069,1,Acceptable
0.6719119378814946,0.16404403105925278,0.0,Cold,0.6719119378814946,0.0,0.641261302013986,0.0,Normal,0.641261302013986,0.0,0.5681325203249753,0.0,Normal,0.5681325203249753,0.09216674703585796,0.4539166264820709,0.0,Normal,0.4539166264820709,0.0,0.8456603436485435,0.0,Normal,0.8456603436485435,0.0,0.9617435059538979,0.0,Normal,0.9617435059538979,0.0,0.9268846037721468,0.0,Normal,0.9268846037721468,0.0,0.7836733097706929,0.0,Medium,0.7836733097706929,1.0,0.0,0.0,Low,1.0,0.2226702935964317,0.3886648532017841,0.0,Normal,0.3886648532017841,3,Acceptable
0.0,0.5497845197892167,0.0,Normal,0.5497845197892167,0.0,0.41002157039240583,0.1799568592151881,Normal,0.41002157039240583,0.0,0.6506867003226843,0.0,Normal,0.6506867003226843,0.0,0.9047893931141083,0.0,Normal,0.9047893931141083,0.0,0.5956646497301666,0.0,Normal,0.5956646497301666,0.0,0.7846448175373995,0.0,Normal,0.7846448175373995,0.0,0.3707408198686363,0.2585183602627277,Normal,0.3707408198686363,0.0,0.6568376947304307,0.0,Medium,0.6568376947304307,0.6283524904214557,0.1858237547892721,0.0,Low,0.6283524904214557,0.47371013790655364,0.26314493104672315,0.0,Low,0.47371013790655364,3,Good
0.0,0.6987777746410363,0.0,Normal,0.6987777746410363,0.0,0.9651248410729381,0.0,Normal,0.9651248410729381,0.0,0.9108164088556339,0.0,Normal,0.9108164088556339,0.0,0.9251063796530415,0.0,Normal,0.9251063796530415,0.5904603970982251,0.2047698014508874,0.0,Low,0.5904603970982251,0.0,0.5491119419716942,0.0,Normal,0.5491119419716942,0.0,0.7094094939751668,0.0,Normal,0.7094094939751668,1.0,0.0,0.0,Low,1.0,0.0,0.0,1.0,High,1.0,0.15399251748448686,0.4230037412577565,0.0,Normal,0.4230037412577565,3,Good
0.0,0.2361508582884382,0.5276982834231231,Hot,0.5276982834231231,0.0,0.7347974588105396,0.0,Normal,0.7347974588105396,0.45638091379122553,0.2718095431043873,0.0,Dry,0.45638091379122553,0.3995844302744423,0.30020778486277877,0.0,Dry,0.3995844302744423,0.18516616404409145,0.40741691797795415,0.0,Normal,0.40741691797795415,0.0,0.0,1.0,High,1.0,0.0,0.94462843269354,0.0,Normal,0.94462843269354,1.0,0.0,0.0,Low,1.0,0.05363984674329458,0.47318007662835265,0.0,Normal,0.47318007662835265,0.2619834773527221,0.3690082613236389,0.0,Normal,0.3690082613236389,3,Acceptable
0.0,0.8729052869668479,0.0,Normal,0.8729052869668479,0.0,0.399754317397802,0.20049136520439584,Normal,0.399754317397802,0.0,0.4694504862673738,0.06109902746525155,Normal,0.4694504862673738,0.0,0.3545358844620874,0.2909282310758255,Normal,0.3545358844620874,0.0,0.600402786728231,0.0,Normal,0.600402786728231,0.0,0.8206301270495517,0.0,Normal,0.8206301270495517,0.0,0.5600012352240246,0.0,Normal,0.5600012352240246,0.23490461788204617,0.38254769105897685,0.0,Medium,0.38254769105897685,0.0,0.952107279693487,0.0,Normal,0.952107279693487,0.0,0.7205557486261828,0.0,Normal,0.7205557486261828,0,Acceptable
0.0,0.30830065343125757,0.38339869313748415,Hot,0.38339869313748415,0.0,0.2835877037753867,0.43282459244922644,Hot,0.43282459244922644,0.0,0.04242249068556035,0.9151550186288793,Wet,0.9151550186288793,0.0,0.0,1.0,Wet,1.0,0.8555797752168035,0.07221011239159823,0.0,Low,0.8555797752168035,0.0,0.25939190755880653,0.48121618488238693,High,0.48121618488238693,0.0,0.5461112749133477,0.0,Normal,0.5461112749133477,0.0,0.8400195486500998,0.0,Medium,0.8400195486500998,0.0,0.6647509578544063,0.0,Normal,0.6647509578544063,0.14181637949591652,0.4290918102520417,0.0,Normal,0.4290918102520417,3,Good
0.2783992872993505,0.3608003563503249,0.0,Normal,0.3608003563503249,0.0,0.7336266016624715,0.0,Normal,0.7336266016624715,0.0,0.5934763789174985,0.0,Normal,0.5934763789174985,0.0,0.7925571405612107,0.0,Normal,0.7925571405612107,0.0,0.3057198704375677,0.3885602591248646,High,0.3885602591248646,1.0,0.0,0.0,Low,1.0,0.0,0.9262985766308085,0.0,Normal,0.9262985766308085,0.0,0.7764825863292965,0.0,Medium,0.7764825863292965,0.0,0.952107279693487,0.0,Normal,0.952107279693487,0.02230391817454826,0.4888480409127258,0.0,Normal,0.4888480409127258,1,Acceptable
0.0,0.6450184927828077,0.0,Normal,0.6450184927828077,0.1008577949687441,0.4495711025156278,0.0,Normal,0.4495711025156278,0.0,0.9067470085177295,0.0,Normal,0.9067470085177295,0.0,0.6425575147461722,0.0,Normal,0.6425575147461722,0.0,0.570934682662347,0.0,Normal,0.570934682662347,0.0,0.6533337560623219,0.0,Normal,0.6533337560623219,0.0,0.9479763847654628,0.0,Normal,0.9479763847654628,0.0,0.4403078097743186,0.11938438045136318,Medium,0.4403078097743186,0.0,0.37739463601532547,0.24521072796934892,Normal,0.37739463601532547,0.0,0.5759207529973507,0.0,Normal,0.5759207529973507,3,Acceptable
0.4871157556279157,0.2564421221860423,0.0,Cold,0.4871157556279157,0.8010602743656962,0.09946986281715191,0.0,Cold,0.8010602743656962,0.9961210880584636,0.0019394559707681955,0.0,Dry,0.9961210880584636,1.0,0.0,0.0,Dry,1.0,0.22433678861813924,0.3878316056909303,0.0,Normal,0.3878316056909303,0.0,0.9569919473903041,0.0,Normal,0.9569919473903041,0.0580254822111283,0.4709872588944358,0.0,Normal,0.4709872588944358,0.0,0.8651337946043957,0.0,Medium,0.8651337946043957,0.0,0.0,1.0,High,1.0,0.0,0.9466515926113601,0.0,Normal,0.9466515926113601,3,Poor
0.0,0.4563799680253945,0.08724006394921002,Normal,0.4563799680253945,0.0,0.6526745317135194,0.0,Normal,0.6526745317135194,0.0,0.5402978742360262,0.0,Normal,0.5402978742360262,0.0,0.6238455259338911,0.0,Normal,0.6238455259338911,0.0,0.8603324122246575,0.0,Normal,0.8603324122246575,0.0,0.9121415039076276,0.0,Normal,0.9121415039076276,0.0,0.9686924923367574,0.0,Normal,0.9686924923367574,0.5949478291179681,0.20252608544101594,0.0,Low,0.5949478291179681,0.0,0.8563218390804601,0.0,Normal,0.8563218390804601,0.09510710127238564,0.4524464493638071,0.0,Normal,0.4524464493638071,3,Good
0.0,0.8135511736252061,0.0,Normal,0.8135511736252061,0.23894501399002563,0.38052749300498706,0.0,Normal,0.38052749300498706,0.0,0.8240862854197641,0.0,Normal,0.8240862854197641,0.0,0.5752157547033641,0.0,Normal,0.5752157547033641,0.8426452137237934,0.07867739313810326,0.0,Low,0.8426452137237934,0.0,0.5981949647902746,0.0,Normal,0.5981949647902746,0.0,0.6832479477399955,0.0,Normal,0.6832479477399955,0.0,0.6996622202033772,0.0,Medium,0.6996622202033772,0.05363984674329458,0.47318007662835265,0.0,Normal,0.47318007662835265,0.0,0.6573919888041438,0.0,Normal,0.6573919888041438,3,Good
0.0,0.23248811936769032,0.5350237612646188,Hot,0.5350237612646188,0.0,0.9101401388083276,0.0,Normal,0.9101401388083276,0.0,0.864575949620558,0.0,Normal,0.864575949620558,0.0,0.9637988676467387,0.0,Normal,0.9637988676467387,0.0,0.8791096757725425,0.0,Normal,0.8791096757725425,0.0,0.6240043910912524,0.0,Normal,0.6240043910912524,0.0,0.5277784423141226,0.0,Normal,0.5277784423141226,0.8904472375748398,0.05477638121258011,0.0,Low,0.8904472375748398,0.0,0.5689655172413794,0.0,Normal,0.5689655172413794,0.0,0.9468444426886934,0.0,Normal,0.9468444426886934,0,Acceptable
0.0,0.84594000980738,0.0,Normal,0.84594000980738,0.0,0.2053360960096679,0.5893278079806641,Hot,0.5893278079806641,0.0,0.969523191868598,0.0,Normal,0.969523191868598,0.0,0.6166113643558596,0.0,Normal,0.6166113643558596,0.0,0.6218799012156931,0.0,Normal,0.6218799012156931,0.0,0.950965654076978,0.0,Normal,0.950965654076978,0.08163765914617953,0.45918117042691026,0.0,Normal,0.45918117042691026,0.2286277843459625,0.3856861078270187,0.0,Medium,0.3856861078270187,0.0,0.0,1.0,High,1.0,0.0,0.8684002979176604,0.0,Normal,0.8684002979176604,3,Good
0.0,0.6174672885612577,0.0,Normal,0.6174672885612577,0.0,0.7139128115517505,0.0,Normal,0.7139128115517505,0.0,0.9383259456887418,0.0,Normal,0.9383259456887418,0.0,0.5562432574841447,0.0,Normal,0.5562432574841447,1.0,0.0,0.0,Low,1.0,0.0,0.4452932130263539,0.10941357394729218,Normal,0.4452932130263539,0.4520002704572945,0.27399986477135274,0.0,Low,0.4520002704572945,0.10803990432235565,0.4459800478388221,0.0,Medium,0.4459800478388221,0.0,0.0,1.0,High,1.0,0.0,0.589033949052452,0.0,Normal,0.589033949052452,3,Good
0.2568337960914874,0.37158310195425653,0.0,Normal,0.37158310195425653,0.0,0.5767412756190271,0.0,Normal,0.5767412756190271,0.0,0.1279962488877052,0.7440075022245893,Wet,0.7440075022245893,0.0,0.014394118597570003,0.97121176280486,Wet,0.97121176280486,0.0,0.4355213641628208,0.12895727167435847,Normal,0.4355213641628208,0.6794346387171769,0.1602826806414115,0.0,Low,0.6794346387171769,0.09509762761887389,0.45245118619056307,0.0,Normal,0.45245118619056307,0.0,0.8804504977761258,0.0,Medium,0.8804504977761258,0.0,0.6647509578544063,0.0,Normal,0.6647509578544063,0.0,0.648769544756005,0.0,Normal,0.648769544756005,1,Acceptable
0.0,0.3132126930921926,0.3735746138156142,Hot,0.3735746138156142,0.0,0.6932524451326272,0.0,Normal,0.6932524451326272,0.0,0.8238712097695027,0.0,Normal,0.8238712097695027,0.0,0.5338419163030794,0.0,Normal,0.5338419163030794,0.0,0.654455457364305,0.0,Normal,0.654455457364305,0.0,0.6987809797211649,0.0,Normal,0.6987809797211649,0.0,0.5585529030889358,0.0,Normal,0.5585529030889358,0.0,0.7658607464036897,0.0,Medium,0.7658607464036897,1.0,0.0,0.0,Low,1.0,0.6126155365122904,0.19369223174385475,0.0,Low,0.6126155365122904,0,Acceptable
0.0,0.431007869493262,0.13798426101347513,Normal,0.431007869493262,0.0,0.95110765632272,0.0,Normal,0.95110765632272,0.0,0.09581939780252094,0.808361204394958,Wet,0.808361204394958,0.0,0.20460998451978848,0.5907800309604232,Wet,0.5907800309604232,0.0,0.8674256210306617,0.0,Normal,0.8674256210306617,0.0,0.8525565236938085,0.0,Normal,0.8525565236938085,0.007329887211105341,0.4963350563944473,0.0,Normal,0.4963350563944473,0.49692012645979744,0.2515399367701012,0.0,Low,0.49692012645979744,0.0,0.952107279693487,0.0,Normal,0.952107279693487,0.0,0.8831566604119218,0.0,Normal,0.8831566604119218,0,Acceptable
0.0,0.7767099316066154,0.0,Normal,0.7767099316066154,0.0,0.6397464309881691,0.0,Normal,0.6397464309881691,0.0,0.9331705730759371,0.0,Normal,0.9331705730759371,0.0,0.6997625911721315,0.0,Normal,0.6997625911721315,0.0,0.8958502586152844,0.0,Normal,0.8958502586152844,0.30414008357848693,0.34792995821075645,0.0,Normal,0.34792995821075645,0.0,0.5120956205829185,0.0,Normal,0.5120956205829185,0.0,0.3516471854523715,0.29670562909525733,Medium,0.3516471854523715,0.0,0.18582375478927182,0.6283524904214562,High,0.6283524904214562,0.0,0.8341409844466376,0.0,Normal,0.8341409844466376,1,Acceptable
0.0,0.336435622773795,0.3271287544524093,Normal,0.336435622773795,0.0,0.38369973399866575,0.23260053200266834,Normal,0.38369973399866575,0.0,0.32760744334178815,0.34478511331642303,Wet,0.34478511331642303,0.0,0.3930417929565442,0.21391641408691203,Normal,0.3930417929565442,0.0,0.9793557203226477,0.0,Normal,0.9793557203226477,1.0,0.0,0.0,Low,1.0,0.0,0.9406496967826712,0.0,Normal,0.9406496967826712,0.20122236003344124,0.3993888199832793,0.0,Medium,0.3993888199832793,0.0,0.090038314176245,0.81992337164751,High,0.81992337164751,0.0,0.6055859521455693,0.0,Normal,0.6055859521455693,0,Acceptable
0.0,0.8808497830402658,0.0,Normal,0.8808497830402658,0.0,0.782376971586075,0.0,Normal,0.782376971586075,0.0,0.8230798103790868,0.0,Normal,0.8230798103790868,0.0,0.8800682687679412,0.0,Normal,0.8800682687679412,1.0,0.0,0.0,Low,1.0,0.0,0.7539545125569544,0.0,Normal,0.7539545125569544,0.0,0.7094166004231057,0.0,Normal,0.7094166004231057,1.0,0.0,0.0,Low,1.0,0.05363984674329458,0.47318007662835265,0.0,Normal,0.47318007662835265,0.519258372743378,0.24037081362831095,0.0,Low,0.519258372743378,3,Good
0.0,0.7083025033940256,0.0,Normal,0.7083025033940256,0.0,0.6219859050991172,0.0,Normal,0.6219859050991172,1.0,0.0,0.0,Dry,1.0,1.0,0.0,0.0,Dry,1.0,0.0,0.9335299312232703,0.0,Normal,0.9335299312232703,0.9236439250797659,0.038178037460117054,0.0,Low,0.9236439250797659,0.0,0.7803648712729612,0.0,Normal,0.7803648712729612,0.0,0.3723426455275533,0.2553147089448938,Medium,0.3723426455275533,0.0,0.7605363984674332,0.0,Normal,0.7605363984674332,0.0,0.6657008935055183,0.0,Normal,0.6657008935055183,1,Poor
0.0,0.6537037843427089,0.0,Normal,0.6537037843427089,0.0,0.8318243899971892,0.0,Normal,0.8318243899971892,0.0,0.6769374142219614,0.0,Normal,0.6769374142219614,0.0,0.829317482833389,0.0,Normal,0.829317482833389,0.0,0.7169513792219808,0.0,Normal,0.7169513792219808,0.0,0.8355332493434607,0.0,Normal,0.8355332493434607,0.0,0.467137647625737,0.06572470474852626,Normal,0.467137647625737,0.0,0.8663886725003721,0.0,Medium,0.8663886725003721,0.0,0.8563218390804601,0.0,Normal,0.8563218390804601,0.3163944210512519,0.34180278947437404,0.0,Normal,0.34180278947437404,3,Good
0.0,0.8313268796169424,0.0,Normal,0.8313268796169424,0.7789693609945639,0.11051531950271802,0.0,Cold,0.7789693609945639,0.0,0.8057237890972347,0.0,Normal,0.8057237890972347,0.12370372371079437,0.4381481381446027,0.0,Normal,0.4381481381446027,0.0,0.8488341453932199,0.0,Normal,0.8488341453932199,0.0,0.6665268205456544,0.0,Normal,0.6665268205456544,0.831184723109864,0.084407638445068,0.0,Low,0.831184723109864,0.7681269179672351,0.11593654101638244,0.0,Low,0.7681269179672351,1.0,0.0,0.0,Low,1.0,0.0,0.516328900676157,0.0,Normal,0.516328900676157,0,Acceptable
0.0,0.6540139089672212,0.0,Normal,0.6540139089672212,0.0,0.6250649418105235,0.0,Normal,0.6250649418105235,0.0,0.5377989830308686,0.0,Normal,0.5377989830308686,0.0,0.5795157821003135,0.0,Normal,0.5795157821003135,0.0,0.9595322523416706,0.0,Normal,0.9595322523416706,0.37588677008023086,0.31205661495988446,0.0,Low,0.37588677008023086,0.0,0.6991700873317686,0.0,Normal,0.6991700873317686,0.5082268687935779,0.24588656560321098,0.0,Low,0.5082268687935779,0.8199233716475094,0.09003831417624526,0.0,Low,0.8199233716475094,0.0,0.5480422059021547,0.0,Normal,0.5480422059021547,0,Good
0.0,0.7277924459403285,0.0,Normal,0.7277924459403285,0.0,0.8395617954488738,0.0,Normal,0.8395617954488738,0.0,0.5165481973756356,0.0,Normal,0.5165481973756356,0.0,0.9122797966929359,0.0,Normal,0.9122797966929359,0.0,0.6338946027202849,0.0,Normal,0.6338946027202849,0.0,0.6781046302909023,0.0,Normal,0.6781046302909023,0.0,0.6892933802886059,0.0,Normal,0.6892933802886059,0.847428065996488,0.07628596700175595,0.0,Low,0.847428065996488,0.8199233716475094,0.09003831417624526,0.0,Low,0.8199233716475094,0.41671839064938215,0.2916408046753089,0.0,Low,0.41671839064938215,0,Acceptable
0.0,0.8170954388013475,0.0,Normal,0.8170954388013475,0.0,0.9673810842956726,0.0,Normal,0.9673810842956726,0.2420679607068839,0.3789660196465582,0.0,Normal,0.3789660196465582,1.0,0.0,0.0,Dry,1.0,0.0,0.8799919246520198,0.0,Normal,0.8799919246520198,0.0,0.9554808553241503,0.0,Normal,0.9554808553241503,0.0,0.901035970681428,0.0,Normal,0.901035970681428,0.700112455234818,0.14994377238259096,0.0,Low,0.700112455234818,0.0,0.664750957854406,0.0,Normal,0.664750957854406,1.0,0.0,0.0,Low,1.0,3,Good
0.23495511745911368,0.3825224412704434,0.0,Normal,0.3825224412704434,0.0,0.5503901026907375,0.0,Normal,0.5503901026907375,0.0,0.7933358862253123,0.0,Normal,0.7933358862253123,0.0,0.37740381134437057,0.24519237731125923,Normal,0.37740381134437057,0.0,0.7323962421220296,0.0,Normal,0.7323962421220296,0.05584418218614798,0.47207790890692586,0.0,Normal,0.47207790890692586,0.0,0.5602134234008593,0.0,Normal,0.5602134234008593,0.0,0.8524782181355802,0.0,Medium,0.8524782181355802,0.8199233716475094,0.09003831417624526,0.0,Low,0.8199233716475094,0.1781269300415477,0.4109365349792261,0.0,Normal,0.4109365349792261,0,Acceptable
0.0,0.7446341827034291,0.0,Normal,0.7446341827034291,0.0,0.7792042349374012,0.0,Normal,0.7792042349374012,0.0,0.8585312772585973,0.0,Normal,0.8585312772585973,0.0,0.44917559552746855,0.10164880894506334,Normal,0.44917559552746855,0.0,0.8881375650642019,0.0,Normal,0.8881375650642019,0.0,0.5676102426721874,0.0,Normal,0.5676102426721874,0.0,0.2787680900952232,0.4424638198095538,High,0.4424638198095538,0.0,0.8056508548463686,0.0,Medium,0.8056508548463686,0.8199233716475094,0.09003831417624526,0.0,Low,0.8199233716475094,0.0,0.6368557418103519,0.0,Normal,0.6368557418103519,3,Good
0.054970448550236,0.47251477572488226,0.0,Normal,0.47251477572488226,0.015259714577294992,0.4923701427113524,0.0,Normal,0.4923701427113524,0.0,0.8181948419723544,0.0,Normal,0.8181948419723544,0.0,0.9679149698941516,0.0,Normal,0.9679149698941516,0.0,0.7557883691576623,0.0,Normal,0.7557883691576623,0.22915543605386526,0.38542228197306727,0.0,Normal,0.38542228197306727,0.0,0.24927319664171607,0.501453606716568,High,0.501453606716568,0.0,0.0,1.0,High,1.0,0.0,0.4731800766283523,0.05363984674329525,Normal,0.4731800766283523,0.0,0.649193704828647,0.0,Normal,0.649193704828647,3,Good
0.0,0.6073661688240438,0.0,Normal,0.6073661688240438,0.0,0.7647711205875437,0.0,Normal,0.7647711205875437,0.0,0.6097616330385528,0.0,Normal,0.6097616330385528,0.0,0.5744016076224532,0.0,Normal,0.5744016076224532,0.553306532523835,0.22334673373808245,0.0,Low,0.553306532523835,0.0,0.37009530471932095,0.2598093905613581,Normal,0.37009530471932095,0.0,0.9664480679584863,0.0,Normal,0.9664480679584863,0.0,0.8946052431342909,0.0,Medium,0.8946052431342909,1.0,0.0,0.0,Low,1.0,0.3916525529985079,0.304173723500746,0.0,Low,0.3916525529985079,3,Good
0.0,0.6591579565716129,0.0,Normal,0.6591579565716129,0.9872330648657923,0.006383467567103843,0.0,Cold,0.9872330648657923,0.0,0.6121051701740954,0.0,Normal,0.6121051701740954,0.0,0.9444462963631689,0.0,Normal,0.9444462963631689,0.0259119997755662,0.48704400011221677,0.0,Normal,0.48704400011221677,0.0,0.8409001258735544,0.0,Normal,0.8409001258735544,0.740252742104965,0.12987362894751753,0.0,Low,0.740252742104965,1.0,0.0,0.0,Low,1.0,0.24521072796934829,0.3773946360153258,0.0,Normal,0.3773946360153258,0.0,0.3407181450588698,0.31856370988226035,Normal,0.3407181450588698,0,Acceptable
0.0,0.5923972369295996,0.0,Normal,0.5923972369295996,0.0783956149414503,0.46080219252927473,0.0,Normal,0.46080219252927473,0.8913099513380428,0.054345024330978604,0.0,Dry,0.8913099513380428,0.1585783507428639,0.4207108246285679,0.0,Normal,0.4207108246285679,0.0,0.5916965702760885,0.0,Normal,0.5916965702760885,1.0,0.0,0.0,Low,1.0,0.0,0.9004668342317358,0.0,Normal,0.9004668342317358,0.0,0.0,1.0,High,1.0,1.0,0.0,0.0,Low,1.0,0.0,0.6197832688579228,0.0,Normal,0.6197832688579228,0,Acceptable
0.0,0.8341949292220187,0.0,Normal,0.8341949292220187,0.0,0.8115003997802459,0.0,Normal,0.8115003997802459,0.0,0.6254480893045655,0.0,Normal,0.6254480893045655,1.0,0.0,0.0,Dry,1.0,0.0,0.5327040795751332,0.0,Normal,0.5327040795751332,0.43799287502756457,0.28100356248621766,0.0,Low,0.43799287502756457,0.0,0.6459921485967602,0.0,Normal,0.6459921485967602,0.5338664681574463,0.2330667659212768,0.0,Low,0.5338664681574463,0.0,0.0,1.0,High,1.0,0.0,0.5408043690547434,0.0,Normal,0.5408043690547434,0,Acceptable
0.0,0.8443468271256461,0.0,Normal,0.8443468271256461,0.0,0.17669120562823346,0.646617588743533,Hot,0.646617588743533,0.0,0.8975625284907953,0.0,Normal,0.8975625284907953,0.0,0.884739808603349,0.0,Normal,0.884739808603349,0.9792407595912886,0.010379620204355669,0.0,Low,0.9792407595912886,0.0,0.6657264402325895,0.0,Normal,0.6657264402325895,0.0,0.6041402008585043,0.0,Normal,0.6041402008585043,0.0,0.5513610011704383,0.0,Medium,0.5513610011704383,0.0,0.7605363984674328,0.0,Normal,0.7605363984674328,0.0,0.816981024462662,0.0,Normal,0.816981024462662,3,Good
0.0,0.8301406984351681,0.0,Normal,0.8301406984351681,0.0,0.07394970044760774,0.8521005991047845,Hot,0.8521005991047845,0.0,0.8574077955854861,0.0,Normal,0.8574077955854861,0.0,0.9315834287608823,0.0,Normal,0.9315834287608823,0.0,0.6816209108958364,0.0,Normal,0.6816209108958364,0.0,0.51220954317141,0.0,Normal,0.51220954317141,0.0,0.9091526882487617,0.0,Normal,0.9091526882487617,0.0,0.9151988800110309,0.0,Medium,0.9151988800110309,0.0,0.0,1.0,High,1.0,0.0,0.345711893870199,0.30857621225960197,Normal,0.345711893870199,0,Acceptable
0.686365877080539,0.1568170614597306,0.0,Cold,0.686365877080539,0.2649720110241372,0.3675139944879313,0.0,Normal,0.3675139944879313,0.0,0.9758468517539564,0.0,Normal,0.9758468517539564,0.0,0.8582990255982158,0.0,Normal,0.8582990255982158,0.0,0.4663534732312494,0.06729305353750115,Normal,0.4663534732312494,1.0,0.0,0.0,Low,1.0,0.0,0.5616085214771951,0.0,Normal,0.5616085214771951,0.04087520256495007,0.4795623987175249,0.0,Medium,0.4795623987175249,1.0,0.0,0.0,Low,1.0,0.0,0.6060912084442359,0.0,Normal,0.6060912084442359,1,Poor
0.0,0.8083961559727473,0.0,Normal,0.8083961559727473,0.0,0.645674513315935,0.0,Normal,0.645674513315935,0.0,0.8983682498285037,0.0,Normal,0.8983682498285037,0.0,0.8097946268000743,0.0,Normal,0.8097946268000743,0.0,0.8130349927403698,0.0,Normal,0.8130349927403698,0.0,0.7778006595085587,0.0,Normal,0.7778006595085587,0.0,0.8092789841277634,0.0,Normal,0.8092789841277634,0.0,0.777982821918719,0.0,Medium,0.777982821918719,0.0,0.0,1.0,High,1.0,0.0,0.9806934140709817,0.0,Normal,0.9806934140709817,3,Good
0.0,0.7766966607256903,0.0,Normal,0.7766966607256903,0.0,0.6892362592264786,0.0,Normal,0.6892362592264786,0.0,0.4382291529536349,0.12354169409272937,Normal,0.4382291529536349,0.0,0.03831083893125717,0.9233783221374857,Wet,0.9233783221374857,0.0,0.7136273310552043,0.0,Normal,0.7136273310552043,0.3752584714912884,0.3123707642543557,0.0,Low,0.3752584714912884,0.40291649143063796,0.29854175428468105,0.0,Low,0.40291649143063796,0.0,0.3579240948071293,0.2841518103857417,Medium,0.3579240948071293,0.0,0.5689655172413794,0.0,Normal,0.5689655172413794,0.0,0.6297020749903913,0.0,Normal,0.6297020749903913,1,Acceptable
0.0,0.9364711338617175,0.0,Normal,0.9364711338617175,0.0,0.9320186957632611,0.0,Normal,0.9320186957632611,0.3400694932862207,0.32996525335688975,0.0,Dry,0.3400694932862207,0.3686159293689931,0.3156920353155033,0.0,Dry,0.3686159293689931,1.0,0.0,0.0,Low,1.0,0.0,0.0,1.0,High,1.0,0.0,0.7509065064272352,0.0,Normal,0.7509065064272352,0.0,0.2836000239005469,0.4327999521989065,High,0.4327999521989065,0.0,0.664750957854406,0.0,Normal,0.664750957854406,0.7777622044790327,0.11111889776048364,0.0,Low,0.7777622044790327,3,Acceptable
0.0,0.8777858365670028,0.0,Normal,0.8777858365670028,0.0,0.7956188303877587,0.0,Normal,0.7956188303877587,0.0,0.41938182501493454,0.1612363499701301,Normal,0.41938182501493454,0.0,0.3720556362978197,0.25588872740436097,Normal,0.3720556362978197,0.0,0.6228644254553095,0.0,Normal,0.6228644254553095,0.6494066015717836,0.17529669921410815,0.0,Low,0.6494066015717836,0.0,0.0,1.0,High,1.0,0.0,0.629644198408175,0.0,Medium,0.629644198408175,0.0,0.0,1.0,High,1.0,0.0,0.6152918725443198,0.0,Normal,0.6152918725443198,1,Poor
0.0,0.2536931070413785,0.4926137859172425,Hot,0.4926137859172425,0.0,0.4307391212891701,0.13852175742165956,Normal,0.4307391212891701,0.0,0.4057539969658134,0.1884920060683725,Normal,0.4057539969658134,0.0,0.4863696320893332,0.02726073582133407,Normal,0.4863696320893332,0.5610616709752198,0.21946916451239004,0.0,Low,0.5610616709752198,0.0,0.967277312292069,0.0,Normal,0.967277312292069,0.0,0.7287170660346852,0.0,Normal,0.7287170660346852,0.0,0.8117597957313164,0.0,Medium,0.8117597957313164,0.0,0.8563218390804596,0.0,Normal,0.8563218390804596,0.6094162543625541,0.19529187281872293,0.0,Low,0.6094162543625541,3,Acceptable
0.4889513774688974,0.2555243112655514,0.0,Cold,0.4889513774688974,0.0,0.6091722952284306,0.0,Normal,0.6091722952284306,1.0,0.0,0.0,Dry,1.0,1.0,0.0,0.0,Dry,1.0,0.0,0.17166810300861285,0.6566637939827743,High,0.6566637939827743,1.0,0.0,0.0,Low,1.0,0.0,0.6588888815237439,0.0,Normal,0.6588888815237439,0.7793879903936556,0.1103060048031722,0.0,Low,0.7793879903936556,0.0,0.5689655172413794,0.0,Normal,0.5689655172413794,0.10037178269168393,0.449814108654158,0.0,Normal,0.449814108654158,0,Poor
0.15345725165240043,0.4232713741738,0.0,Normal,0.4232713741738,0.022909856316556707,0.4885450718417215,0.0,Normal,0.4885450718417215,0.0,0.9881181045818044,0.0,Normal,0.9881181045818044,0.0,0.787046376545382,0.0,Normal,0.787046376545382,0.0,0.640391776622759,0.0,Normal,0.640391776622759,0.8147558081057923,0.09262209594710386,0.0,Low,0.8147558081057923,0.0,0.5244038285394821,0.0,Normal,0.5244038285394821,0.0,0.8133840314882808,0.0,Medium,0.8133840314882808,0.05363984674329458,0.47318007662835265,0.0,Normal,0.47318007662835265,0.0,0.662769826349365,0.0,Normal,0.662769826349365,1,Acceptable
0.0,0.6327369701884599,0.0,Normal,0.6327369701884599,0.0,0.9086464770698034,0.0,Normal,0.9086464770698034,0.0,0.6188245755217674,0.0,Normal,0.6188245755217674,0.04663833538357184,0.4766808323082139,0.0,Normal,0.4766808323082139,0.630730785217367,0.18463460739131646,0.0,Low,0.630730785217367,0.0,0.7609465964742668,0.0,Normal,0.7609465964742668,0.0,0.670423862475189,0.0,Normal,0.670423862475189,0.0,0.6206789983086586,0.0,Medium,0.6206789983086586,0.0,0.0,1.0,High,1.0,0.1561324525562787,0.4219337737218606,0.0,Normal,0.4219337737218606,3,Good
0.0,0.7541865845090043,0.0,Normal,0.7541865845090043,0.0,0.6757575456439313,0.0,Normal,0.6757575456439313,0.0,0.8655574591252831,0.0,Normal,0.8655574591252831,0.0,0.9222700434113831,0.0,Normal,0.9222700434113831,0.0,0.7004134517996567,0.0,Normal,0.7004134517996567,0.7079650349442275,0.1460174825278862,0.0,Low,0.7079650349442275,0.0,0.49600783834982104,0.007984323300358255,Normal,0.49600783834982104,0.0,0.8967463449460414,0.0,Medium,0.8967463449460414,0.0,0.9521072796934864,0.0,Normal,0.9521072796934864,0.0,0.9722839133165331,0.0,Normal,0.9722839133165331,0,Acceptable
0.0,0.4353860627236185,0.12922787455276202,Normal,0.4353860627236185,0.22324668659535535,0.38837665670232224,0.0,Normal,0.38837665670232224,0.0,0.8332304820653086,0.0,Normal,0.8332304820653086,0.0,0.8987066040159639,0.0,Normal,0.8987066040159639,0.0,0.8731288903695162,0.0,Normal,0.8731288903695162,0.0,0.4510333707182489,0.09793325856350224,Normal,0.4510333707182489,0.0,0.4694579440340511,0.06108411193189806,Normal,0.4694579440340511,0.0,0.6880273132603285,0.0,Medium,0.6880273132603285,0.0,0.9521072796934864,0.0,Normal,0.9521072796934864,0.0,0.25062420563683746,0.4987515887263251,High,0.4987515887263251,3,Acceptable
0.0,0.5249774143062881,0.0,Normal,0.5249774143062881,0.0,0.6576929439225767,0.0,Normal,0.6576929439225767,0.0,0.9857507436278579,0.0,Normal,0.9857507436278579,0.0,0.7043726323028024,0.0,Normal,0.7043726323028024,0.0,0.7179106719502933,0.0,Normal,0.7179106719502933,0.0,0.8031452880510223,0.0,Normal,0.8031452880510223,0.0,0.8755434755072501,0.0,Normal,0.8755434755072501,0.0,0.5011209997746936,0.0,Medium,0.5011209997746936,0.0,0.8563218390804601,0.0,Normal,0.8563218390804601,0.29704235029080145,0.3514788248545992,0.0,Normal,0.3514788248545992,0,Acceptable
0.0,0.753225059674251,0.0,Normal,0.753225059674251,0.0,0.5707958372723704,0.0,Normal,0.5707958372723704,0.0,0.850361966422532,0.0,Normal,0.850361966422532,0.0,0.7965554297262293,0.0,Normal,0.7965554297262293,0.0,0.7909458272971177,0.0,Normal,0.7909458272971177,0.0,0.6827640559438319,0.0,Normal,0.6827640559438319,0.0,0.8381034930705067,0.0,Normal,0.8381034930705067,1.0,0.0,0.0,Low,1.0,0.24521072796934829,0.3773946360153258,0.0,Normal,0.3773946360153258,0.0,0.5412261956899911,0.0,Normal,0.5412261956899911,3,Good
1.0,0.0,0.0,Cold,1.0,0.0,0.7035904845313976,0.0,Normal,0.7035904845313976,0.0,0.5603255599951378,0.0,Normal,0.5603255599951378,0.0,0.8209827143470048,0.0,Normal,0.8209827143470048,0.6934230930131756,0.15328845349341216,0.0,Low,0.6934230930131756,0.0,0.9670066447595539,0.0,Normal,0.9670066447595539,0.0,0.8454214907695653,0.0,Normal,0.8454214907695653,1.0,0.0,0.0,Low,1.0,0.0,0.5689655172413794,0.0,Normal,0.5689655172413794,0.4227221916334387,0.2886389041832806,0.0,Low,0.4227221916334387,3,Poor
0.0,0.7220082438799458,0.0,Normal,0.7220082438799458,0.0,0.9289177864247755,0.0,Normal,0.9289177864247755,0.0,0.599140343386297,0.0,Normal,0.599140343386297,0.0,0.6588010123017828,0.0,Normal,0.6588010123017828,0.9309340949040679,0.03453295254796604,0.0,Low,0.9309340949040679,0.0,0.48778971168957586,0.02442057662084833,Normal,0.48778971168957586,0.4166772415344315,0.29166137923278423,0.0,Low,0.4166772415344315,0.5014104726103509,0.2492947636948245,0.0,Low,0.5014104726103509,1.0,0.0,0.0,Low,1.0,0.4894893050042963,0.2552553474978518,0.0,Low,0.4894893050042963,3,Good
0.0,0.6281021813970644,0.0,Normal,0.6281021813970644,0.0,0.6492276573111063,0.0,Normal,0.6492276573111063,0.0,0.6074610323599596,0.0,Normal,0.6074610323599596,0.0,0.6054288508489865,0.0,Normal,0.6054288508489865,1.0,0.0,0.0,Low,1.0,0.0,0.702178399282718,0.0,Normal,0.702178399282718,0.0,0.6842306833785194,0.0,Normal,0.6842306833785194,0.0,0.5972444337527867,0.0,Medium,0.5972444337527867,0.0,0.9521072796934864,0.0,Normal,0.9521072796934864,0.23458990664011886,0.38270504667994054,0.0,Normal,0.38270504667994054,3,Good
0.0,0.6578234286214582,0.0,Normal,0.6578234286214582,0.0,0.8084200713012064,0.0,Normal,0.8084200713012064,0.0,0.7617930478589608,0.0,Normal,0.7617930478589608,0.0,0.9861306848013045,0.0,Normal,0.9861306848013045,0.0,0.518928137277336,0.0,Normal,0.518928137277336,0.0,0.8174453231898338,0.0,Normal,0.8174453231898338,0.0,0.9045240673879548,0.0,Normal,0.9045240673879548,0.0,0.4030449947486159,0.19391001050276863,Medium,0.4030449947486159,0.0,0.0,1.0,High,1.0,0.0,0.7511885544394842,0.0,Normal,0.7511885544394842,0,Acceptable
0.0,0.9533296709486131,0.0,Normal,0.9533296709486131,0.0,0.0574733160214222,0.8850533679571556,Hot,0.8850533679571556,0.0,0.8730486090686045,0.0,Normal,0.8730486090686045,0.0,0.8339444614882605,0.0,Normal,0.8339444614882605,1.0,0.0,0.0,Low,1.0,0.0,0.0,1.0,High,1.0,0.0,0.4063853041896803,0.1872293916206397,Normal,0.4063853041896803,0.0,0.45744114898449945,0.08511770203100155,Medium,0.45744114898449945,0.0,0.9521072796934864,0.0,Normal,0.9521072796934864,0.0,0.9766349684213511,0.0,Normal,0.9766349684213511,3,Good
0.0,0.8092040377510001,0.0,Normal,0.8092040377510001,0.0,0.5901962491760235,0.0,Normal,0.5901962491760235,0.0,0.0,1.0,Wet,1.0,0.0,0.0,1.0,Wet,1.0,0.0,0.7644595003289848,0.0,Normal,0.7644595003289848,0.198810536990609,0.4005947315046954,0.0,Normal,0.4005947315046954,0.0,0.9001039450745703,0.0,Normal,0.9001039450745703,0.0,0.9024700520915988,0.0,Medium,0.9024700520915988,0.0,0.37739463601532547,0.24521072796934892,Normal,0.37739463601532547,0.0,0.7268353805662312,0.0,Normal,0.7268353805662312,1,Acceptable
0.0,0.4205271022871674,0.15894579542566434,Normal,0.4205271022871674,0.0,0.818704636781354,0.0,Normal,0.818704636781354,0.0,0.1676775056637959,0.6646449886724078,Wet,0.6646449886724078,0.0,0.2745575960230829,0.45088480795383445,Wet,0.45088480795383445,1.0,0.0,0.0,Low,1.0,0.0,0.5511770687343653,0.0,Normal,0.5511770687343653,0.0,0.5060780421006134,0.0,Normal,0.5060780421006134,1.0,0.0,0.0,Low,1.0,0.0,0.5689655172413791,0.0,Normal,0.5689655172413791,0.0,0.823850101647327,0.0,Normal,0.823850101647327,3,Good
0.0,0.8029642607244796,0.0,Normal,0.8029642607244796,0.0,0.6243800921456532,0.0,Normal,0.6243800921456532,0.0,0.0,1.0,Wet,1.0,0.0,0.2552697614706205,0.48946047705875917,Wet,0.48946047705875917,0.0,0.9505577421845064,0.0,Normal,0.9505577421845064,0.028619246202142252,0.48569037689892874,0.0,Normal,0.48569037689892874,0.0,0.6247520051943922,0.0,Normal,0.6247520051943922,0.00041810091835413685,0.49979094954082287,0.0,Medium,0.49979094954082287,0.0,0.090038314176245,0.81992337164751,High,0.81992337164751,0.0,0.73715244927355,0.0,Normal,0.73715244927355,1,Acceptable
0.0,0.8773265079455854,0.0,Normal,0.8773265079455854,0.0,0.9030912246192323,0.0,Normal,0.9030912246192323,0.0,0.36231797653027265,0.275364046939454,Normal,0.36231797653027265,0.0,0.0,1.0,Wet,1.0,0.0,0.6940797397112828,0.0,Normal,0.6940797397112828,0.5125619190708681,0.24371904046456588,0.0,Low,0.5125619190708681,0.3403606190136969,0.3298196904931516,0.0,Low,0.3403606190136969,0.0,0.8146294443807998,0.0,Medium,0.8146294443807998,1.0,0.0,0.0,Low,1.0,0.033722572757458054,0.4831387136212709,0.0,Normal,0.4831387136212709,1,Acceptable
0.0,0.5284625989562811,0.0,Normal,0.5284625989562811,0.12509693029421085,0.43745153485289445,0.0,Normal,0.43745153485289445,0.0,0.32759233535905996,0.34481532928187947,Wet,0.34481532928187947,0.0,0.5773161712366407,0.0,Normal,0.5773161712366407,1.0,0.0,0.0,Low,1.0,0.0,0.47575777310491857,0.04848445379016284,Normal,0.47575777310491857,0.0,0.72817223984442,0.0,Normal,0.72817223984442,0.0,0.5548871617170535,0.0,Medium,0.5548871617170535,0.24521072796934829,0.3773946360153258,0.0,Normal,0.3773946360153258,0.0,0.6344731911916016,0.0,Normal,0.6344731911916016,3,Good
0.0,0.5518266530766476,0.0,Normal,0.5518266530766476,0.0,0.75383511919654,0.0,Normal,0.75383511919654,0.0,0.9538552784920755,0.0,Normal,0.9538552784920755,0.0,0.9712129060642449,0.0,Normal,0.9712129060642449,0.897503740764288,0.051248129617856006,0.0,Low,0.897503740764288,0.0,0.29122711208720237,0.41754577582559527,High,0.41754577582559527,0.9511795419837711,0.024410229008114483,0.0,Low,0.9511795419837711,1.0,0.0,0.0,Low,1.0,0.0,0.7605363984674332,0.0,Normal,0.7605363984674332,0.0,0.7034873412538047,0.0,Normal,0.7034873412538047,3,Good
0.0,0.3471638043140992,0.3056723913718008,Normal,0.3471638043140992,0.0,0.9204614453342345,0.0,Normal,0.9204614453342345,0.0,0.9819010046926328,0.0,Normal,0.9819010046926328,0.0,0.9347407434505948,0.0,Normal,0.9347407434505948,0.10735793912330387,0.4463210304383479,0.0,Normal,0.4463210304383479,0.0,0.4684813843599358,0.06303723128012838,Normal,0.4684813843599358,0.0,0.5692358433139113,0.0,Normal,0.5692358433139113,0.3736707522669179,0.313164623866541,0.0,Low,0.3736707522669179,0.0,0.952107279693487,0.0,Normal,0.952107279693487,0.0,0.7554877109152305,0.0,Normal,0.7554877109152305,3,Good
0.0,0.7599790655515315,0.0,Normal,0.7599790655515315,0.0,0.5429250262794222,0.0,Normal,0.5429250262794222,0.0,0.9768380405478735,0.0,Normal,0.9768380405478735,0.0,0.9912528292457081,0.0,Normal,0.9912528292457081,0.0,0.5734941554017234,0.0,Normal,0.5734941554017234,0.7283474228718089,0.13582628856409554,0.0,Low,0.7283474228718089,0.7686588318016482,0.11567058409917592,0.0,Low,0.7686588318016482,0.0,0.906461537377607,0.0,Medium,0.906461537377607,0.0,0.0,1.0,High,1.0,0.0,0.8877449738721048,0.0,Normal,0.8877449738721048,1,Acceptable
0.0,0.9269558893732771,0.0,Normal,0.9269558893732771,0.0,0.8055625573439005,0.0,Normal,0.8055625573439005,0.38609445134523723,0.3069527743273815,0.0,Dry,0.38609445134523723,0.0,0.7642697382999488,0.0,Normal,0.7642697382999488,0.0,0.9429420547267987,0.0,Normal,0.9429420547267987,0.0,0.6118925136306612,0.0,Normal,0.6118925136306612,0.0,0.6198257036156383,0.0,Normal,0.6198257036156383,0.0,0.891422831750623,0.0,Medium,0.891422831750623,1.0,0.0,0.0,Low,1.0,0.3553715119086949,0.3223142440456525,0.0,Low,0.3553715119086949,3,Good
0.0,0.5254306300941403,0.0,Normal,0.5254306300941403,0.0,0.9979494963716419,0.0,Normal,0.9979494963716419,0.0,0.736065100881837,0.0,Normal,0.736065100881837,0.0,0.8700517128160967,0.0,Normal,0.8700517128160967,0.0,0.46734014979292554,0.06531970041414897,Normal,0.46734014979292554,1.0,0.0,0.0,Low,1.0,1.0,0.0,0.0,Low,1.0,0.0,0.9070653266371181,0.0,Medium,0.9070653266371181,0.0,0.5689655172413794,0.0,Normal,0.5689655172413794,0.0,0.5503195188912425,0.0,Normal,0.5503195188912425,2,Poor
0.0,0.5665920403961908,0.0,Normal,0.5665920403961908,0.6402609254716398,0.17986953726418003,0.0,Cold,0.6402609254716398,0.0,0.18050338901536295,0.6389932219692738,Wet,0.6389932219692738,0.0,0.5392705338738225,0.0,Normal,0.5392705338738225,0.06405975795079244,0.4679701210246036,0.0,Normal,0.4679701210246036,0.0,0.8466545766899193,0.0,Normal,0.8466545766899193,0.0,0.7915181941010031,0.0,Normal,0.7915181941010031,0.0,0.8417679533730275,0.0,Medium,0.8417679533730275,0.0,0.0,1.0,High,1.0,0.0,0.8714580234455328,0.0,Normal,0.8714580234455328,3,Acceptable
0.0,0.6671496655342644,0.0,Normal,0.6671496655342644,0.0,0.8872975129402182,0.0,Normal,0.8872975129402182,0.46828747795124553,0.2658562610243773,0.0,Dry,0.46828747795124553,1.0,0.0,0.0,Dry,1.0,0.0,0.8108956834644019,0.0,Normal,0.8108956834644019,0.0,0.7528652596815356,0.0,Normal,0.7528652596815356,0.0,0.9418215039795841,0.0,Normal,0.9418215039795841,0.0,0.9874724973761483,0.0,Medium,0.9874724973761483,0.0,0.7605363984674332,0.0,Normal,0.7605363984674332,0.262563759555693,0.36871812022215344,0.0,Normal,0.36871812022215344,3,Good
0.0,0.5073705133419363,0.0,Normal,0.5073705133419363,0.0,0.7640134356672438,0.0,Normal,0.7640134356672438,0.0,0.8358494756490202,0.0,Normal,0.8358494756490202,0.0,0.9522408902474547,0.0,Normal,0.9522408902474547,0.0,0.641041590991207,0.0,Normal,0.641041590991207,0.23059534000821041,0.3847023299958947,0.0,Normal,0.3847023299958947,0.0,0.9641018265410026,0.0,Normal,0.9641018265410026,0.0,0.6359015150375399,0.0,Medium,0.6359015150375399,0.0,0.8563218390804596,0.0,Normal,0.8563218390804596,0.0,0.5803444579866348,0.0,Normal,0.5803444579866348,3,Good
0.6722743674745463,0.16386281626272692,0.0,Cold,0.6722743674745463,0.042356087469485985,0.47882195626525687,0.0,Normal,0.47882195626525687,0.0,0.6281564795605048,0.0,Normal,0.6281564795605048,0.0,0.6201409611878199,0.0,Normal,0.6201409611878199,0.0,0.547798334767243,0.0,Normal,0.547798334767243,0.5262507129443948,0.2368746435278025,0.0,Low,0.5262507129443948,0.0,0.657004597838234,0.0,Normal,0.657004597838234,0.0,0.7241356448076265,0.0,Medium,0.7241356448076265,0.0,0.5689655172413791,0.0,Normal,0.5689655172413791,0.0,0.668703719347613,0.0,Normal,0.668703719347613,1,Poor
1.0,0.0,0.0,Cold,1.0,1.0,0.0,0.0,Cold,1.0,0.5145458164537573,0.24272709177312146,0.0,Dry,0.5145458164537573,0.3202830999184884,0.33985845004075566,0.0,Normal,0.33985845004075566,0.0,0.7638985607452072,0.0,Normal,0.7638985607452072,0.0,0.7016446576979488,0.0,Normal,0.7016446576979488,0.0,0.7433965951944542,0.0,Normal,0.7433965951944542,0.0,0.813647305220619,0.0,Medium,0.813647305220619,0.6283524904214557,0.1858237547892721,0.0,Low,0.6283524904214557,0.0,0.707358396635171,0.0,Normal,0.707358396635171,0,Poor
0.0,0.8626320759065428,0.0,Normal,0.8626320759065428,0.0,0.3686816281420574,0.262636743715885,Normal,0.3686816281420574,0.0,0.9551379502621162,0.0,Normal,0.9551379502621162,0.0,0.8763332792605357,0.0,Normal,0.8763332792605357,1.0,0.0,0.0,Low,1.0,0.0,0.0,1.0,High,1.0,0.0,0.6180212168676099,0.0,Normal,0.6180212168676099,0.0,0.59862681676362,0.0,Medium,0.59862681676362,0.0,0.0,1.0,High,1.0,0.22855729584225148,0.3857213520788742,0.0,Normal,0.3857213520788742,3,Good
0.5987538602404181,0.2006230698797911,0.0,Cold,0.5987538602404181,0.0,0.7345806085642534,0.0,Normal,0.7345806085642534,0.0,0.6166859995178791,0.0,Normal,0.6166859995178791,0.0,0.9345814479746336,0.0,Normal,0.9345814479746336,0.0,0.5202270588062294,0.0,Normal,0.5202270588062294,0.0,0.20235157115624827,0.5952968576875035,High,0.5952968576875035,0.0,0.6831012914019537,0.0,Normal,0.6831012914019537,0.2882282002970351,0.3558858998514824,0.0,Medium,0.3558858998514824,0.0,0.8563218390804601,0.0,Normal,0.8563218390804601,0.16065908742546767,0.4196704562872661,0.0,Normal,0.4196704562872661,3,Acceptable
0.0,0.3445858182376007,0.3108283635247978,Normal,0.3445858182376007,0.0,0.8462040391890812,0.0,Normal,0.8462040391890812,0.0,0.905754578638215,0.0,Normal,0.905754578638215,0.0,0.897112232338249,0.0,Normal,0.897112232338249,1.0,0.0,0.0,Low,1.0,0.0,0.9128050788520515,0.0,Normal,0.9128050788520515,0.0,0.587143361521819,0.0,Normal,0.587143361521819,0.9462032071461461,0.02689839642692691,0.0,Low,0.9462032071461461,0.0,0.0,1.0,High,1.0,0.11000458668942477,0.44499770665528754,0.0,Normal,0.44499770665528754,0,Acceptable
0.04825692067164079,0.4758715396641799,0.0,Normal,0.4758715396641799,0.0,0.5256928268156162,0.0,Normal,0.5256928268156162,0.0,0.27870936703355326,0.44258126593289293,Wet,0.44258126593289293,0.0,0.2935064436269933,0.4129871127460137,Wet,0.4129871127460137,0.0,0.8286831081334609,0.0,Normal,0.8286831081334609,0.0,0.6553201827953243,0.0,Normal,0.6553201827953243,0.0,0.9888121639813984,0.0,Normal,0.9888121639813984,0.0,0.34461426995206196,0.3107714600958764,Medium,0.34461426995206196,0.0,0.37739463601532547,0.24521072796934892,Normal,0.37739463601532547,0.0,0.6517779105473532,0.0,Normal,0.6517779105473532,0,Acceptable
0.0,0.32713397412087336,0.34573205175825256,Hot,0.34573205175825256,0.0,0.7540160103607687,0.0,Normal,0.7540160103607687,0.0,0.7737948975176744,0.0,Normal,0.7737948975176744,0.0,0.8727476664824586,0.0,Normal,0.8727476664824586,0.0,0.8608611729081024,0.0,Normal,0.8608611729081024,0.0,0.6554893091345748,0.0,Normal,0.6554893091345748,0.4126769962861295,0.29366150185693524,0.0,Low,0.4126769962861295,0.0,0.7434372753595124,0.0,Medium,0.7434372753595124,0.0,0.4731800766283523,0.05363984674329525,Normal,0.4731800766283523,0.016888950450150052,0.4915555247749249,0.0,Normal,0.4915555247749249,0,Acceptable
0.05254065435403796,0.4737296728229813,0.0,Normal,0.4737296728229813,0.0,0.1376228481305551,0.7247543037388897,Hot,0.7247543037388897,0.054652961465499465,0.47267351926725043,0.0,Normal,0.47267351926725043,0.0,0.8946518924830438,0.0,Normal,0.8946518924830438,0.41632484176022383,0.291837579119888,0.0,Low,0.41632484176022383,0.0,0.15320283926017822,0.6935943214796436,High,0.6935943214796436,0.0,0.6389471236630948,0.0,Normal,0.6389471236630948,0.0,0.8442926053813775,0.0,Medium,0.8442926053813775,1.0,0.0,0.0,Low,1.0,0.0,0.5661703420518637,0.0,Normal,0.5661703420518637,3,Acceptable
0.0,0.9021132633250014,0.0,Normal,0.9021132633250014,0.536572994553427,0.23171350272328645,0.0,Cold,0.536572994553427,0.0,0.8736257521027131,0.0,Normal,0.8736257521027131,0.0,0.7523988487305063,0.0,Normal,0.7523988487305063,0.0,0.9965811007640807,0.0,Normal,0.9965811007640807,0.7402209705860708,0.12988951470696455,0.0,Low,0.7402209705860708,0.0,0.9782152770603805,0.0,Normal,0.9782152770603805,0.0,0.6908475057680471,0.0,Medium,0.6908475057680471,1.0,0.0,0.0,Low,1.0,0.0,0.155497425434679,0.689005149130642,High,0.689005149130642,1,Poor
0.0,0.6644210620102635,0.0,Normal,0.6644210620102635,0.10660405627202463,0.4466979718639876,0.0,Normal,0.4466979718639876,0.8353849266690176,0.08230753666549118,0.0,Dry,0.8353849266690176,0.499663462160473,0.2501682689197634,0.0,Dry,0.499663462160473,0.7080928045068684,0.14595359774656574,0.0,Low,0.7080928045068684,0.0,0.9537477361849717,0.0,Normal,0.9537477361849717,0.0,0.9022646276345475,0.0,Normal,0.9022646276345475,0.0,0.5860381298913404,0.0,Medium,0.5860381298913404,0.24521072796934829,0.3773946360153258,0.0,Normal,0.3773946360153258,0.0,0.5617868914553491,0.0,Normal,0.5617868914553491,3,Good
0.0,0.7044123348839857,0.0,Normal,0.7044123348839857,0.0,0.7505063207556779,0.0,Normal,0.7505063207556779,0.0,0.8889621601712698,0.0,Normal,0.8889621601712698,0.0,0.9367593586169668,0.0,Normal,0.9367593586169668,0.0,0.7554919721320527,0.0,Normal,0.7554919721320527,0.0,0.7840164780354053,0.0,Normal,0.7840164780354053,0.0,0.61054286209939,0.0,Normal,0.61054286209939,0.0,0.9966566496452484,0.0,Medium,0.9966566496452484,0.24521072796934829,0.3773946360153258,0.0,Normal,0.3773946360153258,0.2578625264660984,0.37106873676695074,0.0,Normal,0.37106873676695074,0,Acceptable
0.0,0.9744233415696264,0.0,Normal,0.9744233415696264,0.6069664200668655,0.1965167899665672,0.0,Cold,0.6069664200668655,0.0,0.8449948969001634,0.0,Normal,0.8449948969001634,0.0,0.7865823944800239,0.0,Normal,0.7865823944800239,0.0,0.740380808718375,0.0,Normal,0.740380808718375,0.0,0.4964551354310816,0.007089729137836832,Normal,0.4964551354310816,0.0,0.8943676136097971,0.0,Normal,0.8943676136097971,0.0,0.9681707241897447,0.0,Medium,0.9681707241897447,0.0,0.2816091954022987,0.4367816091954026,High,0.4367816091954026,0.0,0.302970354012251,0.39405929197549805,High,0.39405929197549805,3,Acceptable
0.0,0.6484953166588039,0.0,Normal,0.6484953166588039,0.0,0.8161708215712117,0.0,Normal,0.8161708215712117,0.0,0.5660753882547337,0.0,Normal,0.5660753882547337,0.39444019522123375,0.302779902389383,0.0,Dry,0.39444019522123375,1.0,0.0,0.0,Low,1.0,0.0,0.0,1.0,High,1.0,0.0,0.9079052353788881,0.0,Normal,0.9079052353788881,0.0,0.663567437387443,0.0,Medium,0.663567437387443,0.0,0.37739463601532547,0.24521072796934892,Normal,0.37739463601532547,0.2558045057325241,0.3720977471337379,0.0,Normal,0.3720977471337379,3,Good
0.15220565205866995,0.42389717397066523,0.0,Normal,0.42389717397066523,0.911508063407047,0.04424596829647647,0.0,Cold,0.911508063407047,0.0,0.9420727939044922,0.0,Normal,0.9420727939044922,0.0,0.6587373030536746,0.0,Normal,0.6587373030536746,1.0,0.0,0.0,Low,1.0,0.0,0.0,1.0,High,1.0,0.0,0.8157862512665945,0.0,Normal,0.8157862512665945,1.0,0.0,0.0,Low,1.0,0.24521072796934829,0.3773946360153258,0.0,Normal,0.3773946360153258,0.0,0.8113604051243597,0.0,Normal,0.8113604051243597,3,Good
0.0,0.7601413607688875,0.0,Normal,0.7601413607688875,0.0,0.8734012935500552,0.0,Normal,0.8734012935500552,0.0,0.8713342401601198,0.0,Normal,0.8713342401601198,0.0,0.7592325099534819,0.0,Normal,0.7592325099534819,0.0,0.11633687531567523,0.7673262493686496,High,0.7673262493686496,0.0,0.5358638529280902,0.0,Normal,0.5358638529280902,0.0,0.9752880340495883,0.0,Normal,0.9752880340495883,0.6968011605369459,0.15159941973152705,0.0,Low,0.6968011605369459,0.24521072796934829,0.3773946360153258,0.0,Normal,0.3773946360153258,0.021131706888088186,0.48943414655595585,0.0,Normal,0.48943414655595585,0,Acceptable
0.0,0.8618119629278672,0.0,Normal,0.8618119629278672,0.0,0.918456734176473,0.0,Normal,0.918456734176473,0.1370460706036903,0.431476964698155,0.0,Normal,0.431476964698155,0.0,0.7238782364635484,0.0,Normal,0.7238782364635484,0.09661671342260428,0.4516916432886977,0.0,Normal,0.4516916432886977,0.0,0.9209653844112827,0.0,Normal,0.9209653844112827,0.0,0.8946445085866247,0.0,Normal,0.8946445085866247,0.0,0.9017323969845223,0.0,Medium,0.9017323969845223,0.0,0.6647509578544063,0.0,Normal,0.6647509578544063,0.43275901899318364,0.28362049050340815,0.0,Low,0.43275901899318364,3,Good
0.0,0.6378828390273271,0.0,Normal,0.6378828390273271,0.0,0.08271786119510299,0.8345642776097939,Hot,0.8345642776097939,0.0,0.9752453151480045,0.0,Normal,0.9752453151480045,0.0,0.860715908751831,0.0,Normal,0.860715908751831,0.0,0.7388149339767158,0.0,Normal,0.7388149339767158,0.0,0.8796037001162378,0.0,Normal,0.8796037001162378,0.381814885991513,0.3090925570042435,0.0,Low,0.381814885991513,0.0,0.9805827885981196,0.0,Medium,0.9805827885981196,0.0,0.37739463601532547,0.24521072796934892,Normal,0.37739463601532547,0.0,0.1499379219119583,0.7001241561760835,High,0.7001241561760835,0,Acceptable
0.0,0.917621438016064,0.0,Normal,0.917621438016064,0.0,0.7017242916469749,0.0,Normal,0.7017242916469749,0.0,0.881960402166677,0.0,Normal,0.881960402166677,0.0,0.9421021897720422,0.0,Normal,0.9421021897720422,0.0,0.9915721466262452,0.0,Normal,0.9915721466262452,0.0,0.9164185118666568,0.0,Normal,0.9164185118666568,0.0,0.3191293213129707,0.36174135737405877,High,0.36174135737405877,0.0,0.3249432026356776,0.3501135947286451,High,0.3501135947286451,0.0,0.0,1.0,High,1.0,0.0,0.509737091466879,0.0,Normal,0.509737091466879,3,Good
0.0,0.8406206057051671,0.0,Normal,0.8406206057051671,0.0,0.909345767620089,0.0,Normal,0.909345767620089,0.0,0.5653109275613791,0.0,Normal,0.5653109275613791,0.0,0.7513835759106645,0.0,Normal,0.7513835759106645,0.7261241169147669,0.13693794154261651,0.0,Low,0.7261241169147669,0.0,0.7251126992098144,0.0,Normal,0.7251126992098144,0.032053825957687715,0.48397308702115616,0.0,Normal,0.48397308702115616,1.0,0.0,0.0,Low,1.0,0.8199233716475094,0.09003831417624526,0.0,Low,0.8199233716475094,0.4617800855537544,0.26910995722312275,0.0,Low,0.4617800855537544,3,Good
0.0,0.5647675880439065,0.0,Normal,0.5647675880439065,0.0,0.8548611627386252,0.0,Normal,0.8548611627386252,0.0,0.5323696517510926,0.0,Normal,0.5323696517510926,0.0,0.915160794571611,0.0,Normal,0.915160794571611,0.0,0.6426245072357625,0.0,Normal,0.6426245072357625,0.739047002345997,0.13047649882700152,0.0,Low,0.739047002345997,0.0,0.6438393808188857,0.0,Normal,0.6438393808188857,0.0,0.6809783190959677,0.0,Medium,0.6809783190959677,0.0,0.0,1.0,High,1.0,0.0,0.9719890091396902,0.0,Normal,0.9719890091396902,1,Acceptable
0.37299901242142763,0.31350049378928635,0.0,Cold,0.37299901242142763,0.0,0.9711590435500146,0.0,Normal,0.9711590435500146,0.0,0.8929769376862179,0.0,Normal,0.8929769376862179,0.0,0.8458926800404375,0.0,Normal,0.8458926800404375,0.0,0.8254632206557416,0.0,Normal,0.8254632206557416,0.9306172090406274,0.03469139547968628,0.0,Low,0.9306172090406274,0.0,0.967121694701098,0.0,Normal,0.967121694701098,0.0,0.8487810386011567,0.0,Medium,0.8487810386011567,0.0,0.6647509578544063,0.0,Normal,0.6647509578544063,0.1523707487197335,0.42381462564013317,0.0,Normal,0.42381462564013317,0,Acceptable
0.0,0.3917164300492777,0.2165671399014438,Normal,0.3917164300492777,0.0,0.8350625023699251,0.0,Normal,0.8350625023699251,0.0,0.8858056542201356,0.0,Normal,0.8858056542201356,0.0,0.6468232563338758,0.0,Normal,0.6468232563338758,0.0,0.5538997602158353,0.0,Normal,0.5538997602158353,0.668139603483257,0.1659301982583715,0.0,Low,0.668139603483257,0.0,0.83339643420021,0.0,Normal,0.83339643420021,0.0,0.8196722075688583,0.0,Medium,0.8196722075688583,0.6283524904214557,0.1858237547892721,0.0,Low,0.6283524904214557,0.0,0.831888876660999,0.0,Normal,0.831888876660999,0,Acceptable
0.0,0.5255875764973961,0.0,Normal,0.5255875764973961,0.0,0.9857968270410876,0.0,Normal,0.9857968270410876,0.0,0.7669765413331379,0.0,Normal,0.7669765413331379,0.0,0.9790238950555838,0.0,Normal,0.9790238950555838,0.0,0.9174658636189207,0.0,Normal,0.9174658636189207,0.7514279654898822,0.12428601725505889,0.0,Low,0.7514279654898822,0.0,0.5852313514808042,0.0,Normal,0.5852313514808042,0.0,0.10467858246425654,0.790642835071487,High,0.790642835071487,0.0,0.952107279693487,0.0,Normal,0.952107279693487,0.0,0.6605454295693353,0.0,Normal,0.6605454295693353,1,Acceptable
0.16839715979484698,0.41580142010257676,0.0,Normal,0.41580142010257676,0.0716606725362341,0.46416966373188284,0.0,Normal,0.46416966373188284,0.0,0.5198181326949147,0.0,Normal,0.5198181326949147,0.0,0.7396141764323713,0.0,Normal,0.7396141764323713,0.0,0.6987791509889909,0.0,Normal,0.6987791509889909,0.0,0.5473649474820099,0.0,Normal,0.5473649474820099,0.0,0.7196016058971301,0.0,Normal,0.7196016058971301,0.0,0.3948759637223522,0.210248072555296,Medium,0.3948759637223522,1.0,0.0,0.0,Low,1.0,0.18511223280802488,0.4074438835959875,0.0,Normal,0.4074438835959875,0,Acceptable
0.056332852278294224,0.4718335738608531,0.0,Normal,0.4718335738608531,0.6274328182889307,0.18628359085553461,0.0,Cold,0.6274328182889307,0.0,0.12905689678948148,0.7418862064210368,Wet,0.7418862064210368,0.0,0.0,1.0,Wet,1.0,0.0,0.3449277883849789,0.31014442323004215,Normal,0.3449277883849789,0.7366889764239444,0.13165551178802776,0.0,Low,0.7366889764239444,0.0,0.8287668760624162,0.0,Normal,0.8287668760624162,0.0,0.985193129210669,0.0,Medium,0.985193129210669,0.0,0.4731800766283523,0.05363984674329525,Normal,0.4731800766283523,0.0,0.6893990758733994,0.0,Normal,0.6893990758733994,1,Acceptable
0.32600711291138074,0.3369964435443098,0.0,Normal,0.3369964435443098,0.0,0.9393179690754258,0.0,Normal,0.9393179690754258,0.3218052558201072,0.3390973720899465,0.0,Normal,0.3390973720899465,0.0,0.5247969036319068,0.0,Normal,0.5247969036319068,0.0,0.386797788641775,0.22640442271645,Normal,0.386797788641775,1.0,0.0,0.0,Low,1.0,0.0,0.7616253260820464,0.0,Normal,0.7616253260820464,0.0,0.1957748767286428,0.6084502465427146,High,0.6084502465427146,1.0,0.0,0.0,Low,1.0,0.25628823907100245,0.3718558804644987,0.0,Normal,0.3718558804644987,1,Poor
0.0,0.42423404297357276,0.15153191405285352,Normal,0.42423404297357276,0.16520074839606813,0.4173996258019658,0.0,Normal,0.4173996258019658,0.0,0.5472742089062393,0.0,Normal,0.5472742089062393,0.5717086511552866,0.21414567442235666,0.0,Dry,0.5717086511552866,0.3662993091195953,0.31685034544020224,0.0,Low,0.3662993091195953,0.0,0.9083243895931877,0.0,Normal,0.9083243895931877,0.0,0.5834714814340239,0.0,Normal,0.5834714814340239,1.0,0.0,0.0,Low,1.0,0.8199233716475094,0.09003831417624526,0.0,Low,0.8199233716475094,0.0,0.42107072752223806,0.15785854495552384,Normal,0.42107072752223806,3,Acceptable
0.0,0.42170646098623094,0.15658707802753719,Normal,0.42170646098623094,0.10207315375092454,0.44896342312453763,0.0,Normal,0.44896342312453763,0.0,0.6171944384950945,0.0,Normal,0.6171944384950945,0.0,0.9317668557869543,0.0,Normal,0.9317668557869543,0.0,0.1460830803491189,0.7078338393017622,High,0.7078338393017622,1.0,0.0,0.0,Low,1.0,0.0,0.9083651618452673,0.0,Normal,0.9083651618452673,0.0,0.7379608186155199,0.0,Medium,0.7379608186155199,0.24521072796934829,0.3773946360153258,0.0,Normal,0.3773946360153258,0.0,0.0,1.0,High,1.0,2,Poor
0.31559575382012056,0.3422021230899399,0.0,Normal,0.3422021230899399,0.2181703233763635,0.39091483831181817,0.0,Normal,0.39091483831181817,0.8008616319669988,0.09956918401650064,0.0,Dry,0.8008616319669988,0.5429104908135434,0.22854475459322823,0.0,Dry,0.5429104908135434,0.6197101486675365,0.19014492566623173,0.0,Low,0.6197101486675365,0.0,0.07190457152518698,0.856190856949626,High,0.856190856949626,0.0,0.8856930027750552,0.0,Normal,0.8856930027750552,0.0,0.9400627917293722,0.0,Medium,0.9400627917293722,1.0,0.0,0.0,Low,1.0,0.006615012699696985,0.49669249365015145,0.0,Normal,0.49669249365015145,3,Acceptable
0.0,0.797950325043734,0.0,Normal,0.797950325043734,0.9540578151205776,0.022971092439711162,0.0,Cold,0.9540578151205776,0.0,0.7961955136969171,0.0,Normal,0.7961955136969171,0.0,0.907139777298886,0.0,Normal,0.907139777298886,0.0,0.997102758359456,0.0,Normal,0.997102758359456,0.0,0.6523595600349348,0.0,Normal,0.6523595600349348,0.0,0.440594663341173,0.11881067331765435,Normal,0.440594663341173,0.0,0.5162777928203696,0.0,Medium,0.5162777928203696,0.0,0.7605363984674332,0.0,Normal,0.7605363984674332,0.0,0.09988100148951533,0.8002379970209693,High,0.8002379970209693,0,Acceptable
0.40794956968389834,0.29602521515805097,0.0,Cold,0.40794956968389834,0.0,0.9168061327506996,0.0,Normal,0.9168061327506996,0.0,0.8473131604099612,0.0,Normal,0.8473131604099612,0.0,0.7522779531754723,0.0,Normal,0.7522779531754723,0.0,0.8760228544816129,0.0,Normal,0.8760228544816129,0.0,0.7469677091701926,0.0,Normal,0.7469677091701926,0.0,0.8176187704752412,0.0,Normal,0.8176187704752412,0.0,0.9652690898059654,0.0,Medium,0.9652690898059654,1.0,0.0,0.0,Low,1.0,0.24820503522705606,0.3758974823864719,0.0,Normal,0.3758974823864719,0,Acceptable
0.0,0.5909680018409643,0.0,Normal,0.5909680018409643,0.0,0.7617029626130782,0.0,Normal,0.7617029626130782,0.0,0.5689845350428813,0.0,Normal,0.5689845350428813,1.0,0.0,0.0,Dry,1.0,0.6036011231518276,0.1981994384240862,0.0,Low,0.6036011231518276,0.0,0.7059322264948946,0.0,Normal,0.7059322264948946,0.0,0.6936070815662448,0.0,Normal,0.6936070815662448,0.0,0.5418409526246499,0.0,Medium,0.5418409526246499,0.0,0.18582375478927182,0.6283524904214562,High,0.6283524904214562,0.0,0.8557757194284537,0.0,Normal,0.8557757194284537,3,Good
0.4764287904245686,0.26178560478771584,0.0,Cold,0.4764287904245686,0.16679166650090102,0.41660416674954937,0.0,Normal,0.41660416674954937,0.3562649196688218,0.3218675401655892,0.0,Dry,0.3562649196688218,0.36875025728042343,0.3156248713597882,0.0,Dry,0.36875025728042343,0.0,0.8572776841116285,0.0,Normal,0.8572776841116285,0.0,0.9691375999673681,0.0,Normal,0.9691375999673681,0.0,0.7143145021360193,0.0,Normal,0.7143145021360193,1.0,0.0,0.0,Low,1.0,0.0,0.952107279693487,0.0,Normal,0.952107279693487,0.0,0.6616408193265761,0.0,Normal,0.6616408193265761,3,Acceptable
0.0,0.35626346314617086,0.28747307370765746,Normal,0.35626346314617086,0.0,0.626622324234064,0.0,Normal,0.626622324234064,0.0,0.8853892543194781,0.0,Normal,0.8853892543194781,0.0,0.680233420351485,0.0,Normal,0.680233420351485,0.0,0.5987833798651013,0.0,Normal,0.5987833798651013,0.5656519921904432,0.21717400390477837,0.0,Low,0.5656519921904432,0.0,0.0,1.0,High,1.0,0.0,0.76534138796833,0.0,Medium,0.76534138796833,1.0,0.0,0.0,Low,1.0,0.0,0.7807854600773247,0.0,Normal,0.7807854600773247,0,Acceptable
0.6477012714728423,0.17614936426357894,0.0,Cold,0.6477012714728423,0.0,0.40135243204729243,0.19729513590541498,Normal,0.40135243204729243,0.0,0.5878319737011024,0.0,Normal,0.5878319737011024,0.0,0.9107848641850452,0.0,Normal,0.9107848641850452,0.0,0.8709177192889511,0.0,Normal,0.8709177192889511,0.0,0.522900053256563,0.0,Normal,0.522900053256563,0.0,0.9884815368056019,0.0,Normal,0.9884815368056019,0.0,0.5921563667207009,0.0,Medium,0.5921563667207009,0.0,0.8563218390804596,0.0,Normal,0.8563218390804596,0.0,0.4710791274841541,0.05784174503169176,Normal,0.4710791274841541,0,Poor
0.0,0.6682696395225358,0.0,Normal,0.6682696395225358,0.0,0.0,1.0,Hot,1.0,0.0,0.5689346694986694,0.0,Normal,0.5689346694986694,0.0,0.5421811661343641,0.0,Normal,0.5421811661343641,1.0,0.0,0.0,Low,1.0,0.0,0.7031234024366924,0.0,Normal,0.7031234024366924,0.0,0.8087606618374399,0.0,Normal,0.8087606618374399,0.0871779033235912,0.45641104833820434,0.0,Medium,0.45641104833820434,0.0,0.8563218390804596,0.0,Normal,0.8563218390804596,0.0,0.5384594556606858,0.0,Normal,0.5384594556606858,3,Acceptable
0.0,0.7848086325827358,0.0,Normal,0.7848086325827358,0.5615886233572454,0.21920568832137727,0.0,Cold,0.5615886233572454,0.0,0.6300529610316967,0.0,Normal,0.6300529610316967,0.0,0.8112029221378456,0.0,Normal,0.8112029221378456,0.0,0.8851562926552672,0.0,Normal,0.8851562926552672,0.20131546983525378,0.399342265082373,0.0,Normal,0.399342265082373,0.0,0.8360839820879676,0.0,Normal,0.8360839820879676,0.0,0.75380328972859,0.0,Medium,0.75380328972859,0.0,0.37739463601532547,0.24521072796934892,Normal,0.37739463601532547,0.0,0.3414620290132505,0.31707594197349903,Normal,0.3414620290132505,1,Poor
0.5097369899035138,0.24513150504824324,0.0,Cold,0.5097369899035138,0.0,0.9678574388865631,0.0,Normal,0.9678574388865631,0.0,0.19656007134652165,0.6068798573069563,Wet,0.6068798573069563,0.0,0.14976992290239075,0.7004601541952187,Wet,0.7004601541952187,0.0,0.5635845008027394,0.0,Normal,0.5635845008027394,0.4578522394635939,0.271073880268203,0.0,Low,0.4578522394635939,0.0,0.7269956839339639,0.0,Normal,0.7269956839339639,0.7913275922444142,0.10433620387779291,0.0,Low,0.7913275922444142,0.0,0.0,1.0,High,1.0,0.0,0.5554998935240784,0.0,Normal,0.5554998935240784,0,Acceptable
0.0,0.6894270226653215,0.0,Normal,0.6894270226653215,0.0,0.8450288580802677,0.0,Normal,0.8450288580802677,0.0,0.7657227542527272,0.0,Normal,0.7657227542527272,0.0,0.8253880659286662,0.0,Normal,0.8253880659286662,0.12463610703232784,0.43768194648383596,0.0,Normal,0.43768194648383596,0.0,0.8269081783093489,0.0,Normal,0.8269081783093489,0.0,0.9676419494877382,0.0,Normal,0.9676419494877382,1.0,0.0,0.0,Low,1.0,1.0,0.0,0.0,Low,1.0,0.805768766989207,0.09711561650539652,0.0,Low,0.805768766989207,0,Acceptable
0.0,0.49757826918978276,0.004843461620433355,Normal,0.49757826918978276,0.8809284048745489,0.05953579756272555,0.0,Cold,0.8809284048745489,0.0,0.7577629914446053,0.0,Normal,0.7577629914446053,0.0,0.9689393589379645,0.0,Normal,0.9689393589379645,1.0,0.0,0.0,Low,1.0,0.0,0.0,1.0,High,1.0,0.0,0.9654609447894834,0.0,Normal,0.9654609447894834,0.7091988065618354,0.14540059671908226,0.0,Low,0.7091988065618354,0.0,0.952107279693487,0.0,Normal,0.952107279693487,0.0,0.0,1.0,High,1.0,3,Acceptable
0.0,0.7174688399854452,0.0,Normal,0.7174688399854452,0.0,0.84868760384876,0.0,Normal,0.84868760384876,0.0,0.7844684287262527,0.0,Normal,0.7844684287262527,0.0,0.8554486774400752,0.0,Normal,0.8554486774400752,0.0,0.394974890051193,0.2100502198976139,Normal,0.394974890051193,0.0,0.5470994603831301,0.0,Normal,0.5470994603831301,0.0,0.0,1.0,High,1.0,0.0,0.6761687845208226,0.0,Medium,0.6761687845208226,0.24521072796934829,0.3773946360153258,0.0,Normal,0.3773946360153258,0.10785092271275355,0.4460745386436232,0.0,Normal,0.4460745386436232,0,Acceptable
0.0,0.8900911458403201,0.0,Normal,0.8900911458403201,0.0,0.10257620864472936,0.7948475827105412,Hot,0.7948475827105412,0.0,0.463302568326467,0.07339486334706508,Normal,0.463302568326467,0.0,0.8571504641067804,0.0,Normal,0.8571504641067804,0.0,0.8933882564957891,0.0,Normal,0.8933882564957891,0.0,0.6214473528986618,0.0,Normal,0.6214473528986618,0.6260857368631806,0.1869571315684097,0.0,Low,0.6260857368631806,1.0,0.0,0.0,Low,1.0,0.0,0.4731800766283523,0.05363984674329525,Normal,0.4731800766283523,0.0,0.5876520139365541,0.0,Normal,0.5876520139365541,3,Good
0.0,0.9524342023699056,0.0,Normal,0.9524342023699056,0.0,0.7552124394389543,0.0,Normal,0.7552124394389543,0.0,0.5227211972145154,0.0,Normal,0.5227211972145154,0.0,0.9253524005196457,0.0,Normal,0.9253524005196457,0.0,0.26776077256792374,0.4644784548641525,High,0.4644784548641525,0.0,0.5470230707890662,0.0,Normal,0.5470230707890662,0.0,0.40982044222277936,0.18035911555444156,Normal,0.40982044222277936,0.0,0.7681975487260279,0.0,Medium,0.7681975487260279,0.0,0.2816091954022987,0.4367816091954026,High,0.4367816091954026,0.0,0.6389821699516762,0.0,Normal,0.6389821699516762,0,Acceptable
0.0,0.8265462654402452,0.0,Normal,0.8265462654402452,0.0,0.6434431000380851,0.0,Normal,0.6434431000380851,0.0,0.76066132948371,0.0,Normal,0.76066132948371,0.0,0.7937178584528811,0.0,Normal,0.7937178584528811,0.0,0.7090171113174246,0.0,Normal,0.7090171113174246,0.0,0.7463398911887743,0.0,Normal,0.7463398911887743,0.0,0.448916026767734,0.10216794646453226,Normal,0.448916026767734,0.0,0.5199073161297602,0.0,Medium,0.5199073161297602,0.0,0.952107279693487,0.0,Normal,0.952107279693487,0.0,0.850593757896501,0.0,Normal,0.850593757896501,0,Acceptable
0.0,0.8261293193772065,0.0,Normal,0.8261293193772065,0.0,0.864356076273553,0.0,Normal,0.864356076273553,0.0,0.7362299438364432,0.0,Normal,0.7362299438364432,0.0,0.746409266541369,0.0,Normal,0.746409266541369,0.0,0.7999817420667266,0.0,Normal,0.7999817420667266,0.0,0.8824117967543624,0.0,Normal,0.8824117967543624,0.0,0.355775652617689,0.28844869476462215,Normal,0.355775652617689,0.0,0.9297692229292922,0.0,Medium,0.9297692229292922,1.0,0.0,0.0,Low,1.0,0.6991877420087197,0.15040612899564013,0.0,Low,0.6991877420087197,3,Good
0.0,0.9326468398594961,0.0,Normal,0.9326468398594961,0.31410812734841853,0.3429459363257906,0.0,Normal,0.3429459363257906,0.0,0.7658560527948858,0.0,Normal,0.7658560527948858,0.0,0.8470705326540557,0.0,Normal,0.8470705326540557,0.0,0.8696855608612463,0.0,Normal,0.8696855608612463,0.0,0.5503323413569559,0.0,Normal,0.5503323413569559,0.0,0.8484411225039861,0.0,Normal,0.8484411225039861,0.8646089281821944,0.0676955359089028,0.0,Low,0.8646089281821944,0.0,0.18582375478927182,0.6283524904214562,High,0.6283524904214562,0.0,0.3928162940805261,0.21436741183894778,Normal,0.3928162940805261,0,Acceptable
0.0,0.7595483427756206,0.0,Normal,0.7595483427756206,0.0,0.5965859147009466,0.0,Normal,0.5965859147009466,0.0,0.0,1.0,Wet,1.0,0.0,0.0,1.0,Wet,1.0,0.0,0.7921420584072476,0.0,Normal,0.7921420584072476,0.0,0.5024516454638664,0.0,Normal,0.5024516454638664,0.0,0.3090249007474468,0.38195019850510653,High,0.38195019850510653,0.0,0.9459790457689145,0.0,Medium,0.9459790457689145,0.24521072796934829,0.3773946360153258,0.0,Normal,0.3773946360153258,0.0,0.7888836267659415,0.0,Normal,0.7888836267659415,1,Poor
0.0,0.8856973277853428,0.0,Normal,0.8856973277853428,0.0,0.7401233302331287,0.0,Normal,0.7401233302331287,1.0,0.0,0.0,Dry,1.0,0.6372854058292228,0.18135729708538853,0.0,Dry,0.6372854058292228,0.0,0.8347468150935909,0.0,Normal,0.8347468150935909,0.3021872617145432,0.3489063691427283,0.0,Normal,0.3489063691427283,0.0,0.8482643959675934,0.0,Normal,0.8482643959675934,0.0,0.7353836812413922,0.0,Medium,0.7353836812413922,1.0,0.0,0.0,Low,1.0,0.2820830792395344,0.3589584603802327,0.0,Normal,0.3589584603802327,3,Acceptable
0.0,0.7896503480751852,0.0,Normal,0.7896503480751852,0.0,0.0,1.0,Hot,1.0,0.0,0.24310698547312756,0.5137860290537444,Wet,0.5137860290537444,0.0,0.2691137337571375,0.4617725324857253,Wet,0.4617725324857253,0.5045558440437666,0.24772207797811657,0.0,Low,0.5045558440437666,0.0,0.3645635157819661,0.2708729684360678,Normal,0.3645635157819661,0.0,0.8944696257710343,0.0,Normal,0.8944696257710343,0.0,0.7703155545364693,0.0,Medium,0.7703155545364693,0.0,0.0,1.0,High,1.0,0.0,0.24802576278825195,0.5039484744234961,High,0.5039484744234961,3,Acceptable
0.0,0.7992670558424068,0.0,Normal,0.7992670558424068,0.0245018030027929,0.48774909849860343,0.0,Normal,0.48774909849860343,0.0,0.602860661234778,0.0,Normal,0.602860661234778,0.0,0.8151114453339178,0.0,Normal,0.8151114453339178,0.0,0.5936412704631613,0.0,Normal,0.5936412704631613,0.0,0.6562243055059419,0.0,Normal,0.6562243055059419,0.0,0.4100760565592582,0.17984788688148387,Normal,0.4100760565592582,0.7776934512480022,0.1111532743759989,0.0,Low,0.7776934512480022,0.0,0.18582375478927182,0.6283524904214562,High,0.6283524904214562,0.0,0.8434715151210281,0.0,Normal,0.8434715151210281,3,Good
0.0,0.7183163006954068,0.0,Normal,0.7183163006954068,0.6267249668225275,0.1866375165887362,0.0,Cold,0.6267249668225275,0.0,0.5702774353625701,0.0,Normal,0.5702774353625701,0.0,0.4786100715003619,0.04277985699927666,Normal,0.4786100715003619,0.0,0.5754881073934931,0.0,Normal,0.5754881073934931,1.0,0.0,0.0,Low,1.0,0.0,0.969483844823984,0.0,Normal,0.969483844823984,0.0,0.9209483052581888,0.0,Medium,0.9209483052581888,0.0,0.0,1.0,High,1.0,0.0,0.32278299307792946,0.354434013844141,High,0.354434013844141,2,Poor
0.0,0.7977038447701656,0.0,Normal,0.7977038447701656,0.0,0.6465095487787108,0.0,Normal,0.6465095487787108,0.0,0.4070536584239858,0.18589268315202764,Normal,0.4070536584239858,0.0,0.41879002299393814,0.16241995401212414,Normal,0.41879002299393814,0.44857478489290986,0.275712607553545,0.0,Low,0.44857478489290986,0.0,0.4805625288571415,0.03887494228571703,Normal,0.4805625288571415,0.0,0.8336231160698802,0.0,Normal,0.8336231160698802,0.0,0.6264191065364231,0.0,Medium,0.6264191065364231,1.0,0.0,0.0,Low,1.0,0.0,0.582336241227288,0.0,Normal,0.582336241227288,3,Good
0.0,0.6875063080857792,0.0,Normal,0.6875063080857792,0.0,0.7698074081797748,0.0,Normal,0.7698074081797748,0.0,0.5927809948492928,0.0,Normal,0.5927809948492928,0.0,0.6164306044711424,0.0,Normal,0.6164306044711424,0.2308951806903919,0.3845524096548039,0.0,Normal,0.3845524096548039,0.0,0.813399591830129,0.0,Normal,0.813399591830129,0.4866286856338936,0.2566856571830532,0.0,Low,0.4866286856338936,0.0,0.8111154362970067,0.0,Medium,0.8111154362970067,0.24521072796934829,0.3773946360153258,0.0,Normal,0.3773946360153258,0.18434371498118995,0.40782814250940497,0.0,Normal,0.40782814250940497,0,Acceptable
0.0,0.7643404776326531,0.0,Normal,0.7643404776326531,0.8735978079739335,0.06320109601303324,0.0,Cold,0.8735978079739335,0.0,0.861788824428111,0.0,Normal,0.861788824428111,0.0,0.7839770542347616,0.0,Normal,0.7839770542347616,0.0,0.7177727535115445,0.0,Normal,0.7177727535115445,0.0,0.7795390267548418,0.0,Normal,0.7795390267548418,0.0,0.2177631918698795,0.5644736162602412,High,0.5644736162602412,0.0,0.7442325728195867,0.0,Medium,0.7442325728195867,0.0,0.5689655172413791,0.0,Normal,0.5689655172413791,0.0,0.29955866722936747,0.400882665541265,High,0.400882665541265,3,Acceptable
0.0,0.5113821377191926,0.0,Normal,0.5113821377191926,0.0,0.939457253336205,0.0,Normal,0.939457253336205,0.0,0.7801516126956511,0.0,Normal,0.7801516126956511,0.0,0.9656544875883238,0.0,Normal,0.9656544875883238,0.0,0.6109149986671872,0.0,Normal,0.6109149986671872,0.0,0.8593583767117413,0.0,Normal,0.8593583767117413,0.0,0.8006407450168818,0.0,Normal,0.8006407450168818,0.7531220190251406,0.12343899048742968,0.0,Low,0.7531220190251406,0.0,0.9521072796934864,0.0,Normal,0.9521072796934864,0.15239370285302023,0.42380314857348983,0.0,Normal,0.42380314857348983,3,Good
0.0,0.5153483668896927,0.0,Normal,0.5153483668896927,1.0,0.0,0.0,Cold,1.0,0.0,0.7990156972263596,0.0,Normal,0.7990156972263596,0.0,0.8060370455976563,0.0,Normal,0.8060370455976563,0.0,0.795872525315329,0.0,Normal,0.795872525315329,0.0,0.6385108472907577,0.0,Normal,0.6385108472907577,0.0,0.9034231783823883,0.0,Normal,0.9034231783823883,1.0,0.0,0.0,Low,1.0,0.0,0.8563218390804601,0.0,Normal,0.8563218390804601,0.0,0.07158522210012551,0.856829555799749,High,0.856829555799749,0,Acceptable
0.0,0.3860750735659124,0.22784985286817436,Normal,0.3860750735659124,0.0,0.9345884068643612,0.0,Normal,0.9345884068643612,0.0,0.0,1.0,Wet,1.0,0.0,0.1069582536321076,0.7860834927357849,Wet,0.7860834927357849,0.0,0.5765525166160504,0.0,Normal,0.5765525166160504,0.49051486891622714,0.25474256554188635,0.0,Low,0.49051486891622714,0.0,0.5763008740567338,0.0,Normal,0.5763008740567338,0.0,0.6691808612661381,0.0,Medium,0.6691808612661381,0.0,0.18582375478927182,0.6283524904214562,High,0.6283524904214562,0.0,0.8333233206053932,0.0,Normal,0.8333233206053932,1,Acceptable
0.0,0.6037326779487543,0.0,Normal,0.6037326779487543,0.0,0.98432900452053,0.0,Normal,0.98432900452053,0.0,0.4626792497170177,0.07464150056596372,Normal,0.4626792497170177,0.0,0.09834455373176575,0.8033108925364686,Wet,0.8033108925364686,0.40903755834681294,0.29548122082659345,0.0,Low,0.40903755834681294,0.0,0.19908589587968326,0.6018282082406335,High,0.6018282082406335,0.0,0.9862118579105599,0.0,Normal,0.9862118579105599,0.3347980489861013,0.3326009755069493,0.0,Low,0.3347980489861013,1.0,0.0,0.0,Low,1.0,0.5150034103693756,0.24249829481531218,0.0,Low,0.5150034103693756,3,Good
0.0,0.3935267630117921,0.21294647397641492,Normal,0.3935267630117921,0.0,0.6922822578834745,0.0,Normal,0.6922822578834745,0.25313977892773937,0.37343011053613046,0.0,Normal,0.37343011053613046,0.21510424156735813,0.3924478792163208,0.0,Normal,0.3924478792163208,0.0,0.8960279525013813,0.0,Normal,0.8960279525013813,0.30338191713432955,0.34830904143283514,0.0,Normal,0.34830904143283514,0.0,0.7576319269854134,0.0,Normal,0.7576319269854134,0.0,0.745128340978448,0.0,Medium,0.745128340978448,0.0,0.0,1.0,High,1.0,0.0,0.7360026265240703,0.0,Normal,0.7360026265240703,0,Acceptable
0.0,0.9429237772240795,0.0,Normal,0.9429237772240795,0.0,0.7711237488817869,0.0,Normal,0.7711237488817869,0.0,0.7204846723897779,0.0,Normal,0.7204846723897779,0.0,0.4946911618797771,0.010617676240446317,Normal,0.4946911618797771,0.0,0.47479011072669286,0.05041977854661425,Normal,0.47479011072669286,0.7886394673858362,0.10568026630708188,0.0,Low,0.7886394673858362,0.0,0.8406719354121939,0.0,Normal,0.8406719354121939,0.0,0.0,1.0,High,1.0,0.0,0.5689655172413794,0.0,Normal,0.5689655172413794,0.0,0.7872046214080484,0.0,Normal,0.7872046214080484,2,Acceptable
0.0,0.28438100119216686,0.43123799761566567,Hot,0.43123799761566567,0.0,0.3970220141125652,0.2059559717748694,Normal,0.3970220141125652,0.0,0.841796080294061,0.0,Normal,0.841796080294061,0.0,0.703352115299535,0.0,Normal,0.703352115299535,0.18668610865935015,0.4066569456703248,0.0,Normal,0.4066569456703248,0.0,0.24851070018698482,0.5029785996260303,High,0.5029785996260303,0.0,0.8728653892925995,0.0,Normal,0.8728653892925995,0.0,0.7404926602329279,0.0,Medium,0.7404926602329279,0.0,0.952107279693487,0.0,Normal,0.952107279693487,0.17179447149679988,0.41410276425160003,0.0,Normal,0.41410276425160003,3,Acceptable
0.0,0.9092348898161005,0.0,Normal,0.9092348898161005,0.0,0.7119558381551538,0.0,Normal,0.7119558381551538,0.0,0.9882479684100689,0.0,Normal,0.9882479684100689,0.0,0.771270432487607,0.0,Normal,0.771270432487607,0.0,0.6306996838409263,0.0,Normal,0.6306996838409263,0.0,0.9799949523629315,0.0,Normal,0.9799949523629315,0.0,0.818985708120691,0.0,Normal,0.818985708120691,0.0,0.763704833182383,0.0,Medium,0.763704833182383,0.0,0.664750957854406,0.0,Normal,0.664750957854406,0.1292122881455246,0.4353938559272376,0.0,Normal,0.4353938559272376,0,Acceptable
0.6937097893701162,0.153145105314942,0.0,Cold,0.6937097893701162,0.0,0.6524824080201103,0.0,Normal,0.6524824080201103,0.6879851170067858,0.15600744149660714,0.0,Dry,0.6879851170067858,0.8576000106168706,0.07119999469156467,0.0,Dry,0.8576000106168706,1.0,0.0,0.0,Low,1.0,0.0,0.5715780327957097,0.0,Normal,0.5715780327957097,0.0,0.7596607659431377,0.0,Normal,0.7596607659431377,0.0,0.7487154090444426,0.0,Medium,0.7487154090444426,0.05363984674329458,0.47318007662835265,0.0,Normal,0.47318007662835265,0.0,0.745015396210397,0.0,Normal,0.745015396210397,3,Poor
0.0,0.6047312100200798,0.0,Normal,0.6047312100200798,0.3575030741868175,0.3212484629065912,0.0,Cold,0.3575030741868175,0.0,0.7927823267008487,0.0,Normal,0.7927823267008487,0.0,0.6691515901353149,0.0,Normal,0.6691515901353149,0.0,0.9295276301339291,0.0,Normal,0.9295276301339291,0.6132390794089044,0.19338046029554776,0.0,Low,0.6132390794089044,0.0,0.5425017813726266,0.0,Normal,0.5425017813726266,0.0,0.5129529661211585,0.0,Medium,0.5129529661211585,0.0,0.0,1.0,High,1.0,0.0,0.0,1.0,High,1.0,0,Acceptable
0.0,0.7817445632185891,0.0,Normal,0.7817445632185891,0.0,0.5599277374159201,0.0,Normal,0.5599277374159201,0.0,0.617429152402634,0.0,Normal,0.617429152402634,0.0,0.3749429143555831,0.2501141712888342,Normal,0.3749429143555831,0.0,0.8446462097094032,0.0,Normal,0.8446462097094032,0.0,0.8990465098415512,0.0,Normal,0.8990465098415512,0.3512677399107014,0.32436613004464926,0.0,Low,0.3512677399107014,0.37152470412673483,0.31423764793663256,0.0,Low,0.37152470412673483,1.0,0.0,0.0,Low,1.0,0.0,0.5384531901272167,0.0,Normal,0.5384531901272167,3,Good
0.0,0.14056989856171995,0.7188602028765598,Hot,0.7188602028765598,0.0,0.8700571057930111,0.0,Normal,0.8700571057930111,0.0,0.626307997059816,0.0,Normal,0.626307997059816,0.0,0.7466533290941951,0.0,Normal,0.7466533290941951,0.0,0.9532205851110239,0.0,Normal,0.9532205851110239,0.5236958345678803,0.23815208271605978,0.0,Low,0.5236958345678803,0.3215072645014629,0.3392463677492686,0.0,Normal,0.3392463677492686,0.0,0.7368748238155447,0.0,Medium,0.7368748238155447,0.0,0.18582375478927182,0.6283524904214562,High,0.6283524904214562,0.0,0.7980421472197687,0.0,Normal,0.7980421472197687,1,Poor
0.0,0.8688013065341317,0.0,Normal,0.8688013065341317,0.0,0.7358066929127361,0.0,Normal,0.7358066929127361,0.12656648565967207,0.4367167571701641,0.0,Normal,0.4367167571701641,0.0,0.6162467092018015,0.0,Normal,0.6162467092018015,0.2284790552325083,0.3857604723837457,0.0,Normal,0.3857604723837457,0.0,0.38014721191563783,0.23970557616872437,Normal,0.38014721191563783,0.0,0.0,1.0,High,1.0,0.0,0.6907083752524761,0.0,Medium,0.6907083752524761,0.8199233716475094,0.09003831417624526,0.0,Low,0.8199233716475094,0.0,0.5026774957664047,0.0,Normal,0.5026774957664047,3,Acceptable
0.0,0.6140897742846869,0.0,Normal,0.6140897742846869,0.18888088918109,0.4055595554094549,0.0,Normal,0.4055595554094549,0.0,0.6768314949673022,0.0,Normal,0.6768314949673022,0.0,0.7571943450865847,0.0,Normal,0.7571943450865847,0.0,0.5454455801366017,0.0,Normal,0.5454455801366017,0.5623551762472158,0.2188224118763921,0.0,Low,0.5623551762472158,0.0,0.9430047636874925,0.0,Normal,0.9430047636874925,0.0846427585537788,0.45767862072311055,0.0,Medium,0.45767862072311055,1.0,0.0,0.0,Low,1.0,0.0,0.48582419437474983,0.028351611250500303,Normal,0.48582419437474983,0,Acceptable
0.18038731648063755,0.40980634175968145,0.0,Normal,0.40980634175968145,0.0,0.5097040028188005,0.0,Normal,0.5097040028188005,0.29232189076423,0.3538390546178851,0.0,Normal,0.3538390546178851,0.0,0.9389819465138483,0.0,Normal,0.9389819465138483,0.0,0.5666415971100748,0.0,Normal,0.5666415971100748,1.0,0.0,0.0,Low,1.0,0.0,0.9596231590405999,0.0,Normal,0.9596231590405999,0.0,0.8233874244863618,0.0,Medium,0.8233874244863618,1.0,0.0,0.0,Low,1.0,0.19249245096154177,0.40375377451922906,0.0,Normal,0.40375377451922906,1,Acceptable
0.0,0.6802114836494302,0.0,Normal,0.6802114836494302,0.0,0.34118208651498977,0.31763582697002024,Normal,0.34118208651498977,0.0,0.5279393995904508,0.0,Normal,0.5279393995904508,0.031516858611557945,0.48424157069422086,0.0,Normal,0.48424157069422086,0.0,0.9915809009347913,0.0,Normal,0.9915809009347913,0.0,0.5187243963915525,0.0,Normal,0.5187243963915525,0.0,0.9790936671414469,0.0,Normal,0.9790936671414469,0.0,0.5500615112843644,0.0,Medium,0.5500615112843644,0.0,0.37739463601532547,0.24521072796934892,Normal,0.37739463601532547,0.0,0.5437842074067382,0.0,Normal,0.5437842074067382,3,Good
0.0,0.9810301628372132,0.0,Normal,0.9810301628372132,0.0,0.7320617960030233,0.0,Normal,0.7320617960030233,0.0,0.05173946846210204,0.8965210630757958,Wet,0.8965210630757958,0.0,0.0,1.0,Wet,1.0,0.0,0.3483424867793267,0.30331502644134656,Normal,0.3483424867793267,0.65601400682735,0.17199299658632497,0.0,Low,0.65601400682735,0.0,0.5370817687834616,0.0,Normal,0.5370817687834616,0.0,0.27763677828714994,0.44472644342570034,High,0.44472644342570034,0.0,0.37739463601532547,0.24521072796934892,Normal,0.37739463601532547,0.0,0.581794271321563,0.0,Normal,0.581794271321563,1,Acceptable
0.0,0.5735783239642513,0.0,Normal,0.5735783239642513,0.0,0.5541417530597577,0.0,Normal,0.5541417530597577,0.0,0.7156317855043864,0.0,Normal,0.7156317855043864,0.0,0.92157647016957,0.0,Normal,0.92157647016957,0.0,0.9165660857287277,0.0,Normal,0.9165660857287277,0.0,0.9046219197160902,0.0,Normal,0.9046219197160902,0.0,0.7000375010463071,0.0,Normal,0.7000375010463071,1.0,0.0,0.0,Low,1.0,1.0,0.0,0.0,Low,1.0,0.6405753029666431,0.17971234851667844,0.0,Low,0.6405753029666431,3,Good
0.0,0.19148167945699704,0.6170366410860055,Hot,0.6170366410860055,0.0,0.5694752911737233,0.0,Normal,0.5694752911737233,0.0,0.7309419102252945,0.0,Normal,0.7309419102252945,0.0,0.539853413998597,0.0,Normal,0.539853413998597,0.0,0.5775247597348799,0.0,Normal,0.5775247597348799,0.0,0.7470015788402519,0.0,Normal,0.7470015788402519,0.17046543363428518,0.41476728318285744,0.0,Normal,0.41476728318285744,0.062049654781563095,0.4689751726092184,0.0,Medium,0.4689751726092184,0.0,0.5689655172413794,0.0,Normal,0.5689655172413794,0.20876341132787157,0.39561829433606416,0.0,Normal,0.39561829433606416,0,Acceptable
0.0,0.4205636134576358,0.1588727730847275,Normal,0.4205636134576358,0.0,0.9988087248880554,0.0,Normal,0.9988087248880554,0.0,0.6582973381471888,0.0,Normal,0.6582973381471888,0.0,0.9274262537507981,0.0,Normal,0.9274262537507981,0.0,0.6629009559994656,0.0,Normal,0.6629009559994656,0.23774947172140382,0.381125264139298,0.0,Normal,0.381125264139298,0.0,0.8273768818935837,0.0,Normal,0.8273768818935837,0.2787038852281708,0.36064805738591454,0.0,Medium,0.36064805738591454,1.0,0.0,0.0,Low,1.0,0.21565653658249934,0.3921717317087503,0.0,Normal,0.3921717317087503,3,Good
0.0,0.5201282202834971,0.0,Normal,0.5201282202834971,0.24537100170735893,0.3773144991463204,0.0,Normal,0.3773144991463204,0.0,0.7419110416696585,0.0,Normal,0.7419110416696585,0.0,0.7112813674583964,0.0,Normal,0.7112813674583964,0.0,0.8370561934417372,0.0,Normal,0.8370561934417372,0.0,0.937654072721088,0.0,Normal,0.937654072721088,0.0,0.5109185345262401,0.0,Normal,0.5109185345262401,0.0,0.7947457605928075,0.0,Medium,0.7947457605928075,0.0,0.7605363984674328,0.0,Normal,0.7605363984674328,0.0,0.8433958373134609,0.0,Normal,0.8433958373134609,0,Acceptable
0.0,0.575584978125121,0.0,Normal,0.575584978125121,0.0,0.8228857189307672,0.0,Normal,0.8228857189307672,0.14186586094155723,0.4290670695292215,0.0,Normal,0.4290670695292215,0.316832544332485,0.3415837278337574,0.0,Normal,0.3415837278337574,0.6425659427900023,0.17871702860499875,0.0,Low,0.6425659427900023,0.0,0.8315526448812034,0.0,Normal,0.8315526448812034,0.0,0.7611088177595445,0.0,Normal,0.7611088177595445,0.0,0.9169735326349047,0.0,Medium,0.9169735326349047,0.0,0.0,1.0,High,1.0,0.0,0.8609387774772812,0.0,Normal,0.8609387774772812,3,Good
0.11308624222734548,0.4434568788863275,0.0,Normal,0.4434568788863275,0.0,0.9172904371390243,0.0,Normal,0.9172904371390243,0.0,0.10594272510935472,0.7881145497812904,Wet,0.7881145497812904,0.0,0.6342795250009294,0.0,Normal,0.6342795250009294,0.0,0.935043268481916,0.0,Normal,0.935043268481916,0.7373287852760638,0.13133560736196803,0.0,Low,0.7373287852760638,0.0,0.7280356686577043,0.0,Normal,0.7280356686577043,0.0,0.8697571167556606,0.0,Medium,0.8697571167556606,0.0,0.0,1.0,High,1.0,0.0,0.70858453615394,0.0,Normal,0.70858453615394,1,Acceptable
0.0,0.7358181162755972,0.0,Normal,0.7358181162755972,0.0,0.798610133214421,0.0,Normal,0.798610133214421,0.0,0.965371026337409,0.0,Normal,0.965371026337409,0.0,0.7685436608987919,0.0,Normal,0.7685436608987919,0.0,0.6012725510532761,0.0,Normal,0.6012725510532761,0.441390786250178,0.27930460687491093,0.0,Low,0.441390786250178,0.0,0.9164494102273526,0.0,Normal,0.9164494102273526,0.0,0.21942441364770737,0.5611511727045855,High,0.5611511727045855,0.05363984674329458,0.47318007662835265,0.0,Normal,0.47318007662835265,0.4089818825137667,0.2955090587431166,0.0,Low,0.4089818825137667,1,Acceptable
0.0,0.542855186614935,0.0,Normal,0.542855186614935,0.19341323057005094,0.40329338471497445,0.0,Normal,0.40329338471497445,0.0,0.95131078254987,0.0,Normal,0.95131078254987,0.0,0.5835970250534313,0.0,Normal,0.5835970250534313,0.0,0.8368045648227376,0.0,Normal,0.8368045648227376,0.2984444229890745,0.35077778850546265,0.0,Normal,0.35077778850546265,0.0,0.7991791126233649,0.0,Normal,0.7991791126233649,0.0,0.7668631121789916,0.0,Medium,0.7668631121789916,1.0,0.0,0.0,Low,1.0,0.0,0.6468986030911301,0.0,Normal,0.6468986030911301,0,Good
0.0,0.673385627483382,0.0,Normal,0.673385627483382,0.0,0.735444034227957,0.0,Normal,0.735444034227957,0.0,0.5580528551527292,0.0,Normal,0.5580528551527292,0.0,0.28472840616396655,0.4305431876720672,Wet,0.4305431876720672,0.2957020348771524,0.3521489825614237,0.0,Normal,0.3521489825614237,0.6939834518281336,0.15300827408593315,0.0,Low,0.6939834518281336,0.0,0.7790612972364059,0.0,Normal,0.7790612972364059,0.0,0.19323443208383692,0.6135311358323263,High,0.6135311358323263,1.0,0.0,0.0,Low,1.0,0.0,0.7033052703726629,0.0,Normal,0.7033052703726629,2,Poor
0.0,0.5783068755579759,0.0,Normal,0.5783068755579759,0.0,0.8473216587667113,0.0,Normal,0.8473216587667113,0.0,0.5363377173667196,0.0,Normal,0.5363377173667196,0.0,0.5541771869385067,0.0,Normal,0.5541771869385067,1.0,0.0,0.0,Low,1.0,0.0,0.414616877270726,0.170766245458548,Normal,0.414616877270726,0.0,0.6731498595213787,0.0,Normal,0.6731498595213787,0.0,0.9194440709994082,0.0,Medium,0.9194440709994082,0.0,0.9521072796934864,0.0,Normal,0.9521072796934864,0.4887880163680541,0.25560599181597293,0.0,Low,0.4887880163680541,3,Good
0.0,0.9444219771453085,0.0,Normal,0.9444219771453085,0.0,0.45462943869607675,0.0907411226078463,Normal,0.45462943869607675,0.0,0.6902259228833095,0.0,Normal,0.6902259228833095,0.0,0.5660173170766503,0.0,Normal,0.5660173170766503,0.0,0.934272377613165,0.0,Normal,0.934272377613165,0.17222224820205995,0.4138888758989699,0.0,Normal,0.4138888758989699,0.0,0.6598487055546177,0.0,Normal,0.6598487055546177,0.0,0.7732005202176335,0.0,Medium,0.7732005202176335,0.0,0.0,1.0,High,1.0,0.0,0.6360078039873139,0.0,Normal,0.6360078039873139,0,Acceptable
0.0,0.5609349343939523,0.0,Normal,0.5609349343939523,0.0,0.3495269812315078,0.3009460375369841,Normal,0.3495269812315078,0.0,0.6455719758605571,0.0,Normal,0.6455719758605571,0.0,0.6511843495738091,0.0,Normal,0.6511843495738091,0.0,0.7545106634025884,0.0,Normal,0.7545106634025884,0.0,0.953634044514388,0.0,Normal,0.953634044514388,0.42259629381402686,0.28870185309298657,0.0,Low,0.42259629381402686,0.0,0.882007844480702,0.0,Medium,0.882007844480702,0.0,0.4731800766283523,0.05363984674329525,Normal,0.4731800766283523,0.0,0.5588300376984645,0.0,Normal,0.5588300376984645,0,Acceptable
0.0,0.9661078829658448,0.0,Normal,0.9661078829658448,0.0,0.6818625521793339,0.0,Normal,0.6818625521793339,0.0,0.7401288482253999,0.0,Normal,0.7401288482253999,0.0,0.9377464981943726,0.0,Normal,0.9377464981943726,0.0,0.9603326742079638,0.0,Normal,0.9603326742079638,0.0,0.9863189145071521,0.0,Normal,0.9863189145071521,0.0,0.39719055047322366,0.20561889905355296,Normal,0.39719055047322366,0.0,0.5762764084108857,0.0,Medium,0.5762764084108857,0.0,0.0,1.0,High,1.0,0.0,0.8000216911189111,0.0,Normal,0.8000216911189111,0,Acceptable
0.0,0.23981805275701376,0.520363894485972,Hot,0.520363894485972,0.0,0.9503068896189055,0.0,Normal,0.9503068896189055,0.0,0.7566186466082881,0.0,Normal,0.7566186466082881,0.0,0.7475488750185149,0.0,Normal,0.7475488750185149,1.0,0.0,0.0,Low,1.0,0.0,0.0,1.0,High,1.0,1.0,0.0,0.0,Low,1.0,0.0,0.5165307353060704,0.0,Medium,0.5165307353060704,0.0,0.952107279693487,0.0,Normal,0.952107279693487,0.0,0.5581565732869319,0.0,Normal,0.5581565732869319,3,Acceptable
0.046611145517863856,0.4766944272410683,0.0,Normal,0.4766944272410683,0.0,0.3453015246573525,0.3093969506852948,Normal,0.3453015246573525,0.0,0.3396112273198253,0.3207775453603488,Normal,0.3396112273198253,0.0,0.3754328590469152,0.2491342819061699,Normal,0.3754328590469152,0.0,0.32691665644258494,0.3461666871148302,High,0.3461666871148302,0.705888233292077,0.1470558833539615,0.0,Low,0.705888233292077,0.0,0.9001552904705494,0.0,Normal,0.9001552904705494,0.0,0.0,1.0,High,1.0,0.0,0.18582375478927182,0.6283524904214562,High,0.6283524904214562,0.0,0.3724755628421134,0.2550488743157732,Normal,0.3724755628421134,2,Poor
0.0,0.14339469553538034,0.713210608929239,Hot,0.713210608929239,0.0,0.5117508204258463,0.0,Normal,0.5117508204258463,0.0,0.7263742402882043,0.0,Normal,0.7263742402882043,0.0,0.4248876920870495,0.1502246158259014,Normal,0.4248876920870495,0.2341788831489464,0.3829105584255267,0.0,Normal,0.3829105584255267,0.0,0.9026582475015309,0.0,Normal,0.9026582475015309,0.0,0.4615369141530906,0.07692617169381913,Normal,0.4615369141530906,0.5577057352637272,0.22114713236813632,0.0,Low,0.5577057352637272,1.0,0.0,0.0,Low,1.0,0.0,0.09768378418127291,0.8046324316374542,High,0.8046324316374542,0,Poor
0.0,0.14879138049777443,0.7024172390044509,Hot,0.7024172390044509,0.0,0.8030762920126764,0.0,Normal,0.8030762920126764,0.0,0.734416888040686,0.0,Normal,0.734416888040686,0.0,0.8889987362281069,0.0,Normal,0.8889987362281069,0.0,0.7845897048169731,0.0,Normal,0.7845897048169731,0.0,0.8371497830169248,0.0,Normal,0.8371497830169248,0.0,0.6649647104194949,0.0,Normal,0.6649647104194949,1.0,0.0,0.0,Low,1.0,0.0,0.37739463601532547,0.24521072796934892,Normal,0.37739463601532547,0.0,0.8616154354469979,0.0,Normal,0.8616154354469979,3,Acceptable
0.0,0.7705414674099943,0.0,Normal,0.7705414674099943,0.0,0.7680559367553246,0.0,Normal,0.7680559367553246,0.6031831763594646,0.19840841182026778,0.0,Dry,0.6031831763594646,0.672213269648949,0.16389336517552544,0.0,Dry,0.672213269648949,1.0,0.0,0.0,Low,1.0,0.0,0.4516830216828993,0.09663395663420137,Normal,0.4516830216828993,0.0,0.9291753831220679,0.0,Normal,0.9291753831220679,0.0,0.6898822547529061,0.0,Medium,0.6898822547529061,0.6283524904214557,0.1858237547892721,0.0,Low,0.6283524904214557,0.5544597955160793,0.22277010224196037,0.0,Low,0.5544597955160793,3,Good
0.0,0.7800973926795784,0.0,Normal,0.7800973926795784,0.21765463199952537,0.3911726840002372,0.0,Normal,0.3911726840002372,0.0,0.8828078746466353,0.0,Normal,0.8828078746466353,0.0,0.9129183628344985,0.0,Normal,0.9129183628344985,0.5927580612206967,0.2036209693896516,0.0,Low,0.5927580612206967,0.0,0.8518221952155595,0.0,Normal,0.8518221952155595,0.0,0.19024402471313714,0.6195119505737259,High,0.6195119505737259,0.0,0.6906246681325089,0.0,Medium,0.6906246681325089,0.0,0.7605363984674328,0.0,Normal,0.7605363984674328,0.0,0.7138620118276772,0.0,Normal,0.7138620118276772,3,Acceptable
0.0,0.8486980919905158,0.0,Normal,0.8486980919905158,0.0,0.0,1.0,Hot,1.0,0.0,0.9717985509480165,0.0,Normal,0.9717985509480165,0.0,0.6034414774686471,0.0,Normal,0.6034414774686471,0.2677208316978797,0.36613958415106007,0.0,Normal,0.36613958415106007,0.0,0.2787553525083371,0.4424892949833258,High,0.4424892949833258,0.0,0.6800281442216337,0.0,Normal,0.6800281442216337,0.1791870016084927,0.41040649919575356,0.0,Medium,0.41040649919575356,0.0,0.664750957854406,0.0,Normal,0.664750957854406,0.0,0.25908822875367454,0.48182354249265097,High,0.48182354249265097,3,Acceptable
0.0,0.7311916251812919,0.0,Normal,0.7311916251812919,0.0,0.6548813982072127,0.0,Normal,0.6548813982072127,0.0,0.9834711405777598,0.0,Normal,0.9834711405777598,0.0,0.726199273887281,0.0,Normal,0.726199273887281,1.0,0.0,0.0,Low,1.0,0.0,0.0,1.0,High,1.0,0.0,0.5590877639709158,0.0,Normal,0.5590877639709158,0.33170120267117004,0.3341493986644149,0.0,Medium,0.3341493986644149,0.0,0.7605363984674332,0.0,Normal,0.7605363984674332,0.0,0.7997357112646678,0.0,Normal,0.7997357112646678,3,Good
0.0,0.6012119632697944,0.0,Normal,0.6012119632697944,0.0,0.5122844587220964,0.0,Normal,0.5122844587220964,0.0,0.6027494017289586,0.0,Normal,0.6027494017289586,0.0,0.6257748665136231,0.0,Normal,0.6257748665136231,0.3411981339967018,0.329400933001649,0.0,Low,0.3411981339967018,0.0,0.9773020468034004,0.0,Normal,0.9773020468034004,0.0,0.4033882045000639,0.1932235909998724,Normal,0.4033882045000639,0.0,0.5855622072488322,0.0,Medium,0.5855622072488322,0.0,0.8563218390804601,0.0,Normal,0.8563218390804601,0.0,0.7623864674333696,0.0,Normal,0.7623864674333696,3,Good
0.0,0.8816838169602591,0.0,Normal,0.8816838169602591,0.0,0.9401666316769977,0.0,Normal,0.9401666316769977,0.0,0.9587174016799805,0.0,Normal,0.9587174016799805,0.0,0.57783884083351,0.0,Normal,0.57783884083351,0.0328575270904116,0.48357123645479405,0.0,Normal,0.48357123645479405,0.0,0.7185548595807347,0.0,Normal,0.7185548595807347,0.0,0.7811175383582737,0.0,Normal,0.7811175383582737,0.8057633283770359,0.09711833581148203,0.0,Low,0.8057633283770359,1.0,0.0,0.0,Low,1.0,0.22170769500112794,0.38914615249943596,0.0,Normal,0.38914615249943596,3,Good
0.0,0.2758679191153154,0.4482641617693686,Hot,0.4482641617693686,0.0,0.9789275948677091,0.0,Normal,0.9789275948677091,0.0,0.8098771155949441,0.0,Normal,0.8098771155949441,0.0,0.6453319610459698,0.0,Normal,0.6453319610459698,0.0,0.8464153284233813,0.0,Normal,0.8464153284233813,0.0,0.981413981240396,0.0,Normal,0.981413981240396,0.0,0.20363431556196102,0.5927313688760781,High,0.5927313688760781,0.1403742785657154,0.42981286071714225,0.0,Medium,0.42981286071714225,0.0,0.090038314176245,0.81992337164751,High,0.81992337164751,0.0,0.7826927910053463,0.0,Normal,0.7826927910053463,3,Good
0.0,0.7777941379040176,0.0,Normal,0.7777941379040176,0.0,0.0,1.0,Hot,1.0,0.0,0.7461052101424316,0.0,Normal,0.7461052101424316,0.0,0.9689996028531462,0.0,Normal,0.9689996028531462,0.0,0.5122169273703469,0.0,Normal,0.5122169273703469,0.0,0.9975960443995778,0.0,Normal,0.9975960443995778,0.029049842229493632,0.4854750788852532,0.0,Normal,0.4854750788852532,0.0,0.854157624950457,0.0,Medium,0.854157624950457,0.0,0.37739463601532547,0.24521072796934892,Normal,0.37739463601532547,0.0,0.0,1.0,High,1.0,0,Acceptable
0.0,0.985155233052808,0.0,Normal,0.985155233052808,0.0,0.764170594971285,0.0,Normal,0.764170594971285,0.0,0.6791265008420235,0.0,Normal,0.6791265008420235,0.0,0.8587529692974434,0.0,Normal,0.8587529692974434,0.0,0.9864517633434489,0.0,Normal,0.9864517633434489,0.4959289018777162,0.25203554906114184,0.0,Low,0.4959289018777162,0.0,0.8130565754176882,0.0,Normal,0.8130565754176882,0.0,0.9802327476037381,0.0,Medium,0.9802327476037381,1.0,0.0,0.0,Low,1.0,0.4981129905121089,0.2509435047439455,0.0,Low,0.4981129905121089,1,Acceptable
0.0,0.7905932395896299,0.0,Normal,0.7905932395896299,0.46640332847049787,0.266798335764751,0.0,Cold,0.46640332847049787,0.0,0.4750446571607436,0.04991068567851184,Normal,0.4750446571607436,0.0,0.2545409259400399,0.4909181481199204,Wet,0.4909181481199204,0.8222448127064345,0.08887759364678272,0.0,Low,0.8222448127064345,0.0,0.0,1.0,High,1.0,0.0,0.9184766606081642,0.0,Normal,0.9184766606081642,0.0,0.5049366638617713,0.0,Medium,0.5049366638617713,0.0,0.5689655172413791,0.0,Normal,0.5689655172413791,0.0,0.8271929164712567,0.0,Normal,0.8271929164712567,3,Good
0.2186553022538866,0.3906723488730569,0.0,Normal,0.3906723488730569,0.8154162929601037,0.09229185351994813,0.0,Cold,0.8154162929601037,0.0,0.6242189553039857,0.0,Normal,0.6242189553039857,0.0,0.555401794146315,0.0,Normal,0.555401794146315,0.0,0.28155382777860305,0.4368923444427939,High,0.4368923444427939,0.0,0.5393942787938163,0.0,Normal,0.5393942787938163,0.0,0.5346103385419523,0.0,Normal,0.5346103385419523,0.0,0.8040153772238986,0.0,Medium,0.8040153772238986,0.0,0.0,1.0,High,1.0,0.0,0.7077764385532681,0.0,Normal,0.7077764385532681,0,Acceptable
0.0,0.7825927066799319,0.0,Normal,0.7825927066799319,0.21250137967978885,0.39374931016010545,0.0,Normal,0.39374931016010545,0.0,0.5973791782493812,0.0,Normal,0.5973791782493812,0.0,0.5586273628065921,0.0,Normal,0.5586273628065921,0.13497131659563782,0.43251434170218095,0.0,Normal,0.43251434170218095,0.0,0.9730940262214973,0.0,Normal,0.9730940262214973,0.0,0.6789336102934685,0.0,Normal,0.6789336102934685,0.0,0.6898627970486743,0.0,Medium,0.6898627970486743,0.6283524904214557,0.1858237547892721,0.0,Low,0.6283524904214557,0.0,0.7341185870092349,0.0,Normal,0.7341185870092349,3,Good
0.4576686519832651,0.2711656740083676,0.0,Cold,0.4576686519832651,0.0,0.7230428645983908,0.0,Normal,0.7230428645983908,0.0,0.7460025641669942,0.0,Normal,0.7460025641669942,0.0,0.6201261487565158,0.0,Normal,0.6201261487565158,0.40093973751163836,0.29953013124418076,0.0,Low,0.40093973751163836,0.0,0.727927173672703,0.0,Normal,0.727927173672703,0.0,0.9756502874730206,0.0,Normal,0.9756502874730206,0.0,0.7656845662737578,0.0,Medium,0.7656845662737578,0.0,0.0,1.0,High,1.0,0.0,0.5058448943992973,0.0,Normal,0.5058448943992973,0,Acceptable
0.0006893537957027597,0.4996553231021489,0.0,Normal,0.4996553231021489,0.0,0.5870244795182088,0.0,Normal,0.5870244795182088,0.0,0.744175880335448,0.0,Normal,0.744175880335448,0.0,0.7802306961465064,0.0,Normal,0.7802306961465064,0.0,0.6079413552054437,0.0,Normal,0.6079413552054437,0.2859373300601039,0.35703133496994793,0.0,Normal,0.35703133496994793,0.0,0.6537647126600825,0.0,Normal,0.6537647126600825,0.0,0.4822918210330444,0.0354163579339116,Medium,0.4822918210330444,0.8199233716475094,0.09003831417624526,0.0,Low,0.8199233716475094,0.0,0.7266621556039032,0.0,Normal,0.7266621556039032,0,Acceptable
0.0,0.8058097953870681,0.0,Normal,0.8058097953870681,0.0,0.6886399607397107,0.0,Normal,0.6886399607397107,0.0,0.9013285481247142,0.0,Normal,0.9013285481247142,0.0,0.7730083939500529,0.0,Normal,0.7730083939500529,0.09740103192441121,0.45129948403779424,0.0,Normal,0.45129948403779424,0.0,0.9038324652062221,0.0,Normal,0.9038324652062221,0.0,0.7248860263370036,0.0,Normal,0.7248860263370036,1.0,0.0,0.0,Low,1.0,0.0,0.8563218390804596,0.0,Normal,0.8563218390804596,0.0,0.6700092090343854,0.0,Normal,0.6700092090343854,0,Acceptable
0.7141019119342035,0.14294904403289835,0.0,Cold,0.7141019119342035,0.0,0.5599291084755109,0.0,Normal,0.5599291084755109,0.0,0.7649104013805464,0.0,Normal,0.7649104013805464,0.0,0.6867423754032114,0.0,Normal,0.6867423754032114,0.0,0.7290912593057082,0.0,Normal,0.7290912593057082,0.9490312441960486,0.0254843779019757,0.0,Low,0.9490312441960486,0.0,0.5167404860432353,0.0,Normal,0.5167404860432353,0.0,0.0,1.0,High,1.0,0.0,0.9521072796934864,0.0,Normal,0.9521072796934864,0.0,0.6517761576884207,0.0,Normal,0.6517761576884207,2,Poor
0.0,0.604947241433429,0.0,Normal,0.604947241433429,0.0,0.37054935628916486,0.25890128742167007,Normal,0.37054935628916486,0.0,0.5128442326275778,0.0,Normal,0.5128442326275778,0.0,0.6955560377442419,0.0,Normal,0.6955560377442419,0.3929018138566365,0.3035490930716817,0.0,Low,0.3929018138566365,0.0,0.7864697675543986,0.0,Normal,0.7864697675543986,0.0,0.4078497583827905,0.1843004832344193,Normal,0.4078497583827905,1.0,0.0,0.0,Low,1.0,0.436781609195402,0.28160919540229895,0.0,Low,0.436781609195402,0.0,0.9240835605675289,0.0,Normal,0.9240835605675289,0,Acceptable
0.0,0.6321788374794028,0.0,Normal,0.6321788374794028,0.34748991452257344,0.3262550427387132,0.0,Cold,0.34748991452257344,0.0,0.851332374780609,0.0,Normal,0.851332374780609,0.0,0.7205500540861941,0.0,Normal,0.7205500540861941,0.0,0.5606075116087162,0.0,Normal,0.5606075116087162,0.0,0.9441329402552304,0.0,Normal,0.9441329402552304,0.0,0.8492366052585452,0.0,Normal,0.8492366052585452,0.14545810634437445,0.4272709468278127,0.0,Medium,0.4272709468278127,1.0,0.0,0.0,Low,1.0,0.0,0.7861007162478729,0.0,Normal,0.7861007162478729,3,Good
0.0,0.9582275248005078,0.0,Normal,0.9582275248005078,0.0,0.8125143123142693,0.0,Normal,0.8125143123142693,0.0,0.5605890552488056,0.0,Normal,0.5605890552488056,0.0,0.5239990042798496,0.0,Normal,0.5239990042798496,0.0,0.41365494290377025,0.17269011419245947,Normal,0.41365494290377025,0.9665868486234972,0.016706575688251384,0.0,Low,0.9665868486234972,0.0,0.46972714188075737,0.060545716238485515,Normal,0.46972714188075737,0.8643889701370038,0.0678055149314981,0.0,Low,0.8643889701370038,0.6283524904214557,0.1858237547892721,0.0,Low,0.6283524904214557,0.0,0.5249496114430434,0.0,Normal,0.5249496114430434,0,Acceptable
0.0,0.828470569863698,0.0,Normal,0.828470569863698,0.0,0.35916728687180116,0.28166542625639746,Normal,0.35916728687180116,0.0,0.5328130711891418,0.0,Normal,0.5328130711891418,0.6922890588454288,0.15385547057728555,0.0,Dry,0.6922890588454288,0.0,0.52167751060631,0.0,Normal,0.52167751060631,0.0,0.2490201860135444,0.5019596279729113,High,0.5019596279729113,0.0,0.16278299941412597,0.6744340011717481,High,0.6744340011717481,0.0,0.807607728577342,0.0,Medium,0.807607728577342,0.0,0.0,1.0,High,1.0,0.0,0.8769722367044597,0.0,Normal,0.8769722367044597,3,Good
0.0,0.5971070308902711,0.0,Normal,0.5971070308902711,0.0,0.6363901173854325,0.0,Normal,0.6363901173854325,0.0,0.6128632535387648,0.0,Normal,0.6128632535387648,0.0,0.4314635693037039,0.1370728613925926,Normal,0.4314635693037039,0.9281051244494076,0.03594743777529617,0.0,Low,0.9281051244494076,0.0,0.00622508319488262,0.9875498336102347,High,0.9875498336102347,0.0,0.7037518448868384,0.0,Normal,0.7037518448868384,1.0,0.0,0.0,Low,1.0,0.0,0.5689655172413794,0.0,Normal,0.5689655172413794,0.45323648073658535,0.2733817596317073,0.0,Low,0.45323648073658535,3,Good
0.624357446690396,0.18782127665480214,0.0,Cold,0.624357446690396,0.08263519469133221,0.4586824026543338,0.0,Normal,0.4586824026543338,0.2491681882809475,0.3754159058595264,0.0,Normal,0.3754159058595264,0.0,0.9359262031009676,0.0,Normal,0.9359262031009676,0.0,0.8693985494121371,0.0,Normal,0.8693985494121371,0.0,0.7421011963847924,0.0,Normal,0.7421011963847924,0.0,0.678729522413162,0.0,Normal,0.678729522413162,0.0,0.7569807707566402,0.0,Medium,0.7569807707566402,0.436781609195402,0.28160919540229895,0.0,Low,0.436781609195402,0.0,0.5673467671380861,0.0,Normal,0.5673467671380861,3,Acceptable
0.0,0.7777226691168141,0.0,Normal,0.7777226691168141,0.0,0.7921231931966719,0.0,Normal,0.7921231931966719,0.0,0.717920818753271,0.0,Normal,0.717920818753271,0.0,0.7544082810921345,0.0,Normal,0.7544082810921345,0.0,0.4323990945721043,0.13520181085579136,Normal,0.4323990945721043,1.0,0.0,0.0,Low,1.0,0.0,0.8562873537277775,0.0,Normal,0.8562873537277775,0.0,0.7267932181080436,0.0,Medium,0.7267932181080436,0.0,0.0,1.0,High,1.0,0.0,0.5249046498454253,0.0,Normal,0.5249046498454253,1,Acceptable
0.0,0.5331886807825998,0.0,Normal,0.5331886807825998,0.0,0.5302186453814633,0.0,Normal,0.5302186453814633,0.0,0.31378181570574243,0.3724363685885146,Wet,0.3724363685885146,0.0,0.10867003727134435,0.7826599254573114,Wet,0.7826599254573114,0.0,0.9116673918357164,0.0,Normal,0.9116673918357164,1.0,0.0,0.0,Low,1.0,0.0,0.42918877426483965,0.14162245147032101,Normal,0.42918877426483965,0.0,0.22470941563033772,0.5505811687393247,High,0.5505811687393247,1.0,0.0,0.0,Low,1.0,0.0,0.9359378543843985,0.0,Normal,0.9359378543843985,2,Poor
0.30844177567687997,0.3457791121615602,0.0,Normal,0.3457791121615602,0.22080232812061756,0.38959883593969113,0.0,Normal,0.38959883593969113,0.0,0.17023399739076234,0.659532005218475,Wet,0.659532005218475,0.0,0.1931974404690731,0.613605119061854,Wet,0.613605119061854,0.0,0.4869336851404788,0.02613262971904241,Normal,0.4869336851404788,0.6707833818601457,0.16460830906992707,0.0,Low,0.6707833818601457,0.0,0.6003044864753548,0.0,Normal,0.6003044864753548,0.47711639553662105,0.26144180223168945,0.0,Low,0.47711639553662105,0.0,0.37739463601532547,0.24521072796934892,Normal,0.37739463601532547,0.0,0.7883761875811168,0.0,Normal,0.7883761875811168,3,Acceptable
0.0,0.8142518447187592,0.0,Normal,0.8142518447187592,0.0,0.8961501581150513,0.0,Normal,0.8961501581150513,0.0,0.4142084347702339,0.17158313045953139,Normal,0.4142084347702339,0.0,0.9624664846102449,0.0,Normal,0.9624664846102449,0.0,0.96196054932878,0.0,Normal,0.96196054932878,0.14762225023051861,0.42618887488474055,0.0,Normal,0.42618887488474055,0.0,0.8089473949958182,0.0,Normal,0.8089473949958182,0.9445971634761109,0.027701418261944555,0.0,Low,0.9445971634761109,0.0,0.4731800766283523,0.05363984674329525,Normal,0.4731800766283523,0.0,0.5632358762367098,0.0,Normal,0.5632358762367098,0,Acceptable
0.0,0.7935087718000429,0.0,Normal,0.7935087718000429,0.5112022742680838,0.244398862865958,0.0,Cold,0.5112022742680838,0.0,0.3452783937331085,0.3094432125337824,Normal,0.3452783937331085,0.0,0.6023080626694276,0.0,Normal,0.6023080626694276,1.0,0.0,0.0,Low,1.0,0.0,0.0,1.0,High,1.0,0.04310826761143138,0.4784458661942843,0.0,Normal,0.4784458661942843,0.0,0.684849779951135,0.0,Medium,0.684849779951135,0.0,0.090038314176245,0.81992337164751,High,0.81992337164751,0.0,0.9141528807179303,0.0,Normal,0.9141528807179303,3,Good
0.0,0.5543334018782403,0.0,Normal,0.5543334018782403,0.0,0.5454641313563457,0.0,Normal,0.5454641313563457,0.0,0.2102761355151758,0.579447728969648,Wet,0.579447728969648,0.0,0.44612233836696896,0.10775532326606253,Normal,0.44612233836696896,0.0,0.7329957660105426,0.0,Normal,0.7329957660105426,0.08113134852372483,0.4594343257381375,0.0,Normal,0.4594343257381375,0.0,0.6504423762279655,0.0,Normal,0.6504423762279655,0.0,0.42794407520129935,0.1441118495974017,Medium,0.42794407520129935,0.0,0.0,1.0,High,1.0,0.0,0.5642353377769431,0.0,Normal,0.5642353377769431,1,Acceptable
0.0,0.6768422241394922,0.0,Normal,0.6768422241394922,0.0,0.6837431909895203,0.0,Normal,0.6837431909895203,0.0,0.9202755313486011,0.0,Normal,0.9202755313486011,0.0,0.8013427031286682,0.0,Normal,0.8013427031286682,0.0,0.855889894356708,0.0,Normal,0.855889894356708,0.4661316819087756,0.26693415904561213,0.0,Low,0.4661316819087756,0.0,0.8019702964938971,0.0,Normal,0.8019702964938971,0.0,0.6081069370505412,0.0,Medium,0.6081069370505412,0.8199233716475094,0.09003831417624526,0.0,Low,0.8199233716475094,0.10079420960647818,0.44960289519676083,0.0,Normal,0.44960289519676083,0,Good
0.4454712377359071,0.2772643811320466,0.0,Cold,0.4454712377359071,0.0,0.4159394823663405,0.16812103526731875,Normal,0.4159394823663405,0.0,0.5989957830750858,0.0,Normal,0.5989957830750858,0.0,0.12540987058236477,0.7491802588352706,Wet,0.7491802588352706,0.0,0.5709099284649692,0.0,Normal,0.5709099284649692,1.0,0.0,0.0,Low,1.0,0.0,0.8318925290796936,0.0,Normal,0.8318925290796936,0.0,0.47284377305508096,0.05431245388983856,Medium,0.47284377305508096,0.0,0.7605363984674328,0.0,Normal,0.7605363984674328,0.0,0.3515023936856455,0.296995212628709,Normal,0.3515023936856455,1,Poor
0.0,0.687777597626835,0.0,Normal,0.687777597626835,0.0,0.0,1.0,Hot,1.0,0.0,0.9498548312507774,0.0,Normal,0.9498548312507774,0.0,0.8624425618659545,0.0,Normal,0.8624425618659545,0.46276577615018993,0.26861711192490495,0.0,Low,0.46276577615018993,0.0,0.8539889012246986,0.0,Normal,0.8539889012246986,0.0,0.6147158532558086,0.0,Normal,0.6147158532558086,0.2923008947892689,0.3538495526053655,0.0,Medium,0.3538495526053655,0.05363984674329458,0.47318007662835265,0.0,Normal,0.47318007662835265,0.0,0.39927614129779193,0.2014477174044161,Normal,0.39927614129779193,3,Acceptable
0.352308014295127,0.3238459928524367,0.0,Cold,0.352308014295127,1.0,0.0,0.0,Cold,1.0,0.34710026867241817,0.32644986566379103,0.0,Dry,0.34710026867241817,0.0,0.5409650601380877,0.0,Normal,0.5409650601380877,0.027164817741154323,0.4864175911294227,0.0,Normal,0.4864175911294227,0.4641771555933859,0.267911422203307,0.0,Low,0.4641771555933859,0.0,0.5132311582866735,0.0,Normal,0.5132311582866735,0.0,0.4774522935140922,0.04509541297181606,Medium,0.4774522935140922,0.0,0.37739463601532547,0.24521072796934892,Normal,0.37739463601532547,0.0,0.20334485046142747,0.593310299077145,High,0.593310299077145,1,Poor
0.0,0.818314920190933,0.0,Normal,0.818314920190933,0.0,0.8534029508171143,0.0,Normal,0.8534029508171143,0.0,0.05187590291286725,0.8962481941742654,Wet,0.8962481941742654,0.0,0.24398357474750412,0.512032850504992,Wet,0.512032850504992,0.0,0.7335002058093403,0.0,Normal,0.7335002058093403,0.3564955957541391,0.3217522021229304,0.0,Low,0.3564955957541391,0.0,0.8325814061993672,0.0,Normal,0.8325814061993672,0.0,0.6633052242194026,0.0,Medium,0.6633052242194026,0.0,0.18582375478927182,0.6283524904214562,High,0.6283524904214562,0.0,0.584400945622235,0.0,Normal,0.584400945622235,0,Acceptable
0.0,0.07826836492125011,0.8434632701574996,Hot,0.8434632701574996,0.0,0.5076839982511299,0.0,Normal,0.5076839982511299,0.0,0.6313126578738425,0.0,Normal,0.6313126578738425,1.0,0.0,0.0,Dry,1.0,0.5550780785467958,0.22246096072660201,0.0,Low,0.5550780785467958,0.0,0.6910123326419669,0.0,Normal,0.6910123326419669,0.0,0.7689471436826465,0.0,Normal,0.7689471436826465,0.3463808358310896,0.32680958208445515,0.0,Low,0.3463808358310896,0.0,0.8563218390804596,0.0,Normal,0.8563218390804596,0.0,0.26455163757316175,0.47089672485367645,High,0.47089672485367645,3,Poor
0.0,0.91131967679613,0.0,Normal,0.91131967679613,0.0,0.9859792629713406,0.0,Normal,0.9859792629713406,0.0,0.2105643573954708,0.5788712852090581,Wet,0.5788712852090581,0.0,0.7024733792161552,0.0,Normal,0.7024733792161552,0.013537829837045743,0.493231085081477,0.0,Normal,0.493231085081477,0.0,0.9518419604703888,0.0,Normal,0.9518419604703888,0.0,0.3514807907120494,0.2970384185759014,Normal,0.3514807907120494,0.0,0.9203704878913269,0.0,Medium,0.9203704878913269,0.0,0.6647509578544063,0.0,Normal,0.6647509578544063,0.21214799830231304,0.39392600084884344,0.0,Normal,0.39392600084884344,0,Acceptable
0.0,0.8146996175013449,0.0,Normal,0.8146996175013449,0.0,0.0,1.0,Hot,1.0,0.0,0.969013279319056,0.0,Normal,0.969013279319056,0.0,0.9892111800108015,0.0,Normal,0.9892111800108015,0.0,0.8195517943342857,0.0,Normal,0.8195517943342857,0.0,0.508278456602753,0.0,Normal,0.508278456602753,0.0,0.6598096638476727,0.0,Normal,0.6598096638476727,0.0,0.5947474546935252,0.0,Medium,0.5947474546935252,0.0,0.7605363984674332,0.0,Normal,0.7605363984674332,0.0,0.45071668115458247,0.09856663769083511,Normal,0.45071668115458247,0,Acceptable
0.0,0.23834726943921924,0.523305461121561,Hot,0.523305461121561,0.0,0.9156731346419001,0.0,Normal,0.9156731346419001,0.0,0.8725820238301268,0.0,Normal,0.8725820238301268,0.0,0.8432037775008424,0.0,Normal,0.8432037775008424,0.0,0.8475400421748498,0.0,Normal,0.8475400421748498,0.0,0.6644220724187839,0.0,Normal,0.6644220724187839,1.0,0.0,0.0,Low,1.0,0.4748214501698112,0.2625892749150944,0.0,Low,0.4748214501698112,0.0,0.952107279693487,0.0,Normal,0.952107279693487,0.0,0.5132344937710166,0.0,Normal,0.5132344937710166,3,Acceptable
0.0,0.8135031690128917,0.0,Normal,0.8135031690128917,0.7983199443642145,0.10084002781789272,0.0,Cold,0.7983199443642145,0.0,0.9551424602409344,0.0,Normal,0.9551424602409344,0.0,0.9097143870268047,0.0,Normal,0.9097143870268047,1.0,0.0,0.0,Low,1.0,0.0,0.0,1.0,High,1.0,0.26912044126243967,0.3654397793687802,0.0,Normal,0.3654397793687802,0.6068337055782095,0.19658314721089523,0.0,Low,0.6068337055782095,0.0,0.952107279693487,0.0,Normal,0.952107279693487,0.0,0.2645480121286969,0.4709039757426062,High,0.4709039757426062,3,Acceptable
0.0,0.4570458288368826,0.08590834232623376,Normal,0.4570458288368826,0.0,0.0,1.0,Hot,1.0,0.23809029249018607,0.38095485375490706,0.0,Normal,0.38095485375490706,0.2219667378930083,0.3890166310534957,0.0,Normal,0.3890166310534957,1.0,0.0,0.0,Low,1.0,0.0,0.5167382621743002,0.0,Normal,0.5167382621743002,0.0,0.41222940331435926,0.17554119337128182,Normal,0.41222940331435926,0.6842407269436536,0.15787963652817322,0.0,Low,0.6842407269436536,1.0,0.0,0.0,Low,1.0,0.0,0.8622131782886828,0.0,Normal,0.8622131782886828,3,Good
0.0,0.7328506053047026,0.0,Normal,0.7328506053047026,0.0,0.42840016328537023,0.14319967342925932,Normal,0.42840016328537023,0.0,0.4836258034203433,0.032748393159312494,Normal,0.4836258034203433,0.0,0.08245157673845444,0.8350968465230912,Wet,0.8350968465230912,0.0,0.050048922431694856,0.8999021551366103,High,0.8999021551366103,1.0,0.0,0.0,Low,1.0,0.0,0.5724012939921137,0.0,Normal,0.5724012939921137,0.0,0.11230943079023734,0.7753811384195254,High,0.7753811384195254,0.0,0.5689655172413791,0.0,Normal,0.5689655172413791,0.0,0.8398039233968027,0.0,Normal,0.8398039233968027,1,Acceptable
0.0,0.9880460063508232,0.0,Normal,0.9880460063508232,0.004211887851096212,0.49789405607445175,0.0,Normal,0.49789405607445175,0.0,0.43213077242924014,0.1357384551415189,Normal,0.43213077242924014,0.0,0.33331115987352133,0.33337768025295766,Wet,0.33337768025295766,0.0,0.41624417972291416,0.16751164055417167,Normal,0.41624417972291416,0.7690289424022542,0.11548552879887287,0.0,Low,0.7690289424022542,0.0,0.9346452080101525,0.0,Normal,0.9346452080101525,0.0,0.24437886070276976,0.5112422785944607,High,0.5112422785944607,0.0,0.37739463601532547,0.24521072796934892,Normal,0.37739463601532547,0.0,0.7816661618341654,0.0,Normal,0.7816661618341654,1,Acceptable
0.0,0.42261742811295355,0.15476514377409195,Normal,0.42261742811295355,0.0,0.6669756735881132,0.0,Normal,0.6669756735881132,0.0,0.5862476310309738,0.0,Normal,0.5862476310309738,0.6767897878158847,0.16160510609205758,0.0,Dry,0.6767897878158847,0.0,0.5185536325014567,0.0,Normal,0.5185536325014567,0.0,0.6772648447966145,0.0,Normal,0.6772648447966145,0.0,0.13493033078940767,0.7301393384211847,High,0.7301393384211847,0.0,0.9857543883857537,0.0,Medium,0.9857543883857537,0.0,0.4731800766283523,0.05363984674329525,Normal,0.4731800766283523,0.0953234279321806,0.45233828603390963,0.0,Normal,0.45233828603390963,3,Good
0.5641427560259178,0.21792862198704124,0.0,Cold,0.5641427560259178,0.15372156889886357,0.4231392155505681,0.0,Normal,0.4231392155505681,0.0,0.8683130982287931,0.0,Normal,0.8683130982287931,0.0,0.8574752160955574,0.0,Normal,0.8574752160955574,0.37976991300188984,0.310115043499055,0.0,Low,0.37976991300188984,0.0,0.9420882996648285,0.0,Normal,0.9420882996648285,0.0,0.667197315816978,0.0,Normal,0.667197315816978,1.0,0.0,0.0,Low,1.0,0.0,0.8563218390804601,0.0,Normal,0.8563218390804601,0.0,0.5915108717471247,0.0,Normal,0.5915108717471247,0,Acceptable
0.0,0.5508652758844415,0.0,Normal,0.5508652758844415,0.0,0.2492443734015605,0.501511253196879,Hot,0.501511253196879,0.0,0.7348183314012405,0.0,Normal,0.7348183314012405,0.0,0.8078754681941743,0.0,Normal,0.8078754681941743,0.0,0.6890359531116801,0.0,Normal,0.6890359531116801,0.0,0.9437008327241935,0.0,Normal,0.9437008327241935,0.0,0.4481161065710852,0.10376778685782993,Normal,0.4481161065710852,0.33393364689101396,0.33303317655449294,0.0,Low,0.33393364689101396,1.0,0.0,0.0,Low,1.0,0.0,0.8247304850305217,0.0,Normal,0.8247304850305217,0,Acceptable
0.1942357301587855,0.4028821349206075,0.0,Normal,0.4028821349206075,0.0,0.5041252872168673,0.0,Normal,0.5041252872168673,0.0,0.8639967846686731,0.0,Normal,0.8639967846686731,0.0,0.937291985279251,0.0,Normal,0.937291985279251,0.0,0.9665620522907048,0.0,Normal,0.9665620522907048,0.0,0.8782971565272819,0.0,Normal,0.8782971565272819,0.0,0.69904019021215,0.0,Normal,0.69904019021215,0.26943494649874306,0.36528252675062844,0.0,Medium,0.36528252675062844,0.0,0.7605363984674332,0.0,Normal,0.7605363984674332,0.0,0.8995547646390887,0.0,Normal,0.8995547646390887,3,Acceptable
0.0,0.7916525142285251,0.0,Normal,0.7916525142285251,0.0,0.8976982079381467,0.0,Normal,0.8976982079381467,0.0,0.7639267106317904,0.0,Normal,0.7639267106317904,0.3939014210958495,0.30304928945207515,0.0,Dry,0.3939014210958495,1.0,0.0,0.0,Low,1.0,0.0,0.16736816715971936,0.6652636656805613,High,0.6652636656805613,0.0,0.9070257671662428,0.0,Normal,0.9070257671662428,0.0,0.9145647314330324,0.0,Medium,0.9145647314330324,0.24521072796934829,0.3773946360153258,0.0,Normal,0.3773946360153258,0.7711275209294102,0.11443623953529487,0.0,Low,0.7711275209294102,3,Good
0.0,0.6811754174061844,0.0,Normal,0.6811754174061844,0.2096229962960757,0.395188501851962,0.0,Normal,0.395188501851962,0.0,0.43950285339141854,0.1209942932171621,Normal,0.43950285339141854,0.0,0.10854360761720139,0.7829127847655973,Wet,0.7829127847655973,1.0,0.0,0.0,Low,1.0,0.0,0.26079254275735186,0.4784149144852963,High,0.4784149144852963,0.09549612294501007,0.45225193852749496,0.0,Normal,0.45225193852749496,1.0,0.0,0.0,Low,1.0,0.0,0.9521072796934864,0.0,Normal,0.9521072796934864,0.0,0.6456866309114757,0.0,Normal,0.6456866309114757,3,Good
0.5767532002153397,0.21162339989233026,0.0,Cold,0.5767532002153397,0.0,0.7011791939973295,0.0,Normal,0.7011791939973295,0.0,0.5832487096559487,0.0,Normal,0.5832487096559487,0.0,0.782542091389911,0.0,Normal,0.782542091389911,0.0,0.9870272438364702,0.0,Normal,0.9870272438364702,0.0,0.5480086674398579,0.0,Normal,0.5480086674398579,0.0,0.7338873524244898,0.0,Normal,0.7338873524244898,0.0,0.9940136284923622,0.0,Medium,0.9940136284923622,0.0,0.952107279693487,0.0,Normal,0.952107279693487,0.0,0.820902591988741,0.0,Normal,0.820902591988741,3,Acceptable
0.0,0.6426412542055768,0.0,Normal,0.6426412542055768,0.18557264337695084,0.4072136783115245,0.0,Normal,0.4072136783115245,0.0,0.9590900770139621,0.0,Normal,0.9590900770139621,0.0,0.6593669153032624,0.0,Normal,0.6593669153032624,0.0,0.43662464020764197,0.12675071958471607,Normal,0.43662464020764197,0.7669274844505051,0.11653625777474742,0.0,Low,0.7669274844505051,0.0,0.6928959189354955,0.0,Normal,0.6928959189354955,0.0,0.7381063502720083,0.0,Medium,0.7381063502720083,0.0,0.2816091954022987,0.4367816091954026,High,0.4367816091954026,0.0,0.7961336428873287,0.0,Normal,0.7961336428873287,0,Acceptable
0.31015645286870824,0.3449217735656461,0.0,Normal,0.3449217735656461,0.0,0.9289109597011945,0.0,Normal,0.9289109597011945,0.0,0.8218981090619375,0.0,Normal,0.8218981090619375,0.0,0.7835575969395787,0.0,Normal,0.7835575969395787,0.0,0.8415504620058808,0.0,Normal,0.8415504620058808,0.561326152803779,0.21933692359811044,0.0,Low,0.561326152803779,0.0,0.7130711781354662,0.0,Normal,0.7130711781354662,0.0,0.5260644467558936,0.0,Medium,0.5260644467558936,0.8199233716475094,0.09003831417624526,0.0,Low,0.8199233716475094,0.08048311776904095,0.4597584411154795,0.0,Normal,0.4597584411154795,0,Acceptable
0.41098378713487743,0.2945081064325614,0.0,Cold,0.41098378713487743,0.0,0.8553432997661926,0.0,Normal,0.8553432997661926,0.0,0.8185208659651588,0.0,Normal,0.8185208659651588,0.0,0.41921130390786965,0.16157739218426112,Normal,0.41921130390786965,0.0,0.9511709329749523,0.0,Normal,0.9511709329749523,0.313837604281915,0.3430811978590424,0.0,Normal,0.3430811978590424,0.0,0.13087678844115788,0.7382464231176843,High,0.7382464231176843,0.0,0.7667306407552918,0.0,Medium,0.7667306407552918,1.0,0.0,0.0,Low,1.0,0.0997476745266918,0.450126162736654,0.0,Normal,0.450126162736654,0,Acceptable
0.0,0.6288889359488876,0.0,Normal,0.6288889359488876,0.0,0.9222890859344433,0.0,Normal,0.9222890859344433,0.0,0.392603467504596,0.21479306499080728,Normal,0.392603467504596,0.0,0.09475506459561084,0.8104898708087784,Wet,0.8104898708087784,0.0,0.777463381064079,0.0,Normal,0.777463381064079,0.11676297490624056,0.4416185125468796,0.0,Normal,0.4416185125468796,0.0,0.5076975035533233,0.0,Normal,0.5076975035533233,0.0,0.7531164512712383,0.0,Medium,0.7531164512712383,0.24521072796934829,0.3773946360153258,0.0,Normal,0.3773946360153258,0.0,0.554623251303664,0.0,Normal,0.554623251303664,1,Acceptable
0.0,0.5205734766583923,0.0,Normal,0.5205734766583923,0.0,0.9019865448786762,0.0,Normal,0.9019865448786762,0.0,0.8411950629454921,0.0,Normal,0.8411950629454921,0.0,0.6670969989584918,0.0,Normal,0.6670969989584918,0.995040336642035,0.0024798316789825447,0.0,Low,0.995040336642035,0.0,0.9674028979705722,0.0,Normal,0.9674028979705722,0.0,0.9264495663769637,0.0,Normal,0.9264495663769637,0.0,0.8594872306415203,0.0,Medium,0.8594872306415203,1.0,0.0,0.0,Low,1.0,0.32096022137003805,0.33951988931498095,0.0,Normal,0.33951988931498095,0,Acceptable
0.16253781188554847,0.41873109405722597,0.0,Normal,0.41873109405722597,0.0,0.6793361696340573,0.0,Normal,0.6793361696340573,0.0,0.8312535150911782,0.0,Normal,0.8312535150911782,0.0,0.6246874673533429,0.0,Normal,0.6246874673533429,0.0,0.6424984179576775,0.0,Normal,0.6424984179576775,0.0,0.6248197543779228,0.0,Normal,0.6248197543779228,0.0,0.0,1.0,High,1.0,0.9787887738402052,0.010605613079897385,0.0,Low,0.9787887738402052,0.0,0.090038314176245,0.81992337164751,High,0.81992337164751,0.0,0.5116205658198983,0.0,Normal,0.5116205658198983,3,Acceptable
0.0,0.5126954309396666,0.0,Normal,0.5126954309396666,0.0,0.7637298097108788,0.0,Normal,0.7637298097108788,0.0,0.8885783311977483,0.0,Normal,0.8885783311977483,0.0,0.867546841437397,0.0,Normal,0.867546841437397,0.0,0.48492933427354623,0.030141331452907493,Normal,0.48492933427354623,0.0,0.532840266166496,0.0,Normal,0.532840266166496,0.0,0.8210526264967786,0.0,Normal,0.8210526264967786,0.8901443455064592,0.054927827246770436,0.0,Low,0.8901443455064592,0.0,0.8563218390804601,0.0,Normal,0.8563218390804601,0.17446754596142813,0.4127662270192859,0.0,Normal,0.4127662270192859,3,Good
0.0,0.7031029738209345,0.0,Normal,0.7031029738209345,0.9186727644986556,0.04066361775067216,0.0,Cold,0.9186727644986556,0.2503217257765759,0.3748391371117122,0.0,Normal,0.3748391371117122,0.7020291190548339,0.148985440472583,0.0,Dry,0.7020291190548339,1.0,0.0,0.0,Low,1.0,0.0,0.0,1.0,High,1.0,0.0,0.8839298781936715,0.0,Normal,0.8839298781936715,0.0,0.7726986992885997,0.0,Medium,0.7726986992885997,0.0,0.4731800766283523,0.05363984674329525,Normal,0.4731800766283523,0.0,0.0,1.0,High,1.0,3,Acceptable
0.0,0.6074848338091783,0.0,Normal,0.6074848338091783,0.0,0.16100293423513318,0.6779941315297335,Hot,0.6779941315297335,0.0,0.3078726212476835,0.38425475750463234,Wet,0.38425475750463234,0.0,0.34586583642279906,0.30826832715440217,Normal,0.34586583642279906,1.0,0.0,0.0,Low,1.0,0.0,0.0,1.0,High,1.0,0.0,0.6810199390347712,0.0,Normal,0.6810199390347712,0.0,0.5972037172233434,0.0,Medium,0.5972037172233434,0.0,0.0,1.0,High,1.0,0.0,0.8810412533858679,0.0,Normal,0.8810412533858679,3,Good
0.0,0.8394527816005571,0.0,Normal,0.8394527816005571,0.0,0.7544721983007259,0.0,Normal,0.7544721983007259,0.0,0.797464512362402,0.0,Normal,0.797464512362402,0.0,0.8078128688227973,0.0,Normal,0.8078128688227973,0.1611851682831043,0.4194074158584477,0.0,Normal,0.4194074158584477,0.0,0.6051998968079784,0.0,Normal,0.6051998968079784,0.0920471864549275,0.45397640677253626,0.0,Normal,0.45397640677253626,0.0,0.8983441160749129,0.0,Medium,0.8983441160749129,0.0,0.2816091954022987,0.4367816091954026,High,0.4367816091954026,0.018831137043597727,0.4905844314782011,0.0,Normal,0.4905844314782011,3,Good
0.0,0.6080549408680781,0.0,Normal,0.6080549408680781,0.0,0.5823171158327944,0.0,Normal,0.5823171158327944,0.0,0.8254221138505415,0.0,Normal,0.8254221138505415,0.0,0.618610461462089,0.0,Normal,0.618610461462089,0.9393455335475965,0.030327233226201712,0.0,Low,0.9393455335475965,0.0,0.43558935172521224,0.12882129654957558,Normal,0.43558935172521224,0.0,0.7565076181916865,0.0,Normal,0.7565076181916865,0.7787761509065757,0.11061192454671212,0.0,Low,0.7787761509065757,0.0,0.090038314176245,0.81992337164751,High,0.81992337164751,0.0,0.5394504880145429,0.0,Normal,0.5394504880145429,3,Good
0.0,0.9298193438773985,0.0,Normal,0.9298193438773985,0.0,0.5469268001305407,0.0,Normal,0.5469268001305407,0.0,0.6649537849919184,0.0,Normal,0.6649537849919184,0.0,0.8758526055436552,0.0,Normal,0.8758526055436552,1.0,0.0,0.0,Low,1.0,0.0,0.0,1.0,High,1.0,0.0,0.9166572450421009,0.0,Normal,0.9166572450421009,0.0,0.9914829056532322,0.0,Medium,0.9914829056532322,0.0,0.4731800766283523,0.05363984674329525,Normal,0.4731800766283523,0.0,0.8191339261658742,0.0,Normal,0.8191339261658742,3,Good
0.0,0.8374158158152156,0.0,Normal,0.8374158158152156,0.0,0.7846145959942585,0.0,Normal,0.7846145959942585,0.0,0.0506244421525676,0.8987511156948647,Wet,0.8987511156948647,0.0,0.5867863068996578,0.0,Normal,0.5867863068996578,0.0,0.6486749629558901,0.0,Normal,0.6486749629558901,0.0,0.8585113249717377,0.0,Normal,0.8585113249717377,0.3140714563633688,0.34296427181831557,0.0,Normal,0.34296427181831557,0.0,0.5352184154754216,0.0,Medium,0.5352184154754216,0.0,0.0,1.0,High,1.0,0.0,0.8439950327043853,0.0,Normal,0.8439950327043853,0,Acceptable
0.4222032680121088,0.28889836599394575,0.0,Cold,0.4222032680121088,0.03878421567902825,0.4806078921604858,0.0,Normal,0.4806078921604858,0.0,0.7034176275433106,0.0,Normal,0.7034176275433106,0.0,0.8362102107003375,0.0,Normal,0.8362102107003375,0.0,0.8803885779468251,0.0,Normal,0.8803885779468251,0.0,0.6086809876814882,0.0,Normal,0.6086809876814882,0.07181067742453848,0.46409466128773075,0.0,Normal,0.46409466128773075,0.15333950651620323,0.4233302467418983,0.0,Medium,0.4233302467418983,0.0,0.4731800766283523,0.05363984674329525,Normal,0.4731800766283523,0.05083064750840226,0.4745846762457988,0.0,Normal,0.4745846762457988,3,Acceptable
0.0,0.5225526278530317,0.0,Normal,0.5225526278530317,0.0,0.9992191536975341,0.0,Normal,0.9992191536975341,0.0,0.7842202821230533,0.0,Normal,0.7842202821230533,0.0,0.6614469998548709,0.0,Normal,0.6614469998548709,0.0,0.9241371308108404,0.0,Normal,0.9241371308108404,0.0,0.9634863904068298,0.0,Normal,0.9634863904068298,0.0,0.9552199310876718,0.0,Normal,0.9552199310876718,0.0,0.8560429094487291,0.0,Medium,0.8560429094487291,0.0,0.952107279693487,0.0,Normal,0.952107279693487,0.0,0.6134109807353832,0.0,Normal,0.6134109807353832,3,Good
0.0,0.3388151943526495,0.32236961129470026,Normal,0.3388151943526495,0.0,0.5561724280554039,0.0,Normal,0.5561724280554039,0.547479105625924,0.22626044718703808,0.0,Dry,0.547479105625924,0.0,0.8878276734127473,0.0,Normal,0.8878276734127473,0.4188663173763523,0.29056684131182375,0.0,Low,0.4188663173763523,0.0,0.6702114745181065,0.0,Normal,0.6702114745181065,0.0,0.1533387998325723,0.6933224003348556,High,0.6933224003348556,0.6357642304138903,0.1821178847930548,0.0,Low,0.6357642304138903,0.436781609195402,0.28160919540229895,0.0,Low,0.436781609195402,0.3508230828637627,0.32458845856811863,0.0,Low,0.3508230828637627,3,Acceptable
0.15170961295880842,0.42414519352059604,0.0,Normal,0.42414519352059604,0.0,0.6756621560951503,0.0,Normal,0.6756621560951503,0.0,0.5250454980716719,0.0,Normal,0.5250454980716719,0.0,0.8588162719401451,0.0,Normal,0.8588162719401451,0.0,0.6099230566854044,0.0,Normal,0.6099230566854044,0.0,0.9684928521323855,0.0,Normal,0.9684928521323855,0.0,0.8224981183039787,0.0,Normal,0.8224981183039787,1.0,0.0,0.0,Low,1.0,0.0,0.6647509578544063,0.0,Normal,0.6647509578544063,0.0,0.6455427895859323,0.0,Normal,0.6455427895859323,0,Acceptable
0.0,0.18678268272189966,0.6264346345562003,Hot,0.6264346345562003,0.0,0.5197368133824039,0.0,Normal,0.5197368133824039,0.0,0.2327508528017523,0.5344982943964949,Wet,0.5344982943964949,0.0,0.06154105402229567,0.8769178919554087,Wet,0.8769178919554087,0.0,0.061079960925803437,0.8778400781483932,High,0.8778400781483932,1.0,0.0,0.0,Low,1.0,0.0,0.4062946700934182,0.1874106598131639,Normal,0.4062946700934182,0.0,0.0,1.0,High,1.0,0.6283524904214557,0.1858237547892721,0.0,Low,0.6283524904214557,0.0,0.0,1.0,High,1.0,2,Poor
0.0,0.45905877004936696,0.08188245990126507,Normal,0.45905877004936696,0.0,0.6620412241471623,0.0,Normal,0.6620412241471623,0.0,0.8503215254072546,0.0,Normal,0.8503215254072546,0.0,0.7025197162956694,0.0,Normal,0.7025197162956694,0.0,0.5188323435535002,0.0,Normal,0.5188323435535002,0.0,0.7037913279896217,0.0,Normal,0.7037913279896217,0.0,0.5680742630298988,0.0,Normal,0.5680742630298988,0.0,0.7645640479572925,0.0,Medium,0.7645640479572925,0.0,0.2816091954022987,0.4367816091954026,High,0.4367816091954026,0.2167036870609771,0.3916481564695114,0.0,Normal,0.3916481564695114,3,Good
0.0,0.33435411693371525,0.3312917661325687,Normal,0.33435411693371525,0.0,0.9639767115464699,0.0,Normal,0.9639767115464699,0.0,0.8990820879357854,0.0,Normal,0.8990820879357854,0.0,0.7468931500515782,0.0,Normal,0.7468931500515782,0.0,0.9811658256235134,0.0,Normal,0.9811658256235134,0.0,0.991792040468534,0.0,Normal,0.991792040468534,0.46552358634671426,0.2672382068266429,0.0,Low,0.46552358634671426,0.0,0.5978739851104504,0.0,Medium,0.5978739851104504,0.0,0.8563218390804596,0.0,Normal,0.8563218390804596,0.0,0.6592749772535149,0.0,Normal,0.6592749772535149,3,Acceptable
0.17381872091202924,0.4130906395439856,0.0,Normal,0.4130906395439856,0.0,0.914432530621578,0.0,Normal,0.914432530621578,0.0,0.4129885966186716,0.17402280676265602,Normal,0.4129885966186716,0.0,0.49085328451939175,0.018293430961216942,Normal,0.49085328451939175,1.0,0.0,0.0,Low,1.0,0.0,0.0,1.0,High,1.0,0.0,0.6592276378748579,0.0,Normal,0.6592276378748579,0.2331857005130127,0.3834071497434936,0.0,Medium,0.3834071497434936,0.0,0.8563218390804596,0.0,Normal,0.8563218390804596,0.5256488003919181,0.2371755998040409,0.0,Low,0.5256488003919181,3,Acceptable
0.0,0.41965728850990547,0.1606854229801882,Normal,0.41965728850990547,0.0,0.9179804912337313,0.0,Normal,0.9179804912337313,0.0,0.9824538177144004,0.0,Normal,0.9824538177144004,0.0,0.9145752711217562,0.0,Normal,0.9145752711217562,1.0,0.0,0.0,Low,1.0,0.0,0.0,1.0,High,1.0,0.0,0.8942031589049078,0.0,Normal,0.8942031589049078,0.0,0.6830553003469721,0.0,Medium,0.6830553003469721,0.0,0.4731800766283523,0.05363984674329525,Normal,0.4731800766283523,0.1616615972677744,0.41916920136611274,0.0,Normal,0.41916920136611274,3,Good
0.0,0.4614962207067974,0.07700755858640414,Normal,0.4614962207067974,0.0,0.5435324292456455,0.0,Normal,0.5435324292456455,0.0,0.5152895749042096,0.0,Normal,0.5152895749042096,0.0,0.11561428577068239,0.7687714284586353,Wet,0.7687714284586353,0.0,0.8471701147049877,0.0,Normal,0.8471701147049877,0.11687076582412936,0.4415646170879352,0.0,Normal,0.4415646170879352,0.0,0.5705159560258716,0.0,Normal,0.5705159560258716,0.0,0.8996445836836124,0.0,Medium,0.8996445836836124,0.0,0.664750957854406,0.0,Normal,0.664750957854406,0.1457860681767123,0.4271069659116438,0.0,Normal,0.4271069659116438,1,Acceptable
0.41354927691819665,0.29322536154090184,0.0,Cold,0.41354927691819665,0.7916798161513722,0.10416009192431389,0.0,Cold,0.7916798161513722,0.0,0.7220711687356302,0.0,Normal,0.7220711687356302,0.0,0.8388180538741419,0.0,Normal,0.8388180538741419,0.0,0.828811696372656,0.0,Normal,0.828811696372656,0.0,0.873255671929953,0.0,Normal,0.873255671929953,0.0,0.7377061440315709,0.0,Normal,0.7377061440315709,0.0,0.9167310510018287,0.0,Medium,0.9167310510018287,0.8199233716475094,0.09003831417624526,0.0,Low,0.8199233716475094,0.0,0.9160599931892088,0.0,Normal,0.9160599931892088,3,Acceptable
0.0,0.5632820560299318,0.0,Normal,0.5632820560299318,0.0,0.6620746440129066,0.0,Normal,0.6620746440129066,0.0,0.8057501188807635,0.0,Normal,0.8057501188807635,0.0,0.9232167823008255,0.0,Normal,0.9232167823008255,0.4900558464089206,0.2549720767955396,0.0,Low,0.4900558464089206,0.0,0.13343124895838615,0.7331375020832277,High,0.7331375020832277,0.0,0.9857910126842738,0.0,Normal,0.9857910126842738,0.0,0.5259400215557954,0.0,Medium,0.5259400215557954,0.0,0.7605363984674328,0.0,Normal,0.7605363984674328,0.0,0.9080782817851797,0.0,Normal,0.9080782817851797,3,Good
0.0,0.7090896009471422,0.0,Normal,0.7090896009471422,0.0,0.7388054897229516,0.0,Normal,0.7388054897229516,0.0,0.06308408106899514,0.8738318378620096,Wet,0.8738318378620096,0.0,0.25136665324773244,0.4972666935045354,Wet,0.4972666935045354,0.0,0.8148151584041712,0.0,Normal,0.8148151584041712,0.09805703316628732,0.4509714834168562,0.0,Normal,0.4509714834168562,0.0,0.5009405082621743,0.0,Normal,0.5009405082621743,0.0,0.6131263940757327,0.0,Medium,0.6131263940757327,0.0,0.2816091954022987,0.4367816091954026,High,0.4367816091954026,0.0,0.6772533755008344,0.0,Normal,0.6772533755008344,0,Acceptable
0.0,0.5238324266501472,0.0,Normal,0.5238324266501472,0.0,0.9828504318852987,0.0,Normal,0.9828504318852987,0.44797271624397944,0.27601364187801036,0.0,Dry,0.44797271624397944,0.0,0.7708310391637874,0.0,Normal,0.7708310391637874,0.0,0.6681759818111974,0.0,Normal,0.6681759818111974,0.0,0.5892734614972108,0.0,Normal,0.5892734614972108,0.0,0.7709436454881221,0.0,Normal,0.7709436454881221,0.0,0.7977310886938179,0.0,Medium,0.7977310886938179,1.0,0.0,0.0,Low,1.0,0.27745936441624636,0.3612703177918768,0.0,Normal,0.3612703177918768,0,Acceptable
0.0,0.22467358768649456,0.5506528246270104,Hot,0.5506528246270104,0.0,0.6741590676864102,0.0,Normal,0.6741590676864102,0.0,0.8639717147616551,0.0,Normal,0.8639717147616551,0.0,0.9567241834332676,0.0,Normal,0.9567241834332676,0.2769205510150684,0.3615397244924657,0.0,Normal,0.3615397244924657,0.0,0.7811265849738073,0.0,Normal,0.7811265849738073,0.0,0.7615902230362014,0.0,Normal,0.7615902230362014,0.0,0.927533578226852,0.0,Medium,0.927533578226852,0.0,0.2816091954022987,0.4367816091954026,High,0.4367816091954026,0.0,0.6613984131716608,0.0,Normal,0.6613984131716608,3,Acceptable
0.0,0.6937106957468749,0.0,Normal,0.6937106957468749,0.0,0.6759426610360392,0.0,Normal,0.6759426610360392,0.0,0.17561385950993677,0.6487722809801261,Wet,0.6487722809801261,0.0,0.29318883553619934,0.41362232892760165,Wet,0.41362232892760165,0.0,0.690099871770809,0.0,Normal,0.690099871770809,0.0,0.8995325977322831,0.0,Normal,0.8995325977322831,0.0,0.7722309472087021,0.0,Normal,0.7722309472087021,0.4867748643357334,0.25661256783213326,0.0,Low,0.4867748643357334,0.0,0.0,1.0,High,1.0,0.0,0.9587142030771646,0.0,Normal,0.9587142030771646,0,Acceptable
0.09588082836008614,0.45205958581995714,0.0,Normal,0.45205958581995714,0.0,0.7509736776689351,0.0,Normal,0.7509736776689351,0.0,0.6961026676332919,0.0,Normal,0.6961026676332919,0.0,0.8833281814844707,0.0,Normal,0.8833281814844707,0.0,0.8870861569652366,0.0,Normal,0.8870861569652366,0.0,0.487119307060641,0.025761385878717995,Normal,0.487119307060641,0.0,0.9418668875047518,0.0,Normal,0.9418668875047518,0.0,0.9803544502263194,0.0,Medium,0.9803544502263194,0.0,0.37739463601532547,0.24521072796934892,Normal,0.37739463601532547,0.0,0.6228448600673606,0.0,Normal,0.6228448600673606,3,Good
0.0,0.7850007587079401,0.0,Normal,0.7850007587079401,0.0,0.1892444863411431,0.6215110273177137,Hot,0.6215110273177137,0.0,0.5881565891944147,0.0,Normal,0.5881565891944147,0.0,0.7747028035785454,0.0,Normal,0.7747028035785454,0.0,0.8858649887189401,0.0,Normal,0.8858649887189401,1.0,0.0,0.0,Low,1.0,0.0,0.8751420629581859,0.0,Normal,0.8751420629581859,0.0,0.9666224565892544,0.0,Medium,0.9666224565892544,0.0,0.090038314176245,0.81992337164751,High,0.81992337164751,0.0,0.9307950745667121,0.0,Normal,0.9307950745667121,0,Acceptable
0.0,0.903105380623481,0.0,Normal,0.903105380623481,0.027195353636169723,0.486402323181915,0.0,Normal,0.486402323181915,1.0,0.0,0.0,Dry,1.0,1.0,0.0,0.0,Dry,1.0,1.0,0.0,0.0,Low,1.0,0.0,0.5011151695906364,0.0,Normal,0.5011151695906364,0.0,0.9465028562171061,0.0,Normal,0.9465028562171061,0.0768615599705944,0.46156922001470274,0.0,Medium,0.46156922001470274,1.0,0.0,0.0,Low,1.0,0.0,0.7568643399738587,0.0,Normal,0.7568643399738587,3,Acceptable
0.0,0.31860595905760863,0.362788081884782,Hot,0.362788081884782,0.0,0.924890186360968,0.0,Normal,0.924890186360968,0.0,0.63545852038755,0.0,Normal,0.63545852038755,0.0,0.597455504353843,0.0,Normal,0.597455504353843,0.0,0.6789668317539291,0.0,Normal,0.6789668317539291,0.0,0.7254395355435748,0.0,Normal,0.7254395355435748,0.0,0.9990966767000492,0.0,Normal,0.9990966767000492,0.0,0.717382876031474,0.0,Medium,0.717382876031474,0.0,0.5689655172413791,0.0,Normal,0.5689655172413791,0.0,0.6281191920012474,0.0,Normal,0.6281191920012474,3,Good
0.0,0.8842697755871944,0.0,Normal,0.8842697755871944,0.0,0.16881616546939923,0.6623676690612015,Hot,0.6623676690612015,0.0,0.7726832251642606,0.0,Normal,0.7726832251642606,0.0,0.8180802926212171,0.0,Normal,0.8180802926212171,0.512384419028719,0.24380779048564044,0.0,Low,0.512384419028719,0.0,0.6166937540990808,0.0,Normal,0.6166937540990808,0.0,0.9435860185144859,0.0,Normal,0.9435860185144859,0.0,0.7141148335369475,0.0,Medium,0.7141148335369475,1.0,0.0,0.0,Low,1.0,0.0,0.6562676357609417,0.0,Normal,0.6562676357609417,3,Good
0.0,0.979908457512995,0.0,Normal,0.979908457512995,0.0,0.8421795249476981,0.0,Normal,0.8421795249476981,0.0,0.1871540816626406,0.6256918366747184,Wet,0.6256918366747184,0.0,0.05056513944392199,0.898869721112156,Wet,0.898869721112156,0.0,0.8188586527820545,0.0,Normal,0.8188586527820545,0.8761707316045282,0.06191463419773591,0.0,Low,0.8761707316045282,0.0,0.8844342096259289,0.0,Normal,0.8844342096259289,0.0,0.8100105441517594,0.0,Medium,0.8100105441517594,0.0,0.0,1.0,High,1.0,0.0,0.7094591705219547,0.0,Normal,0.7094591705219547,1,Acceptable
0.0,0.8553297384322686,0.0,Normal,0.8553297384322686,0.5232227363534145,0.2383886318232927,0.0,Cold,0.5232227363534145,0.0,0.8159081638914613,0.0,Normal,0.8159081638914613,0.0,0.5245043697623926,0.0,Normal,0.5245043697623926,0.0,0.9906065030799943,0.0,Normal,0.9906065030799943,0.4863671269163078,0.25681643654184605,0.0,Low,0.4863671269163078,0.0,0.6751598069803161,0.0,Normal,0.6751598069803161,0.0,0.6792568540983427,0.0,Medium,0.6792568540983427,1.0,0.0,0.0,Low,1.0,0.0,0.3248226966659759,0.35035460666804824,High,0.35035460666804824,1,Poor
0.0,0.7530140955112611,0.0,Normal,0.7530140955112611,0.0,0.8405239252724446,0.0,Normal,0.8405239252724446,0.0,0.6731547381137307,0.0,Normal,0.6731547381137307,0.0,0.7417051815166017,0.0,Normal,0.7417051815166017,0.0,0.9719202519870278,0.0,Normal,0.9719202519870278,0.12716361043146113,0.4364181947842693,0.0,Normal,0.4364181947842693,0.0,0.9433488686258523,0.0,Normal,0.9433488686258523,1.0,0.0,0.0,Low,1.0,0.0,0.8563218390804601,0.0,Normal,0.8563218390804601,0.0,0.5192407336090585,0.0,Normal,0.5192407336090585,0,Acceptable
0.0,0.7922788077756407,0.0,Normal,0.7922788077756407,0.0,0.2500072942810951,0.4999854114378097,Hot,0.4999854114378097,0.2739675788519265,0.3630162105740369,0.0,Normal,0.3630162105740369,0.0,0.5787267244836954,0.0,Normal,0.5787267244836954,0.0,0.9023233636159984,0.0,Normal,0.9023233636159984,0.0,0.8733068647589083,0.0,Normal,0.8733068647589083,0.0,0.7647925812681485,0.0,Normal,0.7647925812681485,0.6809172074998899,0.159541396250055,0.0,Low,0.6809172074998899,0.0,0.664750957854406,0.0,Normal,0.664750957854406,0.0,0.931222312153959,0.0,Normal,0.931222312153959,3,Acceptable
0.0,0.9659458089653369,0.0,Normal,0.9659458089653369,0.0,0.739888154828285,0.0,Normal,0.739888154828285,0.0,0.865105842401016,0.0,Normal,0.865105842401016,0.0,0.8061851948340825,0.0,Normal,0.8061851948340825,0.0,0.9611240602733956,0.0,Normal,0.9611240602733956,0.0,0.9074833697095975,0.0,Normal,0.9074833697095975,0.0,0.44486294731930737,0.11027410536138556,Normal,0.44486294731930737,0.0,0.7461506376389704,0.0,Medium,0.7461506376389704,0.0,0.18582375478927182,0.6283524904214562,High,0.6283524904214562,0.0,0.6976823020949581,0.0,Normal,0.6976823020949581,0,Good
0.0,0.5724043490679026,0.0,Normal,0.5724043490679026,0.0,0.6343778655700737,0.0,Normal,0.6343778655700737,0.0,0.9578259732735188,0.0,Normal,0.9578259732735188,0.0,0.5689943688511856,0.0,Normal,0.5689943688511856,0.0,0.473990499813141,0.052019000373718025,Normal,0.473990499813141,0.0,0.5223359283427579,0.0,Normal,0.5223359283427579,0.0,0.5216555885875037,0.0,Normal,0.5216555885875037,0.0,0.9598894003340472,0.0,Medium,0.9598894003340472,0.0,0.0,1.0,High,1.0,0.0,0.6014120719029163,0.0,Normal,0.6014120719029163,0,Acceptable
0.0,0.8765858986833732,0.0,Normal,0.8765858986833732,0.0,0.5942175362974513,0.0,Normal,0.5942175362974513,0.0,0.4149101076706802,0.17017978465863878,Normal,0.4149101076706802,0.0,0.0,1.0,Wet,1.0,0.0,0.6015803213968866,0.0,Normal,0.6015803213968866,0.8852963854251481,0.057351807287425914,0.0,Low,0.8852963854251481,0.0,0.7588371902539769,0.0,Normal,0.7588371902539769,0.0,0.5804040325357305,0.0,Medium,0.5804040325357305,0.0,0.090038314176245,0.81992337164751,High,0.81992337164751,0.0,0.9923091181717065,0.0,Normal,0.9923091181717065,2,Poor
0.0,0.5457390274418877,0.0,Normal,0.5457390274418877,0.0,0.6347159515126497,0.0,Normal,0.6347159515126497,0.0,0.914493133841199,0.0,Normal,0.914493133841199,0.0,0.840985236248114,0.0,Normal,0.840985236248114,1.0,0.0,0.0,Low,1.0,0.0,0.10012344784545174,0.7997531043090965,High,0.7997531043090965,0.17296771694639063,0.4135161415268047,0.0,Normal,0.4135161415268047,0.0,0.5121317682411625,0.0,Medium,0.5121317682411625,0.0,0.6647509578544063,0.0,Normal,0.6647509578544063,0.0,0.7684813009060604,0.0,Normal,0.7684813009060604,3,Good
0.0,0.6835097794166207,0.0,Normal,0.6835097794166207,0.0,0.5373675965611455,0.0,Normal,0.5373675965611455,0.7354888444970926,0.13225557775145375,0.0,Dry,0.7354888444970926,0.06705732257435329,0.4664713387128232,0.0,Normal,0.4664713387128232,0.8424540486970428,0.07877297565147857,0.0,Low,0.8424540486970428,0.0,0.9544483920926389,0.0,Normal,0.9544483920926389,0.0,0.9415495384913624,0.0,Normal,0.9415495384913624,0.9858153527779444,0.007092323611027793,0.0,Low,0.9858153527779444,1.0,0.0,0.0,Low,1.0,0.0,0.6012081211918135,0.0,Normal,0.6012081211918135,3,Acceptable
0.0,0.6247414429375238,0.0,Normal,0.6247414429375238,0.0,0.9449021848799861,0.0,Normal,0.9449021848799861,0.0,0.7930711913536316,0.0,Normal,0.7930711913536316,0.0,0.9375414143075577,0.0,Normal,0.9375414143075577,0.0,0.6738230248935092,0.0,Normal,0.6738230248935092,0.0,0.939317563119964,0.0,Normal,0.939317563119964,0.0,0.703623872687585,0.0,Normal,0.703623872687585,0.0,0.9062625263468198,0.0,Medium,0.9062625263468198,0.0,0.664750957854406,0.0,Normal,0.664750957854406,0.0,0.5283145701159037,0.0,Normal,0.5283145701159037,0,Acceptable
0.385548015402834,0.30722599229858316,0.0,Cold,0.385548015402834,0.0,0.1551958735478974,0.6896082529042051,Hot,0.6896082529042051,0.0,0.8859159412269532,0.0,Normal,0.8859159412269532,0.0,0.8062003556548739,0.0,Normal,0.8062003556548739,0.4122650733656164,0.2938674633171917,0.0,Low,0.4122650733656164,0.0,0.5782273110348431,0.0,Normal,0.5782273110348431,0.0,0.9993605833173186,0.0,Normal,0.9993605833173186,0.0,0.8946414286293071,0.0,Medium,0.8946414286293071,0.0,0.4731800766283523,0.05363984674329525,Normal,0.4731800766283523,0.0,0.0,1.0,High,1.0,3,Acceptable
0.0,0.7568627324779647,0.0,Normal,0.7568627324779647,0.0,0.7526515184122166,0.0,Normal,0.7526515184122166,0.0,0.5561157866521149,0.0,Normal,0.5561157866521149,0.0,0.7455387044952789,0.0,Normal,0.7455387044952789,0.5831343174875272,0.20843284125623632,0.0,Low,0.5831343174875272,0.0,0.9785411795605314,0.0,Normal,0.9785411795605314,0.0,0.6511674599338074,0.0,Normal,0.6511674599338074,0.9014197471828782,0.04929012640856086,0.0,Low,0.9014197471828782,0.05363984674329458,0.47318007662835265,0.0,Normal,0.47318007662835265,0.29572683793065535,0.35213658103467227,0.0,Normal,0.35213658103467227,0,Acceptable
0.0,0.912590921797653,0.0,Normal,0.912590921797653,0.41879591966695856,0.29060204016652064,0.0,Cold,0.41879591966695856,0.0,0.45096102073337396,0.09807795853325123,Normal,0.45096102073337396,0.0,0.3920457339983686,0.21590853200326313,Normal,0.3920457339983686,0.0,0.4523705499353268,0.09525890012934632,Normal,0.4523705499353268,0.48793071037448593,0.256034644812757,0.0,Low,0.48793071037448593,0.0,0.6557228168041284,0.0,Normal,0.6557228168041284,0.0,0.8871668939148564,0.0,Medium,0.8871668939148564,1.0,0.0,0.0,Low,1.0,0.0,0.5884210152243873,0.0,Normal,0.5884210152243873,1,Acceptable
0.0,0.6465511699802262,0.0,Normal,0.6465511699802262,0.0,0.7987433003056785,0.0,Normal,0.7987433003056785,0.0,0.8199019078698864,0.0,Normal,0.8199019078698864,0.0,0.9373438501650343,0.0,Normal,0.9373438501650343,0.5218387701142541,0.2390806149428729,0.0,Low,0.5218387701142541,0.0,0.6084371177906583,0.0,Normal,0.6084371177906583,0.4821792295016776,0.2589103852491612,0.0,Low,0.4821792295016776,0.0,0.5412165240620721,0.0,Medium,0.5412165240620721,0.0,0.0,1.0,High,1.0,0.0,0.6166184243656327,0.0,Normal,0.6166184243656327,3,Good
0.4341857151745499,0.2829071424127252,0.0,Cold,0.4341857151745499,0.0,0.7983867053308151,0.0,Normal,0.7983867053308151,0.0,0.504482882835802,0.0,Normal,0.504482882835802,0.0,0.13002177638466053,0.739956447230679,Wet,0.739956447230679,0.0,0.7405648782268254,0.0,Normal,0.7405648782268254,0.13226288789977078,0.4338685560501145,0.0,Normal,0.4338685560501145,0.0,0.8588286711704528,0.0,Normal,0.8588286711704528,0.0,0.7904443445965765,0.0,Medium,0.7904443445965765,0.05363984674329458,0.47318007662835265,0.0,Normal,0.47318007662835265,0.24679150050638848,0.3766042497468057,0.0,Normal,0.3766042497468057,1,Poor
0.0,0.5071619933993883,0.0,Normal,0.5071619933993883,0.0,0.7886392202832363,0.0,Normal,0.7886392202832363,0.0,0.9970393502984608,0.0,Normal,0.9970393502984608,0.0,0.9489594374659144,0.0,Normal,0.9489594374659144,0.0,0.4593096403218106,0.08138071935637886,Normal,0.4593096403218106,0.9829462949425655,0.008526852528717259,0.0,Low,0.9829462949425655,0.0,0.7097015555176205,0.0,Normal,0.7097015555176205,0.0,0.0,1.0,High,1.0,0.8199233716475094,0.09003831417624526,0.0,Low,0.8199233716475094,0.326426040327163,0.3367869798364185,0.0,Normal,0.3367869798364185,2,Poor
0.0,0.7745309994916393,0.0,Normal,0.7745309994916393,0.0,0.8339473631099419,0.0,Normal,0.8339473631099419,0.0,0.5929607582771964,0.0,Normal,0.5929607582771964,0.0,0.18924383665607364,0.621512326687853,Wet,0.621512326687853,0.0,0.18689746871022805,0.6262050625795439,High,0.6262050625795439,1.0,0.0,0.0,Low,1.0,0.0,0.7171548001632333,0.0,Normal,0.7171548001632333,0.0,0.5475405384335122,0.0,Medium,0.5475405384335122,0.8199233716475094,0.09003831417624526,0.0,Low,0.8199233716475094,0.0,0.5847464930534739,0.0,Normal,0.5847464930534739,0,Acceptable
0.0,0.8996847025148389,0.0,Normal,0.8996847025148389,0.0,0.5469797915741299,0.0,Normal,0.5469797915741299,0.0,0.9433097115748899,0.0,Normal,0.9433097115748899,0.0,0.924745483174129,0.0,Normal,0.924745483174129,0.0,0.49925507698275323,0.0014898460344935837,Normal,0.49925507698275323,1.0,0.0,0.0,Low,1.0,0.0,0.7936917379234658,0.0,Normal,0.7936917379234658,0.0,0.5555742933288735,0.0,Medium,0.5555742933288735,0.0,0.6647509578544063,0.0,Normal,0.6647509578544063,0.0,0.9378094509338607,0.0,Normal,0.9378094509338607,2,Poor
0.0,0.5864551930764579,0.0,Normal,0.5864551930764579,0.0,0.963802864726181,0.0,Normal,0.963802864726181,0.0,0.7861732456390158,0.0,Normal,0.7861732456390158,0.0,0.8993326336982211,0.0,Normal,0.8993326336982211,0.0,0.7097851458230935,0.0,Normal,0.7097851458230935,0.0,0.9883890030654038,0.0,Normal,0.9883890030654038,0.0,0.9070150979680872,0.0,Normal,0.9070150979680872,0.0,0.688819949882011,0.0,Medium,0.688819949882011,0.0,0.5689655172413794,0.0,Normal,0.5689655172413794,0.0,0.5179089900442568,0.0,Normal,0.5179089900442568,0,Good
0.0,0.6295228409032437,0.0,Normal,0.6295228409032437,0.7268963226927618,0.13655183865361903,0.0,Cold,0.7268963226927618,0.0,0.9170858956734417,0.0,Normal,0.9170858956734417,0.0,0.8564829618994207,0.0,Normal,0.8564829618994207,0.0,0.8834685758432981,0.0,Normal,0.8834685758432981,0.497483090014881,0.25125845499255944,0.0,Low,0.497483090014881,0.0,0.1399764481716164,0.7200471036567673,High,0.7200471036567673,0.5653108545925476,0.21734457270372615,0.0,Low,0.5653108545925476,0.0,0.8563218390804596,0.0,Normal,0.8563218390804596,0.0,0.7212987486125888,0.0,Normal,0.7212987486125888,3,Acceptable
0.0,0.9154708680400436,0.0,Normal,0.9154708680400436,0.0,0.14038636132386453,0.7192272773522709,Hot,0.7192272773522709,0.0,0.9614859330782444,0.0,Normal,0.9614859330782444,0.0,0.6335030824859813,0.0,Normal,0.6335030824859813,1.0,0.0,0.0,Low,1.0,0.0,0.08607691136627509,0.8278461772674498,High,0.8278461772674498,0.0,0.9021507172300922,0.0,Normal,0.9021507172300922,0.0,0.8967321819025174,0.0,Medium,0.8967321819025174,0.0,0.0,1.0,High,1.0,0.0,0.9516500833450648,0.0,Normal,0.9516500833450648,3,Good
0.17628391944858882,0.41185804027570583,0.0,Normal,0.41185804027570583,0.0,0.7404897602014099,0.0,Normal,0.7404897602014099,0.0,0.866007594906559,0.0,Normal,0.866007594906559,0.0,0.5489436136814604,0.0,Normal,0.5489436136814604,0.0,0.9558985066087974,0.0,Normal,0.9558985066087974,0.0,0.7326155048052018,0.0,Normal,0.7326155048052018,0.0,0.9446356717506161,0.0,Normal,0.9446356717506161,0.0,0.8885801789479505,0.0,Medium,0.8885801789479505,0.0,0.8563218390804596,0.0,Normal,0.8563218390804596,0.0,0.9889036664145416,0.0,Normal,0.9889036664145416,3,Acceptable
0.0,0.9600429669117198,0.0,Normal,0.9600429669117198,0.0,0.9513929126739977,0.0,Normal,0.9513929126739977,0.0,0.5494716703025856,0.0,Normal,0.5494716703025856,0.0,0.5765713496675744,0.0,Normal,0.5765713496675744,0.0,0.6615857307176695,0.0,Normal,0.6615857307176695,0.0,0.6758635825149766,0.0,Normal,0.6758635825149766,0.0,0.7667881475186737,0.0,Normal,0.7667881475186737,1.0,0.0,0.0,Low,1.0,0.0,0.9521072796934864,0.0,Normal,0.9521072796934864,0.10539493019160816,0.44730253490419586,0.0,Normal,0.44730253490419586,0,Acceptable
0.0,0.25267532171664153,0.4946493565667163,Hot,0.4946493565667163,0.02369176107179598,0.48815411946410187,0.0,Normal,0.48815411946410187,0.0,0.4159599994898386,0.16808000102032206,Normal,0.4159599994898386,0.0,0.11437803360126302,0.771243932797474,Wet,0.771243932797474,0.0,0.9309655170515603,0.0,Normal,0.9309655170515603,0.0,0.5843177084087896,0.0,Normal,0.5843177084087896,0.0,0.6256876731582354,0.0,Normal,0.6256876731582354,0.6977303192696437,0.15113484036517813,0.0,Low,0.6977303192696437,0.0,0.9521072796934864,0.0,Normal,0.9521072796934864,0.0,0.0,1.0,High,1.0,1,Poor
0.21988852306944512,0.39005573846527763,0.0,Normal,0.39005573846527763,1.0,0.0,0.0,Cold,1.0,0.0,0.9814980173886186,0.0,Normal,0.9814980173886186,0.0,0.5203313304990707,0.0,Normal,0.5203313304990707,0.0,0.5715990368300772,0.0,Normal,0.5715990368300772,0.0,0.9432530171008783,0.0,Normal,0.9432530171008783,0.0,0.9048985076519372,0.0,Normal,0.9048985076519372,0.9383512960402227,0.030824351979888663,0.0,Low,0.9383512960402227,0.0,0.952107279693487,0.0,Normal,0.952107279693487,0.0,0.3589991962569709,0.28200160748605824,Normal,0.3589991962569709,3,Acceptable
0.0,0.8979528072376192,0.0,Normal,0.8979528072376192,0.6708409297686195,0.16457953511569018,0.0,Cold,0.6708409297686195,0.0,0.2268368409132489,0.5463263181735017,Wet,0.5463263181735017,0.0,0.22815445411765856,0.5436910917646831,Wet,0.5436910917646831,0.0,0.7806033995033208,0.0,Normal,0.7806033995033208,0.2990768691346573,0.35046156543267126,0.0,Normal,0.35046156543267126,0.0,0.48045426822882337,0.039091463542353634,Normal,0.48045426822882337,0.0,0.8783752607706612,0.0,Medium,0.8783752607706612,1.0,0.0,0.0,Low,1.0,0.0,0.0,1.0,High,1.0,1,Poor
0.0,0.8491677782150586,0.0,Normal,0.8491677782150586,0.9107726411581293,0.04461367942093533,0.0,Cold,0.9107726411581293,0.0,0.5573877196128322,0.0,Normal,0.5573877196128322,0.0,0.5584299325444757,0.0,Normal,0.5584299325444757,0.0,0.8436580235299206,0.0,Normal,0.8436580235299206,0.0,0.9761839653647167,0.0,Normal,0.9761839653647167,0.0,0.8958554681182624,0.0,Normal,0.8958554681182624,0.0,0.7855746357842226,0.0,Medium,0.7855746357842226,0.0,0.18582375478927182,0.6283524904214562,High,0.6283524904214562,0.0,0.261394050101465,0.47721189979707,High,0.47721189979707,3,Acceptable
0.0,0.5033975743022423,0.0,Normal,0.5033975743022423,0.0,0.9713403447096353,0.0,Normal,0.9713403447096353,0.0,0.4841364153200374,0.03172716935992423,Normal,0.4841364153200374,0.0,0.6882723654513009,0.0,Normal,0.6882723654513009,0.0,0.8373633768902075,0.0,Normal,0.8373633768902075,0.0,0.9559750540270089,0.0,Normal,0.9559750540270089,0.030589856813832448,0.4847050715930838,0.0,Normal,0.4847050715930838,0.0,0.6671762844525524,0.0,Medium,0.6671762844525524,0.0,0.2816091954022987,0.4367816091954026,High,0.4367816091954026,0.32453437319557593,0.337732813402212,0.0,Normal,0.337732813402212,3,Good
0.0,0.6404242440443748,0.0,Normal,0.6404242440443748,0.0,0.985279704219491,0.0,Normal,0.985279704219491,0.0,0.8152623840084056,0.0,Normal,0.8152623840084056,0.0,0.8058454074235208,0.0,Normal,0.8058454074235208,0.0,0.8801076334575957,0.0,Normal,0.8801076334575957,0.0,0.979250922219745,0.0,Normal,0.979250922219745,0.0,0.8250370915605961,0.0,Normal,0.8250370915605961,1.0,0.0,0.0,Low,1.0,0.0,0.5689655172413794,0.0,Normal,0.5689655172413794,0.08225928028797437,0.45887035985601277,0.0,Normal,0.45887035985601277,0,Acceptable
0.14665812052224772,0.4266709397388764,0.0,Normal,0.4266709397388764,0.0,0.9765860926561231,0.0,Normal,0.9765860926561231,1.0,0.0,0.0,Dry,1.0,1.0,0.0,0.0,Dry,1.0,1.0,0.0,0.0,Low,1.0,0.0,0.0,1.0,High,1.0,0.0,0.08612034936088335,0.8277593012782334,High,0.8277593012782334,0.0,0.6819651591998982,0.0,Medium,0.6819651591998982,0.0,0.6647509578544063,0.0,Normal,0.6647509578544063,0.48498793039171295,0.25750603480414347,0.0,Low,0.48498793039171295,3,Poor
0.0,0.6630665776243347,0.0,Normal,0.6630665776243347,0.8555700477741088,0.07221497611294557,0.0,Cold,0.8555700477741088,0.0,0.6973828842355655,0.0,Normal,0.6973828842355655,0.0,0.6534506592692816,0.0,Normal,0.6534506592692816,0.012083776344562088,0.4939581118277188,0.0,Normal,0.4939581118277188,0.0,0.7154844596888218,0.0,Normal,0.7154844596888218,0.0,0.9716291827947582,0.0,Normal,0.9716291827947582,0.0,0.9449151237799143,0.0,Medium,0.9449151237799143,0.0,0.090038314176245,0.81992337164751,High,0.81992337164751,0.0,0.4589193405410758,0.08216131891784843,Normal,0.4589193405410758,3,Acceptable
0.0,0.8897556204447382,0.0,Normal,0.8897556204447382,0.0,0.7767712086219113,0.0,Normal,0.7767712086219113,0.0,0.8560275304664494,0.0,Normal,0.8560275304664494,0.0,0.7301297514776361,0.0,Normal,0.7301297514776361,1.0,0.0,0.0,Low,1.0,0.0,0.0,1.0,High,1.0,0.0,0.49471512879525914,0.01056974240948208,Normal,0.49471512879525914,0.0,0.5279126990501031,0.0,Medium,0.5279126990501031,0.24521072796934829,0.3773946360153258,0.0,Normal,0.3773946360153258,0.7576214740612903,0.1211892629693548,0.0,Low,0.7576214740612903,3,Good
0.693287642608122,0.1533561786959391,0.0,Cold,0.693287642608122,0.0,0.09903271141249505,0.8019345771750098,Hot,0.8019345771750098,0.0,0.8543238374490315,0.0,Normal,0.8543238374490315,0.0,0.845263688452207,0.0,Normal,0.845263688452207,0.0,0.9440062655659006,0.0,Normal,0.9440062655659006,0.0,0.9820303772135817,0.0,Normal,0.9820303772135817,0.0,0.7385737120464677,0.0,Normal,0.7385737120464677,0.022135323269897974,0.48893233836505096,0.0,Medium,0.48893233836505096,0.6283524904214557,0.1858237547892721,0.0,Low,0.6283524904214557,0.0,0.0,1.0,High,1.0,3,Poor
0.0,0.8079358896084525,0.0,Normal,0.8079358896084525,0.0,0.6307285029893147,0.0,Normal,0.6307285029893147,0.0,0.2045073386726749,0.5909853226546498,Wet,0.5909853226546498,0.0,0.548249364108787,0.0,Normal,0.548249364108787,0.0,0.6768579828244129,0.0,Normal,0.6768579828244129,0.34696020500867597,0.3265198974956619,0.0,Low,0.34696020500867597,1.0,0.0,0.0,Low,1.0,0.5275673282977394,0.23621633585113025,0.0,Low,0.5275673282977394,0.0,0.0,1.0,High,1.0,0.0,0.5530186587837777,0.0,Normal,0.5530186587837777,1,Acceptable
0.0,0.9376208854584696,0.0,Normal,0.9376208854584696,0.0,0.24628021979867457,0.5074395604026507,Hot,0.5074395604026507,0.7125178221838842,0.14374108890805795,0.0,Dry,0.7125178221838842,0.9820725078112047,0.008963746094397668,0.0,Dry,0.9820725078112047,0.9799492277250775,0.010025386137461248,0.0,Low,0.9799492277250775,0.0,0.0919147975312658,0.8161704049374684,High,0.8161704049374684,0.9177232036761592,0.0411383981619204,0.0,Low,0.9177232036761592,0.0,0.6262480612985137,0.0,Medium,0.6262480612985137,0.0,0.7605363984674328,0.0,Normal,0.7605363984674328,0.0,0.8171603393366462,0.0,Normal,0.8171603393366462,3,Acceptable
0.787586159644244,0.10620692017787806,0.0,Cold,0.787586159644244,0.0,0.8212460983926829,0.0,Normal,0.8212460983926829,0.0,0.9020427637941764,0.0,Normal,0.9020427637941764,0.0,0.7215521698740631,0.0,Normal,0.7215521698740631,0.0,0.9130765902030386,0.0,Normal,0.9130765902030386,0.3229054200340735,0.3385472899829632,0.0,Normal,0.3385472899829632,0.0,0.7822055301663376,0.0,Normal,0.7822055301663376,0.0,0.8817094403668907,0.0,Medium,0.8817094403668907,0.436781609195402,0.28160919540229895,0.0,Low,0.436781609195402,0.0,0.7340820193457998,0.0,Normal,0.7340820193457998,1,Poor
0.12869980068825193,0.43565009965587426,0.0,Normal,0.43565009965587426,0.0,0.5727859264462836,0.0,Normal,0.5727859264462836,0.0,0.2319574305995559,0.5360851388008877,Wet,0.5360851388008877,0.0,0.5798450808196579,0.0,Normal,0.5798450808196579,0.0,0.5410644283926995,0.0,Normal,0.5410644283926995,0.691414714529354,0.15429264273532295,0.0,Low,0.691414714529354,0.0,0.7096116901873948,0.0,Normal,0.7096116901873948,0.0,0.28279560790049596,0.4344087841990083,High,0.4344087841990083,0.0,0.37739463601532547,0.24521072796934892,Normal,0.37739463601532547,0.0,0.6449806781800221,0.0,Normal,0.6449806781800221,1,Acceptable
0.0,0.0,1.0,Hot,1.0,0.0,0.7144104507019439,0.0,Normal,0.7144104507019439,0.0,0.8263448458702674,0.0,Normal,0.8263448458702674,0.0,0.46751832642985786,0.06496334714028469,Normal,0.46751832642985786,0.0,0.7437535929600304,0.0,Normal,0.7437535929600304,0.5663832606633072,0.2168083696683463,0.0,Low,0.5663832606633072,0.0,0.9316090958839637,0.0,Normal,0.9316090958839637,0.0,0.8711780117779366,0.0,Medium,0.8711780117779366,0.8199233716475094,0.09003831417624526,0.0,Low,0.8199233716475094,0.0,0.3421757665796295,0.31564846684074094,Normal,0.3421757665796295,1,Poor
0.0,0.4810606308886763,0.0378787382226464,Normal,0.4810606308886763,0.20495534276380553,0.3975223286180971,0.0,Normal,0.3975223286180971,0.0,0.8390183297191376,0.0,Normal,0.8390183297191376,0.0,0.38097963381277117,0.23804073237445797,Normal,0.38097963381277117,0.0,0.096106047195104,0.807787905609792,High,0.807787905609792,0.6468994164936447,0.1765502917531776,0.0,Low,0.6468994164936447,0.4607183787335616,0.2696408106332192,0.0,Low,0.4607183787335616,0.0,0.5584764812842641,0.0,Medium,0.5584764812842641,1.0,0.0,0.0,Low,1.0,0.0,0.04178193862508061,0.9164361227498388,High,0.9164361227498388,1,Poor
0.0,0.9360817990585335,0.0,Normal,0.9360817990585335,0.0,0.08758447564877837,0.8248310487024432,Hot,0.8248310487024432,0.0,0.8401914968264625,0.0,Normal,0.8401914968264625,0.0,0.7414305036201979,0.0,Normal,0.7414305036201979,0.0,0.06997052791027175,0.8600589441794565,High,0.8600589441794565,1.0,0.0,0.0,Low,1.0,0.0,0.6792879001934847,0.0,Normal,0.6792879001934847,0.0,0.860709857074663,0.0,Medium,0.860709857074663,0.0,0.8563218390804596,0.0,Normal,0.8563218390804596,0.0,0.7969342698915103,0.0,Normal,0.7969342698915103,0,Acceptable
0.19986331984922295,0.4000683400753887,0.0,Normal,0.4000683400753887,0.3223767850431819,0.33881160747840894,0.0,Normal,0.33881160747840894,0.26454727881055223,0.36772636059472397,0.0,Normal,0.36772636059472397,0.6324083924287475,0.18379580378562618,0.0,Dry,0.6324083924287475,0.0,0.6797044585565521,0.0,Normal,0.6797044585565521,0.13468777697131468,0.4326561115143426,0.0,Normal,0.4326561115143426,0.21614849808053255,0.39192575095973375,0.0,Normal,0.39192575095973375,0.0,0.09705014159061413,0.8058997168187718,High,0.8058997168187718,0.8199233716475094,0.09003831417624526,0.0,Low,0.8199233716475094,0.0,0.663983359425009,0.0,Normal,0.663983359425009,0,Acceptable
0.0,0.748933852079178,0.0,Normal,0.748933852079178,0.0,0.679360906276384,0.0,Normal,0.679360906276384,0.0,0.8776986367436552,0.0,Normal,0.8776986367436552,0.0,0.5839803830284508,0.0,Normal,0.5839803830284508,0.0,0.7481588654622474,0.0,Normal,0.7481588654622474,0.0,0.966925301196658,0.0,Normal,0.966925301196658,0.0,0.6169984506472208,0.0,Normal,0.6169984506472208,0.2799778444115497,0.3600110777942251,0.0,Medium,0.3600110777942251,0.436781609195402,0.28160919540229895,0.0,Low,0.436781609195402,0.03903899621346142,0.48048050189326924,0.0,Normal,0.48048050189326924,0,Good
0.0,0.6462255180193903,0.0,Normal,0.6462255180193903,0.03290349091013342,0.48354825454493316,0.0,Normal,0.48354825454493316,0.0,0.7973497511143106,0.0,Normal,0.7973497511143106,0.0,0.9583764551731024,0.0,Normal,0.9583764551731024,0.0,0.5112217374228225,0.0,Normal,0.5112217374228225,0.0,0.6215175961391745,0.0,Normal,0.6215175961391745,0.0,0.9840460053120368,0.0,Normal,0.9840460053120368,1.0,0.0,0.0,Low,1.0,0.24521072796934829,0.3773946360153258,0.0,Normal,0.3773946360153258,0.0,0.6878424211490277,0.0,Normal,0.6878424211490277,3,Good
0.0,0.7804123096649036,0.0,Normal,0.7804123096649036,0.0,0.9293008703406181,0.0,Normal,0.9293008703406181,0.0,0.9262585171946028,0.0,Normal,0.9262585171946028,0.0,0.9514856456999474,0.0,Normal,0.9514856456999474,0.47274099624042265,0.26362950187978856,0.0,Low,0.47274099624042265,0.0,0.7891741590550977,0.0,Normal,0.7891741590550977,0.0,0.5142537649509283,0.0,Normal,0.5142537649509283,1.0,0.0,0.0,Low,1.0,0.0,0.952107279693487,0.0,Normal,0.952107279693487,0.3211972786502546,0.33940136067487264,0.0,Normal,0.33940136067487264,3,Good
0.0,0.3541126322702713,0.2917747354594567,Normal,0.3541126322702713,0.0,0.5536779549637522,0.0,Normal,0.5536779549637522,0.0,0.6168594159446277,0.0,Normal,0.6168594159446277,0.0,0.5263546299653913,0.0,Normal,0.5263546299653913,0.0,0.8570611203202778,0.0,Normal,0.8570611203202778,0.54981204567227,0.22509397716386492,0.0,Low,0.54981204567227,0.0,0.9205742778807077,0.0,Normal,0.9205742778807077,0.0,0.981585866550479,0.0,Medium,0.981585866550479,0.0,0.18582375478927182,0.6283524904214562,High,0.6283524904214562,0.0,0.07587862740265408,0.8482427451946919,High,0.8482427451946919,1,Poor
0.0,0.8870292490859375,0.0,Normal,0.8870292490859375,0.0,0.8941702359807147,0.0,Normal,0.8941702359807147,0.0,0.6799518738574146,0.0,Normal,0.6799518738574146,0.22227166788222982,0.38886416605888496,0.0,Normal,0.38886416605888496,0.4448923729043259,0.277553813547837,0.0,Low,0.4448923729043259,0.0,0.4364551114056815,0.12708977718863704,Normal,0.4364551114056815,0.29385520156956846,0.35307239921521577,0.0,Normal,0.35307239921521577,0.5765945102540848,0.21170274487295754,0.0,Low,0.5765945102540848,0.0,0.7605363984674332,0.0,Normal,0.7605363984674332,0.4768252026792377,0.2615873986603811,0.0,Low,0.4768252026792377,3,Good
0.0,0.7330075707212533,0.0,Normal,0.7330075707212533,0.0,0.7938739388006117,0.0,Normal,0.7938739388006117,0.0,0.5259559698513622,0.0,Normal,0.5259559698513622,0.0,0.76075726677563,0.0,Normal,0.76075726677563,0.0,0.9697317271133545,0.0,Normal,0.9697317271133545,0.0,0.8197663292287172,0.0,Normal,0.8197663292287172,0.0,0.7874625377949432,0.0,Normal,0.7874625377949432,0.0,0.582226090314231,0.0,Medium,0.582226090314231,0.0,0.7605363984674332,0.0,Normal,0.7605363984674332,0.39815377658303736,0.3009231117084813,0.0,Low,0.39815377658303736,3,Good
0.0,0.9464661669676075,0.0,Normal,0.9464661669676075,0.0,0.8775085662383778,0.0,Normal,0.8775085662383778,0.0,0.5455928724281881,0.0,Normal,0.5455928724281881,0.0,0.8845971093783034,0.0,Normal,0.8845971093783034,0.0,0.815669816207329,0.0,Normal,0.815669816207329,0.0,0.718273341425477,0.0,Normal,0.718273341425477,0.0,0.23320549388906536,0.5335890122218694,High,0.5335890122218694,1.0,0.0,0.0,Low,1.0,0.0,0.2816091954022987,0.4367816091954026,High,0.4367816091954026,0.10935082745227133,0.4453245862738643,0.0,Normal,0.4453245862738643,3,Good
0.0,0.48942654620703346,0.021146907585932014,Normal,0.48942654620703346,0.0,0.7146571138549378,0.0,Normal,0.7146571138549378,0.8506689659443096,0.07466551702784523,0.0,Dry,0.8506689659443096,0.8657227657550851,0.0671386171224574,0.0,Dry,0.8657227657550851,0.0,0.8598060037957628,0.0,Normal,0.8598060037957628,0.33152780600180887,0.3342360969990955,0.0,Normal,0.3342360969990955,0.0,0.8607433261886961,0.0,Normal,0.8607433261886961,0.0,0.5152425274137015,0.0,Medium,0.5152425274137015,0.0,0.37739463601532547,0.24521072796934892,Normal,0.37739463601532547,0.07466400473791163,0.4626679976310441,0.0,Normal,0.4626679976310441,3,Acceptable
0.0,0.5010848860472291,0.0,Normal,0.5010848860472291,0.0,0.5604861605335842,0.0,Normal,0.5604861605335842,0.0,0.9567869252539745,0.0,Normal,0.9567869252539745,0.0,0.7936680128503765,0.0,Normal,0.7936680128503765,0.0,0.8532302322925668,0.0,Normal,0.8532302322925668,0.0,0.9875111183534538,0.0,Normal,0.9875111183534538,0.0,0.9254699624033652,0.0,Normal,0.9254699624033652,0.6925763148562664,0.1537118425718668,0.0,Low,0.6925763148562664,0.0,0.0,1.0,High,1.0,0.0,0.630463279974741,0.0,Normal,0.630463279974741,3,Acceptable
0.0,0.6627151769011488,0.0,Normal,0.6627151769011488,0.0,0.9179004855668065,0.0,Normal,0.9179004855668065,0.0,0.5413843909051254,0.0,Normal,0.5413843909051254,0.7039952588606829,0.1480023705696585,0.0,Dry,0.7039952588606829,0.1988480021734752,0.4005759989132623,0.0,Normal,0.4005759989132623,0.0,0.7866979986989512,0.0,Normal,0.7866979986989512,0.0,0.8317735785577145,0.0,Normal,0.8317735785577145,0.0,0.8704871051349692,0.0,Medium,0.8704871051349692,0.0,0.7605363984674328,0.0,Normal,0.7605363984674328,0.0,0.6223306754480321,0.0,Normal,0.6223306754480321,0,Acceptable
0.0,0.42714684966327915,0.14570630067344081,Normal,0.42714684966327915,0.0,0.0,1.0,Hot,1.0,0.0,0.6354282783449443,0.0,Normal,0.6354282783449443,0.9854724284444453,0.007263785777777367,0.0,Dry,0.9854724284444453,0.0,0.5990894609245991,0.0,Normal,0.5990894609245991,0.0,0.7993227396607407,0.0,Normal,0.7993227396607407,0.0,0.6759665919420635,0.0,Normal,0.6759665919420635,0.11623206152897139,0.44188396923551426,0.0,Medium,0.44188396923551426,0.0,0.9521072796934864,0.0,Normal,0.9521072796934864,0.0,0.7649805800341168,0.0,Normal,0.7649805800341168,3,Acceptable
0.24927857282606009,0.37536071358697015,0.0,Normal,0.37536071358697015,0.0,0.8849962428953229,0.0,Normal,0.8849962428953229,0.0,0.5701789430460374,0.0,Normal,0.5701789430460374,0.38048499720600043,0.3097575013969997,0.0,Dry,0.38048499720600043,1.0,0.0,0.0,Low,1.0,0.0,0.5757729793160687,0.0,Normal,0.5757729793160687,0.28521477835233106,0.35739261082383444,0.0,Normal,0.35739261082383444,0.4846411729234221,0.2576794135382889,0.0,Low,0.4846411729234221,0.0,0.7605363984674332,0.0,Normal,0.7605363984674332,0.60377513648109,0.19811243175945492,0.0,Low,0.60377513648109,3,Acceptable
0.40491190675675964,0.2975440466216203,0.0,Cold,0.40491190675675964,0.388138311603275,0.3059308441983624,0.0,Cold,0.388138311603275,0.0,0.7696149203958461,0.0,Normal,0.7696149203958461,0.0,0.9647502074983477,0.0,Normal,0.9647502074983477,0.0,0.3248308616827593,0.35033827663448136,High,0.35033827663448136,1.0,0.0,0.0,Low,1.0,0.0,0.8706355880010811,0.0,Normal,0.8706355880010811,0.0,0.8913621156087336,0.0,Medium,0.8913621156087336,0.436781609195402,0.28160919540229895,0.0,Low,0.436781609195402,0.0,0.6729344647795156,0.0,Normal,0.6729344647795156,0,Acceptable
0.41113867531249787,0.2944306623437512,0.0,Cold,0.41113867531249787,0.0,0.6564407541760054,0.0,Normal,0.6564407541760054,0.0,0.9198122083369192,0.0,Normal,0.9198122083369192,0.0,0.79512534588624,0.0,Normal,0.79512534588624,0.0,0.976180312513212,0.0,Normal,0.976180312513212,0.0,0.949398281979215,0.0,Normal,0.949398281979215,0.0,0.8756311942147937,0.0,Normal,0.8756311942147937,1.0,0.0,0.0,Low,1.0,0.0,0.664750957854406,0.0,Normal,0.664750957854406,0.015235232514053114,0.4923823837429734,0.0,Normal,0.4923823837429734,3,Acceptable
0.0,0.6243163956230988,0.0,Normal,0.6243163956230988,0.0,0.8466126724204247,0.0,Normal,0.8466126724204247,0.0,0.9738926409296828,0.0,Normal,0.9738926409296828,0.0,0.5051016393196542,0.0,Normal,0.5051016393196542,1.0,0.0,0.0,Low,1.0,0.0,0.0,1.0,High,1.0,0.0,0.7030104275498203,0.0,Normal,0.7030104275498203,0.0,0.627470608507024,0.0,Medium,0.627470608507024,0.0,0.37739463601532547,0.24521072796934892,Normal,0.37739463601532547,0.015251085728611615,0.4923744571356941,0.0,Normal,0.4923744571356941,3,Good
0.01498182620413393,0.4925090868979333,0.0,Normal,0.4925090868979333,0.0,0.6983079864436946,0.0,Normal,0.6983079864436946,0.0,0.9664856877141035,0.0,Normal,0.9664856877141035,0.0,0.8421818494169035,0.0,Normal,0.8421818494169035,0.0,0.6442746403085144,0.0,Normal,0.6442746403085144,0.22862627570346397,0.3856868621482679,0.0,Normal,0.3856868621482679,0.0,0.6954019472684934,0.0,Normal,0.6954019472684934,0.5960233708226863,0.20198831458865682,0.0,Low,0.5960233708226863,0.0,0.8563218390804596,0.0,Normal,0.8563218390804596,0.0,0.6911939640489244,0.0,Normal,0.6911939640489244,0,Acceptable
0.0,0.5031194817578231,0.0,Normal,0.5031194817578231,0.0,0.4795039170986732,0.04099216580265335,Normal,0.4795039170986732,0.0,0.6628621132415349,0.0,Normal,0.6628621132415349,0.0,0.5043065253476755,0.0,Normal,0.5043065253476755,0.9177177513877204,0.04114112430613978,0.0,Low,0.9177177513877204,0.0,0.0,1.0,High,1.0,0.0,0.8387506364926129,0.0,Normal,0.8387506364926129,0.9892498619575046,0.0053750690212476665,0.0,Low,0.9892498619575046,0.0,0.6647509578544063,0.0,Normal,0.6647509578544063,0.41712118454376307,0.29143940772811844,0.0,Low,0.41712118454376307,3,Good
0.0,0.11607540929472708,0.7678491814105456,Hot,0.7678491814105456,0.0,0.5334445125154115,0.0,Normal,0.5334445125154115,0.0,0.6911155804944561,0.0,Normal,0.6911155804944561,0.0,0.6125026360273275,0.0,Normal,0.6125026360273275,0.0,0.832545264640741,0.0,Normal,0.832545264640741,0.0,0.5190080495580247,0.0,Normal,0.5190080495580247,0.0,0.7792158336529608,0.0,Normal,0.7792158336529608,0.9826832726906983,0.008658363654650829,0.0,Low,0.9826832726906983,0.0,0.0,1.0,High,1.0,0.0,0.0,1.0,High,1.0,0,Poor
0.0,0.8759038047723636,0.0,Normal,0.8759038047723636,0.0,0.9857634772211041,0.0,Normal,0.9857634772211041,0.0,0.8957221243149143,0.0,Normal,0.8957221243149143,0.0,0.9368767887653571,0.0,Normal,0.9368767887653571,0.39743663848449795,0.3012816807577509,0.0,Low,0.39743663848449795,0.0,0.6697711570343167,0.0,Normal,0.6697711570343167,0.0,0.765190182149431,0.0,Normal,0.765190182149431,1.0,0.0,0.0,Low,1.0,0.0,0.4731800766283523,0.05363984674329525,Normal,0.4731800766283523,0.1892220112075155,0.4053889943962422,0.0,Normal,0.4053889943962422,3,Good
0.0,0.6619891604825674,0.0,Normal,0.6619891604825674,0.0,0.9244906590092978,0.0,Normal,0.9244906590092978,0.0,0.8422984199830419,0.0,Normal,0.8422984199830419,0.0,0.9121064562162203,0.0,Normal,0.9121064562162203,0.0,0.6443761479468256,0.0,Normal,0.6443761479468256,0.5236394262070412,0.23818028689647935,0.0,Low,0.5236394262070412,0.8443601146282231,0.07781994268588842,0.0,Low,0.8443601146282231,0.0,0.27896405455643425,0.4420718908871317,High,0.4420718908871317,0.0,0.9521072796934864,0.0,Normal,0.9521072796934864,0.06646744121142785,0.466766279394286,0.0,Normal,0.466766279394286,0,Acceptable
0.3921538639446584,0.303923068027671,0.0,Cold,0.3921538639446584,0.0,0.6223243896216742,0.0,Normal,0.6223243896216742,0.0,0.9027636735241256,0.0,Normal,0.9027636735241256,0.0,0.7525817566330362,0.0,Normal,0.7525817566330362,0.0,0.40245318129672525,0.19509363740654947,Normal,0.40245318129672525,0.0,0.5772070153260882,0.0,Normal,0.5772070153260882,0.39008614962420307,0.30495692518789846,0.0,Low,0.39008614962420307,0.3825115835775136,0.30874420821124315,0.0,Low,0.3825115835775136,0.0,0.9521072796934864,0.0,Normal,0.9521072796934864,0.0,0.5461873150484549,0.0,Normal,0.5461873150484549,1,Poor
0.0,0.9380634710820005,0.0,Normal,0.9380634710820005,0.0,0.9613953454901596,0.0,Normal,0.9613953454901596,0.0,0.9471151308727652,0.0,Normal,0.9471151308727652,0.0,0.9802513372977958,0.0,Normal,0.9802513372977958,0.6433855018245626,0.17830724908771864,0.0,Low,0.6433855018245626,0.0,0.8501886666408657,0.0,Normal,0.8501886666408657,0.0,0.8512412196312643,0.0,Normal,0.8512412196312643,0.0,0.06376618480429459,0.8724676303914108,High,0.8724676303914108,0.0,0.6647509578544063,0.0,Normal,0.6647509578544063,0.33092957814327784,0.334535210928361,0.0,Normal,0.334535210928361,3,Good
0.0,0.43465644679130383,0.13068710641739142,Normal,0.43465644679130383,0.25831315167184576,0.370843424164077,0.0,Normal,0.370843424164077,0.0,0.5348352445804699,0.0,Normal,0.5348352445804699,0.79104014990801,0.10447992504599497,0.0,Dry,0.79104014990801,0.0,0.7572799591504421,0.0,Normal,0.7572799591504421,0.0,0.8205149876507905,0.0,Normal,0.8205149876507905,0.3753211569536034,0.3123394215231983,0.0,Low,0.3753211569536034,0.0,0.5237077867420429,0.0,Medium,0.5237077867420429,0.0,0.5689655172413791,0.0,Normal,0.5689655172413791,0.0,0.1473552476422316,0.7052895047155369,High,0.7052895047155369,3,Acceptable
0.0,0.888680744870752,0.0,Normal,0.888680744870752,0.0,0.5554251669924378,0.0,Normal,0.5554251669924378,0.0,0.3346929154234425,0.33061416915311437,Normal,0.3346929154234425,0.0,0.5004854213058338,0.0,Normal,0.5004854213058338,0.0,0.6029340744066729,0.0,Normal,0.6029340744066729,0.5663084004430137,0.21684579977849314,0.0,Low,0.5663084004430137,0.0,0.8458683644643419,0.0,Normal,0.8458683644643419,0.0,0.3292936665267337,0.341412666946533,High,0.341412666946533,0.0,0.37739463601532547,0.24521072796934892,Normal,0.37739463601532547,0.0,0.6874272573316577,0.0,Normal,0.6874272573316577,1,Acceptable
0.0,0.7722457022309682,0.0,Normal,0.7722457022309682,0.0,0.9412175300711222,0.0,Normal,0.9412175300711222,0.0,0.6915314934971414,0.0,Normal,0.6915314934971414,0.0,0.8090664793917389,0.0,Normal,0.8090664793917389,0.0,0.30148014523705924,0.39703970952588147,High,0.39703970952588147,0.8484414179382116,0.07577929103089419,0.0,Low,0.8484414179382116,0.575704053094549,0.2121479734527255,0.0,Low,0.575704053094549,0.0,0.8187162309498814,0.0,Medium,0.8187162309498814,0.0,0.2816091954022987,0.4367816091954026,High,0.4367816091954026,0.0,0.6165625194282791,0.0,Normal,0.6165625194282791,0,Acceptable
0.0,0.5478890813976584,0.0,Normal,0.5478890813976584,0.5175606516470866,0.24121967417645662,0.0,Cold,0.5175606516470866,0.7189938413588879,0.14050307932055608,0.0,Dry,0.7189938413588879,0.4130995612362753,0.2934502193818623,0.0,Dry,0.4130995612362753,1.0,0.0,0.0,Low,1.0,0.0,0.15093121315354543,0.6981375736929091,High,0.6981375736929091,0.0,0.89846945173909,0.0,Normal,0.89846945173909,1.0,0.0,0.0,Low,1.0,0.0,0.8563218390804601,0.0,Normal,0.8563218390804601,0.0,0.109660538255732,0.780678923488536,High,0.780678923488536,3,Acceptable
0.0,0.7680135705400946,0.0,Normal,0.7680135705400946,0.0,0.16904644689838416,0.6619071062032316,Hot,0.6619071062032316,0.0,0.7047504249918678,0.0,Normal,0.7047504249918678,0.0,0.813328942818686,0.0,Normal,0.813328942818686,0.0,0.9301917686507746,0.0,Normal,0.9301917686507746,1.0,0.0,0.0,Low,1.0,0.0,0.3941816131444918,0.2116367737110167,Normal,0.3941816131444918,0.0,0.47161929695770843,0.056761406084583535,Medium,0.47161929695770843,0.6283524904214557,0.1858237547892721,0.0,Low,0.6283524904214557,0.0,0.49684888319308773,0.006302233613824485,Normal,0.49684888319308773,2,Poor
0.0,0.0,1.0,Hot,1.0,0.0,0.5847521144596399,0.0,Normal,0.5847521144596399,0.0,0.31708768760177863,0.3658246247964421,Wet,0.3658246247964421,0.0,0.2805303107942512,0.4389393784114979,Wet,0.4389393784114979,0.0,0.7824727155427555,0.0,Normal,0.7824727155427555,0.13326893964908312,0.4333655301754583,0.0,Normal,0.4333655301754583,0.0,0.9524785744137905,0.0,Normal,0.9524785744137905,0.0,0.0,1.0,High,1.0,0.0,0.2816091954022987,0.4367816091954026,High,0.4367816091954026,0.0,0.5470268781407995,0.0,Normal,0.5470268781407995,1,Poor
0.0,0.8289077900579058,0.0,Normal,0.8289077900579058,0.0,0.4372284016882861,0.12554319662342756,Normal,0.4372284016882861,0.0,0.49428293329539946,0.011434133409200152,Normal,0.49428293329539946,0.0,0.762025403207531,0.0,Normal,0.762025403207531,0.0,0.06996488013328282,0.8600702397334343,High,0.8600702397334343,1.0,0.0,0.0,Low,1.0,0.0,0.1552571214028763,0.6894857571942475,High,0.6894857571942475,0.0,0.5197716435789537,0.0,Medium,0.5197716435789537,0.0,0.0,1.0,High,1.0,0.0,0.9102547482499074,0.0,Normal,0.9102547482499074,1,Acceptable
0.0,0.7586577920227336,0.0,Normal,0.7586577920227336,0.0,0.6787460104242367,0.0,Normal,0.6787460104242367,0.0,0.8190729791207148,0.0,Normal,0.8190729791207148,0.0,0.9466259611582575,0.0,Normal,0.9466259611582575,0.0,0.8461915102001852,0.0,Normal,0.8461915102001852,0.0,0.8070356205791195,0.0,Normal,0.8070356205791195,0.0,0.5762703146390287,0.0,Normal,0.5762703146390287,0.0,0.8924651499425635,0.0,Medium,0.8924651499425635,0.0,0.7605363984674332,0.0,Normal,0.7605363984674332,0.0,0.8565834546518187,0.0,Normal,0.8565834546518187,0,Good
0.0,0.6482632573175442,0.0,Normal,0.6482632573175442,0.0,0.4179671295549063,0.16406574089018724,Normal,0.4179671295549063,0.03817901808248179,0.48091049095875926,0.0,Normal,0.48091049095875926,0.7649577939648307,0.1175211030175846,0.0,Dry,0.7649577939648307,1.0,0.0,0.0,Low,1.0,0.0,0.0,1.0,High,1.0,0.0,0.9672588981133824,0.0,Normal,0.9672588981133824,1.0,0.0,0.0,Low,1.0,0.0,0.8563218390804601,0.0,Normal,0.8563218390804601,0.430059257109897,0.28497037144505144,0.0,Low,0.430059257109897,3,Good
0.0,0.9675462006698848,0.0,Normal,0.9675462006698848,0.0,0.8991258548448077,0.0,Normal,0.8991258548448077,0.0,0.33928565716728537,0.32142868566542865,Normal,0.33928565716728537,0.0,0.47349476692875286,0.053010466142494744,Normal,0.47349476692875286,0.04918449250519431,0.4754077537474027,0.0,Normal,0.4754077537474027,0.0,0.9710051232829386,0.0,Normal,0.9710051232829386,0.0,0.4544121504767957,0.09117569904640896,Normal,0.4544121504767957,0.0,0.6092539337600972,0.0,Medium,0.6092539337600972,0.0,0.6647509578544063,0.0,Normal,0.6647509578544063,0.20806975228873448,0.3959651238556327,0.0,Normal,0.3959651238556327,0,Acceptable
0.0,0.52674271137586,0.0,Normal,0.52674271137586,0.0,0.593939504550339,0.0,Normal,0.593939504550339,0.0,0.560917303767153,0.0,Normal,0.560917303767153,0.0,0.8453425769978713,0.0,Normal,0.8453425769978713,0.7381638737091714,0.13091806314541427,0.0,Low,0.7381638737091714,0.0,0.7691241887905055,0.0,Normal,0.7691241887905055,0.0,0.8304278813057194,0.0,Normal,0.8304278813057194,0.04937135526515106,0.4753143223674244,0.0,Medium,0.4753143223674244,1.0,0.0,0.0,Low,1.0,1.0,0.0,0.0,Low,1.0,3,Good
0.0,0.8574994707615916,0.0,Normal,0.8574994707615916,0.0,0.0,1.0,Hot,1.0,0.0,0.8698282513831649,0.0,Normal,0.8698282513831649,0.0,0.6861573002820905,0.0,Normal,0.6861573002820905,0.0,0.8904162625228873,0.0,Normal,0.8904162625228873,0.0,0.6688843225085501,0.0,Normal,0.6688843225085501,0.0,0.9024757452141942,0.0,Normal,0.9024757452141942,0.0,0.8910449339578053,0.0,Medium,0.8910449339578053,0.0,0.5689655172413791,0.0,Normal,0.5689655172413791,0.0,0.17291408194612604,0.6541718361077479,High,0.6541718361077479,3,Acceptable
0.0,0.6466312811404908,0.0,Normal,0.6466312811404908,0.0,0.223314645684643,0.5533707086307139,Hot,0.5533707086307139,0.0,0.8230448473225623,0.0,Normal,0.8230448473225623,0.0,0.9873187169222865,0.0,Normal,0.9873187169222865,0.0,0.9608392550698256,0.0,Normal,0.9608392550698256,0.5729783322399539,0.213510833880023,0.0,Low,0.5729783322399539,0.0,0.6162687747142548,0.0,Normal,0.6162687747142548,0.0,0.9693622004002674,0.0,Medium,0.9693622004002674,0.0,0.6647509578544063,0.0,Normal,0.6647509578544063,0.0,0.8676077744884354,0.0,Normal,0.8676077744884354,1,Acceptable
0.0,0.6276076672531531,0.0,Normal,0.6276076672531531,0.0,0.3282150408627109,0.34356991827457795,Hot,0.34356991827457795,0.0,0.9863595380751321,0.0,Normal,0.9863595380751321,0.0,0.9948838162840136,0.0,Normal,0.9948838162840136,0.8271795502944054,0.08641022485279728,0.0,Low,0.8271795502944054,0.0,0.7496721065058046,0.0,Normal,0.7496721065058046,0.0,0.6766761235965344,0.0,Normal,0.6766761235965344,0.042288295005065,0.4788558524974674,0.0,Medium,0.4788558524974674,1.0,0.0,0.0,Low,1.0,0.0,0.9431898445162031,0.0,Normal,0.9431898445162031,3,Good
0.0,0.28590507259779185,0.4281898548044157,Hot,0.4281898548044157,0.0,0.998980002516444,0.0,Normal,0.998980002516444,0.0,0.6746621251776772,0.0,Normal,0.6746621251776772,0.0,0.9176906549289278,0.0,Normal,0.9176906549289278,0.16921602916157422,0.4153919854192128,0.0,Normal,0.4153919854192128,0.0,0.18284923784844356,0.6343015243031128,High,0.6343015243031128,0.0,0.8345223271049982,0.0,Normal,0.8345223271049982,1.0,0.0,0.0,Low,1.0,0.0,0.37739463601532547,0.24521072796934892,Normal,0.37739463601532547,0.0,0.7446589775142293,0.0,Normal,0.7446589775142293,3,Acceptable
0.0,0.3057729425636403,0.3884541148727187,Hot,0.3884541148727187,0.3849836574519714,0.30750817127401425,0.0,Cold,0.3849836574519714,0.0,0.7823954747096756,0.0,Normal,0.7823954747096756,0.0,0.7385552213573643,0.0,Normal,0.7385552213573643,0.6640658441209861,0.16796707793950688,0.0,Low,0.6640658441209861,0.0,0.0,1.0,High,1.0,0.2946677493185887,0.3526661253407057,0.0,Normal,0.3526661253407057,0.0,0.7978578749008944,0.0,Medium,0.7978578749008944,0.0,0.090038314176245,0.81992337164751,High,0.81992337164751,0.0,0.0,1.0,High,1.0,3,Acceptable
0.11704697145434494,0.44147651427282775,0.0,Normal,0.44147651427282775,0.0,0.8933463186468255,0.0,Normal,0.8933463186468255,0.0,0.8062074976718924,0.0,Normal,0.8062074976718924,0.0,0.6563065487085055,0.0,Normal,0.6563065487085055,0.5353846437970328,0.23230767810148353,0.0,Low,0.5353846437970328,0.0,0.35133601991949875,0.2973279601610025,Normal,0.35133601991949875,0.0,0.37412788063355673,0.25174423873288676,Normal,0.37412788063355673,0.0,0.8990052001060654,0.0,Medium,0.8990052001060654,0.0,0.0,1.0,High,1.0,0.0,0.6240725418973374,0.0,Normal,0.6240725418973374,3,Good
0.0,0.7229413005379672,0.0,Normal,0.7229413005379672,0.5724959120398811,0.2137520439800594,0.0,Cold,0.5724959120398811,0.0,0.9834119070421677,0.0,Normal,0.9834119070421677,0.030976833528870283,0.4845115832355647,0.0,Normal,0.4845115832355647,1.0,0.0,0.0,Low,1.0,0.0,0.0,1.0,High,1.0,0.0,0.5619172997168352,0.0,Normal,0.5619172997168352,1.0,0.0,0.0,Low,1.0,0.0,0.5689655172413791,0.0,Normal,0.5689655172413791,0.0,0.8643452732740043,0.0,Normal,0.8643452732740043,3,Good
0.0,0.904498499999447,0.0,Normal,0.904498499999447,0.0,0.4378025925696342,0.12439481486073137,Normal,0.4378025925696342,0.0,0.6722614053581847,0.0,Normal,0.6722614053581847,0.0,0.7274949743622159,0.0,Normal,0.7274949743622159,0.0,0.6752306864097879,0.0,Normal,0.6752306864097879,0.0,0.6055594824942537,0.0,Normal,0.6055594824942537,0.17627377329588223,0.4118631133520589,0.0,Normal,0.4118631133520589,0.0,0.8395763615617488,0.0,Medium,0.8395763615617488,0.0,0.7605363984674332,0.0,Normal,0.7605363984674332,0.0,0.649723156001373,0.0,Normal,0.649723156001373,0,Acceptable
0.0,0.8408756812502063,0.0,Normal,0.8408756812502063,0.02195775707026296,0.48902112146486837,0.0,Normal,0.48902112146486837,0.0,0.32558470328859734,0.3488305934228047,Wet,0.3488305934228047,0.0,0.0,1.0,Wet,1.0,0.0,0.6942014818507415,0.0,Normal,0.6942014818507415,1.0,0.0,0.0,Low,1.0,0.0,0.027656823943973625,0.9446863521120528,High,0.9446863521120528,0.0,0.7482781033242686,0.0,Medium,0.7482781033242686,1.0,0.0,0.0,Low,1.0,0.0,0.8319364111342135,0.0,Normal,0.8319364111342135,1,Poor
0.0,0.6500317127025582,0.0,Normal,0.6500317127025582,0.0,0.6349143594635683,0.0,Normal,0.6349143594635683,0.0,0.4907600540656825,0.01847989186863401,Normal,0.4907600540656825,0.0,0.43042946560146983,0.13914106879706079,Normal,0.43042946560146983,0.0,0.6189722213130082,0.0,Normal,0.6189722213130082,0.8726495771407411,0.06367521142962941,0.0,Low,0.8726495771407411,0.0,0.5655700986369294,0.0,Normal,0.5655700986369294,0.0,0.006578424065373976,0.9868431518692521,High,0.9868431518692521,0.0,0.952107279693487,0.0,Normal,0.952107279693487,0.0,0.7743022035588879,0.0,Normal,0.7743022035588879,2,Poor
0.0,0.9807551842843004,0.0,Normal,0.9807551842843004,0.0,0.9720469495879047,0.0,Normal,0.9720469495879047,0.0,0.8846239926885167,0.0,Normal,0.8846239926885167,0.0,0.9547056205118327,0.0,Normal,0.9547056205118327,0.0,0.5008261834922584,0.0,Normal,0.5008261834922584,1.0,0.0,0.0,Low,1.0,0.0,0.12026281128259851,0.7594743774348031,High,0.7594743774348031,0.6127550778476223,0.1936224610761888,0.0,Low,0.6127550778476223,0.0,0.0,1.0,High,1.0,0.0,0.5127392971658254,0.0,Normal,0.5127392971658254,0,Acceptable
0.0,0.9328605360826623,0.0,Normal,0.9328605360826623,0.0,0.0,1.0,Hot,1.0,0.0,0.6486928885716973,0.0,Normal,0.6486928885716973,0.0,0.8479609617306509,0.0,Normal,0.8479609617306509,1.0,0.0,0.0,Low,1.0,0.0,0.0,1.0,High,1.0,0.0,0.5368437979785395,0.0,Normal,0.5368437979785395,0.6540615411976685,0.17296922940116574,0.0,Low,0.6540615411976685,0.0,0.7605363984674328,0.0,Normal,0.7605363984674328,0.0,0.9352373254384572,0.0,Normal,0.9352373254384572,3,Good
0.0,0.6348224054688775,0.0,Normal,0.6348224054688775,0.0,0.9476703024640996,0.0,Normal,0.9476703024640996,0.0,0.4395866678348529,0.1208266643302933,Normal,0.4395866678348529,0.0,0.6513456136217212,0.0,Normal,0.6513456136217212,0.8451271552471619,0.07743642237641907,0.0,Low,0.8451271552471619,0.0,0.3588597119779056,0.28228057604418877,Normal,0.3588597119779056,0.5806826812479801,0.20965865937600997,0.0,Low,0.5806826812479801,0.0,0.7159253578404943,0.0,Medium,0.7159253578404943,0.0,0.5689655172413791,0.0,Normal,0.5689655172413791,0.0,0.5242386256209552,0.0,Normal,0.5242386256209552,3,Good
0.1424165460742061,0.4287917269628972,0.0,Normal,0.4287917269628972,0.0,0.769560795711533,0.0,Normal,0.769560795711533,0.0,0.6439718929183595,0.0,Normal,0.6439718929183595,0.07447091827643762,0.46276454086178104,0.0,Normal,0.46276454086178104,0.0,0.8116767462488194,0.0,Normal,0.8116767462488194,0.456721295868407,0.2716393520657964,0.0,Low,0.456721295868407,0.0,0.9614214652687172,0.0,Normal,0.9614214652687172,0.0,0.5507674782652716,0.0,Medium,0.5507674782652716,0.24521072796934829,0.3773946360153258,0.0,Normal,0.3773946360153258,0.2990843893429707,0.3504578053285146,0.0,Normal,0.3504578053285146,3,Good
0.0,0.28274914083567504,0.4345017183286493,Hot,0.4345017183286493,0.0,0.0,1.0,Hot,1.0,0.0,0.07461628726444537,0.8507674254711091,Wet,0.8507674254711091,0.0,0.012569316124548896,0.9748613677509023,Wet,0.9748613677509023,1.0,0.0,0.0,Low,1.0,0.0,0.0,1.0,High,1.0,0.0,0.5456368731431764,0.0,Normal,0.5456368731431764,0.0,0.8149040810446343,0.0,Medium,0.8149040810446343,0.0,0.18582375478927182,0.6283524904214562,High,0.6283524904214562,0.0,0.974393007294983,0.0,Normal,0.974393007294983,3,Acceptable
0.0,0.3901403623448932,0.21971927531021274,Normal,0.3901403623448932,0.0,0.8636707579412644,0.0,Normal,0.8636707579412644,0.0,0.9636236613605144,0.0,Normal,0.9636236613605144,0.0,0.6458913903035682,0.0,Normal,0.6458913903035682,0.0,0.34456888249083867,0.31086223501832266,Normal,0.34456888249083867,1.0,0.0,0.0,Low,1.0,0.0,0.8162105219314264,0.0,Normal,0.8162105219314264,0.0,0.21906685030285036,0.5618662993942996,High,0.5618662993942996,0.0,0.37739463601532547,0.24521072796934892,Normal,0.37739463601532547,0.0,0.8332110965406112,0.0,Normal,0.8332110965406112,1,Acceptable
0.0,0.3890770897203887,0.22184582055922175,Normal,0.3890770897203887,0.0,0.6887026658121176,0.0,Normal,0.6887026658121176,0.0,0.9184304442620443,0.0,Normal,0.9184304442620443,0.0,0.7829134940319596,0.0,Normal,0.7829134940319596,0.0,0.6536919409923605,0.0,Normal,0.6536919409923605,0.0,0.9525509693138979,0.0,Normal,0.9525509693138979,0.0,0.9477864061188203,0.0,Normal,0.9477864061188203,0.36401120817301164,0.31799439591349415,0.0,Low,0.36401120817301164,0.0,0.2816091954022987,0.4367816091954026,High,0.4367816091954026,0.11347297683288822,0.4432635115835558,0.0,Normal,0.4432635115835558,3,Good
0.0,0.9082240709138367,0.0,Normal,0.9082240709138367,0.35332079874652894,0.32333960062673545,0.0,Cold,0.35332079874652894,0.0,0.5340500499400301,0.0,Normal,0.5340500499400301,0.35200549193001146,0.3239972540349942,0.0,Dry,0.35200549193001146,0.1706226856997924,0.41468865715010367,0.0,Normal,0.41468865715010367,0.0,0.555279646310708,0.0,Normal,0.555279646310708,0.0,0.0,1.0,High,1.0,0.0,0.4980883068587498,0.003823386282500947,Medium,0.4980883068587498,0.0,0.6647509578544063,0.0,Normal,0.6647509578544063,0.0,0.8113103644106495,0.0,Normal,0.8113103644106495,3,Acceptable
0.0,0.5123302117931234,0.0,Normal,0.5123302117931234,0.0,0.6301596342865038,0.0,Normal,0.6301596342865038,0.0,0.7710902116811433,0.0,Normal,0.7710902116811433,0.0,0.8629781995771955,0.0,Normal,0.8629781995771955,0.7414710948086858,0.12926445259565708,0.0,Low,0.7414710948086858,0.0,0.9983028892816037,0.0,Normal,0.9983028892816037,0.0,0.9046442565208054,0.0,Normal,0.9046442565208054,0.0,0.7966793852922004,0.0,Medium,0.7966793852922004,1.0,0.0,0.0,Low,1.0,0.0,0.9951685321442981,0.0,Normal,0.9951685321442981,0,Acceptable
0.0,0.7209136549576028,0.0,Normal,0.7209136549576028,0.0,0.5095569000089999,0.0,Normal,0.5095569000089999,0.0,0.9039312813688728,0.0,Normal,0.9039312813688728,0.0,0.7104503562116732,0.0,Normal,0.7104503562116732,0.0,0.14756039637510046,0.704879207249799,High,0.704879207249799,0.5015271937273512,0.2492364031363243,0.0,Low,0.5015271937273512,1.0,0.0,0.0,Low,1.0,0.0,0.6271447781481302,0.0,Medium,0.6271447781481302,0.0,0.37739463601532547,0.24521072796934892,Normal,0.37739463601532547,0.0,0.590158412172559,0.0,Normal,0.590158412172559,1,Poor
0.0,0.4815031445725072,0.03699371085498459,Normal,0.4815031445725072,0.0,0.66075039768717,0.0,Normal,0.66075039768717,0.0,0.9547594326422364,0.0,Normal,0.9547594326422364,0.0,0.7497696763474894,0.0,Normal,0.7497696763474894,0.0,0.557554799027375,0.0,Normal,0.557554799027375,0.0,0.9860704411423511,0.0,Normal,0.9860704411423511,0.0,0.8995439956264141,0.0,Normal,0.8995439956264141,0.0,0.7038255588294379,0.0,Medium,0.7038255588294379,0.0,0.18582375478927182,0.6283524904214562,High,0.6283524904214562,0.0,0.7680883039808807,0.0,Normal,0.7680883039808807,0,Acceptable
0.0,0.18486320525146208,0.6302735894970755,Hot,0.6302735894970755,0.057030553886880206,0.47148472305655975,0.0,Normal,0.47148472305655975,0.0,0.6573434804410181,0.0,Normal,0.6573434804410181,0.0,0.5537164182100676,0.0,Normal,0.5537164182100676,0.0,0.8223989024504654,0.0,Normal,0.8223989024504654,0.0003752121439630528,0.49981239392801835,0.0,Normal,0.49981239392801835,0.0,0.9036836145814444,0.0,Normal,0.9036836145814444,0.03509696538595073,0.48245151730702457,0.0,Medium,0.48245151730702457,0.0,0.7605363984674332,0.0,Normal,0.7605363984674332,0.0,0.03671041962823129,0.9265791607435374,High,0.9265791607435374,0,Poor
0.0,0.550005525376901,0.0,Normal,0.550005525376901,0.0,0.8163907344538706,0.0,Normal,0.8163907344538706,0.0,0.23818742040848695,0.5236251591830257,Wet,0.5236251591830257,0.0,0.36721445931595886,0.2655710813680826,Normal,0.36721445931595886,0.0,0.9777525379514278,0.0,Normal,0.9777525379514278,0.46367393200475737,0.26816303399762126,0.0,Low,0.46367393200475737,0.0,0.0,1.0,High,1.0,0.0,0.962968399729196,0.0,Medium,0.962968399729196,0.0,0.2816091954022987,0.4367816091954026,High,0.4367816091954026,0.0,0.9095901053871306,0.0,Normal,0.9095901053871306,0,Acceptable
0.0,0.638398925274162,0.0,Normal,0.638398925274162,0.0,0.5795411813419742,0.0,Normal,0.5795411813419742,0.0,0.8254857296392589,0.0,Normal,0.8254857296392589,0.0,0.6452146052457052,0.0,Normal,0.6452146052457052,0.1294536534815899,0.4352731732592049,0.0,Normal,0.4352731732592049,0.0,0.7708464256131528,0.0,Normal,0.7708464256131528,0.0,0.5635700945954129,0.0,Normal,0.5635700945954129,0.0,0.7631969629113559,0.0,Medium,0.7631969629113559,0.0,0.0,1.0,High,1.0,0.0,0.7986746956326406,0.0,Normal,0.7986746956326406,0,Good
0.0,0.881526891199259,0.0,Normal,0.881526891199259,0.0,0.9212945746350599,0.0,Normal,0.9212945746350599,0.0,0.8928746140725115,0.0,Normal,0.8928746140725115,0.0,0.9770078020467878,0.0,Normal,0.9770078020467878,0.9914799537421874,0.004260023128906298,0.0,Low,0.9914799537421874,0.0,0.6190589710050979,0.0,Normal,0.6190589710050979,0.0,0.7949714889824321,0.0,Normal,0.7949714889824321,0.522245250399506,0.23887737480024696,0.0,Low,0.522245250399506,0.0,0.952107279693487,0.0,Normal,0.952107279693487,0.2657923403069951,0.3671038298465024,0.0,Normal,0.3671038298465024,3,Good
0.0,0.0,1.0,Hot,1.0,0.0,0.7985649542756881,0.0,Normal,0.7985649542756881,0.0,0.8009278439519956,0.0,Normal,0.8009278439519956,0.0,0.603879565303032,0.0,Normal,0.603879565303032,0.0,0.1541553190355351,0.6916893619289298,High,0.6916893619289298,1.0,0.0,0.0,Low,1.0,1.0,0.0,0.0,Low,1.0,0.41921931179003247,0.2903903441049837,0.0,Low,0.41921931179003247,0.0,0.090038314176245,0.81992337164751,High,0.81992337164751,0.0,0.8461203464280648,0.0,Normal,0.8461203464280648,0,Poor
1.0,0.0,0.0,Cold,1.0,0.6269685823101235,0.18651570884493818,0.0,Cold,0.6269685823101235,0.0,0.5354308635265159,0.0,Normal,0.5354308635265159,0.0,0.45305694900831633,0.0938861019833678,Normal,0.45305694900831633,0.0,0.5846848168221772,0.0,Normal,0.5846848168221772,0.6888478615177759,0.155576069241112,0.0,Low,0.6888478615177759,0.2799741711782948,0.3600129144108526,0.0,Normal,0.3600129144108526,0.6766609559824174,0.1616695220087913,0.0,Low,0.6766609559824174,0.0,0.0,1.0,High,1.0,0.0,0.6786763752174126,0.0,Normal,0.6786763752174126,0,Poor
0.0,0.6863267951631481,0.0,Normal,0.6863267951631481,0.26144863182362144,0.36927568408818917,0.0,Normal,0.36927568408818917,0.0,0.7136230453693296,0.0,Normal,0.7136230453693296,0.0,0.8186738154880977,0.0,Normal,0.8186738154880977,0.0,0.7795260425039369,0.0,Normal,0.7795260425039369,0.0,0.641132852148228,0.0,Normal,0.641132852148228,0.0,0.5073025131250178,0.0,Normal,0.5073025131250178,0.0,0.863892487178699,0.0,Medium,0.863892487178699,0.0,0.0,1.0,High,1.0,0.0,0.903343811634085,0.0,Normal,0.903343811634085,0,Acceptable
0.0,0.6699405635547828,0.0,Normal,0.6699405635547828,0.0,0.0,1.0,Hot,1.0,0.04751650336552775,0.47624174831723626,0.0,Normal,0.47624174831723626,0.0,0.5581109808490773,0.0,Normal,0.5581109808490773,1.0,0.0,0.0,Low,1.0,0.0,0.0,1.0,High,1.0,0.0,0.5328436310437104,0.0,Normal,0.5328436310437104,0.23317939590493122,0.38341030204753435,0.0,Medium,0.38341030204753435,0.6283524904214557,0.1858237547892721,0.0,Low,0.6283524904214557,0.0,0.2694019976749919,0.4611960046500162,High,0.4611960046500162,3,Acceptable
0.0,0.6840627887080897,0.0,Normal,0.6840627887080897,0.0,0.009596918116720789,0.9808061637665584,Hot,0.9808061637665584,0.6403802699809965,0.17980986500950177,0.0,Dry,0.6403802699809965,0.6371672295363754,0.18141638523181228,0.0,Dry,0.6371672295363754,0.40756151355819753,0.29621924322090115,0.0,Low,0.40756151355819753,0.0,0.5235474372084625,0.0,Normal,0.5235474372084625,0.0,0.4960153292636008,0.007969341472798755,Normal,0.4960153292636008,0.28505424450731126,0.3574728777463443,0.0,Medium,0.3574728777463443,0.0,0.5689655172413794,0.0,Normal,0.5689655172413794,0.0,0.8253040296316091,0.0,Normal,0.8253040296316091,3,Good
0.0,0.8624976737180788,0.0,Normal,0.8624976737180788,0.0,0.6864284429296131,0.0,Normal,0.6864284429296131,0.0,0.5365537600850154,0.0,Normal,0.5365537600850154,0.0,0.963946482181717,0.0,Normal,0.963946482181717,0.0,0.6893183828501074,0.0,Normal,0.6893183828501074,0.498233129145106,0.25088343542744695,0.0,Low,0.498233129145106,0.0,0.5063086921779401,0.0,Normal,0.5063086921779401,1.0,0.0,0.0,Low,1.0,0.0,0.952107279693487,0.0,Normal,0.952107279693487,0.1843349398903205,0.4078325300548397,0.0,Normal,0.4078325300548397,3,Good
0.0,0.6495252601172943,0.0,Normal,0.6495252601172943,0.0,0.9519518559730284,0.0,Normal,0.9519518559730284,0.0,0.726585877915641,0.0,Normal,0.726585877915641,0.0,0.7066353122176132,0.0,Normal,0.7066353122176132,0.0,0.9699104857324918,0.0,Normal,0.9699104857324918,0.0,0.6289013935446625,0.0,Normal,0.6289013935446625,0.0,0.8657299681629351,0.0,Normal,0.8657299681629351,0.8662928591439989,0.06685357042800054,0.0,Low,0.8662928591439989,0.0,0.6647509578544063,0.0,Normal,0.6647509578544063,0.31150106862099863,0.3442494656895006,0.0,Normal,0.3442494656895006,3,Good
0.0,0.9543105606174321,0.0,Normal,0.9543105606174321,0.0,0.8399706282777041,0.0,Normal,0.8399706282777041,0.44352628956051915,0.2782368552197405,0.0,Dry,0.44352628956051915,0.0,0.5808212087546156,0.0,Normal,0.5808212087546156,0.0,0.6512420360929989,0.0,Normal,0.6512420360929989,0.0,0.9104789822064708,0.0,Normal,0.9104789822064708,0.084257408368175,0.4578712958159125,0.0,Normal,0.4578712958159125,0.0,0.5968967541601381,0.0,Medium,0.5968967541601381,0.05363984674329458,0.47318007662835265,0.0,Normal,0.47318007662835265,0.4758048782369282,0.26209756088153585,0.0,Low,0.4758048782369282,3,Good
0.0,0.946710329413547,0.0,Normal,0.946710329413547,0.0,0.8202814261523501,0.0,Normal,0.8202814261523501,0.028637687579434044,0.4856811562102831,0.0,Normal,0.4856811562102831,0.0,0.5587602434173748,0.0,Normal,0.5587602434173748,0.0,0.9368542442583763,0.0,Normal,0.9368542442583763,0.0,0.7976477058762941,0.0,Normal,0.7976477058762941,0.0,0.8997343668709396,0.0,Normal,0.8997343668709396,0.6070023176782356,0.19649884116088215,0.0,Low,0.6070023176782356,1.0,0.0,0.0,Low,1.0,0.633638521543267,0.18318073922836645,0.0,Low,0.633638521543267,3,Good
0.0,0.9879472933299781,0.0,Normal,0.9879472933299781,0.0,0.8813783306599836,0.0,Normal,0.8813783306599836,0.0,0.181160563511303,0.6376788729773937,Wet,0.6376788729773937,0.0,0.26627390636283355,0.4674521872743332,Wet,0.4674521872743332,0.0,0.24406384019965893,0.5118723196006821,High,0.5118723196006821,1.0,0.0,0.0,Low,1.0,0.0,0.5258188822835139,0.0,Normal,0.5258188822835139,0.0,0.5078996070899074,0.0,Medium,0.5078996070899074,0.05363984674329458,0.47318007662835265,0.0,Normal,0.47318007662835265,0.07516839335292957,0.46241580332353516,0.0,Normal,0.46241580332353516,1,Acceptable
0.0,0.9028030422971333,0.0,Normal,0.9028030422971333,0.7231545826860201,0.1384227086569899,0.0,Cold,0.7231545826860201,0.0,0.8413511076864765,0.0,Normal,0.8413511076864765,0.0,0.9130486903407189,0.0,Normal,0.9130486903407189,0.0,0.5854869443663547,0.0,Normal,0.5854869443663547,0.0,0.615544694730513,0.0,Normal,0.615544694730513,0.0,0.42508601114691996,0.1498279777061603,Normal,0.42508601114691996,1.0,0.0,0.0,Low,1.0,0.0,0.4731800766283523,0.05363984674329525,Normal,0.4731800766283523,0.0,0.16253217328335126,0.6749356534332974,High,0.6749356534332974,3,Acceptable
0.7202382065821493,0.1398808967089254,0.0,Cold,0.7202382065821493,0.0,0.8501738082393118,0.0,Normal,0.8501738082393118,0.0,0.5491250754399606,0.0,Normal,0.5491250754399606,0.0,0.9662320462540421,0.0,Normal,0.9662320462540421,0.0,0.9359010777972853,0.0,Normal,0.9359010777972853,0.0,0.6471428832789456,0.0,Normal,0.6471428832789456,0.0,0.8604667363429757,0.0,Normal,0.8604667363429757,0.3479961098288321,0.3260019450855839,0.0,Low,0.3479961098288321,0.0,0.2816091954022987,0.4367816091954026,High,0.4367816091954026,0.03696655186586549,0.4815167240670672,0.0,Normal,0.4815167240670672,0,Poor
0.30079302593821505,0.34960348703089267,0.0,Normal,0.34960348703089267,0.0,0.9025734795195074,0.0,Normal,0.9025734795195074,0.16756598401432193,0.41621700799283917,0.0,Normal,0.41621700799283917,0.8123969256364933,0.09380153718175331,0.0,Dry,0.8123969256364933,0.8797862308392603,0.060106884580369835,0.0,Low,0.8797862308392603,0.0,0.4668740268375394,0.06625194632492117,Normal,0.4668740268375394,0.0,0.8094486979613316,0.0,Normal,0.8094486979613316,0.16826183992709998,0.41586908003644996,0.0,Medium,0.41586908003644996,0.0,0.090038314176245,0.81992337164751,High,0.81992337164751,0.1471273287834498,0.42643633560827504,0.0,Normal,0.42643633560827504,3,Acceptable
0.0,0.8933589416980591,0.0,Normal,0.8933589416980591,0.0,0.6986333184517418,0.0,Normal,0.6986333184517418,0.0,0.9869412938482589,0.0,Normal,0.9869412938482589,0.0,0.8728862623814095,0.0,Normal,0.8728862623814095,0.0,0.8390378238509776,0.0,Normal,0.8390378238509776,0.0,0.9052810753232052,0.0,Normal,0.9052810753232052,0.4809187958750784,0.25954060206246077,0.0,Low,0.4809187958750784,0.2661580303547363,0.3669209848226318,0.0,Medium,0.3669209848226318,0.0,0.6647509578544063,0.0,Normal,0.6647509578544063,0.0,0.6784574467767857,0.0,Normal,0.6784574467767857,0,Acceptable
0.0,0.5587997838984584,0.0,Normal,0.5587997838984584,0.0,0.43958344897275786,0.12083310205448408,Normal,0.43958344897275786,0.0,0.6253216757269892,0.0,Normal,0.6253216757269892,0.7658464967071933,0.1170767516464033,0.0,Dry,0.7658464967071933,0.0,0.9636798077735769,0.0,Normal,0.9636798077735769,0.5027191038267667,0.24864044808661662,0.0,Low,0.5027191038267667,0.0,0.9986571420682551,0.0,Normal,0.9986571420682551,0.0,0.7639650375714009,0.0,Medium,0.7639650375714009,0.0,0.0,1.0,High,1.0,0.0,0.5953549623578367,0.0,Normal,0.5953549623578367,0,Acceptable
0.0,0.7157989939556904,0.0,Normal,0.7157989939556904,0.0,0.09289599019433196,0.814208019611336,Hot,0.814208019611336,0.0,0.8118257347326473,0.0,Normal,0.8118257347326473,0.0,0.7577560534772573,0.0,Normal,0.7577560534772573,0.7461084677828259,0.126945766108587,0.0,Low,0.7461084677828259,0.0,0.5749158079045484,0.0,Normal,0.5749158079045484,0.0,0.0,1.0,High,1.0,0.43274485571378996,0.28362757214310497,0.0,Low,0.43274485571378996,1.0,0.0,0.0,Low,1.0,0.0,0.6075536262623836,0.0,Normal,0.6075536262623836,3,Good
0.0,0.8259540461021301,0.0,Normal,0.8259540461021301,0.0,0.7001864446759404,0.0,Normal,0.7001864446759404,0.0,0.8248576350189786,0.0,Normal,0.8248576350189786,0.0,0.7177979954617311,0.0,Normal,0.7177979954617311,0.0,0.9125885401237357,0.0,Normal,0.9125885401237357,0.32035619001448,0.33982190499275994,0.0,Normal,0.33982190499275994,1.0,0.0,0.0,Low,1.0,0.0,0.9149841015963364,0.0,Medium,0.9149841015963364,0.0,0.090038314176245,0.81992337164751,High,0.81992337164751,0.0,0.8920549007977939,0.0,Normal,0.8920549007977939,0,Acceptable
0.0,0.7898386531380952,0.0,Normal,0.7898386531380952,0.0,0.6893678263470143,0.0,Normal,0.6893678263470143,0.0,0.5290024747625194,0.0,Normal,0.5290024747625194,0.0,0.0,1.0,Wet,1.0,0.0,0.5449507874642033,0.0,Normal,0.5449507874642033,0.588640474766433,0.20567976261678342,0.0,Low,0.588640474766433,0.0,0.746474623810711,0.0,Normal,0.746474623810711,0.0,0.24642072157001038,0.5071585568599795,High,0.5071585568599795,0.0,0.5689655172413794,0.0,Normal,0.5689655172413794,0.0,0.8981243749848267,0.0,Normal,0.8981243749848267,1,Acceptable
0.0,0.7860698989380591,0.0,Normal,0.7860698989380591,0.0,0.6883519365644655,0.0,Normal,0.6883519365644655,0.6241521791090241,0.18792391044548803,0.0,Dry,0.6241521791090241,0.8972231742400129,0.05138841287999355,0.0,Dry,0.8972231742400129,0.0,0.9787573871856765,0.0,Normal,0.9787573871856765,0.0,0.5310654463843402,0.0,Normal,0.5310654463843402,0.0,0.7967607125896177,0.0,Normal,0.7967607125896177,0.0,0.6364004947532873,0.0,Medium,0.6364004947532873,0.0,0.37739463601532547,0.24521072796934892,Normal,0.37739463601532547,0.0,0.6738841494742538,0.0,Normal,0.6738841494742538,0,Acceptable
0.0,0.922865526914033,0.0,Normal,0.922865526914033,0.09754392001811261,0.4512280399909436,0.0,Normal,0.4512280399909436,0.0,0.784018918653415,0.0,Normal,0.784018918653415,0.0,0.8689394530934477,0.0,Normal,0.8689394530934477,0.45694762958543017,0.27152618520728483,0.0,Low,0.45694762958543017,0.0,0.408150421715858,0.183699156568284,Normal,0.408150421715858,0.0,0.02309460041503907,0.9538107991699218,High,0.9538107991699218,0.0,0.6447482979200814,0.0,Medium,0.6447482979200814,0.0,0.5689655172413794,0.0,Normal,0.5689655172413794,0.0,0.9448201185363934,0.0,Normal,0.9448201185363934,3,Acceptable
0.0,0.9083933890503277,0.0,Normal,0.9083933890503277,0.0,0.4389597723879545,0.12208045522409068,Normal,0.4389597723879545,0.0,0.7308561633626102,0.0,Normal,0.7308561633626102,0.0,0.9449957014867426,0.0,Normal,0.9449957014867426,1.0,0.0,0.0,Low,1.0,0.0,0.6912444299308775,0.0,Normal,0.6912444299308775,0.0,0.6515879028707421,0.0,Normal,0.6515879028707421,0.0,0.5067221593130381,0.0,Medium,0.5067221593130381,0.0,0.0,1.0,High,1.0,0.0,0.7011029656831271,0.0,Normal,0.7011029656831271,3,Good
0.0,0.7255143246920797,0.0,Normal,0.7255143246920797,0.0,0.7740196180609917,0.0,Normal,0.7740196180609917,0.05929836909208296,0.4703508154539587,0.0,Normal,0.4703508154539587,0.22480430761051176,0.38759784619474397,0.0,Normal,0.38759784619474397,0.36939555730620277,0.3153022213468985,0.0,Low,0.36939555730620277,0.0,0.4549152379864181,0.09016952402716388,Normal,0.4549152379864181,0.0,0.8806662891379969,0.0,Normal,0.8806662891379969,0.0,0.5344704129468649,0.0,Medium,0.5344704129468649,1.0,0.0,0.0,Low,1.0,0.4279558741823438,0.28602206290882803,0.0,Low,0.4279558741823438,3,Good
0.0,0.8036251372795475,0.0,Normal,0.8036251372795475,0.0,0.5515072442605412,0.0,Normal,0.5515072442605412,0.0,0.8329908378933014,0.0,Normal,0.8329908378933014,0.0,0.51455839290349,0.0,Normal,0.51455839290349,0.0,0.8909609764070869,0.0,Normal,0.8909609764070869,0.9020922553994648,0.04895387230026756,0.0,Low,0.9020922553994648,0.0,0.6610646190766668,0.0,Normal,0.6610646190766668,0.0,0.3398163021790805,0.32036739564183936,Medium,0.3398163021790805,1.0,0.0,0.0,Low,1.0,0.03653811550178554,0.4817309422491072,0.0,Normal,0.4817309422491072,1,Acceptable
0.6675388226067689,0.16623058869661564,0.0,Cold,0.6675388226067689,0.0,0.7728346703246389,0.0,Normal,0.7728346703246389,0.872386827728364,0.06380658613581804,0.0,Dry,0.872386827728364,1.0,0.0,0.0,Dry,1.0,1.0,0.0,0.0,Low,1.0,0.0,0.1722408430142258,0.6555183139715484,High,0.6555183139715484,0.0,0.9464824189590504,0.0,Normal,0.9464824189590504,0.5048199622568482,0.2475900188715759,0.0,Low,0.5048199622568482,0.0,0.7605363984674332,0.0,Normal,0.7605363984674332,0.3268243866079713,0.3365878066960143,0.0,Normal,0.3365878066960143,3,Poor
0.0,0.41371725991486064,0.17256548017027784,Normal,0.41371725991486064,0.0,0.8598446101622866,0.0,Normal,0.8598446101622866,0.0,0.8964670014824307,0.0,Normal,0.8964670014824307,0.0,0.8299210995764688,0.0,Normal,0.8299210995764688,0.0,0.5007553056600091,0.0,Normal,0.5007553056600091,0.0,0.7911725275438152,0.0,Normal,0.7911725275438152,0.0,0.9476321100011812,0.0,Normal,0.9476321100011812,0.04349441518806223,0.4782527924059688,0.0,Medium,0.4782527924059688,0.0,0.664750957854406,0.0,Normal,0.664750957854406,0.0,0.8323411005519655,0.0,Normal,0.8323411005519655,3,Acceptable
1.0,0.0,0.0,Cold,1.0,0.0414635650851608,0.4792682174574195,0.0,Normal,0.4792682174574195,0.0,0.0,1.0,Wet,1.0,0.0,0.0,1.0,Wet,1.0,0.0,0.04414035335991192,0.9117192932801762,High,0.9117192932801762,1.0,0.0,0.0,Low,1.0,0.0,0.7045122420259237,0.0,Normal,0.7045122420259237,0.0,0.7414112614356829,0.0,Medium,0.7414112614356829,0.6283524904214557,0.1858237547892721,0.0,Low,0.6283524904214557,0.0,0.5365262181649902,0.0,Normal,0.5365262181649902,1,Poor
0.5341351146420157,0.2329324426789923,0.0,Cold,0.5341351146420157,0.0,0.558128183577538,0.0,Normal,0.558128183577538,0.0,0.8507595321712695,0.0,Normal,0.8507595321712695,0.0,0.905969016789156,0.0,Normal,0.905969016789156,0.0,0.6725553585411848,0.0,Normal,0.6725553585411848,0.0,0.43917798508457967,0.12164402983084067,Normal,0.43917798508457967,0.0,0.27940946352144924,0.44118107295710174,High,0.44118107295710174,1.0,0.0,0.0,Low,1.0,1.0,0.0,0.0,Low,1.0,0.508537532393702,0.24573123380314896,0.0,Low,0.508537532393702,3,Acceptable
0.39616925395975866,0.30191537302012084,0.0,Cold,0.39616925395975866,0.0,0.932971474447335,0.0,Normal,0.932971474447335,0.0,0.6094981558225188,0.0,Normal,0.6094981558225188,0.0,0.6873479024218809,0.0,Normal,0.6873479024218809,0.0,0.9295372246359124,0.0,Normal,0.9295372246359124,0.0,0.5634355335414097,0.0,Normal,0.5634355335414097,0.0,0.6178923775000867,0.0,Normal,0.6178923775000867,1.0,0.0,0.0,Low,1.0,0.05363984674329458,0.47318007662835265,0.0,Normal,0.47318007662835265,0.0106181989737446,0.49469090051312764,0.0,Normal,0.49469090051312764,3,Acceptable
0.8950207549439239,0.052489622528038085,0.0,Cold,0.8950207549439239,1.0,0.0,0.0,Cold,1.0,0.0,0.9534388855551729,0.0,Normal,0.9534388855551729,0.0,0.6380945260833975,0.0,Normal,0.6380945260833975,0.0,0.0,1.0,High,1.0,1.0,0.0,0.0,Low,1.0,0.0,0.9074192678721306,0.0,Normal,0.9074192678721306,0.0,0.7045144390025299,0.0,Medium,0.7045144390025299,1.0,0.0,0.0,Low,1.0,0.0,0.2685806084913723,0.4628387830172555,High,0.4628387830172555,1,Poor
0.0,0.6104145598976464,0.0,Normal,0.6104145598976464,0.0,0.6413504622621373,0.0,Normal,0.6413504622621373,0.0,0.0,1.0,Wet,1.0,0.0,0.28822651484653994,0.4235469703069204,Wet,0.4235469703069204,1.0,0.0,0.0,Low,1.0,0.0,0.448145080247809,0.10370983950438194,Normal,0.448145080247809,0.0,0.8889613190611796,0.0,Normal,0.8889613190611796,0.0,0.6850821839004758,0.0,Medium,0.6850821839004758,0.0,0.0,1.0,High,1.0,0.26230174196439227,0.3688491290178038,0.0,Normal,0.3688491290178038,3,Good
0.0,0.5358559834980231,0.0,Normal,0.5358559834980231,0.0,0.9328408079259318,0.0,Normal,0.9328408079259318,0.0,0.7773164401469504,0.0,Normal,0.7773164401469504,0.0,0.881975306731498,0.0,Normal,0.881975306731498,0.0,0.5483402501159778,0.0,Normal,0.5483402501159778,0.5490233969011735,0.22548830154941316,0.0,Low,0.5490233969011735,0.0,0.396388957346704,0.20722208530659234,Normal,0.396388957346704,0.0,0.8022617722578037,0.0,Medium,0.8022617722578037,0.05363984674329458,0.47318007662835265,0.0,Normal,0.47318007662835265,0.0,0.7488333031653028,0.0,Normal,0.7488333031653028,1,Acceptable
0.0,0.10795989969321636,0.7840802006135671,Hot,0.7840802006135671,0.0,0.603638259197309,0.0,Normal,0.603638259197309,0.0,0.9471338593974487,0.0,Normal,0.9471338593974487,0.0,0.6669460519408347,0.0,Normal,0.6669460519408347,0.0,0.9906416837709314,0.0,Normal,0.9906416837709314,0.0,0.8054998071523788,0.0,Normal,0.8054998071523788,0.8721184837962945,0.06394075810185271,0.0,Low,0.8721184837962945,0.6502307121515302,0.1748846439242349,0.0,Low,0.6502307121515302,0.0,0.8563218390804596,0.0,Normal,0.8563218390804596,0.0,0.5242533431151536,0.0,Normal,0.5242533431151536,3,Acceptable
0.0,0.6945991339499846,0.0,Normal,0.6945991339499846,0.0,0.679883963194302,0.0,Normal,0.679883963194302,0.0,0.8802475996299247,0.0,Normal,0.8802475996299247,0.0,0.8879289184297817,0.0,Normal,0.8879289184297817,0.0,0.7091702484162118,0.0,Normal,0.7091702484162118,0.0,0.9780431957386087,0.0,Normal,0.9780431957386087,0.0,0.8295977628037277,0.0,Normal,0.8295977628037277,0.24109256866504927,0.3794537156674753,0.0,Medium,0.3794537156674753,0.0,0.37739463601532547,0.24521072796934892,Normal,0.37739463601532547,0.0,0.5326467146756172,0.0,Normal,0.5326467146756172,3,Good
1.0,0.0,0.0,Cold,1.0,0.0,0.8746623000153163,0.0,Normal,0.8746623000153163,0.0,0.5140561199938264,0.0,Normal,0.5140561199938264,0.0,0.652839320841124,0.0,Normal,0.652839320841124,0.0,0.7727199953249846,0.0,Normal,0.7727199953249846,0.0,0.6650833295169316,0.0,Normal,0.6650833295169316,0.0,0.0,1.0,High,1.0,0.0,0.5082128979712328,0.0,Medium,0.5082128979712328,0.05363984674329458,0.47318007662835265,0.0,Normal,0.47318007662835265,0.0,0.6618632056840352,0.0,Normal,0.6618632056840352,0,Poor
0.0,0.14601523557228865,0.7079695288554224,Hot,0.7079695288554224,0.0,0.9975625155730921,0.0,Normal,0.9975625155730921,0.0,0.0,1.0,Wet,1.0,0.0,0.2797224802280641,0.440555039543872,Wet,0.440555039543872,0.0,0.9707897259719276,0.0,Normal,0.9707897259719276,0.8361408077537238,0.08192959612313808,0.0,Low,0.8361408077537238,0.0,0.767678032456408,0.0,Normal,0.767678032456408,0.0,0.0403381449350939,0.9193237101298123,High,0.9193237101298123,0.0,0.0,1.0,High,1.0,0.0,0.9012221213925742,0.0,Normal,0.9012221213925742,1,Poor
0.0,0.7683575703662612,0.0,Normal,0.7683575703662612,0.0,0.8419531362345133,0.0,Normal,0.8419531362345133,0.45565194291833383,0.27217402854083317,0.0,Dry,0.45565194291833383,0.46878510416464236,0.2656074479176787,0.0,Dry,0.46878510416464236,0.0,0.6002861344877615,0.0,Normal,0.6002861344877615,0.14842460491783135,0.4257876975410842,0.0,Normal,0.4257876975410842,0.0,0.9705200557702331,0.0,Normal,0.9705200557702331,1.0,0.0,0.0,Low,1.0,0.0,0.0,1.0,High,1.0,0.0,0.6321873248154377,0.0,Normal,0.6321873248154377,0,Acceptable
0.0,0.6651525017544702,0.0,Normal,0.6651525017544702,0.0,0.7894358288569068,0.0,Normal,0.7894358288569068,0.0,0.5713070447040091,0.0,Normal,0.5713070447040091,0.0,0.8381076264745643,0.0,Normal,0.8381076264745643,0.0,0.5607634678531588,0.0,Normal,0.5607634678531588,0.142791528519927,0.4286042357400364,0.0,Normal,0.4286042357400364,0.0,0.9463091537225837,0.0,Normal,0.9463091537225837,0.0,0.7623406751402472,0.0,Medium,0.7623406751402472,0.0,0.0,1.0,High,1.0,0.0,0.5299734353719219,0.0,Normal,0.5299734353719219,0,Acceptable
0.9470901698901192,0.02645491505494045,0.0,Cold,0.9470901698901192,0.06745865183207486,0.46627067408396244,0.0,Normal,0.46627067408396244,0.0,0.5528692204665303,0.0,Normal,0.5528692204665303,0.0,0.6312435630546726,0.0,Normal,0.6312435630546726,0.0,0.8974191152937402,0.0,Normal,0.8974191152937402,0.0,0.9421793666979289,0.0,Normal,0.9421793666979289,0.0,0.0,1.0,High,1.0,0.0,0.582435437971637,0.0,Medium,0.582435437971637,0.0,0.5689655172413794,0.0,Normal,0.5689655172413794,0.1778310104832709,0.4110844947583645,0.0,Normal,0.4110844947583645,3,Poor
0.0,0.5960487667517896,0.0,Normal,0.5960487667517896,0.0,0.0,1.0,Hot,1.0,0.0,0.7371464116643026,0.0,Normal,0.7371464116643026,0.0,0.9141126313522298,0.0,Normal,0.9141126313522298,0.0,0.8276120373868762,0.0,Normal,0.8276120373868762,0.28307644637222235,0.35846177681388874,0.0,Normal,0.35846177681388874,0.005580104464121659,0.4972099477679392,0.0,Normal,0.4972099477679392,0.0,0.8691642739683767,0.0,Medium,0.8691642739683767,0.0,0.0,1.0,High,1.0,0.0,0.4638237339668187,0.07235253206636262,Normal,0.4638237339668187,0,Acceptable
0.0,0.7998533456740761,0.0,Normal,0.7998533456740761,0.0,0.5319260606607912,0.0,Normal,0.5319260606607912,0.0,0.9351881326804612,0.0,Normal,0.9351881326804612,0.0,0.8090367259853852,0.0,Normal,0.8090367259853852,0.7186274471905564,0.14068627640472178,0.0,Low,0.7186274471905564,0.0,0.4322483839408567,0.1355032321182866,Normal,0.4322483839408567,0.2280536501830236,0.3859731749084882,0.0,Normal,0.3859731749084882,1.0,0.0,0.0,Low,1.0,0.0,0.090038314176245,0.81992337164751,High,0.81992337164751,0.12959505060665627,0.4352024746966718,0.0,Normal,0.4352024746966718,3,Good
0.0,0.6952664400613909,0.0,Normal,0.6952664400613909,0.17465156978597424,0.4126742151070128,0.0,Normal,0.4126742151070128,0.29408540261262256,0.35295729869368886,0.0,Normal,0.35295729869368886,0.0,0.650307631419653,0.0,Normal,0.650307631419653,0.0,0.7591848757127049,0.0,Normal,0.7591848757127049,0.0,0.8374625228496052,0.0,Normal,0.8374625228496052,0.0,0.06371340750586638,0.8725731849882673,High,0.8725731849882673,0.0,0.8649098026968801,0.0,Medium,0.8649098026968801,0.0,0.7605363984674328,0.0,Normal,0.7605363984674328,0.0,0.5251827783461752,0.0,Normal,0.5251827783461752,0,Acceptable
0.0,0.7998631390239996,0.0,Normal,0.7998631390239996,0.0,0.311069463767762,0.3778610724644758,Hot,0.3778610724644758,0.0,0.8156191458461709,0.0,Normal,0.8156191458461709,0.0,0.8405986411486839,0.0,Normal,0.8405986411486839,1.0,0.0,0.0,Low,1.0,0.0,0.0,1.0,High,1.0,0.0,0.8982655715368083,0.0,Normal,0.8982655715368083,0.0,0.5114552741337806,0.0,Medium,0.5114552741337806,0.0,0.37739463601532547,0.24521072796934892,Normal,0.37739463601532547,0.0,0.5921394046781219,0.0,Normal,0.5921394046781219,3,Good
0.0,0.9077653440218577,0.0,Normal,0.9077653440218577,0.0,0.8755101991619171,0.0,Normal,0.8755101991619171,0.0,0.6438507886553595,0.0,Normal,0.6438507886553595,0.0,0.8604828672152252,0.0,Normal,0.8604828672152252,0.0,0.7473708787939617,0.0,Normal,0.7473708787939617,0.0,0.7272973988597508,0.0,Normal,0.7272973988597508,0.0,0.9390676077131038,0.0,Normal,0.9390676077131038,0.0,0.5760980966531678,0.0,Medium,0.5760980966531678,0.0,0.7605363984674332,0.0,Normal,0.7605363984674332,0.09860733853775572,0.4506963307311221,0.0,Normal,0.4506963307311221,3,Good
0.3625879235956171,0.3187060382021916,0.0,Cold,0.3625879235956171,0.0,0.9573936133246518,0.0,Normal,0.9573936133246518,0.0,0.3854717151295772,0.22905656974084487,Normal,0.3854717151295772,0.0,0.5380066983872183,0.0,Normal,0.5380066983872183,0.0,0.9912165527791851,0.0,Normal,0.9912165527791851,0.13558115768580964,0.43220942115709504,0.0,Normal,0.43220942115709504,0.5726478116757876,0.21367609416210617,0.0,Low,0.5726478116757876,0.9083997478639401,0.04580012606802995,0.0,Low,0.9083997478639401,0.0,0.090038314176245,0.81992337164751,High,0.81992337164751,0.01734583714669901,0.49132708142665044,0.0,Normal,0.49132708142665044,0,Acceptable
0.0,0.7704829858562628,0.0,Normal,0.7704829858562628,0.0,0.9176125600934976,0.0,Normal,0.9176125600934976,0.0,0.619826653571822,0.0,Normal,0.619826653571822,0.0,0.6954027279346029,0.0,Normal,0.6954027279346029,0.49484195555686367,0.2525790222215681,0.0,Low,0.49484195555686367,0.0,0.15624485610436287,0.6875102877912743,High,0.6875102877912743,0.0,0.5705497513336826,0.0,Normal,0.5705497513336826,1.0,0.0,0.0,Low,1.0,0.0,0.0,1.0,High,1.0,0.0,0.5304879949913038,0.0,Normal,0.5304879949913038,3,Good
0.0,0.6041590347899967,0.0,Normal,0.6041590347899967,0.0,0.7568052692312951,0.0,Normal,0.7568052692312951,0.0,0.8398430502181016,0.0,Normal,0.8398430502181016,0.0,0.8934326728010091,0.0,Normal,0.8934326728010091,0.0,0.6687351842482748,0.0,Normal,0.6687351842482748,0.23883779664190213,0.38058110167904885,0.0,Normal,0.38058110167904885,0.0,0.7304775281381374,0.0,Normal,0.7304775281381374,0.0,0.32082825607972315,0.35834348784055403,High,0.35834348784055403,0.0,0.18582375478927182,0.6283524904214562,High,0.6283524904214562,0.0,0.6266197290060984,0.0,Normal,0.6266197290060984,1,Acceptable
0.0,0.8958286499597955,0.0,Normal,0.8958286499597955,0.0,0.6806182201579373,0.0,Normal,0.6806182201579373,0.0,0.7312407313455997,0.0,Normal,0.7312407313455997,0.0,0.9490374155768693,0.0,Normal,0.9490374155768693,0.0,0.5304330122173636,0.0,Normal,0.5304330122173636,0.0,0.9252518934485584,0.0,Normal,0.9252518934485584,0.056987470102927026,0.4715062649485365,0.0,Normal,0.4715062649485365,0.18742710082173225,0.4062864495891338,0.0,Medium,0.4062864495891338,0.0,0.7605363984674328,0.0,Normal,0.7605363984674328,0.19032657670173406,0.40483671164913293,0.0,Normal,0.40483671164913293,3,Good
0.9966841345015542,0.0016579327492228543,0.0,Cold,0.9966841345015542,0.0,0.971850108121452,0.0,Normal,0.971850108121452,1.0,0.0,0.0,Dry,1.0,0.6591982353665883,0.1704008823167058,0.0,Dry,0.6591982353665883,0.016359533652122622,0.4918202331739385,0.0,Normal,0.4918202331739385,0.0,0.6531896908976473,0.0,Normal,0.6531896908976473,0.0,0.9766116838804121,0.0,Normal,0.9766116838804121,0.2572105727324998,0.37139471363375004,0.0,Medium,0.37139471363375004,1.0,0.0,0.0,Low,1.0,0.28720536927287105,0.35639731536356445,0.0,Normal,0.35639731536356445,3,Poor
0.0,0.07668396969304693,0.846632060613906,Hot,0.846632060613906,0.0,0.9020791685076224,0.0,Normal,0.9020791685076224,0.0,0.9311147997305328,0.0,Normal,0.9311147997305328,0.0,0.9134676900784141,0.0,Normal,0.9134676900784141,0.0,0.8275808384790104,0.0,Normal,0.8275808384790104,0.0,0.5942822249881934,0.0,Normal,0.5942822249881934,0.0,0.970038633766991,0.0,Normal,0.970038633766991,0.0,0.9176447636554481,0.0,Medium,0.9176447636554481,0.0,0.0,1.0,High,1.0,0.0,0.7621407937945182,0.0,Normal,0.7621407937945182,0,Poor
0.0,0.7148197823281315,0.0,Normal,0.7148197823281315,0.0,0.994969312266536,0.0,Normal,0.994969312266536,1.0,0.0,0.0,Dry,1.0,0.39151164761767027,0.3042441761911648,0.0,Dry,0.39151164761767027,0.068870552890975,0.46556472355451234,0.0,Normal,0.46556472355451234,0.0,0.8643381689247823,0.0,Normal,0.8643381689247823,0.0,0.6815023655231404,0.0,Normal,0.6815023655231404,0.2519445975696714,0.3740277012151642,0.0,Medium,0.3740277012151642,0.6283524904214557,0.1858237547892721,0.0,Low,0.6283524904214557,0.2785227790558501,0.3607386104720749,0.0,Normal,0.3607386104720749,3,Acceptable
0.0,0.38486204265255636,0.23027591469488645,Normal,0.38486204265255636,0.3849134468927103,0.3075432765536448,0.0,Cold,0.3849134468927103,0.0,0.5407142972105267,0.0,Normal,0.5407142972105267,0.0,0.22361058333548697,0.5527788333290262,Wet,0.5527788333290262,0.0,0.9786370602249185,0.0,Normal,0.9786370602249185,0.5484946445617126,0.22575267771914365,0.0,Low,0.5484946445617126,0.5096873518375149,0.24515632408124255,0.0,Low,0.5096873518375149,0.0,0.5625661676214303,0.0,Medium,0.5625661676214303,0.0,0.8563218390804601,0.0,Normal,0.8563218390804601,0.0,0.0,1.0,High,1.0,0,Poor
0.5232837550798332,0.23835812246008356,0.0,Cold,0.5232837550798332,0.0,0.6560613285725698,0.0,Normal,0.6560613285725698,0.0,0.6515705717335318,0.0,Normal,0.6515705717335318,0.0,0.6089990236538784,0.0,Normal,0.6089990236538784,0.0,0.8663408805352707,0.0,Normal,0.8663408805352707,0.2034614801081137,0.39826925994594303,0.0,Normal,0.39826925994594303,0.0,0.10471075423956445,0.7905784915208711,High,0.7905784915208711,0.14577028454837446,0.4271148577258127,0.0,Medium,0.4271148577258127,0.0,0.37739463601532547,0.24521072796934892,Normal,0.37739463601532547,0.0,0.5257964543775703,0.0,Normal,0.5257964543775703,0,Acceptable
0.6323903754758273,0.18380481226208642,0.0,Cold,0.6323903754758273,0.0,0.7574428102493377,0.0,Normal,0.7574428102493377,0.0,0.612081398574525,0.0,Normal,0.612081398574525,0.0,0.42800316730316623,0.14399366539366792,Normal,0.42800316730316623,0.0,0.9497101847132428,0.0,Normal,0.9497101847132428,0.0,0.9856969920216182,0.0,Normal,0.9856969920216182,0.0,0.11144675025689339,0.7771064994862132,High,0.7771064994862132,0.6122223957226058,0.19388880213869703,0.0,Low,0.6122223957226058,1.0,0.0,0.0,Low,1.0,0.0,0.6774820284335,0.0,Normal,0.6774820284335,3,Acceptable
0.0,0.9461198079202502,0.0,Normal,0.9461198079202502,0.7576126600419646,0.12119366997901766,0.0,Cold,0.7576126600419646,0.0,0.7418810932866906,0.0,Normal,0.7418810932866906,0.0,0.5040754136884419,0.0,Normal,0.5040754136884419,0.5031563560776366,0.24842182196118162,0.0,Low,0.5031563560776366,0.0,0.6504893395869147,0.0,Normal,0.6504893395869147,0.0,0.9432270146997449,0.0,Normal,0.9432270146997449,0.0,0.8289772779763872,0.0,Medium,0.8289772779763872,0.0,0.4731800766283523,0.05363984674329525,Normal,0.4731800766283523,0.0,0.1836154543145754,0.6327690913708491,High,0.6327690913708491,3,Acceptable
0.0,0.20275366676371176,0.594492666472576,Hot,0.594492666472576,0.0,0.5888509465812165,0.0,Normal,0.5888509465812165,0.34569678872651743,0.3271516056367414,0.0,Dry,0.34569678872651743,0.846324740133531,0.0768376299332345,0.0,Dry,0.846324740133531,0.1894313131625666,0.4052843434187166,0.0,Normal,0.4052843434187166,0.0,0.6332072680281987,0.0,Normal,0.6332072680281987,0.0,0.5948106186249743,0.0,Normal,0.5948106186249743,0.0,0.5970046137732444,0.0,Medium,0.5970046137732444,0.0,0.0,1.0,High,1.0,0.1006680588128402,0.4496659705935798,0.0,Normal,0.4496659705935798,3,Acceptable
0.0,0.952198130552905,0.0,Normal,0.952198130552905,0.0,0.784226042215894,0.0,Normal,0.784226042215894,0.0,0.9544066140543599,0.0,Normal,0.9544066140543599,0.0,0.8309066747292235,0.0,Normal,0.8309066747292235,0.0,0.7252501806803937,0.0,Normal,0.7252501806803937,0.0,0.7997105601266928,0.0,Normal,0.7997105601266928,0.0,0.6805393089329683,0.0,Normal,0.6805393089329683,0.0,0.6784655140882265,0.0,Medium,0.6784655140882265,1.0,0.0,0.0,Low,1.0,0.3802663064291511,0.30986684678542437,0.0,Low,0.3802663064291511,0,Acceptable
0.0,0.8342461507221539,0.0,Normal,0.8342461507221539,0.0,0.0,1.0,Hot,1.0,0.0,0.5348766009893259,0.0,Normal,0.5348766009893259,0.0,0.6702185512643567,0.0,Normal,0.6702185512643567,0.0,0.8375545423976507,0.0,Normal,0.8375545423976507,0.551349478001245,0.22432526099937744,0.0,Low,0.551349478001245,0.0,0.7829527045276433,0.0,Normal,0.7829527045276433,0.7638473401829308,0.11807632990853462,0.0,Low,0.7638473401829308,0.0,0.18582375478927182,0.6283524904214562,High,0.6283524904214562,0.0,0.6350914498657425,0.0,Normal,0.6350914498657425,3,Acceptable
0.0,0.27677287627465197,0.4464542474506955,Hot,0.4464542474506955,0.0,0.7099870834205143,0.0,Normal,0.7099870834205143,0.0,0.4521752065248333,0.09564958695033261,Normal,0.4521752065248333,0.0,0.5260591291228128,0.0,Normal,0.5260591291228128,0.0444344758611095,0.4777827620694451,0.0,Normal,0.4777827620694451,0.0,0.9305370422465018,0.0,Normal,0.9305370422465018,0.0,0.9105163367085392,0.0,Normal,0.9105163367085392,0.4921060563421184,0.25394697182894077,0.0,Low,0.4921060563421184,0.0,0.0,1.0,High,1.0,0.0,0.5934851912582506,0.0,Normal,0.5934851912582506,3,Good
0.0,0.7722573441535209,0.0,Normal,0.7722573441535209,0.0,0.2360336334019526,0.5279327331960947,Hot,0.5279327331960947,0.4626313500354033,0.26868432498229844,0.0,Dry,0.4626313500354033,0.4067917056904783,0.29660414715476074,0.0,Dry,0.4067917056904783,0.8470160502217206,0.07649197488913971,0.0,Low,0.8470160502217206,0.0,0.5983655316039725,0.0,Normal,0.5983655316039725,0.0,0.7168197793637795,0.0,Normal,0.7168197793637795,0.764978148865185,0.11751092556740746,0.0,Low,0.764978148865185,0.0,0.5689655172413794,0.0,Normal,0.5689655172413794,0.0,0.9704519190353045,0.0,Normal,0.9704519190353045,3,Good
0.0,0.674553061117884,0.0,Normal,0.674553061117884,0.0,0.625503464629083,0.0,Normal,0.625503464629083,0.07512097065135316,0.4624395146743236,0.0,Normal,0.4624395146743236,0.0,0.6596434457789203,0.0,Normal,0.6596434457789203,1.0,0.0,0.0,Low,1.0,0.0,0.0,1.0,High,1.0,0.0,0.6235741109545907,0.0,Normal,0.6235741109545907,0.6024947667772935,0.19875261661135318,0.0,Low,0.6024947667772935,0.0,0.0,1.0,High,1.0,0.39955104712616185,0.300224476436919,0.0,Low,0.39955104712616185,3,Good
0.0,0.6387743812457921,0.0,Normal,0.6387743812457921,0.0,0.7697719358902505,0.0,Normal,0.7697719358902505,0.0,0.41927080851768006,0.1614583829646391,Normal,0.41927080851768006,0.0,0.5005422198627558,0.0,Normal,0.5005422198627558,0.0,0.8159338772956826,0.0,Normal,0.8159338772956826,0.451555272936092,0.27422236353195395,0.0,Low,0.451555272936092,0.19238018887313973,0.40380990556343016,0.0,Normal,0.40380990556343016,0.0,0.4893630463744554,0.021273907251089748,Medium,0.4893630463744554,0.0,0.0,1.0,High,1.0,0.0,0.5951969260546104,0.0,Normal,0.5951969260546104,1,Acceptable
0.39943958918337336,0.3002802054083135,0.0,Cold,0.39943958918337336,0.7967582498938783,0.10162087505306082,0.0,Cold,0.7967582498938783,0.0,0.9882567473822577,0.0,Normal,0.9882567473822577,0.0,0.9341557431350948,0.0,Normal,0.9341557431350948,0.0,0.4062606251252939,0.18747874974941223,Normal,0.4062606251252939,1.0,0.0,0.0,Low,1.0,0.0,0.9491033119095045,0.0,Normal,0.9491033119095045,0.0,0.3659576713913444,0.2680846572173116,Medium,0.3659576713913444,0.24521072796934829,0.3773946360153258,0.0,Normal,0.3773946360153258,0.0,0.6432966005481674,0.0,Normal,0.6432966005481674,1,Poor
0.0,0.8603543260007098,0.0,Normal,0.8603543260007098,0.0,0.0,1.0,Hot,1.0,0.0,0.6023728596676722,0.0,Normal,0.6023728596676722,0.0,0.8664230061114417,0.0,Normal,0.8664230061114417,1.0,0.0,0.0,Low,1.0,0.0,0.0,1.0,High,1.0,0.0,0.6448980221528652,0.0,Normal,0.6448980221528652,0.0,0.9704745453347856,0.0,Medium,0.9704745453347856,0.0,0.090038314176245,0.81992337164751,High,0.81992337164751,0.0,0.6750875400126704,0.0,Normal,0.6750875400126704,3,Acceptable
0.0,0.9193790916813859,0.0,Normal,0.9193790916813859,0.4951364913950737,0.25243175430246306,0.0,Cold,0.4951364913950737,0.0,0.7220815359546396,0.0,Normal,0.7220815359546396,0.0,0.42487053566817545,0.15025892866364948,Normal,0.42487053566817545,0.0,0.055093066622021986,0.889813866755956,High,0.889813866755956,1.0,0.0,0.0,Low,1.0,0.0,0.9292878183818575,0.0,Normal,0.9292878183818575,0.0,0.27063809227131885,0.4587238154573625,High,0.4587238154573625,1.0,0.0,0.0,Low,1.0,0.0,0.24366198014110677,0.5126760397177865,High,0.5126760397177865,2,Poor
0.0,0.9359411194226551,0.0,Normal,0.9359411194226551,0.5323698570147624,0.23381507149261874,0.0,Cold,0.5323698570147624,0.0,0.33599380698197023,0.3280123860360589,Normal,0.33599380698197023,0.0,0.3212268755904164,0.35754624881916747,Wet,0.35754624881916747,0.0,0.7691577211859276,0.0,Normal,0.7691577211859276,0.0,0.9769372107797444,0.0,Normal,0.9769372107797444,0.0,0.0,1.0,High,1.0,0.2331407953515082,0.38342960232424583,0.0,Medium,0.38342960232424583,0.0,0.37739463601532547,0.24521072796934892,Normal,0.37739463601532547,0.0,0.4440461192307259,0.11190776153854824,Normal,0.4440461192307259,3,Acceptable
0.0,0.9876995819341368,0.0,Normal,0.9876995819341368,0.0,0.8403414529293813,0.0,Normal,0.8403414529293813,0.0,0.5912329123727061,0.0,Normal,0.5912329123727061,0.0,0.9660402857931729,0.0,Normal,0.9660402857931729,0.0,0.5609793120673509,0.0,Normal,0.5609793120673509,0.0,0.8571916410596038,0.0,Normal,0.8571916410596038,0.0,0.13796920598062287,0.7240615880387544,High,0.7240615880387544,0.13701714432421425,0.4314914278378928,0.0,Medium,0.4314914278378928,1.0,0.0,0.0,Low,1.0,0.4924723777947638,0.25376381110261803,0.0,Low,0.4924723777947638,3,Good
0.6370459323523738,0.1814770338238132,0.0,Cold,0.6370459323523738,0.0,0.8730793884775815,0.0,Normal,0.8730793884775815,0.5143958491236255,0.24280207543818733,0.0,Dry,0.5143958491236255,0.5080493001805594,0.24597534990972023,0.0,Dry,0.5080493001805594,0.2865537058427937,0.35672314707860303,0.0,Normal,0.35672314707860303,0.0,0.6641531596414912,0.0,Normal,0.6641531596414912,0.0,0.8077322453949645,0.0,Normal,0.8077322453949645,1.0,0.0,0.0,Low,1.0,1.0,0.0,0.0,Low,1.0,0.42639219850680316,0.2868039007465984,0.0,Low,0.42639219850680316,3,Acceptable
0.0,0.8914149753865845,0.0,Normal,0.8914149753865845,0.0,0.9130571102333518,0.0,Normal,0.9130571102333518,0.0,0.8755657402092223,0.0,Normal,0.8755657402092223,0.0,0.7066217904861795,0.0,Normal,0.7066217904861795,0.0,0.8646004128985496,0.0,Normal,0.8646004128985496,0.0,0.6826936696090137,0.0,Normal,0.6826936696090137,0.0,0.778495458308914,0.0,Normal,0.778495458308914,1.0,0.0,0.0,Low,1.0,0.6283524904214557,0.1858237547892721,0.0,Low,0.6283524904214557,0.3012610517195067,0.3493694741402466,0.0,Normal,0.3493694741402466,3,Good
0.0,0.6897214081996862,0.0,Normal,0.6897214081996862,0.0,0.5744239292563956,0.0,Normal,0.5744239292563956,1.0,0.0,0.0,Dry,1.0,0.885567184226642,0.057216407886678984,0.0,Dry,0.885567184226642,0.0,0.9553180357161839,0.0,Normal,0.9553180357161839,0.0,0.7537730753218204,0.0,Normal,0.7537730753218204,0.0,0.10441507912115257,0.7911698417576949,High,0.7911698417576949,0.16718492074869146,0.4164075396256542,0.0,Medium,0.4164075396256542,0.0,0.0,1.0,High,1.0,0.0,0.664458987536288,0.0,Normal,0.664458987536288,3,Acceptable
0.23108226084173836,0.38445886957913106,0.0,Normal,0.38445886957913106,0.0,0.5948555029636156,0.0,Normal,0.5948555029636156,0.0,0.7882456904837215,0.0,Normal,0.7882456904837215,0.0,0.9265349507679392,0.0,Normal,0.9265349507679392,0.0548901318658262,0.47255493406708676,0.0,Normal,0.47255493406708676,0.0,0.9630207723186059,0.0,Normal,0.9630207723186059,0.0,0.17274085447734938,0.6545182910453013,High,0.6545182910453013,0.1027998913285722,0.4486000543357138,0.0,Medium,0.4486000543357138,1.0,0.0,0.0,Low,1.0,0.2837464605632145,0.3581267697183927,0.0,Normal,0.3581267697183927,0,Acceptable
0.3535045803674257,0.3232477098162873,0.0,Cold,0.3535045803674257,0.0,0.8061861505907437,0.0,Normal,0.8061861505907437,0.0,0.8033199903576445,0.0,Normal,0.8033199903576445,0.0,0.6926641729422953,0.0,Normal,0.6926641729422953,0.8299654470678698,0.08501727646606506,0.0,Low,0.8299654470678698,0.0,0.0630146892211264,0.8739706215577472,High,0.8739706215577472,0.0,0.7459316728541824,0.0,Normal,0.7459316728541824,0.28094383883194446,0.3595280805840277,0.0,Medium,0.3595280805840277,1.0,0.0,0.0,Low,1.0,0.846493554177149,0.0767532229114255,0.0,Low,0.846493554177149,3,Good
0.0,0.8359536799116973,0.0,Normal,0.8359536799116973,0.16530445617007436,0.4173477719149627,0.0,Normal,0.4173477719149627,0.45412519974189364,0.27293740012905326,0.0,Dry,0.45412519974189364,0.03162056308538001,0.48418971845730985,0.0,Normal,0.48418971845730985,0.0,0.6224020201152232,0.0,Normal,0.6224020201152232,0.31299457705036166,0.3435027114748191,0.0,Normal,0.3435027114748191,0.0,0.12473111812645439,0.7505377637470912,High,0.7505377637470912,0.0,0.7911469613598102,0.0,Medium,0.7911469613598102,1.0,0.0,0.0,Low,1.0,0.0,0.8530370627577111,0.0,Normal,0.8530370627577111,3,Acceptable
0.2029755447927729,0.39851222760361377,0.0,Normal,0.39851222760361377,0.0,0.6411310459852766,0.0,Normal,0.6411310459852766,0.0,0.31826507444841046,0.3634698511031784,Wet,0.3634698511031784,0.0,0.23131911490285556,0.5373617701942891,Wet,0.5373617701942891,0.0,0.9910322346033016,0.0,Normal,0.9910322346033016,0.14037354427671345,0.42981322786164317,0.0,Normal,0.42981322786164317,0.0,0.5422929889141482,0.0,Normal,0.5422929889141482,0.0,0.6494586586354618,0.0,Medium,0.6494586586354618,0.0,0.37739463601532547,0.24521072796934892,Normal,0.37739463601532547,0.7533736300351959,0.12331318498240204,0.0,Low,0.7533736300351959,1,Acceptable
0.0,0.63467623568947,0.0,Normal,0.63467623568947,0.0,0.903099552137085,0.0,Normal,0.903099552137085,1.0,0.0,0.0,Dry,1.0,0.1823581167545012,0.4088209416227493,0.0,Normal,0.4088209416227493,0.05332319705359347,0.4733384014732031,0.0,Normal,0.4733384014732031,0.0,0.4017011434170665,0.19659771316586708,Normal,0.4017011434170665,0.0,0.7163661170205307,0.0,Normal,0.7163661170205307,0.0,0.6573565149904144,0.0,Medium,0.6573565149904144,1.0,0.0,0.0,Low,1.0,0.8368850233833951,0.08155748830830246,0.0,Low,0.8368850233833951,3,Acceptable
0.0,0.7847574229544755,0.0,Normal,0.7847574229544755,0.0,0.7733290482893538,0.0,Normal,0.7733290482893538,0.44428543590172154,0.27785728204913934,0.0,Dry,0.44428543590172154,0.8303181674191826,0.08484091629040869,0.0,Dry,0.8303181674191826,0.0,0.9520906701841869,0.0,Normal,0.9520906701841869,0.0,0.9534323165863368,0.0,Normal,0.9534323165863368,0.0,0.8372423827176467,0.0,Normal,0.8372423827176467,1.0,0.0,0.0,Low,1.0,0.24521072796934829,0.3773946360153258,0.0,Normal,0.3773946360153258,0.13199864415175674,0.43400067792412156,0.0,Normal,0.43400067792412156,3,Good
0.8334187461486339,0.08329062692568312,0.0,Cold,0.8334187461486339,0.0,0.6037481840070708,0.0,Normal,0.6037481840070708,0.0,0.8155593077073154,0.0,Normal,0.8155593077073154,0.0,0.933374620198383,0.0,Normal,0.933374620198383,1.0,0.0,0.0,Low,1.0,0.0,0.957139954643826,0.0,Normal,0.957139954643826,0.0,0.745587480875226,0.0,Normal,0.745587480875226,0.0,0.7432738690711428,0.0,Medium,0.7432738690711428,0.6283524904214557,0.1858237547892721,0.0,Low,0.6283524904214557,0.542873087207149,0.22856345639642545,0.0,Low,0.542873087207149,0,Poor
0.39069609381192283,0.30465195309403875,0.0,Cold,0.39069609381192283,0.0,0.983775166598933,0.0,Normal,0.983775166598933,0.0,0.6664830280028686,0.0,Normal,0.6664830280028686,0.0,0.7292979644259809,0.0,Normal,0.7292979644259809,0.0,0.7216883845666674,0.0,Normal,0.7216883845666674,0.0,0.6992393838299867,0.0,Normal,0.6992393838299867,0.0,0.73901948506834,0.0,Normal,0.73901948506834,1.0,0.0,0.0,Low,1.0,0.436781609195402,0.28160919540229895,0.0,Low,0.436781609195402,0.18180210495766888,0.4090989475211655,0.0,Normal,0.4090989475211655,3,Acceptable
0.37735663423698923,0.3113216828815055,0.0,Cold,0.37735663423698923,0.0,0.9655109772367368,0.0,Normal,0.9655109772367368,0.9773334088709021,0.011333295564548937,0.0,Dry,0.9773334088709021,1.0,0.0,0.0,Dry,1.0,1.0,0.0,0.0,Low,1.0,0.0,0.6912735231689218,0.0,Normal,0.6912735231689218,0.0,0.11588452220533371,0.7682309555893326,High,0.7682309555893326,0.3245621237368866,0.3377189381315567,0.0,Medium,0.3377189381315567,0.0,0.5689655172413794,0.0,Normal,0.5689655172413794,0.2388325014345427,0.3805837492827286,0.0,Normal,0.3805837492827286,3,Acceptable
0.6761162944309261,0.16194185278453704,0.0,Cold,0.6761162944309261,0.0,0.6985576874720153,0.0,Normal,0.6985576874720153,0.0,0.6088377095476649,0.0,Normal,0.6088377095476649,0.0,0.9364057946083685,0.0,Normal,0.9364057946083685,0.0,0.8516785921973491,0.0,Normal,0.8516785921973491,0.10824481623521236,0.4458775918823937,0.0,Normal,0.4458775918823937,0.0,0.6555083517082851,0.0,Normal,0.6555083517082851,0.1458746020988942,0.4270626989505528,0.0,Medium,0.4270626989505528,1.0,0.0,0.0,Low,1.0,0.0,0.767056425876621,0.0,Normal,0.767056425876621,0,Poor
0.0,0.6497942494022261,0.0,Normal,0.6497942494022261,0.0,0.8190223241702462,0.0,Normal,0.8190223241702462,0.11700638669358031,0.44149680665321,0.0,Normal,0.44149680665321,0.0,0.5689671294497852,0.0,Normal,0.5689671294497852,0.5659526288832997,0.21702368555835008,0.0,Low,0.5659526288832997,0.0,0.9582647781882677,0.0,Normal,0.9582647781882677,0.0,0.8361234308184822,0.0,Normal,0.8361234308184822,1.0,0.0,0.0,Low,1.0,0.0,0.090038314176245,0.81992337164751,High,0.81992337164751,0.09097315826475033,0.45451342086762475,0.0,Normal,0.45451342086762475,3,Good
0.12056955717419462,0.4397152214129029,0.0,Normal,0.4397152214129029,0.07215699697561524,0.46392150151219225,0.0,Normal,0.46392150151219225,0.0,0.9452788690371103,0.0,Normal,0.9452788690371103,0.0,0.9753361932665039,0.0,Normal,0.9753361932665039,0.0,0.5546061081044746,0.0,Normal,0.5546061081044746,0.5010504615363488,0.24947476923182552,0.0,Low,0.5010504615363488,0.0,0.5960768174725528,0.0,Normal,0.5960768174725528,0.0,0.49744228321471456,0.005115433570571348,Medium,0.49744228321471456,0.0,0.0,1.0,High,1.0,0.0,0.9888020565578761,0.0,Normal,0.9888020565578761,1,Acceptable
0.0,0.12822336438283066,0.7435532712343383,Hot,0.7435532712343383,0.0,0.797887350893401,0.0,Normal,0.797887350893401,0.0,0.9110519832914777,0.0,Normal,0.9110519832914777,0.0,0.8700745735702057,0.0,Normal,0.8700745735702057,0.0,0.6334572037055443,0.0,Normal,0.6334572037055443,0.15270951617417014,0.4236452419129148,0.0,Normal,0.4236452419129148,0.0,0.5266166970194625,0.0,Normal,0.5266166970194625,0.0,0.7657100202928192,0.0,Medium,0.7657100202928192,0.0,0.9521072796934864,0.0,Normal,0.9521072796934864,0.0,0.5483057139395866,0.0,Normal,0.5483057139395866,1,Poor
0.0,0.48744850608124635,0.02510298783750627,Normal,0.48744850608124635,0.0,0.8701959035036526,0.0,Normal,0.8701959035036526,0.0,0.7894129808450163,0.0,Normal,0.7894129808450163,0.0,0.5870889321549505,0.0,Normal,0.5870889321549505,0.4280648603491306,0.28596756982543464,0.0,Low,0.4280648603491306,0.0,0.8296021747903184,0.0,Normal,0.8296021747903184,0.0,0.5776653754486962,0.0,Normal,0.5776653754486962,0.7253698485836061,0.1373150757081969,0.0,Low,0.7253698485836061,0.0,0.9521072796934864,0.0,Normal,0.9521072796934864,0.14959424973175933,0.4252028751341203,0.0,Normal,0.4252028751341203,3,Good
0.0,0.8167292496649907,0.0,Normal,0.8167292496649907,0.0,0.5732393272876932,0.0,Normal,0.5732393272876932,0.0,0.16815268800383285,0.663694623992334,Wet,0.663694623992334,0.0,0.2617206007408853,0.47655879851822963,Wet,0.47655879851822963,0.708709389554405,0.14564530522279745,0.0,Low,0.708709389554405,0.0,0.6484673937031447,0.0,Normal,0.6484673937031447,0.0,0.663841445619981,0.0,Normal,0.663841445619981,0.0,0.5296421554029909,0.0,Medium,0.5296421554029909,0.0,0.2816091954022987,0.4367816091954026,High,0.4367816091954026,0.0,0.9995726310768285,0.0,Normal,0.9995726310768285,0,Acceptable
0.0,0.833177408285119,0.0,Normal,0.833177408285119,0.49669759200701274,0.25165120399649354,0.0,Cold,0.49669759200701274,0.0,0.5481501898958848,0.0,Normal,0.5481501898958848,0.0,0.04387752751557617,0.9122449449688477,Wet,0.9122449449688477,0.0,0.5406456398204222,0.0,Normal,0.5406456398204222,0.4535477406994247,0.2732261296502876,0.0,Low,0.4535477406994247,0.0,0.4336959577384269,0.13260808452314649,Normal,0.4336959577384269,0.3865952044869255,0.3067023977565372,0.0,Low,0.3865952044869255,0.0,0.7605363984674332,0.0,Normal,0.7605363984674332,0.0,0.5355424828413996,0.0,Normal,0.5355424828413996,1,Acceptable
0.0,0.7593519586994794,0.0,Normal,0.7593519586994794,0.0,0.8978621772283235,0.0,Normal,0.8978621772283235,0.0,0.0,1.0,Wet,1.0,0.0,0.20142642420490606,0.597147151590188,Wet,0.597147151590188,0.0,0.5840113758010759,0.0,Normal,0.5840113758010759,0.9438687114769616,0.02806564426151918,0.0,Low,0.9438687114769616,0.0,0.9269307331208937,0.0,Normal,0.9269307331208937,0.06440284666541395,0.46779857666729296,0.0,Medium,0.46779857666729296,0.0,0.090038314176245,0.81992337164751,High,0.81992337164751,0.0,0.7018277989258884,0.0,Normal,0.7018277989258884,1,Acceptable
0.0,0.6069751563102584,0.0,Normal,0.6069751563102584,0.0,0.11463919544546328,0.7707216091090734,Hot,0.7707216091090734,0.0,0.826126856781531,0.0,Normal,0.826126856781531,0.0,0.5095919706062036,0.0,Normal,0.5095919706062036,0.0,0.5369128674932201,0.0,Normal,0.5369128674932201,0.0,0.8886428516852126,0.0,Normal,0.8886428516852126,0.38585735469814353,0.30707132265092824,0.0,Low,0.38585735469814353,1.0,0.0,0.0,Low,1.0,0.0,0.952107279693487,0.0,Normal,0.952107279693487,0.0,0.516866303392327,0.0,Normal,0.516866303392327,3,Acceptable
0.03542182363216897,0.4822890881839158,0.0,Normal,0.4822890881839158,0.0,0.8798399687830507,0.0,Normal,0.8798399687830507,0.7766566958234093,0.11167165208829535,0.0,Dry,0.7766566958234093,0.8639671230151132,0.06801643849244335,0.0,Dry,0.8639671230151132,0.0,0.9407385046141146,0.0,Normal,0.9407385046141146,0.0,0.6799801407672988,0.0,Normal,0.6799801407672988,0.0,0.9068557547030246,0.0,Normal,0.9068557547030246,0.997413705731671,0.001293147134164534,0.0,Low,0.997413705731671,0.0,0.8563218390804601,0.0,Normal,0.8563218390804601,0.2390920859789284,0.38045395701053575,0.0,Normal,0.38045395701053575,0,Acceptable
0.0,0.45987080299939753,0.0802583940012039,Normal,0.45987080299939753,0.0,0.5603237194416065,0.0,Normal,0.5603237194416065,0.0,0.9846265194007536,0.0,Normal,0.9846265194007536,0.0,0.8775591557352771,0.0,Normal,0.8775591557352771,0.5768058838431516,0.21159705807842416,0.0,Low,0.5768058838431516,0.0,0.2545575098847555,0.49088498023048893,High,0.49088498023048893,0.0,0.9578090713327123,0.0,Normal,0.9578090713327123,0.716707477687814,0.14164626115609302,0.0,Low,0.716707477687814,0.0,0.7605363984674332,0.0,Normal,0.7605363984674332,0.06847666786521311,0.4657616660673934,0.0,Normal,0.4657616660673934,3,Good
0.0,0.6444059446963675,0.0,Normal,0.6444059446963675,0.0,0.7401842342857037,0.0,Normal,0.7401842342857037,0.0,0.0,1.0,Wet,1.0,0.0,0.0,1.0,Wet,1.0,0.0,0.9034183573023183,0.0,Normal,0.9034183573023183,0.970071341192086,0.014964329403956962,0.0,Low,0.970071341192086,0.0,0.8134243556273846,0.0,Normal,0.8134243556273846,0.0,0.8606317544901521,0.0,Medium,0.8606317544901521,0.0,0.7605363984674328,0.0,Normal,0.7605363984674328,0.0,0.8527146846494174,0.0,Normal,0.8527146846494174,2,Poor
0.0,0.6002453542566719,0.0,Normal,0.6002453542566719,0.0,0.8908243269062281,0.0,Normal,0.8908243269062281,0.0,0.6693489552365585,0.0,Normal,0.6693489552365585,0.0,0.6964035138564372,0.0,Normal,0.6964035138564372,0.0,0.925004982646477,0.0,Normal,0.925004982646477,0.0,0.9314126445061375,0.0,Normal,0.9314126445061375,0.0,0.7902838216190873,0.0,Normal,0.7902838216190873,1.0,0.0,0.0,Low,1.0,0.0,0.9521072796934864,0.0,Normal,0.9521072796934864,0.16159038771319198,0.41920480614340394,0.0,Normal,0.41920480614340394,0,Acceptable
0.0,0.8859509992144757,0.0,Normal,0.8859509992144757,0.0,0.7539461168132827,0.0,Normal,0.7539461168132827,0.5671533224372545,0.21642333878137285,0.0,Dry,0.5671533224372545,0.13274011002011196,0.43362994498994384,0.0,Normal,0.43362994498994384,0.0,0.9568511691424608,0.0,Normal,0.9568511691424608,0.0,0.8974895270753165,0.0,Normal,0.8974895270753165,0.0,0.5014312460023926,0.0,Normal,0.5014312460023926,0.0,0.7926072176351043,0.0,Medium,0.7926072176351043,1.0,0.0,0.0,Low,1.0,0.20187231697471988,0.39906384151264,0.0,Normal,0.39906384151264,0,Acceptable
0.0,0.8428014628723182,0.0,Normal,0.8428014628723182,0.0,0.7503909453666984,0.0,Normal,0.7503909453666984,0.0,0.7360780805098934,0.0,Normal,0.7360780805098934,0.0,0.7970768224869582,0.0,Normal,0.7970768224869582,0.3942800986104147,0.30285995069479255,0.0,Low,0.3942800986104147,0.0,0.5384471667942375,0.0,Normal,0.5384471667942375,0.0,0.9485395951267693,0.0,Normal,0.9485395951267693,0.0,0.5159208478886461,0.0,Medium,0.5159208478886461,0.24521072796934829,0.3773946360153258,0.0,Normal,0.3773946360153258,0.5075087734390146,0.2462456132804927,0.0,Low,0.5075087734390146,1,Acceptable
0.0,0.853590615463616,0.0,Normal,0.853590615463616,0.0,0.7268080676253396,0.0,Normal,0.7268080676253396,0.0,0.7774160921611476,0.0,Normal,0.7774160921611476,0.0,0.8173695586788803,0.0,Normal,0.8173695586788803,0.0,0.6978327058212452,0.0,Normal,0.6978327058212452,0.0,0.7689940613254507,0.0,Normal,0.7689940613254507,0.0,0.9047522799416997,0.0,Normal,0.9047522799416997,0.0,0.387599407573854,0.22480118485229228,Medium,0.387599407573854,0.0,0.952107279693487,0.0,Normal,0.952107279693487,0.22648427540839952,0.38675786229580017,0.0,Normal,0.38675786229580017,0,Acceptable
0.0,0.7112474666105949,0.0,Normal,0.7112474666105949,0.0,0.45439214004763107,0.0912157199047376,Normal,0.45439214004763107,0.0,0.9756938974665492,0.0,Normal,0.9756938974665492,0.0,0.7210428408049186,0.0,Normal,0.7210428408049186,1.0,0.0,0.0,Low,1.0,0.0,0.0,1.0,High,1.0,0.0,0.8157905213237209,0.0,Normal,0.8157905213237209,0.0,0.9902624421422641,0.0,Medium,0.9902624421422641,0.0,0.090038314176245,0.81992337164751,High,0.81992337164751,0.11338072619820733,0.44330963690089625,0.0,Normal,0.44330963690089625,3,Good
0.0,0.8739716909954747,0.0,Normal,0.8739716909954747,0.15816851627227643,0.42091574186386166,0.0,Normal,0.42091574186386166,0.0,0.94147719773011,0.0,Normal,0.94147719773011,0.0,0.9557494334682173,0.0,Normal,0.9557494334682173,0.0,0.7098464833735383,0.0,Normal,0.7098464833735383,0.0,0.6938112445388833,0.0,Normal,0.6938112445388833,0.0,0.9888735938349462,0.0,Normal,0.9888735938349462,1.0,0.0,0.0,Low,1.0,0.0,0.0,1.0,High,1.0,0.0,0.8064516135319301,0.0,Normal,0.8064516135319301,0,Acceptable
0.0,0.4994324069881433,0.0011351860237123828,Normal,0.4994324069881433,0.0,0.8678017358076572,0.0,Normal,0.8678017358076572,0.0,0.8005930472693898,0.0,Normal,0.8005930472693898,0.0,0.6886359946686647,0.0,Normal,0.6886359946686647,0.0,0.5325709715015394,0.0,Normal,0.5325709715015394,0.09140781339029182,0.454296093304854,0.0,Normal,0.454296093304854,0.0,0.9371690998749707,0.0,Normal,0.9371690998749707,1.0,0.0,0.0,Low,1.0,0.0,0.0,1.0,High,1.0,0.0,0.6476157523802012,0.0,Normal,0.6476157523802012,3,Good
0.16327474279316478,0.41836262860341783,0.0,Normal,0.41836262860341783,0.0,0.7133670168035128,0.0,Normal,0.7133670168035128,0.0,0.801091009632826,0.0,Normal,0.801091009632826,0.0,0.9963471920980451,0.0,Normal,0.9963471920980451,0.833966017804983,0.08301699109750844,0.0,Low,0.833966017804983,0.0,0.0,1.0,High,1.0,0.0,0.5742583222562212,0.0,Normal,0.5742583222562212,1.0,0.0,0.0,Low,1.0,1.0,0.0,0.0,Low,1.0,0.04730738968459917,0.4763463051577004,0.0,Normal,0.4763463051577004,3,Good
0.0,0.6643398461297464,0.0,Normal,0.6643398461297464,0.0,0.6915784095718256,0.0,Normal,0.6915784095718256,0.0,0.9822618799667109,0.0,Normal,0.9822618799667109,0.0,0.8494050847112438,0.0,Normal,0.8494050847112438,0.0,0.6771661535791467,0.0,Normal,0.6771661535791467,0.13631533344793767,0.43184233327603105,0.0,Normal,0.43184233327603105,0.0,0.802803810506372,0.0,Normal,0.802803810506372,0.0,0.7766234136018225,0.0,Medium,0.7766234136018225,0.0,0.090038314176245,0.81992337164751,High,0.81992337164751,0.17188592700887492,0.41405703649556247,0.0,Normal,0.41405703649556247,0,Good
0.0,0.5156617412343008,0.0,Normal,0.5156617412343008,0.0,0.9270553440900866,0.0,Normal,0.9270553440900866,0.0,0.3582367550870698,0.2835264898258597,Normal,0.3582367550870698,0.0,0.17539785441945832,0.6492042911610835,Wet,0.6492042911610835,0.0,0.396723837017429,0.20655232596514195,Normal,0.396723837017429,1.0,0.0,0.0,Low,1.0,0.0,0.7665839984333084,0.0,Normal,0.7665839984333084,0.0,0.2787759601419654,0.44244807971606953,High,0.44244807971606953,0.0,0.2816091954022987,0.4367816091954026,High,0.4367816091954026,0.0,0.7237820241134904,0.0,Normal,0.7237820241134904,2,Poor
0.0,0.5482103465305941,0.0,Normal,0.5482103465305941,0.0,0.6853904756859013,0.0,Normal,0.6853904756859013,0.0,0.4866380836060883,0.026723832787822473,Normal,0.4866380836060883,0.0,0.3257483615852876,0.3485032768294251,Wet,0.3485032768294251,0.0,0.9771003958270907,0.0,Normal,0.9771003958270907,0.0,0.8059443842640306,0.0,Normal,0.8059443842640306,0.0,0.7580208309281382,0.0,Normal,0.7580208309281382,0.0,0.8818530650356358,0.0,Medium,0.8818530650356358,0.0,0.664750957854406,0.0,Normal,0.664750957854406,0.0,0.9040951130686383,0.0,Normal,0.9040951130686383,0,Acceptable
0.0,0.925687181331055,0.0,Normal,0.925687181331055,0.9399664058843687,0.03001679705781561,0.0,Cold,0.9399664058843687,0.0,0.6898920442264874,0.0,Normal,0.6898920442264874,0.0,0.7438291554305223,0.0,Normal,0.7438291554305223,0.9219194911775003,0.03904025441124985,0.0,Low,0.9219194911775003,0.0,0.36752082535023595,0.26495834929952805,Normal,0.36752082535023595,0.0,0.2967672431899277,0.40646551362014477,High,0.40646551362014477,0.0,0.6952837236041878,0.0,Medium,0.6952837236041878,0.6283524904214557,0.1858237547892721,0.0,Low,0.6283524904214557,0.0,0.3041800718776468,0.3916398562447065,High,0.3916398562447065,3,Acceptable
0.0,0.7885496244451535,0.0,Normal,0.7885496244451535,0.0,0.6229443972470232,0.0,Normal,0.6229443972470232,0.0,0.4425477347962393,0.1149045304075205,Normal,0.4425477347962393,0.0,0.11348981603733167,0.7730203679253368,Wet,0.7730203679253368,0.0,0.9932414326850122,0.0,Normal,0.9932414326850122,1.0,0.0,0.0,Low,1.0,0.0,0.8267092110854897,0.0,Normal,0.8267092110854897,0.0,0.8425536229765801,0.0,Medium,0.8425536229765801,0.0,0.090038314176245,0.81992337164751,High,0.81992337164751,1.0,0.0,0.0,Low,1.0,1,Acceptable
0.0,0.9577746844724091,0.0,Normal,0.9577746844724091,0.0,0.5832935251704117,0.0,Normal,0.5832935251704117,0.0,0.9612567883136337,0.0,Normal,0.9612567883136337,0.0,0.9244579329347681,0.0,Normal,0.9244579329347681,0.0,0.7670559752818816,0.0,Normal,0.7670559752818816,0.37745047904380113,0.3112747604780993,0.0,Low,0.37745047904380113,0.0,0.711121641502241,0.0,Normal,0.711121641502241,0.0,0.5631897267967373,0.0,Medium,0.5631897267967373,0.0,0.7605363984674328,0.0,Normal,0.7605363984674328,0.0,0.6058275016683317,0.0,Normal,0.6058275016683317,1,Acceptable
0.21227583394201766,0.3938620830289914,0.0,Normal,0.3938620830289914,0.0,0.744551720001371,0.0,Normal,0.744551720001371,0.0,0.972925014598695,0.0,Normal,0.972925014598695,0.0,0.761558715491717,0.0,Normal,0.761558715491717,0.0,0.6434154645623013,0.0,Normal,0.6434154645623013,0.7464596020503115,0.1267701989748442,0.0,Low,0.7464596020503115,0.0,0.9274329883755376,0.0,Normal,0.9274329883755376,0.0,0.6045572708097836,0.0,Medium,0.6045572708097836,0.0,0.0,1.0,High,1.0,0.0,0.5146801623057922,0.0,Normal,0.5146801623057922,0,Acceptable
0.0,0.7224571923768416,0.0,Normal,0.7224571923768416,0.0,0.9066436230780137,0.0,Normal,0.9066436230780137,0.0,0.9891904837923684,0.0,Normal,0.9891904837923684,0.0,0.7105014199694017,0.0,Normal,0.7105014199694017,0.0,0.5398216186012575,0.0,Normal,0.5398216186012575,0.0,0.5969195516240845,0.0,Normal,0.5969195516240845,0.21332975273572238,0.3933351236321388,0.0,Normal,0.3933351236321388,0.005078435268065436,0.4974607823659672,0.0,Medium,0.4974607823659672,0.0,0.952107279693487,0.0,Normal,0.952107279693487,0.3462243693659799,0.32688781531701,0.0,Low,0.3462243693659799,0,Acceptable
0.0,0.6065089483363768,0.0,Normal,0.6065089483363768,0.0,0.7867778674999468,0.0,Normal,0.7867778674999468,0.0,0.8859489620788248,0.0,Normal,0.8859489620788248,0.0,0.8177817221639402,0.0,Normal,0.8177817221639402,0.09604685663729634,0.4519765716813517,0.0,Normal,0.4519765716813517,0.0,0.6843480315895887,0.0,Normal,0.6843480315895887,0.0,0.60305133527246,0.0,Normal,0.60305133527246,0.0,0.943918927794816,0.0,Medium,0.943918927794816,0.8199233716475094,0.09003831417624526,0.0,Low,0.8199233716475094,0.2954683176597361,0.3522658411701319,0.0,Normal,0.3522658411701319,0,Good
0.0,0.7073229456491938,0.0,Normal,0.7073229456491938,0.0,0.6401354265939906,0.0,Normal,0.6401354265939906,0.0,0.7066179504969167,0.0,Normal,0.7066179504969167,0.0,0.8760308181099797,0.0,Normal,0.8760308181099797,0.0,0.5410986273256616,0.0,Normal,0.5410986273256616,0.0,0.8682614082174569,0.0,Normal,0.8682614082174569,0.0,0.5087367168090912,0.0,Normal,0.5087367168090912,0.05244887505970515,0.47377556247014735,0.0,Medium,0.47377556247014735,0.0,0.0,1.0,High,1.0,0.0,0.8942650906994781,0.0,Normal,0.8942650906994781,3,Good
0.0,0.5976806054297332,0.0,Normal,0.5976806054297332,0.0,0.47490028612458673,0.05019942775082623,Normal,0.47490028612458673,0.0,0.7737094024580992,0.0,Normal,0.7737094024580992,0.0,0.9886825497376881,0.0,Normal,0.9886825497376881,0.37215016707744186,0.31392491646127896,0.0,Low,0.37215016707744186,0.0,0.2810887563144028,0.43782248737119445,High,0.43782248737119445,0.0,0.61401630241376,0.0,Normal,0.61401630241376,0.0,0.8775557873494976,0.0,Medium,0.8775557873494976,0.0,0.5689655172413791,0.0,Normal,0.5689655172413791,0.0,0.8109119583686328,0.0,Normal,0.8109119583686328,3,Good
0.49973136087233694,0.25013431956383164,0.0,Cold,0.49973136087233694,0.7272979340115198,0.1363510329942401,0.0,Cold,0.7272979340115198,0.0,0.9983562861788902,0.0,Normal,0.9983562861788902,0.0,0.998825072248841,0.0,Normal,0.998825072248841,0.22985716505317286,0.38507141747341345,0.0,Normal,0.38507141747341345,0.0,0.7047932031242312,0.0,Normal,0.7047932031242312,0.0,0.8468966549074097,0.0,Normal,0.8468966549074097,0.0,0.5639405014479109,0.0,Medium,0.5639405014479109,0.0,0.664750957854406,0.0,Normal,0.664750957854406,0.0,0.8398473251310309,0.0,Normal,0.8398473251310309,0,Poor
0.0,0.2986779824616769,0.40264403507664553,Hot,0.40264403507664553,0.0,0.7290634942329574,0.0,Normal,0.7290634942329574,0.21911020122620423,0.390444899386898,0.0,Normal,0.390444899386898,0.16112709993896634,0.41943645003051666,0.0,Normal,0.41943645003051666,1.0,0.0,0.0,Low,1.0,0.0,0.3206119972900694,0.3587760054198612,High,0.3587760054198612,0.0,0.9088261199138417,0.0,Normal,0.9088261199138417,0.0,0.9467198616805051,0.0,Medium,0.9467198616805051,0.0,0.7605363984674332,0.0,Normal,0.7605363984674332,0.312630479500715,0.34368476024964245,0.0,Normal,0.34368476024964245,3,Acceptable
0.0,0.8932384200775801,0.0,Normal,0.8932384200775801,0.0,0.9350847937845885,0.0,Normal,0.9350847937845885,0.0,0.7279274272888677,0.0,Normal,0.7279274272888677,0.0,0.5939362713264253,0.0,Normal,0.5939362713264253,0.0,0.5776858702763157,0.0,Normal,0.5776858702763157,0.5011159485771658,0.24944202571141702,0.0,Low,0.5011159485771658,0.0,0.12193942477485627,0.7561211504502875,High,0.7561211504502875,0.0,0.23248904143571011,0.53502191712858,High,0.53502191712858,0.0,0.5689655172413791,0.0,Normal,0.5689655172413791,0.0,0.6403850799138902,0.0,Normal,0.6403850799138902,1,Acceptable
0.0,0.8977106426076131,0.0,Normal,0.8977106426076131,0.0,0.049463481724685086,0.9010730365506298,Hot,0.9010730365506298,0.0,0.5399277213631728,0.0,Normal,0.5399277213631728,0.0,0.5226110709663047,0.0,Normal,0.5226110709663047,0.0,0.4003858538502521,0.1992282922994958,Normal,0.4003858538502521,1.0,0.0,0.0,Low,1.0,0.0,0.6046712193811972,0.0,Normal,0.6046712193811972,0.0,0.3631843128762377,0.27363137424752493,Medium,0.3631843128762377,0.0,0.952107279693487,0.0,Normal,0.952107279693487,0.0,0.3788709653545495,0.24225806929090105,Normal,0.3788709653545495,2,Poor
0.0,0.2553502715022769,0.48929945699544564,Hot,0.48929945699544564,0.2560277997264504,0.3719861001367747,0.0,Normal,0.3719861001367747,0.0,0.9723433866856569,0.0,Normal,0.9723433866856569,0.0,0.7076929671591906,0.0,Normal,0.7076929671591906,0.0,0.7525350056802371,0.0,Normal,0.7525350056802371,0.0,0.8180922657826663,0.0,Normal,0.8180922657826663,0.0,0.3265538543976624,0.3468922912046755,High,0.3468922912046755,0.0,0.5719481530643679,0.0,Medium,0.5719481530643679,0.436781609195402,0.28160919540229895,0.0,Low,0.436781609195402,0.0,0.029539075247596316,0.9409218495048074,High,0.9409218495048074,3,Acceptable
0.33273635602445506,0.33363182198777264,0.0,Normal,0.33363182198777264,0.0,0.9893439525789003,0.0,Normal,0.9893439525789003,0.0,0.9248496154596207,0.0,Normal,0.9248496154596207,0.0,0.5165898664204333,0.0,Normal,0.5165898664204333,0.9426290080698245,0.028685495965087748,0.0,Low,0.9426290080698245,0.0,0.953363204544042,0.0,Normal,0.953363204544042,0.0,0.3283168043968465,0.34336639120630713,High,0.34336639120630713,0.0,0.6347106145463499,0.0,Medium,0.6347106145463499,0.24521072796934829,0.3773946360153258,0.0,Normal,0.3773946360153258,0.0,0.513064783485358,0.0,Normal,0.513064783485358,0,Acceptable
0.0,0.6487904779552962,0.0,Normal,0.6487904779552962,0.0,0.34296362404681696,0.31407275190636585,Normal,0.34296362404681696,0.5540563977050168,0.22297180114749166,0.0,Dry,0.5540563977050168,0.0,0.7379246281612719,0.0,Normal,0.7379246281612719,0.0,0.6877154520450609,0.0,Normal,0.6877154520450609,0.0,0.6169248553606571,0.0,Normal,0.6169248553606571,0.0,0.5665358116878855,0.0,Normal,0.5665358116878855,0.0,0.5169831350529188,0.0,Medium,0.5169831350529188,0.0,0.7605363984674328,0.0,Normal,0.7605363984674328,0.0,0.6601812938203895,0.0,Normal,0.6601812938203895,3,Good
0.0,0.7580340886155573,0.0,Normal,0.7580340886155573,0.0,0.7638642670632075,0.0,Normal,0.7638642670632075,0.0,0.7759733692841959,0.0,Normal,0.7759733692841959,0.0,0.9422893587421308,0.0,Normal,0.9422893587421308,0.0,0.977112487895155,0.0,Normal,0.977112487895155,0.0,0.5500301626813915,0.0,Normal,0.5500301626813915,0.0,0.6230818934147246,0.0,Normal,0.6230818934147246,0.0,0.5515893299454899,0.0,Medium,0.5515893299454899,1.0,0.0,0.0,Low,1.0,0.0,0.6449689638940673,0.0,Normal,0.6449689638940673,0,Acceptable
0.4962940674437668,0.25185296627811676,0.0,Cold,0.4962940674437668,0.0,0.9281738647429086,0.0,Normal,0.9281738647429086,0.11763460006106898,0.44118269996946563,0.0,Normal,0.44118269996946563,0.0,0.6852549009457923,0.0,Normal,0.6852549009457923,0.0,0.7953222411087898,0.0,Normal,0.7953222411087898,0.0,0.7625310452002123,0.0,Normal,0.7625310452002123,0.11612486966779119,0.4419375651661044,0.0,Normal,0.4419375651661044,0.0,0.9418074725849207,0.0,Medium,0.9418074725849207,0.0,0.7605363984674332,0.0,Normal,0.7605363984674332,0.0047578808563821205,0.49762105957180885,0.0,Normal,0.49762105957180885,0,Acceptable
0.0,0.449878011639468,0.100243976721063,Normal,0.449878011639468,0.0,0.3679020939700632,0.2641958120598734,Normal,0.3679020939700632,0.4184128286268715,0.2907935856865643,0.0,Dry,0.4184128286268715,0.0,0.8621389820907895,0.0,Normal,0.8621389820907895,0.0,0.8606462554912723,0.0,Normal,0.8606462554912723,0.0,0.6806471578301617,0.0,Normal,0.6806471578301617,0.31208248282707535,0.3439587585864623,0.0,Normal,0.3439587585864623,0.0,0.9694668932150245,0.0,Medium,0.9694668932150245,1.0,0.0,0.0,Low,1.0,0.4756613129574658,0.2621693435212671,0.0,Low,0.4756613129574658,0,Acceptable
0.0,0.7914441275638135,0.0,Normal,0.7914441275638135,0.0,0.24001588259101533,0.5199682348179693,Hot,0.5199682348179693,0.0,0.6418817309429901,0.0,Normal,0.6418817309429901,0.0,0.7481114142926496,0.0,Normal,0.7481114142926496,0.0,0.5389324406372665,0.0,Normal,0.5389324406372665,0.0,0.8862662393272629,0.0,Normal,0.8862662393272629,0.018379900873087857,0.4908100495634561,0.0,Normal,0.4908100495634561,0.0,0.8305746116864564,0.0,Medium,0.8305746116864564,0.0,0.9521072796934864,0.0,Normal,0.9521072796934864,0.0,0.9378006187053856,0.0,Normal,0.9378006187053856,3,Acceptable
0.0,0.8497013990611197,0.0,Normal,0.8497013990611197,0.0,0.8706327377734929,0.0,Normal,0.8706327377734929,0.6837964921901103,0.15810175390494488,0.0,Dry,0.6837964921901103,0.0,0.5732875046669785,0.0,Normal,0.5732875046669785,0.29734742346461845,0.3513262882676907,0.0,Normal,0.3513262882676907,0.0,0.8445587247985479,0.0,Normal,0.8445587247985479,0.0,0.5833120458931264,0.0,Normal,0.5833120458931264,0.0,0.1260358524558886,0.7479282950882229,High,0.7479282950882229,0.0,0.37739463601532547,0.24521072796934892,Normal,0.37739463601532547,0.11507350474321458,0.4424632476283927,0.0,Normal,0.4424632476283927,3,Good
0.0,0.9861480168542652,0.0,Normal,0.9861480168542652,0.0,0.5917663894901021,0.0,Normal,0.5917663894901021,0.0,0.4871876492404158,0.02562470151916743,Normal,0.4871876492404158,0.0,0.2160038497115955,0.5679923005768092,Wet,0.5679923005768092,0.21403094274008302,0.39298452862995836,0.0,Normal,0.39298452862995836,0.0,0.7876774297702932,0.0,Normal,0.7876774297702932,0.0,0.1456195514390832,0.7087608971218338,High,0.7087608971218338,0.0,0.9970636839353689,0.0,Medium,0.9970636839353689,0.0,0.664750957854406,0.0,Normal,0.664750957854406,0.0,0.5090389581627708,0.0,Normal,0.5090389581627708,3,Good
0.44393612152019446,0.27803193923990294,0.0,Cold,0.44393612152019446,0.0,0.5739998709354939,0.0,Normal,0.5739998709354939,0.0,0.9703880186560836,0.0,Normal,0.9703880186560836,0.0,0.9928228618981618,0.0,Normal,0.9928228618981618,0.5326966556291008,0.2336516721854495,0.0,Low,0.5326966556291008,0.0,0.4955141731383745,0.008971653723251009,Normal,0.4955141731383745,0.0,0.9558335788520969,0.0,Normal,0.9558335788520969,0.0,0.5034388577187349,0.0,Medium,0.5034388577187349,0.0,0.7605363984674332,0.0,Normal,0.7605363984674332,0.0,0.9800624892727464,0.0,Normal,0.9800624892727464,3,Acceptable
0.9841136808510756,0.007943159574462186,0.0,Cold,0.9841136808510756,0.9165895434937107,0.04170522825314463,0.0,Cold,0.9165895434937107,0.0,0.5019259330922569,0.0,Normal,0.5019259330922569,0.0,0.5569855093962488,0.0,Normal,0.5569855093962488,0.0,0.23781450838684287,0.5243709832263143,High,0.5243709832263143,0.06177258560587159,0.4691137071970641,0.0,Normal,0.4691137071970641,0.0,0.9912690524276196,0.0,Normal,0.9912690524276196,0.0,0.7840362574850733,0.0,Medium,0.7840362574850733,0.0,0.4731800766283523,0.05363984674329525,Normal,0.4731800766283523,0.0,0.9344715701049264,0.0,Normal,0.9344715701049264,0,Poor
1.0,0.0,0.0,Cold,1.0,0.16759356055205843,0.4162032197239707,0.0,Normal,0.4162032197239707,0.0,0.8672135979288335,0.0,Normal,0.8672135979288335,0.0,0.5165672756114924,0.0,Normal,0.5165672756114924,0.0,0.8218106308651104,0.0,Normal,0.8218106308651104,0.6646515874735869,0.1676742062632065,0.0,Low,0.6646515874735869,0.5449961734435814,0.2275019132782093,0.0,Low,0.5449961734435814,0.0,0.675575236025984,0.0,Medium,0.675575236025984,0.436781609195402,0.28160919540229895,0.0,Low,0.436781609195402,0.14343969074152085,0.4282801546292395,0.0,Normal,0.4282801546292395,1,Poor
0.3662245079787203,0.31688774601064,0.0,Cold,0.3662245079787203,0.29813404934439464,0.3509329753278026,0.0,Normal,0.3509329753278026,0.0,0.931742247381973,0.0,Normal,0.931742247381973,0.0,0.8360370305694468,0.0,Normal,0.8360370305694468,0.0,0.6188407721162117,0.0,Normal,0.6188407721162117,0.3438591737344721,0.32807041313276386,0.0,Low,0.3438591737344721,0.0,0.9954220535482888,0.0,Normal,0.9954220535482888,0.13603100495324252,0.43198449752337864,0.0,Medium,0.43198449752337864,0.0,0.8563218390804601,0.0,Normal,0.8563218390804601,0.0,0.8233996512514637,0.0,Normal,0.8233996512514637,0,Acceptable
0.0,0.2758470130767422,0.448305973846515,Hot,0.448305973846515,0.0,0.679586731864564,0.0,Normal,0.679586731864564,0.0,0.7669308858820978,0.0,Normal,0.7669308858820978,0.0,0.738442324158436,0.0,Normal,0.738442324158436,1.0,0.0,0.0,Low,1.0,0.0,0.5720726443033749,0.0,Normal,0.5720726443033749,0.0,0.7757955521175243,0.0,Normal,0.7757955521175243,0.0,0.6891662654489037,0.0,Medium,0.6891662654489037,0.0,0.2816091954022987,0.4367816091954026,High,0.4367816091954026,0.08502564457809501,0.45748717771095243,0.0,Normal,0.45748717771095243,3,Acceptable
0.0,0.3020194631514128,0.39596107369717376,Hot,0.39596107369717376,0.0,0.6618316497002841,0.0,Normal,0.6618316497002841,0.0,0.7382687127407513,0.0,Normal,0.7382687127407513,0.0,0.5153608380613037,0.0,Normal,0.5153608380613037,1.0,0.0,0.0,Low,1.0,0.0,0.4708453752869033,0.058309249426193435,Normal,0.4708453752869033,0.0,0.7366929383482657,0.0,Normal,0.7366929383482657,0.5647645249120252,0.21761773754398733,0.0,Low,0.5647645249120252,0.0,0.8563218390804601,0.0,Normal,0.8563218390804601,1.0,0.0,0.0,Low,1.0,3,Good
0.8078807813498755,0.09605960932506231,0.0,Cold,0.8078807813498755,0.0,0.7415918496465667,0.0,Normal,0.7415918496465667,0.0,0.9993554045700935,0.0,Normal,0.9993554045700935,0.0,0.7241004822069677,0.0,Normal,0.7241004822069677,0.0,0.5755887090565494,0.0,Normal,0.5755887090565494,0.7027838761108602,0.14860806194456982,0.0,Low,0.7027838761108602,0.0,0.689099410590995,0.0,Normal,0.689099410590995,0.0,0.35298006109038216,0.294039877819236,Medium,0.35298006109038216,0.0,0.5689655172413791,0.0,Normal,0.5689655172413791,0.18103347646355877,0.4094832617682206,0.0,Normal,0.4094832617682206,0,Poor
0.0,0.06681586485543571,0.8663682702891284,Hot,0.8663682702891284,0.0,0.9576872081242683,0.0,Normal,0.9576872081242683,0.0,0.6918839904042179,0.0,Normal,0.6918839904042179,0.0,0.9804179470417043,0.0,Normal,0.9804179470417043,0.0,0.6068038424203392,0.0,Normal,0.6068038424203392,0.14071782612261527,0.42964108693869224,0.0,Normal,0.42964108693869224,0.0,0.782681985804909,0.0,Normal,0.782681985804909,0.14206115893698604,0.4289694205315069,0.0,Medium,0.4289694205315069,0.0,0.090038314176245,0.81992337164751,High,0.81992337164751,0.0,0.8252321773187659,0.0,Normal,0.8252321773187659,1,Poor
0.0,0.9944423812431145,0.0,Normal,0.9944423812431145,0.0,0.0,1.0,Hot,1.0,0.0,0.9342891698989618,0.0,Normal,0.9342891698989618,0.0,0.9612754846234597,0.0,Normal,0.9612754846234597,1.0,0.0,0.0,Low,1.0,0.0,0.580633671275114,0.0,Normal,0.580633671275114,0.0,0.8882566380504987,0.0,Normal,0.8882566380504987,0.8751303889220775,0.06243480553896123,0.0,Low,0.8751303889220775,0.0,0.5689655172413794,0.0,Normal,0.5689655172413794,0.0,0.6489574236617817,0.0,Normal,0.6489574236617817,3,Acceptable
0.0,0.8753492239279275,0.0,Normal,0.8753492239279275,0.0,0.8498613969133167,0.0,Normal,0.8498613969133167,0.0,0.7209757939149253,0.0,Normal,0.7209757939149253,0.0,0.8243565698606523,0.0,Normal,0.8243565698606523,0.0,0.706905984870788,0.0,Normal,0.706905984870788,0.3146996930663441,0.34265015346682787,0.0,Normal,0.34265015346682787,0.0,0.6869545624582314,0.0,Normal,0.6869545624582314,0.5551159921794976,0.22244200391025118,0.0,Low,0.5551159921794976,0.0,0.37739463601532547,0.24521072796934892,Normal,0.37739463601532547,0.0,0.5912491113424618,0.0,Normal,0.5912491113424618,1,Acceptable
0.0,0.687150842518119,0.0,Normal,0.687150842518119,0.0,0.36340188553036845,0.27319622893926293,Normal,0.36340188553036845,0.0,0.809560626996867,0.0,Normal,0.809560626996867,0.0,0.7673715495385597,0.0,Normal,0.7673715495385597,0.3370495410476623,0.33147522947616875,0.0,Low,0.3370495410476623,0.0,0.8496205250208904,0.0,Normal,0.8496205250208904,0.3617794180786627,0.3191102909606686,0.0,Low,0.3617794180786627,0.0,0.8050487125303899,0.0,Medium,0.8050487125303899,0.0,0.6647509578544063,0.0,Normal,0.6647509578544063,0.0,0.5341804766609418,0.0,Normal,0.5341804766609418,0,Acceptable
0.0,0.547699544580651,0.0,Normal,0.547699544580651,0.0,0.7262142104169106,0.0,Normal,0.7262142104169106,0.6185361498860895,0.1907319250569553,0.0,Dry,0.6185361498860895,0.4204092130369237,0.28979539348153804,0.0,Dry,0.4204092130369237,0.4743778960453281,0.2628110519773359,0.0,Low,0.4743778960453281,0.0,0.9976506048091041,0.0,Normal,0.9976506048091041,0.0,0.9246842903423518,0.0,Normal,0.9246842903423518,0.0,0.5329619668906449,0.0,Medium,0.5329619668906449,0.0,0.7605363984674332,0.0,Normal,0.7605363984674332,0.17928951491527073,0.4103552425423646,0.0,Normal,0.4103552425423646,3,Acceptable
0.0,0.3670633896498369,0.2658732207003254,Normal,0.3670633896498369,0.0,0.6460149330909545,0.0,Normal,0.6460149330909545,0.0,0.3958288128524326,0.20834237429513403,Normal,0.3958288128524326,0.0,0.47714413775263087,0.04571172449473875,Normal,0.47714413775263087,0.0,0.9106174214673461,0.0,Normal,0.9106174214673461,1.0,0.0,0.0,Low,1.0,0.03894667049669572,0.4805266647516521,0.0,Normal,0.4805266647516521,0.24536282363255882,0.37731858818372055,0.0,Medium,0.37731858818372055,0.0,0.2816091954022987,0.4367816091954026,High,0.4367816091954026,0.0,0.41116999014459343,0.17766001971081313,Normal,0.41116999014459343,1,Acceptable
0.0,0.9447329278511767,0.0,Normal,0.9447329278511767,0.0,0.9336609828958204,0.0,Normal,0.9336609828958204,0.0,0.7035084374688262,0.0,Normal,0.7035084374688262,0.0,0.6409512392059028,0.0,Normal,0.6409512392059028,0.09608180736858093,0.4519590963157094,0.0,Normal,0.4519590963157094,0.0,0.5718697136861705,0.0,Normal,0.5718697136861705,0.0,0.6674269166066434,0.0,Normal,0.6674269166066434,0.0,0.8528484191374003,0.0,Medium,0.8528484191374003,1.0,0.0,0.0,Low,1.0,0.567062079862911,0.2164689600685445,0.0,Low,0.567062079862911,0,Acceptable
0.0,0.5685576489775664,0.0,Normal,0.5685576489775664,0.0,0.8094198128653078,0.0,Normal,0.8094198128653078,0.0,0.564528674299984,0.0,Normal,0.564528674299984,0.0,0.6909159143562006,0.0,Normal,0.6909159143562006,0.0,0.8659404245947169,0.0,Normal,0.8659404245947169,0.0,0.9706017908378386,0.0,Normal,0.9706017908378386,0.0,0.9196676524431068,0.0,Normal,0.9196676524431068,0.0,0.731639451588233,0.0,Medium,0.731639451588233,0.0,0.7605363984674332,0.0,Normal,0.7605363984674332,0.2075776148685131,0.3962111925657434,0.0,Normal,0.3962111925657434,3,Good
0.0,0.6518179937117208,0.0,Normal,0.6518179937117208,0.5939276031297873,0.20303619843510629,0.0,Cold,0.5939276031297873,0.0,0.3071986826302716,0.3856026347394562,Wet,0.3856026347394562,0.0,0.0,1.0,Wet,1.0,0.0,0.0,1.0,High,1.0,1.0,0.0,0.0,Low,1.0,1.0,0.0,0.0,Low,1.0,0.0,0.5748280650905319,0.0,Medium,0.5748280650905319,0.0,0.0,1.0,High,1.0,0.0,0.3717294763636686,0.25654104727266275,Normal,0.3717294763636686,1,Poor
0.0,0.9709941475819858,0.0,Normal,0.9709941475819858,0.0,0.7409176806024721,0.0,Normal,0.7409176806024721,0.0,0.9570318872750564,0.0,Normal,0.9570318872750564,0.0,0.6350641192375535,0.0,Normal,0.6350641192375535,0.0,0.6488186310141648,0.0,Normal,0.6488186310141648,0.0,0.5603248591869852,0.0,Normal,0.5603248591869852,0.0,0.8482798539812496,0.0,Normal,0.8482798539812496,0.0,0.2200097845931705,0.5599804308136592,High,0.5599804308136592,0.0,0.7605363984674332,0.0,Normal,0.7605363984674332,0.10940959539413436,0.44529520230293274,0.0,Normal,0.44529520230293274,0,Acceptable
0.0,0.2553660763400887,0.48926784731982204,Hot,0.48926784731982204,0.0,0.27326529793669474,0.45346940412661035,Hot,0.45346940412661035,0.0,0.9637950913628343,0.0,Normal,0.9637950913628343,0.0,0.7567736411648124,0.0,Normal,0.7567736411648124,0.0,0.8067427597078131,0.0,Normal,0.8067427597078131,0.0,0.9239357531367631,0.0,Normal,0.9239357531367631,0.0,0.8716584951755934,0.0,Normal,0.8716584951755934,0.33283743260189685,0.33358128369905155,0.0,Medium,0.33358128369905155,0.0,0.2816091954022987,0.4367816091954026,High,0.4367816091954026,0.0,0.5083354825419999,0.0,Normal,0.5083354825419999,3,Acceptable
0.0,0.9431304327422408,0.0,Normal,0.9431304327422408,0.0,0.7397311016246492,0.0,Normal,0.7397311016246492,0.0,0.7994705413199739,0.0,Normal,0.7994705413199739,0.0,0.6635469327011524,0.0,Normal,0.6635469327011524,0.9837253450842502,0.008137327457874854,0.0,Low,0.9837253450842502,0.0,0.10045839814760645,0.7990832037047871,High,0.7990832037047871,0.0,0.38387619481135493,0.23224761037729041,Normal,0.38387619481135493,0.7056666423701126,0.14716667881494372,0.0,Low,0.7056666423701126,0.8199233716475094,0.09003831417624526,0.0,Low,0.8199233716475094,0.26951265384845413,0.3652436730757729,0.0,Normal,0.3652436730757729,3,Good
0.7519924595743902,0.12400377021280494,0.0,Cold,0.7519924595743902,0.34707545646639365,0.3264622717668031,0.0,Cold,0.34707545646639365,0.0,0.0,1.0,Wet,1.0,0.0,0.02375647076171105,0.9524870584765779,Wet,0.9524870584765779,0.0,0.7004876795477701,0.0,Normal,0.7004876795477701,1.0,0.0,0.0,Low,1.0,0.0,0.7304280339118082,0.0,Normal,0.7304280339118082,0.0,0.6593496491430103,0.0,Medium,0.6593496491430103,0.0,0.664750957854406,0.0,Normal,0.664750957854406,0.0,0.6102891712823548,0.0,Normal,0.6102891712823548,3,Poor
0.0,0.6194068280682795,0.0,Normal,0.6194068280682795,0.0,0.9104859838900876,0.0,Normal,0.9104859838900876,0.0,0.6501936064863117,0.0,Normal,0.6501936064863117,0.0,0.7939886237376449,0.0,Normal,0.7939886237376449,0.0,0.41326079727263637,0.17347840545472726,Normal,0.41326079727263637,1.0,0.0,0.0,Low,1.0,0.4227657062573894,0.2886171468713053,0.0,Low,0.4227657062573894,0.6733142645041067,0.16334286774794662,0.0,Low,0.6733142645041067,0.0,0.8563218390804596,0.0,Normal,0.8563218390804596,0.09884237437514186,0.450578812812429,0.0,Normal,0.450578812812429,0,Acceptable
0.0,0.9378244485046563,0.0,Normal,0.9378244485046563,0.1305741859388137,0.434712907030593,0.0,Normal,0.434712907030593,0.0,0.6841134363588057,0.0,Normal,0.6841134363588057,0.0,0.5982095946593173,0.0,Normal,0.5982095946593173,0.0,0.4325434862906803,0.13491302741863948,Normal,0.4325434862906803,1.0,0.0,0.0,Low,1.0,0.0,0.9059559293638975,0.0,Normal,0.9059559293638975,0.0,0.9216762206738731,0.0,Medium,0.9216762206738731,0.0,0.7605363984674328,0.0,Normal,0.7605363984674328,0.0,0.5384515979619616,0.0,Normal,0.5384515979619616,1,Acceptable
0.0,0.6656028033256058,0.0,Normal,0.6656028033256058,0.0,0.9122723160193159,0.0,Normal,0.9122723160193159,0.23126776494411144,0.3843661175279444,0.0,Normal,0.3843661175279444,0.0,0.7991565588183137,0.0,Normal,0.7991565588183137,0.0,0.5368905159763302,0.0,Normal,0.5368905159763302,0.0,0.8191693490379608,0.0,Normal,0.8191693490379608,0.0,0.6845134066609981,0.0,Normal,0.6845134066609981,0.0,0.704940998463241,0.0,Medium,0.704940998463241,1.0,0.0,0.0,Low,1.0,0.3221333224596742,0.33893333877016285,0.0,Normal,0.33893333877016285,3,Good
1.0,0.0,0.0,Cold,1.0,0.0,0.9907521050202278,0.0,Normal,0.9907521050202278,0.0,0.8356151654899987,0.0,Normal,0.8356151654899987,0.0,0.9395064222705747,0.0,Normal,0.9395064222705747,1.0,0.0,0.0,Low,1.0,0.0,0.222337226743739,0.555325546512522,High,0.555325546512522,0.0,0.6925132054807572,0.0,Normal,0.6925132054807572,0.001146072590801383,0.4994269637045992,0.0,Medium,0.4994269637045992,1.0,0.0,0.0,Low,1.0,0.7409422993819859,0.12952885030900707,0.0,Low,0.7409422993819859,3,Poor
0.0,0.38272280393807057,0.234554392123858,Normal,0.38272280393807057,0.0,0.6033803351326963,0.0,Normal,0.6033803351326963,0.0,0.5001840905959453,0.0,Normal,0.5001840905959453,0.0,0.625332847191519,0.0,Normal,0.625332847191519,1.0,0.0,0.0,Low,1.0,0.0,0.19045052947551624,0.6190989410489676,High,0.6190989410489676,0.421492239363619,0.2892538803181905,0.0,Low,0.421492239363619,0.8529005845486386,0.07354970772568069,0.0,Low,0.8529005845486386,0.0,0.9521072796934864,0.0,Normal,0.9521072796934864,0.0,0.740107809993724,0.0,Normal,0.740107809993724,3,Acceptable
0.0,0.7580197283866928,0.0,Normal,0.7580197283866928,0.0,0.8021793428916896,0.0,Normal,0.8021793428916896,0.0,0.9144431597663008,0.0,Normal,0.9144431597663008,0.0,0.7942232887581139,0.0,Normal,0.7942232887581139,0.5983621061410282,0.20081894692948582,0.0,Low,0.5983621061410282,0.0,0.9282708278722849,0.0,Normal,0.9282708278722849,0.0,0.5315041075813158,0.0,Normal,0.5315041075813158,0.07515331801800376,0.462423340990998,0.0,Medium,0.462423340990998,0.0,0.4731800766283523,0.05363984674329525,Normal,0.4731800766283523,0.0856605194082933,0.4571697402958533,0.0,Normal,0.4571697402958533,0,Acceptable
0.4121097701546948,0.29394511492265274,0.0,Cold,0.4121097701546948,0.8730160101342653,0.06349199493286733,0.0,Cold,0.8730160101342653,0.006602537354484667,0.4966987313227578,0.0,Normal,0.4966987313227578,0.0,0.7978247627798837,0.0,Normal,0.7978247627798837,0.7676138652806016,0.11619306735969914,0.0,Low,0.7676138652806016,0.0,0.6407517977395032,0.0,Normal,0.6407517977395032,0.0,0.8901565575014576,0.0,Normal,0.8901565575014576,1.0,0.0,0.0,Low,1.0,0.24521072796934829,0.3773946360153258,0.0,Normal,0.3773946360153258,0.0,0.9979078872623922,0.0,Normal,0.9979078872623922,3,Acceptable
0.5912280528994133,0.2043859735502935,0.0,Cold,0.5912280528994133,1.0,0.0,0.0,Cold,1.0,0.5168909952683708,0.24155450236581466,0.0,Dry,0.5168909952683708,0.6965821351634637,0.15170893241826808,0.0,Dry,0.6965821351634637,0.0,0.713451126547885,0.0,Normal,0.713451126547885,0.5739721439162115,0.21301392804189417,0.0,Low,0.5739721439162115,0.0,0.655050710879354,0.0,Normal,0.655050710879354,0.0,0.7498719788425514,0.0,Medium,0.7498719788425514,0.436781609195402,0.28160919540229895,0.0,Low,0.436781609195402,0.0,0.5478336616514551,0.0,Normal,0.5478336616514551,3,Acceptable
0.0,0.24521757372028438,0.5095648525594307,Hot,0.5095648525594307,0.14454302427825377,0.427728487860873,0.0,Normal,0.427728487860873,0.0,0.5661252694244053,0.0,Normal,0.5661252694244053,0.0,0.593807169832056,0.0,Normal,0.593807169832056,0.0,0.5466378363096859,0.0,Normal,0.5466378363096859,0.09006621378267396,0.4549668931086629,0.0,Normal,0.4549668931086629,0.0,0.5782789088844129,0.0,Normal,0.5782789088844129,0.0,0.4618784148403452,0.07624317031931005,Medium,0.4618784148403452,0.0,0.952107279693487,0.0,Normal,0.952107279693487,0.0,0.0,1.0,High,1.0,1,Poor
0.2301095193981424,0.384945240300929,0.0,Normal,0.384945240300929,0.0,0.6928927739738602,0.0,Normal,0.6928927739738602,0.0,0.3636980005687912,0.27260399886241693,Normal,0.3636980005687912,0.0,0.052140622571100914,0.8957187548577982,Wet,0.8957187548577982,0.0,0.6943382398942036,0.0,Normal,0.6943382398942036,0.3210168198577627,0.33949159007111857,0.0,Normal,0.33949159007111857,0.0,0.48666216443219834,0.02667567113560367,Normal,0.48666216443219834,0.0,0.8348891839019682,0.0,Medium,0.8348891839019682,0.05363984674329458,0.47318007662835265,0.0,Normal,0.47318007662835265,0.0,0.8032649984063531,0.0,Normal,0.8032649984063531,0,Acceptable
0.0,0.8150832782326267,0.0,Normal,0.8150832782326267,0.30092618426013873,0.3495369078699306,0.0,Normal,0.3495369078699306,0.0,0.8494259707141599,0.0,Normal,0.8494259707141599,0.0,0.1661692145546237,0.6676615708907527,Wet,0.6676615708907527,0.0,0.37001338867567307,0.2599732226486538,Normal,0.37001338867567307,0.5452474353020287,0.22737628234898558,0.0,Low,0.5452474353020287,0.0,0.7866159115690268,0.0,Normal,0.7866159115690268,0.41369866183160264,0.2931506690841986,0.0,Low,0.41369866183160264,0.0,0.9521072796934864,0.0,Normal,0.9521072796934864,0.0,0.25577496866983396,0.4884500626603321,High,0.4884500626603321,1,Acceptable
0.24596176023783362,0.3770191198810834,0.0,Normal,0.3770191198810834,0.0,0.6152186533893392,0.0,Normal,0.6152186533893392,0.0,0.5640517444506817,0.0,Normal,0.5640517444506817,0.0,0.4420649744710467,0.11587005105790703,Normal,0.4420649744710467,0.0,0.4940972736677929,0.01180545266441428,Normal,0.4940972736677929,1.0,0.0,0.0,Low,1.0,0.0,0.7629663138091353,0.0,Normal,0.7629663138091353,0.0,0.0,1.0,High,1.0,0.0,0.18582375478927182,0.6283524904214562,High,0.6283524904214562,0.0,0.6052910911673182,0.0,Normal,0.6052910911673182,2,Poor
0.12504227076934513,0.4374788646153277,0.0,Normal,0.4374788646153277,0.0,0.8906577622914397,0.0,Normal,0.8906577622914397,0.0,0.6868665995338831,0.0,Normal,0.6868665995338831,0.0,0.6472073270528044,0.0,Normal,0.6472073270528044,1.0,0.0,0.0,Low,1.0,0.0,0.30809898529833357,0.38380202940333286,High,0.38380202940333286,0.06394140207119223,0.4680292989644039,0.0,Normal,0.4680292989644039,0.0,0.5414184652054777,0.0,Medium,0.5414184652054777,0.0,0.5689655172413794,0.0,Normal,0.5689655172413794,0.273595649996807,0.3632021750015964,0.0,Normal,0.3632021750015964,3,Good
0.0,0.4164342235207322,0.1671315529585346,Normal,0.4164342235207322,0.0,0.17116565381203716,0.6576686923759256,Hot,0.6576686923759256,0.0,0.7573675929771648,0.0,Normal,0.7573675929771648,0.22788825054730494,0.3860558747263474,0.0,Normal,0.3860558747263474,1.0,0.0,0.0,Low,1.0,0.0,0.0,1.0,High,1.0,0.0,0.6579079905202349,0.0,Normal,0.6579079905202349,0.21273879992037725,0.3936306000398113,0.0,Medium,0.3936306000398113,0.0,0.9521072796934864,0.0,Normal,0.9521072796934864,0.17628474183493137,0.41185762908253426,0.0,Normal,0.41185762908253426,3,Good
1.0,0.0,0.0,Cold,1.0,0.0,0.9127113253147853,0.0,Normal,0.9127113253147853,0.0,0.6514362066342404,0.0,Normal,0.6514362066342404,0.0,0.780773856989956,0.0,Normal,0.780773856989956,0.0,0.7654790989820656,0.0,Normal,0.7654790989820656,0.0,0.7435147001756187,0.0,Normal,0.7435147001756187,0.0,0.6906172123442152,0.0,Normal,0.6906172123442152,0.0,0.9780810353776861,0.0,Medium,0.9780810353776861,0.0,0.090038314176245,0.81992337164751,High,0.81992337164751,0.0,0.5512251989853849,0.0,Normal,0.5512251989853849,3,Poor
0.4674407620271422,0.26627961898642905,0.0,Cold,0.4674407620271422,0.01132911797451466,0.4943354410127425,0.0,Normal,0.4943354410127425,0.0,0.6960765023725329,0.0,Normal,0.6960765023725329,0.0,0.6911375728585927,0.0,Normal,0.6911375728585927,0.0,0.16286827814407187,0.6742634437118563,High,0.6742634437118563,0.6117086041972425,0.19414569790137873,0.0,Low,0.6117086041972425,0.0,0.2825014558667017,0.43499708826659667,High,0.43499708826659667,0.6242459244090798,0.18787703779546008,0.0,Low,0.6242459244090798,0.05363984674329458,0.47318007662835265,0.0,Normal,0.47318007662835265,0.0,0.5532853625059829,0.0,Normal,0.5532853625059829,1,Poor
0.06437943973826972,0.4678102801308654,0.0,Normal,0.4678102801308654,0.0,0.5014317808393447,0.0,Normal,0.5014317808393447,1.0,0.0,0.0,Dry,1.0,1.0,0.0,0.0,Dry,1.0,0.0,0.6883658787668272,0.0,Normal,0.6883658787668272,0.0,0.5445589203661858,0.0,Normal,0.5445589203661858,0.0,0.30598543721913113,0.38802912556173796,High,0.38802912556173796,0.0,0.6905007320287472,0.0,Medium,0.6905007320287472,0.0,0.8563218390804596,0.0,Normal,0.8563218390804596,0.0,0.7364643153936291,0.0,Normal,0.7364643153936291,3,Acceptable
0.0,0.410417994651459,0.17916401069708116,Normal,0.410417994651459,0.0,0.9467345590981897,0.0,Normal,0.9467345590981897,0.0,0.40303651718436756,0.1939269656312641,Normal,0.40303651718436756,0.0,0.22154138112870894,0.5569172377425823,Wet,0.5569172377425823,0.0,0.9774588277015404,0.0,Normal,0.9774588277015404,0.0,0.9874622463410603,0.0,Normal,0.9874622463410603,0.0,0.732250951705004,0.0,Normal,0.732250951705004,0.0,0.875025818038105,0.0,Medium,0.875025818038105,0.0,0.090038314176245,0.81992337164751,High,0.81992337164751,0.0,0.6475057808754687,0.0,Normal,0.6475057808754687,3,Good
0.0,0.7084084266935562,0.0,Normal,0.7084084266935562,0.31429027923970443,0.3428548603801477,0.0,Normal,0.3428548603801477,0.0,0.6478379218833769,0.0,Normal,0.6478379218833769,0.0,0.9613636752673097,0.0,Normal,0.9613636752673097,0.0,0.9620789465476011,0.0,Normal,0.9620789465476011,0.9233284255183778,0.03833578724081108,0.0,Low,0.9233284255183778,0.0,0.8957123302052528,0.0,Normal,0.8957123302052528,0.0,0.9825972869988796,0.0,Medium,0.9825972869988796,0.0,0.37739463601532547,0.24521072796934892,Normal,0.37739463601532547,0.0,0.08068330602194873,0.8386333879561025,High,0.8386333879561025,1,Poor
0.0,0.9850392898614965,0.0,Normal,0.9850392898614965,0.0,0.9091007703941361,0.0,Normal,0.9091007703941361,0.0,0.5072189392233566,0.0,Normal,0.5072189392233566,0.0,0.3647911442916713,0.2704177114166577,Normal,0.3647911442916713,0.0,0.2284246012775637,0.5431507974448726,High,0.5431507974448726,1.0,0.0,0.0,Low,1.0,0.4052818580572183,0.29735907097139086,0.0,Low,0.4052818580572183,0.33565779784197636,0.33217110107901177,0.0,Low,0.33565779784197636,1.0,0.0,0.0,Low,1.0,0.288105373555702,0.35594731322214895,0.0,Normal,0.35594731322214895,1,Acceptable
0.0,0.5865532945179595,0.0,Normal,0.5865532945179595,0.0,0.8636617270922508,0.0,Normal,0.8636617270922508,1.0,0.0,0.0,Dry,1.0,0.0,0.511602576611697,0.0,Normal,0.511602576611697,1.0,0.0,0.0,Low,1.0,0.0,0.00879949156353369,0.9824010168729326,High,0.9824010168729326,0.0,0.6117437248812116,0.0,Normal,0.6117437248812116,0.0,0.8925406078596174,0.0,Medium,0.8925406078596174,1.0,0.0,0.0,Low,1.0,1.0,0.0,0.0,Low,1.0,3,Acceptable
0.0,0.9376053714923376,0.0,Normal,0.9376053714923376,0.0,0.7452125682317338,0.0,Normal,0.7452125682317338,0.0,0.6983820894486854,0.0,Normal,0.6983820894486854,0.0,0.91204831196726,0.0,Normal,0.91204831196726,0.0,0.9992306064727958,0.0,Normal,0.9992306064727958,0.0,0.7114818635466762,0.0,Normal,0.7114818635466762,0.0,0.04928832818913736,0.9014233436217253,High,0.9014233436217253,0.0,0.6927766406905904,0.0,Medium,0.6927766406905904,0.436781609195402,0.28160919540229895,0.0,Low,0.436781609195402,0.0,0.5233067485079272,0.0,Normal,0.5233067485079272,3,Good
0.0,0.9644464200725826,0.0,Normal,0.9644464200725826,0.5870909700743431,0.2064545149628284,0.0,Cold,0.5870909700743431,0.0,0.6138985503612753,0.0,Normal,0.6138985503612753,0.0,0.5529594216931285,0.0,Normal,0.5529594216931285,0.0,0.5445854475762115,0.0,Normal,0.5445854475762115,0.7004816631524332,0.14975916842378337,0.0,Low,0.7004816631524332,0.0,0.6163859652902289,0.0,Normal,0.6163859652902289,0.9117372959000339,0.04413135204998304,0.0,Low,0.9117372959000339,1.0,0.0,0.0,Low,1.0,0.0,0.6038772550264103,0.0,Normal,0.6038772550264103,3,Good
0.0,0.5092267777801481,0.0,Normal,0.5092267777801481,0.0,0.0,1.0,Hot,1.0,1.0,0.0,0.0,Dry,1.0,0.8482549890909061,0.07587250545454692,0.0,Dry,0.8482549890909061,1.0,0.0,0.0,Low,1.0,0.0,0.1767362830942879,0.6465274338114242,High,0.6465274338114242,0.6613522861895794,0.16932385690521026,0.0,Low,0.6613522861895794,0.0,0.2663718575163262,0.4672562849673479,High,0.4672562849673479,0.8199233716475094,0.09003831417624526,0.0,Low,0.8199233716475094,0.07988001955077999,0.4600599902246099,0.0,Normal,0.4600599902246099,3,Acceptable
0.0,0.7876437683779157,0.0,Normal,0.7876437683779157,0.0,0.5854579199340809,0.0,Normal,0.5854579199340809,0.0,0.7833385204849402,0.0,Normal,0.7833385204849402,0.0,0.8567997726309498,0.0,Normal,0.8567997726309498,0.6036815500145455,0.19815922499272717,0.0,Low,0.6036815500145455,0.0,0.7269855223415489,0.0,Normal,0.7269855223415489,0.0,0.9978668108419234,0.0,Normal,0.9978668108419234,0.0,0.7219743413083165,0.0,Medium,0.7219743413083165,0.0,0.5689655172413794,0.0,Normal,0.5689655172413794,0.0,0.5129872996529364,0.0,Normal,0.5129872996529364,3,Good
0.11838520102668104,0.4408073994866597,0.0,Normal,0.4408073994866597,0.0,0.7813212587014682,0.0,Normal,0.7813212587014682,0.0,0.6287020705580966,0.0,Normal,0.6287020705580966,0.0,0.8828024027538285,0.0,Normal,0.8828024027538285,0.09896420060030435,0.4505178996998477,0.0,Normal,0.4505178996998477,0.0,0.6095239403978854,0.0,Normal,0.6095239403978854,0.0,0.8751480950551325,0.0,Normal,0.8751480950551325,0.0,0.7315632808091641,0.0,Medium,0.7315632808091641,1.0,0.0,0.0,Low,1.0,0.379974966336434,0.31001251683178294,0.0,Low,0.379974966336434,3,Good
0.29077721226717484,0.35461139386641277,0.0,Normal,0.35461139386641277,0.0,0.5194031145543251,0.0,Normal,0.5194031145543251,0.0,0.8635078090158171,0.0,Normal,0.8635078090158171,0.0,0.5460410642588694,0.0,Normal,0.5460410642588694,0.0,0.4376553780267663,0.12468924394646738,Normal,0.4376553780267663,0.8467763008932188,0.07661184955339062,0.0,Low,0.8467763008932188,0.0,0.9871515503278017,0.0,Normal,0.9871515503278017,0.0,0.8829843610972286,0.0,Medium,0.8829843610972286,0.6283524904214557,0.1858237547892721,0.0,Low,0.6283524904214557,0.0,0.9429928032983407,0.0,Normal,0.9429928032983407,0,Acceptable
0.0,0.9281893835489318,0.0,Normal,0.9281893835489318,0.0,0.4734642812364744,0.053071437527050944,Normal,0.4734642812364744,0.32192563877929137,0.3390371806103544,0.0,Normal,0.3390371806103544,0.4716529765563019,0.26417351172184894,0.0,Dry,0.4716529765563019,0.47398211130033,0.2630089443498349,0.0,Low,0.47398211130033,0.0,0.3224722242941561,0.3550555514116877,High,0.3550555514116877,0.0,0.7356578368020743,0.0,Normal,0.7356578368020743,0.49596063934740864,0.2520196803262956,0.0,Low,0.49596063934740864,0.0,0.5689655172413794,0.0,Normal,0.5689655172413794,0.10558349357636702,0.44720825321181645,0.0,Normal,0.44720825321181645,3,Good
0.0,0.6229413177094086,0.0,Normal,0.6229413177094086,0.0,0.8173098114345408,0.0,Normal,0.8173098114345408,0.0,0.8339320586581609,0.0,Normal,0.8339320586581609,0.15278185575235706,0.4236090721238213,0.0,Normal,0.4236090721238213,0.24776865519719588,0.3761156724014019,0.0,Normal,0.3761156724014019,0.0,0.8761526290122121,0.0,Normal,0.8761526290122121,1.0,0.0,0.0,Low,1.0,1.0,0.0,0.0,Low,1.0,0.0,0.2816091954022987,0.4367816091954026,High,0.4367816091954026,0.0,0.775259113777932,0.0,Normal,0.775259113777932,3,Acceptable
0.1875343124993129,0.40623284375034374,0.0,Normal,0.40623284375034374,0.0,0.7581994539157433,0.0,Normal,0.7581994539157433,0.0,0.9003366209525672,0.0,Normal,0.9003366209525672,0.0,0.9707938910543216,0.0,Normal,0.9707938910543216,0.0,0.8366372328916754,0.0,Normal,0.8366372328916754,0.02774969141497903,0.48612515429251035,0.0,Normal,0.48612515429251035,0.0,0.9872980665626359,0.0,Normal,0.9872980665626359,0.0,0.9875099223144332,0.0,Medium,0.9875099223144332,1.0,0.0,0.0,Low,1.0,1.0,0.0,0.0,Low,1.0,1,Acceptable
0.0,0.4067240495690244,0.18655190086195034,Normal,0.4067240495690244,0.08484479755260277,0.4575776012236985,0.0,Normal,0.4575776012236985,0.0,0.6655034442599409,0.0,Normal,0.6655034442599409,0.0,0.7801125440868532,0.0,Normal,0.7801125440868532,0.4191116528113063,0.29044417359434677,0.0,Low,0.4191116528113063,0.0,0.542811221854285,0.0,Normal,0.542811221854285,0.0,0.20606904182592403,0.5878619163481521,High,0.5878619163481521,0.0,0.9957200293287404,0.0,Medium,0.9957200293287404,0.0,0.0,1.0,High,1.0,0.0,0.4345527575271443,0.13089448494571143,Normal,0.4345527575271443,3,Acceptable
0.0,0.43945454717762883,0.12109090564474133,Normal,0.43945454717762883,0.0,0.7269712877313992,0.0,Normal,0.7269712877313992,0.0,0.56648967112864,0.0,Normal,0.56648967112864,0.0,0.8683602278383831,0.0,Normal,0.8683602278383831,0.0,0.5455555460366999,0.0,Normal,0.5455555460366999,0.15994763573069973,0.42002618213465004,0.0,Normal,0.42002618213465004,0.0,0.8225276080883662,0.0,Normal,0.8225276080883662,0.0,0.9693293831832805,0.0,Medium,0.9693293831832805,0.8199233716475094,0.09003831417624526,0.0,Low,0.8199233716475094,0.0,0.7139011785935736,0.0,Normal,0.7139011785935736,1,Poor
0.0,0.8812585781346144,0.0,Normal,0.8812585781346144,0.0,0.8928689396875832,0.0,Normal,0.8928689396875832,0.0,0.7408409388764898,0.0,Normal,0.7408409388764898,0.0,0.9312695528024104,0.0,Normal,0.9312695528024104,0.0,0.5787367420389639,0.0,Normal,0.5787367420389639,0.0,0.885613560212058,0.0,Normal,0.885613560212058,0.0,0.8137731039515255,0.0,Normal,0.8137731039515255,0.0,0.7430296274719743,0.0,Medium,0.7430296274719743,0.0,0.8563218390804601,0.0,Normal,0.8563218390804601,0.2733106576947875,0.3633446711526062,0.0,Normal,0.3633446711526062,3,Good
0.0,0.2612654791759284,0.4774690416481426,Hot,0.4774690416481426,0.0,0.9782333009884921,0.0,Normal,0.9782333009884921,0.0,0.5769012286859274,0.0,Normal,0.5769012286859274,0.0,0.5096150602370265,0.0,Normal,0.5096150602370265,0.0,0.8628056882630412,0.0,Normal,0.8628056882630412,0.0,0.9470535418667723,0.0,Normal,0.9470535418667723,0.0,0.9072807037904232,0.0,Normal,0.9072807037904232,0.0,0.8708015033590657,0.0,Medium,0.8708015033590657,0.0,0.0,1.0,High,1.0,0.0,0.851509533962205,0.0,Normal,0.851509533962205,0,Acceptable
0.0,0.8388308820084344,0.0,Normal,0.8388308820084344,0.4141834563410598,0.29290827182947005,0.0,Cold,0.4141834563410598,0.0,0.34184281101657477,0.3163143779668498,Normal,0.34184281101657477,0.0,0.33586156887928276,0.3282768622414348,Normal,0.33586156887928276,0.28722332498734743,0.3563883375063262,0.0,Normal,0.3563883375063262,0.0,0.6453218741803782,0.0,Normal,0.6453218741803782,0.0,0.9424807658238877,0.0,Normal,0.9424807658238877,0.15489266945189947,0.4225536652740502,0.0,Medium,0.4225536652740502,0.0,0.18582375478927182,0.6283524904214562,High,0.6283524904214562,0.0,0.7671911405334136,0.0,Normal,0.7671911405334136,0,Acceptable
0.0,0.8981332089679109,0.0,Normal,0.8981332089679109,0.0,0.7848988440106249,0.0,Normal,0.7848988440106249,0.0,0.7105689884183719,0.0,Normal,0.7105689884183719,0.0,0.8902324811870846,0.0,Normal,0.8902324811870846,1.0,0.0,0.0,Low,1.0,0.0,0.0,1.0,High,1.0,0.0,0.28158984581546226,0.4368203083690757,High,0.4368203083690757,0.0,0.7284049197178954,0.0,Medium,0.7284049197178954,0.0,0.0,1.0,High,1.0,0.6342011319747164,0.18289943401264178,0.0,Low,0.6342011319747164,3,Good
0.44268668795445626,0.278656656022772,0.0,Cold,0.44268668795445626,0.0,0.5537934647265925,0.0,Normal,0.5537934647265925,0.0,0.8119308520816688,0.0,Normal,0.8119308520816688,0.0,0.4030651082581456,0.19386978348370915,Normal,0.4030651082581456,0.0,0.556490379282545,0.0,Normal,0.556490379282545,0.9046874941945463,0.04765625290272683,0.0,Low,0.9046874941945463,0.0,0.9481780420837964,0.0,Normal,0.9481780420837964,0.0,0.8573627467327134,0.0,Medium,0.8573627467327134,1.0,0.0,0.0,Low,1.0,0.0,0.9712683292731649,0.0,Normal,0.9712683292731649,1,Poor
0.0,0.749741744231471,0.0,Normal,0.749741744231471,0.0,0.5830458488525772,0.0,Normal,0.5830458488525772,0.0,0.8291793263549088,0.0,Normal,0.8291793263549088,0.0,0.7383688699709492,0.0,Normal,0.7383688699709492,0.0,0.9689686774698253,0.0,Normal,0.9689686774698253,0.0,0.5636745092913502,0.0,Normal,0.5636745092913502,0.3361860988328101,0.33190695058359493,0.0,Low,0.3361860988328101,0.0,0.5773271972757771,0.0,Medium,0.5773271972757771,0.0,0.0,1.0,High,1.0,0.11537120014413964,0.4423143999279301,0.0,Normal,0.4423143999279301,0,Acceptable
0.0,0.8365151548795924,0.0,Normal,0.8365151548795924,0.0,0.5292041314909586,0.0,Normal,0.5292041314909586,0.0,0.6537676001919445,0.0,Normal,0.6537676001919445,0.0,0.8125258463013931,0.0,Normal,0.8125258463013931,0.0,0.6336973404432608,0.0,Normal,0.6336973404432608,0.40106385336409195,0.29946807331795394,0.0,Low,0.40106385336409195,0.0,0.6745555750090703,0.0,Normal,0.6745555750090703,0.033264666569211544,0.48336766671539416,0.0,Medium,0.48336766671539416,0.0,0.7605363984674328,0.0,Normal,0.7605363984674328,0.0,0.5674295905880095,0.0,Normal,0.5674295905880095,1,Acceptable
0.0,0.4712834241805802,0.057433151638838574,Normal,0.4712834241805802,0.0,0.43325933135595407,0.13348133728809167,Normal,0.43325933135595407,0.0,0.0,1.0,Wet,1.0,0.0,0.0,1.0,Wet,1.0,0.0,0.8521903844293497,0.0,Normal,0.8521903844293497,0.35451342473382536,0.32274328763308724,0.0,Low,0.35451342473382536,0.0,0.9859094007201218,0.0,Normal,0.9859094007201218,0.0,0.431105963685948,0.13778807262810444,Medium,0.431105963685948,0.0,0.090038314176245,0.81992337164751,High,0.81992337164751,0.0,0.6895418232363353,0.0,Normal,0.6895418232363353,1,Acceptable
0.0,0.38290911097235353,0.2341817780552921,Normal,0.38290911097235353,0.0,0.8126188982912711,0.0,Normal,0.8126188982912711,0.0,0.6689728721516842,0.0,Normal,0.6689728721516842,0.0,0.40596844574629815,0.18806310850740404,Normal,0.40596844574629815,0.0,0.8943172452504053,0.0,Normal,0.8943172452504053,0.7509879443033525,0.12450602784832371,0.0,Low,0.7509879443033525,0.0,0.6408004656377981,0.0,Normal,0.6408004656377981,0.0,0.8747941773315815,0.0,Medium,0.8747941773315815,1.0,0.0,0.0,Low,1.0,0.0,0.9880220085307487,0.0,Normal,0.9880220085307487,1,Acceptable
0.0,0.6064018068709965,0.0,Normal,0.6064018068709965,0.0,0.5082975393995297,0.0,Normal,0.5082975393995297,0.0,0.6832023571690343,0.0,Normal,0.6832023571690343,0.0,0.6028084209512614,0.0,Normal,0.6028084209512614,1.0,0.0,0.0,Low,1.0,0.0,0.35702883776337724,0.2859423244732455,Normal,0.35702883776337724,0.0,0.9600255073416445,0.0,Normal,0.9600255073416445,0.0,0.7357166889053411,0.0,Medium,0.7357166889053411,0.0,0.0,1.0,High,1.0,0.0,0.7970065254416446,0.0,Normal,0.7970065254416446,3,Acceptable
0.0,0.7914790341870084,0.0,Normal,0.7914790341870084,0.0,0.8410219173599807,0.0,Normal,0.8410219173599807,0.0,0.1837447927118022,0.6325104145763952,Wet,0.6325104145763952,0.0,0.6018894249022425,0.0,Normal,0.6018894249022425,0.04382811098948368,0.47808594450525804,0.0,Normal,0.47808594450525804,0.0,0.9519844755018951,0.0,Normal,0.9519844755018951,0.606787571771672,0.196606214114164,0.0,Low,0.606787571771672,1.0,0.0,0.0,Low,1.0,0.0,0.952107279693487,0.0,Normal,0.952107279693487,0.17924469797522138,0.41037765101238927,0.0,Normal,0.41037765101238927,3,Good
0.0,0.8201775196568057,0.0,Normal,0.8201775196568057,0.0,0.9960943756822291,0.0,Normal,0.9960943756822291,0.08999878385557869,0.4550006080722108,0.0,Normal,0.4550006080722108,0.0,0.8628965908190768,0.0,Normal,0.8628965908190768,0.0,0.5802027288294845,0.0,Normal,0.5802027288294845,0.9487482486851685,0.02562587565741573,0.0,Low,0.9487482486851685,0.0,0.5539007142236729,0.0,Normal,0.5539007142236729,0.2689629579782914,0.36551852101085425,0.0,Medium,0.36551852101085425,1.0,0.0,0.0,Low,1.0,0.6729154717951147,0.16354226410244266,0.0,Low,0.6729154717951147,1,Acceptable
0.0,0.8548080791998754,0.0,Normal,0.8548080791998754,0.0,0.7238941933092742,0.0,Normal,0.7238941933092742,0.0,0.6927076309316745,0.0,Normal,0.6927076309316745,0.0,0.82009955154316,0.0,Normal,0.82009955154316,0.02464800940320364,0.48767599529839806,0.0,Normal,0.48767599529839806,0.0,0.8909740669689236,0.0,Normal,0.8909740669689236,0.0,0.5337160793861818,0.0,Normal,0.5337160793861818,0.0,0.4095155308876593,0.18096893822468177,Medium,0.4095155308876593,0.6283524904214557,0.1858237547892721,0.0,Low,0.6283524904214557,0.0,0.6705906249588716,0.0,Normal,0.6705906249588716,0,Acceptable
0.0,0.9355532461880418,0.0,Normal,0.9355532461880418,0.0,0.8288084401882656,0.0,Normal,0.8288084401882656,0.0,0.6438795250261297,0.0,Normal,0.6438795250261297,0.0,0.09182976080678956,0.816340478386421,Wet,0.816340478386421,0.0,0.17188333223590102,0.656233335528198,High,0.656233335528198,0.6368405816726648,0.18157970916366756,0.0,Low,0.6368405816726648,0.0,0.9999901337770226,0.0,Normal,0.9999901337770226,0.9313561482722005,0.034321925863899753,0.0,Low,0.9313561482722005,0.0,0.7605363984674332,0.0,Normal,0.7605363984674332,0.0,0.6261042232937363,0.0,Normal,0.6261042232937363,1,Acceptable
0.0,0.5204166336032777,0.0,Normal,0.5204166336032777,0.0,0.7511528432643167,0.0,Normal,0.7511528432643167,0.04757394085943774,0.4762130295702813,0.0,Normal,0.4762130295702813,0.0,0.9863486119477167,0.0,Normal,0.9863486119477167,0.0,0.9301842121059348,0.0,Normal,0.9301842121059348,0.6524553907924177,0.17377230460379114,0.0,Low,0.6524553907924177,0.0,0.9585277749716978,0.0,Normal,0.9585277749716978,0.0,0.5617220820025218,0.0,Medium,0.5617220820025218,1.0,0.0,0.0,Low,1.0,0.0,0.8530902603378183,0.0,Normal,0.8530902603378183,0,Acceptable
0.0,0.2862892241547257,0.427421551690548,Hot,0.427421551690548,0.0,0.7497089113283003,0.0,Normal,0.7497089113283003,0.0,0.3323757975156989,0.33524840496860153,Wet,0.33524840496860153,0.0,0.229848141993643,0.5403037160127142,Wet,0.5403037160127142,0.0,0.35823107572044827,0.2835378485591034,Normal,0.35823107572044827,0.7672346906867125,0.11638265465664371,0.0,Low,0.7672346906867125,0.0,0.5812495997804394,0.0,Normal,0.5812495997804394,0.0,0.3094456574619386,0.38110868507612317,High,0.38110868507612317,0.0,0.0,1.0,High,1.0,0.0,0.45114281714993254,0.09771436570013488,Normal,0.45114281714993254,2,Poor
0.8399218363408714,0.08003908182956435,0.0,Cold,0.8399218363408714,0.0,0.7852217804486197,0.0,Normal,0.7852217804486197,0.0,0.7203427672246229,0.0,Normal,0.7203427672246229,0.138512868858624,0.4307435655706879,0.0,Normal,0.4307435655706879,0.15121319073156103,0.4243934046342194,0.0,Normal,0.4243934046342194,0.0,0.611050331978695,0.0,Normal,0.611050331978695,0.6032052599135777,0.19839737004321117,0.0,Low,0.6032052599135777,0.4649014085969929,0.2675492957015035,0.0,Low,0.4649014085969929,0.0,0.5689655172413794,0.0,Normal,0.5689655172413794,0.3674510773478893,0.3162744613260553,0.0,Low,0.3674510773478893,3,Poor
0.0,0.46111724401457815,0.0777655119708427,Normal,0.46111724401457815,0.0,0.3808206550406814,0.23835868991863696,Normal,0.3808206550406814,0.0,0.707475459827546,0.0,Normal,0.707475459827546,0.4009721969863354,0.2995139015068322,0.0,Dry,0.4009721969863354,0.0,0.6358898408089029,0.0,Normal,0.6358898408089029,0.0,0.7277510710036137,0.0,Normal,0.7277510710036137,0.4291777217375236,0.28541113913123817,0.0,Low,0.4291777217375236,0.5199060225922966,0.2400469887038517,0.0,Low,0.5199060225922966,0.0,0.9521072796934864,0.0,Normal,0.9521072796934864,0.0,0.6184096631549427,0.0,Normal,0.6184096631549427,0,Acceptable
0.0,0.9428248638762697,0.0,Normal,0.9428248638762697,0.0,0.0,1.0,Hot,1.0,0.0,0.8802944392027017,0.0,Normal,0.8802944392027017,0.0,0.7774603605431362,0.0,Normal,0.7774603605431362,0.0,0.9119209801390554,0.0,Normal,0.9119209801390554,0.16122762721481185,0.41938618639259395,0.0,Normal,0.41938618639259395,0.0,0.6141240929277416,0.0,Normal,0.6141240929277416,0.0,0.679157045301026,0.0,Medium,0.679157045301026,0.0,0.7605363984674328,0.0,Normal,0.7605363984674328,0.0,0.0,1.0,High,1.0,1,Poor
0.0,0.6269327161718823,0.0,Normal,0.6269327161718823,0.0,0.6420681039258607,0.0,Normal,0.6420681039258607,0.20454790261582487,0.3977260486920877,0.0,Normal,0.3977260486920877,1.0,0.0,0.0,Dry,1.0,1.0,0.0,0.0,Low,1.0,0.0,0.22978786347374397,0.5404242730525121,High,0.5404242730525121,0.0,0.3219058106000172,0.35618837879996573,High,0.35618837879996573,0.6672087439471822,0.16639562802640884,0.0,Low,0.6672087439471822,0.0,0.2816091954022987,0.4367816091954026,High,0.4367816091954026,0.05277625620070497,0.47361187189964743,0.0,Normal,0.47361187189964743,3,Acceptable
0.0,0.3796254991005815,0.24074900179883618,Normal,0.3796254991005815,0.0,0.9144402203890601,0.0,Normal,0.9144402203890601,0.0,0.9050262249397254,0.0,Normal,0.9050262249397254,0.0,0.6693845292119195,0.0,Normal,0.6693845292119195,0.0,0.6215841726393639,0.0,Normal,0.6215841726393639,0.0,0.8396815987734132,0.0,Normal,0.8396815987734132,0.0,0.44736985577925814,0.10526028844148397,Normal,0.44736985577925814,1.0,0.0,0.0,Low,1.0,0.0,0.7605363984674328,0.0,Normal,0.7605363984674328,0.0,0.6327774409545583,0.0,Normal,0.6327774409545583,3,Good
0.5402747621464928,0.2298626189267537,0.0,Cold,0.5402747621464928,0.0,0.799630726844795,0.0,Normal,0.799630726844795,1.0,0.0,0.0,Dry,1.0,1.0,0.0,0.0,Dry,1.0,0.0,0.5561798066518722,0.0,Normal,0.5561798066518722,0.38920648690794674,0.30539675654602655,0.0,Low,0.38920648690794674,0.0,0.9213294401003492,0.0,Normal,0.9213294401003492,0.0,0.6565590650647462,0.0,Medium,0.6565590650647462,0.0,0.6647509578544063,0.0,Normal,0.6647509578544063,0.0,0.729474446752399,0.0,Normal,0.729474446752399,0,Poor
0.0,0.5981307166113274,0.0,Normal,0.5981307166113274,0.0,0.7623007671577433,0.0,Normal,0.7623007671577433,0.0,0.442232204651236,0.11553559069752711,Normal,0.442232204651236,0.0,0.6233849571823996,0.0,Normal,0.6233849571823996,1.0,0.0,0.0,Low,1.0,0.0,0.5096079826933243,0.0,Normal,0.5096079826933243,0.0,0.5924156138909558,0.0,Normal,0.5924156138909558,0.0,0.6491898099708915,0.0,Medium,0.6491898099708915,0.0,0.18582375478927182,0.6283524904214562,High,0.6283524904214562,0.34546582894093864,0.32726708552953065,0.0,Low,0.34546582894093864,3,Good
0.0,0.9856894882550971,0.0,Normal,0.9856894882550971,1.0,0.0,0.0,Cold,1.0,0.38766614907467767,0.3061669254626613,0.0,Dry,0.38766614907467767,0.5217218852150549,0.23913905739247246,0.0,Dry,0.5217218852150549,0.0,0.6638016103572697,0.0,Normal,0.6638016103572697,0.0,0.748959943260411,0.0,Normal,0.748959943260411,0.0,0.47565279017500317,0.04869441964999401,Normal,0.47565279017500317,0.2989987375069218,0.350500631246539,0.0,Medium,0.350500631246539,0.0,0.0,1.0,High,1.0,0.0,0.0,1.0,High,1.0,3,Acceptable
0.0,0.713114988567199,0.0,Normal,0.713114988567199,0.0,0.9422535589270353,0.0,Normal,0.9422535589270353,0.0,0.8491930134789318,0.0,Normal,0.8491930134789318,0.0,0.7915990921532648,0.0,Normal,0.7915990921532648,0.0,0.9255886148098491,0.0,Normal,0.9255886148098491,0.0,0.823876100521072,0.0,Normal,0.823876100521072,0.0,0.542916259631785,0.0,Normal,0.542916259631785,0.0,0.5705566758392516,0.0,Medium,0.5705566758392516,1.0,0.0,0.0,Low,1.0,0.4256436186677034,0.28717819066614825,0.0,Low,0.4256436186677034,3,Good
0.0,0.7535463268638168,0.0,Normal,0.7535463268638168,0.0,0.7252651020519824,0.0,Normal,0.7252651020519824,0.0,0.34089428688420365,0.318211426231592,Normal,0.34089428688420365,0.0,0.5435212447242923,0.0,Normal,0.5435212447242923,1.0,0.0,0.0,Low,1.0,0.0,0.1732317284894491,0.6535365430211018,High,0.6535365430211018,0.0,0.0,1.0,High,1.0,0.0,0.9370636810655005,0.0,Medium,0.9370636810655005,0.0,0.8563218390804596,0.0,Normal,0.8563218390804596,0.0,0.661005778584082,0.0,Normal,0.661005778584082,3,Acceptable
0.0,0.5874369564435211,0.0,Normal,0.5874369564435211,1.0,0.0,0.0,Cold,1.0,0.0,0.6623449539710375,0.0,Normal,0.6623449539710375,0.0,0.7014274041786044,0.0,Normal,0.7014274041786044,0.0,0.9887771713409452,0.0,Normal,0.9887771713409452,0.8643901502040849,0.06780492489795752,0.0,Low,0.8643901502040849,0.4466234568149581,0.27668827159252096,0.0,Low,0.4466234568149581,0.0,0.9416440905226727,0.0,Medium,0.9416440905226727,0.0,0.37739463601532547,0.24521072796934892,Normal,0.37739463601532547,0.0,0.0,1.0,High,1.0,1,Poor
0.0,0.6003541043379028,0.0,Normal,0.6003541043379028,0.0,0.9063332721458205,0.0,Normal,0.9063332721458205,0.0,0.7513078087010628,0.0,Normal,0.7513078087010628,0.0,0.9038827727002475,0.0,Normal,0.9038827727002475,0.0,0.6846744545975227,0.0,Normal,0.6846744545975227,1.0,0.0,0.0,Low,1.0,0.0,0.5967844081731302,0.0,Normal,0.5967844081731302,0.0,0.8991622188053507,0.0,Medium,0.8991622188053507,0.6283524904214557,0.1858237547892721,0.0,Low,0.6283524904214557,0.0,0.5890803744470201,0.0,Normal,0.5890803744470201,1,Acceptable
0.0,0.5123478235771173,0.0,Normal,0.5123478235771173,0.0,0.5090466658150663,0.0,Normal,0.5090466658150663,0.0,0.7625026939837686,0.0,Normal,0.7625026939837686,0.0,0.4527559599659687,0.0944880800680631,Normal,0.4527559599659687,0.0,0.6575249386940137,0.0,Normal,0.6575249386940137,0.0,0.9426895724643771,0.0,Normal,0.9426895724643771,0.2251929603331678,0.3874035198334161,0.0,Normal,0.3874035198334161,0.9480433510015268,0.02597832449923661,0.0,Low,0.9480433510015268,0.436781609195402,0.28160919540229895,0.0,Low,0.436781609195402,0.6127921327632391,0.19360393361838044,0.0,Low,0.6127921327632391,3,Good
0.0,0.719819345776078,0.0,Normal,0.719819345776078,0.0,0.8513193917704679,0.0,Normal,0.8513193917704679,0.0,0.10311786157984715,0.7937642768403055,Wet,0.7937642768403055,0.0,0.1712067792881931,0.657586441423614,Wet,0.657586441423614,0.0,0.8667627031937247,0.0,Normal,0.8667627031937247,0.822304340976856,0.08884782951157197,0.0,Low,0.822304340976856,0.0,0.5974224746913734,0.0,Normal,0.5974224746913734,0.0,0.8130938273709469,0.0,Medium,0.8130938273709469,0.0,0.37739463601532547,0.24521072796934892,Normal,0.37739463601532547,0.0,0.8434808415208747,0.0,Normal,0.8434808415208747,1,Acceptable
0.0,0.8509735658087796,0.0,Normal,0.8509735658087796,0.0,0.5691328454726564,0.0,Normal,0.5691328454726564,0.0,0.5082178464775419,0.0,Normal,0.5082178464775419,0.0,0.9362778046709761,0.0,Normal,0.9362778046709761,0.0,0.8419927402668657,0.0,Normal,0.8419927402668657,0.6217809668661898,0.18910951656690506,0.0,Low,0.6217809668661898,0.5271616894375786,0.23641915528121074,0.0,Low,0.5271616894375786,0.21335511948968955,0.39332244025515517,0.0,Medium,0.39332244025515517,0.0,0.7605363984674328,0.0,Normal,0.7605363984674328,0.0,0.8802100388309877,0.0,Normal,0.8802100388309877,3,Good
0.0,0.07695576389787546,0.8460884722042489,Hot,0.8460884722042489,0.0,0.5760014417229399,0.0,Normal,0.5760014417229399,0.9990051711388245,0.000497414430587751,0.0,Dry,0.9990051711388245,1.0,0.0,0.0,Dry,1.0,0.0,0.6418528012230932,0.0,Normal,0.6418528012230932,0.9080247029372569,0.04598764853137151,0.0,Low,0.9080247029372569,0.6294208753320616,0.18528956233396918,0.0,Low,0.6294208753320616,0.0,0.6296562913156627,0.0,Medium,0.6296562913156627,0.0,0.0,1.0,High,1.0,0.057553892456031486,0.4712230537719842,0.0,Normal,0.4712230537719842,3,Poor
0.0,0.8305515314317767,0.0,Normal,0.8305515314317767,0.1665033401384072,0.4167483299307963,0.0,Normal,0.4167483299307963,0.0,0.9111304796912136,0.0,Normal,0.9111304796912136,0.0,0.8967704552518758,0.0,Normal,0.8967704552518758,0.0,0.5357714302480229,0.0,Normal,0.5357714302480229,0.0,0.7746302379650669,0.0,Normal,0.7746302379650669,0.0,0.6794275706956805,0.0,Normal,0.6794275706956805,0.0,0.5781459165289485,0.0,Medium,0.5781459165289485,0.0,0.18582375478927182,0.6283524904214562,High,0.6283524904214562,0.0,0.8474532141709848,0.0,Normal,0.8474532141709848,3,Acceptable
0.0,0.8018611213525669,0.0,Normal,0.8018611213525669,0.0,0.5021523055693307,0.0,Normal,0.5021523055693307,0.0,0.5194005991534334,0.0,Normal,0.5194005991534334,0.14248182203569437,0.42875908898215265,0.0,Normal,0.42875908898215265,0.0,0.677154000627509,0.0,Normal,0.677154000627509,0.0,0.6247220457275717,0.0,Normal,0.6247220457275717,0.0,0.8479389944475836,0.0,Normal,0.8479389944475836,0.0,0.6174411182126933,0.0,Medium,0.6174411182126933,1.0,0.0,0.0,Low,1.0,0.0,0.7092251958622129,0.0,Normal,0.7092251958622129,0,Acceptable
0.046027546343816866,0.47698622682809183,0.0,Normal,0.47698622682809183,0.6040384249328454,0.1979807875335772,0.0,Cold,0.6040384249328454,0.0,0.04567809610404793,0.908643807791904,Wet,0.908643807791904,0.0,0.02959470236159224,0.9408105952768155,Wet,0.9408105952768155,0.0,0.7877733857587702,0.0,Normal,0.7877733857587702,0.7209229235828125,0.1395385382085937,0.0,Low,0.7209229235828125,0.014344037109127782,0.4928279814454361,0.0,Normal,0.4928279814454361,0.0,0.7018212318641297,0.0,Medium,0.7018212318641297,0.0,0.090038314176245,0.81992337164751,High,0.81992337164751,0.0,0.6736479321054796,0.0,Normal,0.6736479321054796,1,Poor
0.0,0.688614546594386,0.0,Normal,0.688614546594386,0.0,0.641847004645892,0.0,Normal,0.641847004645892,0.0,0.4436880967000661,0.11262380659986698,Normal,0.4436880967000661,0.0,0.6599072604299098,0.0,Normal,0.6599072604299098,0.08515301229642872,0.4574234938517855,0.0,Normal,0.4574234938517855,0.0,0.9887145160624816,0.0,Normal,0.9887145160624816,0.0,0.8095961332060002,0.0,Normal,0.8095961332060002,0.0,0.6665979226110333,0.0,Medium,0.6665979226110333,0.0,0.8563218390804601,0.0,Normal,0.8563218390804601,0.12295812578252766,0.43852093710873613,0.0,Normal,0.43852093710873613,3,Good
0.0,0.5765666818402572,0.0,Normal,0.5765666818402572,0.0,0.49569036793317506,0.008619264133649596,Normal,0.49569036793317506,0.0,0.8869807944257022,0.0,Normal,0.8869807944257022,0.0,0.6745977325542583,0.0,Normal,0.6745977325542583,0.0,0.9337626407618749,0.0,Normal,0.9337626407618749,0.0,0.6328973111078855,0.0,Normal,0.6328973111078855,0.2985072792861849,0.35074636035690754,0.0,Normal,0.35074636035690754,0.0,0.965476590237354,0.0,Medium,0.965476590237354,0.0,0.7605363984674328,0.0,Normal,0.7605363984674328,0.24794236103115938,0.37602881948442024,0.0,Normal,0.37602881948442024,3,Good
0.19292114217901862,0.4035394289104909,0.0,Normal,0.4035394289104909,0.0,0.9292703931887139,0.0,Normal,0.9292703931887139,0.0,0.8444206716789769,0.0,Normal,0.8444206716789769,0.0,0.9869502281751027,0.0,Normal,0.9869502281751027,0.0,0.8772691552609865,0.0,Normal,0.8772691552609865,0.012309548612719037,0.49384522569364037,0.0,Normal,0.49384522569364037,0.6672522115743298,0.16637389421283508,0.0,Low,0.6672522115743298,0.7425960282231702,0.1287019858884149,0.0,Low,0.7425960282231702,0.0,0.0,1.0,High,1.0,0.0,0.5430123214049764,0.0,Normal,0.5430123214049764,0,Acceptable
0.3168570302884409,0.3415714848557797,0.0,Normal,0.3415714848557797,0.0,0.9479903271192067,0.0,Normal,0.9479903271192067,0.0,0.9093805164910488,0.0,Normal,0.9093805164910488,0.0,0.8852616435153304,0.0,Normal,0.8852616435153304,0.0,0.7517325016068361,0.0,Normal,0.7517325016068361,0.0,0.8151686453092347,0.0,Normal,0.8151686453092347,0.0,0.6802153251706825,0.0,Normal,0.6802153251706825,0.0,0.7265182994285264,0.0,Medium,0.7265182994285264,1.0,0.0,0.0,Low,1.0,0.4988357747022108,0.2505821126488946,0.0,Low,0.4988357747022108,3,Acceptable
0.3116310012980179,0.3441844993509912,0.0,Normal,0.3441844993509912,0.0,0.06691732075996072,0.8661653584800785,Hot,0.8661653584800785,0.0,0.7720314859983327,0.0,Normal,0.7720314859983327,0.0,0.9248222223510745,0.0,Normal,0.9248222223510745,0.07566096018792878,0.46216951990603544,0.0,Normal,0.46216951990603544,0.0,0.925803158390005,0.0,Normal,0.925803158390005,0.0,0.28711537301775486,0.42576925396449045,High,0.42576925396449045,0.0,0.6678097927638571,0.0,Medium,0.6678097927638571,0.0,0.9521072796934864,0.0,Normal,0.9521072796934864,0.0,0.0,1.0,High,1.0,3,Acceptable
0.0,0.6027495567966207,0.0,Normal,0.6027495567966207,0.0,0.6815323263087493,0.0,Normal,0.6815323263087493,0.0,0.8668802935119103,0.0,Normal,0.8668802935119103,0.0,0.8996314553896965,0.0,Normal,0.8996314553896965,0.7496109828490352,0.1251945085754824,0.0,Low,0.7496109828490352,0.0,0.6664382950881952,0.0,Normal,0.6664382950881952,0.0,0.9117392003658588,0.0,Normal,0.9117392003658588,0.0,0.774568781826036,0.0,Medium,0.774568781826036,0.0,0.8563218390804601,0.0,Normal,0.8563218390804601,0.0,0.9920869646422208,0.0,Normal,0.9920869646422208,0,Acceptable
0.32676252136699474,0.3366187393165028,0.0,Normal,0.3366187393165028,0.0,0.7457556043895118,0.0,Normal,0.7457556043895118,0.3897637731440562,0.305118113427972,0.0,Dry,0.3897637731440562,0.3594386023804557,0.320280698809772,0.0,Dry,0.3594386023804557,0.0,0.12769031081093968,0.7446193783781206,High,0.7446193783781206,0.5815558417684524,0.20922207911577376,0.0,Low,0.5815558417684524,0.0,0.0,1.0,High,1.0,0.0,0.8154896917843166,0.0,Medium,0.8154896917843166,0.0,0.664750957854406,0.0,Normal,0.664750957854406,0.006335817911012177,0.49683209104449383,0.0,Normal,0.49683209104449383,1,Poor
0.0,0.8571015596468876,0.0,Normal,0.8571015596468876,0.0,0.7160651487032202,0.0,Normal,0.7160651487032202,0.0,0.16517524054731805,0.6696495189053636,Wet,0.6696495189053636,0.0,0.12737096436384168,0.7452580712723168,Wet,0.7452580712723168,0.0,0.39791924941272244,0.2041615011745551,Normal,0.39791924941272244,0.8298804502260976,0.08505977488695117,0.0,Low,0.8298804502260976,0.0,0.6803951938764357,0.0,Normal,0.6803951938764357,0.0,0.6833401142041914,0.0,Medium,0.6833401142041914,0.0,0.0,1.0,High,1.0,0.0,0.7488817967666097,0.0,Normal,0.7488817967666097,1,Acceptable
0.0,0.7724558138953731,0.0,Normal,0.7724558138953731,0.0,0.8339216595199148,0.0,Normal,0.8339216595199148,0.0,0.5440435069024884,0.0,Normal,0.5440435069024884,0.3153770056871216,0.34231149715643905,0.0,Normal,0.34231149715643905,0.0,0.5203119800321305,0.0,Normal,0.5203119800321305,1.0,0.0,0.0,Low,1.0,0.0,0.6053850647071497,0.0,Normal,0.6053850647071497,0.0,0.7387419771062543,0.0,Medium,0.7387419771062543,1.0,0.0,0.0,Low,1.0,0.0,0.5690335405424156,0.0,Normal,0.5690335405424156,1,Acceptable
0.0,0.6179282980546957,0.0,Normal,0.6179282980546957,0.0,0.6259577741903944,0.0,Normal,0.6259577741903944,0.0,0.8737704737751862,0.0,Normal,0.8737704737751862,0.0,0.7217336520654085,0.0,Normal,0.7217336520654085,0.21981697506097297,0.3900915124695134,0.0,Normal,0.3900915124695134,0.0,0.3272484149721319,0.3455031700557361,High,0.3455031700557361,0.0,0.7225266036760681,0.0,Normal,0.7225266036760681,1.0,0.0,0.0,Low,1.0,1.0,0.0,0.0,Low,1.0,0.24091175389867836,0.37954412305066076,0.0,Normal,0.37954412305066076,3,Good
0.0,0.8586607349827655,0.0,Normal,0.8586607349827655,0.0,0.8688598529273662,0.0,Normal,0.8688598529273662,0.0,0.7076602254518033,0.0,Normal,0.7076602254518033,0.0,0.9683916452654767,0.0,Normal,0.9683916452654767,1.0,0.0,0.0,Low,1.0,0.0,0.0,1.0,High,1.0,0.801114426947031,0.09944278652648444,0.0,Low,0.801114426947031,0.0,0.9147956040987978,0.0,Medium,0.9147956040987978,0.8199233716475094,0.09003831417624526,0.0,Low,0.8199233716475094,0.6606389123359446,0.16968054383202766,0.0,Low,0.6606389123359446,3,Good
0.0,0.027153379653015074,0.9456932406939698,Hot,0.9456932406939698,0.0,0.9847116333663096,0.0,Normal,0.9847116333663096,0.21053981309699982,0.39473009345150023,0.0,Normal,0.39473009345150023,0.0,0.6285599994281902,0.0,Normal,0.6285599994281902,0.029970047824652367,0.4850149760876737,0.0,Normal,0.4850149760876737,0.0,0.7175296347749096,0.0,Normal,0.7175296347749096,0.0,0.7845628239219025,0.0,Normal,0.7845628239219025,0.11380798648060775,0.44309600675969607,0.0,Medium,0.44309600675969607,0.6283524904214557,0.1858237547892721,0.0,Low,0.6283524904214557,0.0,0.7770465083475467,0.0,Normal,0.7770465083475467,3,Acceptable
0.0,0.8546668423603736,0.0,Normal,0.8546668423603736,0.0,0.9378914641343038,0.0,Normal,0.9378914641343038,0.0,0.37663964062815336,0.24672071874369256,Normal,0.37663964062815336,0.0,0.9442632527972575,0.0,Normal,0.9442632527972575,0.0,0.6530771701333022,0.0,Normal,0.6530771701333022,0.0,0.535970905954989,0.0,Normal,0.535970905954989,0.6638470718693703,0.16807646406531482,0.0,Low,0.6638470718693703,0.0,0.8297858763144996,0.0,Medium,0.8297858763144996,0.0,0.0,1.0,High,1.0,0.0,0.5858945348679131,0.0,Normal,0.5858945348679131,0,Acceptable
0.0,0.8265667868954594,0.0,Normal,0.8265667868954594,0.0,0.649262422208923,0.0,Normal,0.649262422208923,0.6596914667784205,0.1701542666107898,0.0,Dry,0.6596914667784205,0.0,0.580957308394782,0.0,Normal,0.580957308394782,0.0,0.9961825175522389,0.0,Normal,0.9961825175522389,0.7424723155730073,0.12876384221349632,0.0,Low,0.7424723155730073,0.0,0.791830823315987,0.0,Normal,0.791830823315987,0.0,0.8523690645115166,0.0,Medium,0.8523690645115166,0.0,0.7605363984674328,0.0,Normal,0.7605363984674328,0.0,0.7479740236741086,0.0,Normal,0.7479740236741086,1,Acceptable
0.31491588621848765,0.34254205689075634,0.0,Normal,0.34254205689075634,0.0,0.8515922342949394,0.0,Normal,0.8515922342949394,0.0,0.8186349600960271,0.0,Normal,0.8186349600960271,0.0,0.8863542484362784,0.0,Normal,0.8863542484362784,0.0,0.7198624684374589,0.0,Normal,0.7198624684374589,1.0,0.0,0.0,Low,1.0,0.0,0.9875600476792541,0.0,Normal,0.9875600476792541,0.0,0.7310806187741438,0.0,Medium,0.7310806187741438,0.0,0.8563218390804601,0.0,Normal,0.8563218390804601,0.0,0.5992870557798493,0.0,Normal,0.5992870557798493,3,Acceptable
0.0,0.50272496137531,0.0,Normal,0.50272496137531,0.0,0.7886056120444258,0.0,Normal,0.7886056120444258,0.0,0.6235065327944093,0.0,Normal,0.6235065327944093,0.0,0.7760486897460968,0.0,Normal,0.7760486897460968,0.0,0.22878968707602723,0.5424206258479455,High,0.5424206258479455,1.0,0.0,0.0,Low,1.0,0.0,0.7089064210941566,0.0,Normal,0.7089064210941566,0.18808688082578703,0.4059565595871064,0.0,Medium,0.4059565595871064,0.0,0.7605363984674332,0.0,Normal,0.7605363984674332,0.017242530135134135,0.49137873493243284,0.0,Normal,0.49137873493243284,3,Good
0.0,0.22036252329268044,0.5592749534146386,Hot,0.5592749534146386,0.0,0.4685107203104085,0.06297855937918267,Normal,0.4685107203104085,0.0,0.8398745999329708,0.0,Normal,0.8398745999329708,0.0,0.7082190223278976,0.0,Normal,0.7082190223278976,1.0,0.0,0.0,Low,1.0,0.0,0.4107565445486801,0.17848691090263985,Normal,0.4107565445486801,0.9666988657861493,0.01665056710692539,0.0,Low,0.9666988657861493,0.0,0.9289468344027092,0.0,Medium,0.9289468344027092,0.0,0.0,1.0,High,1.0,0.9088749966759176,0.04556250166204116,0.0,Low,0.9088749966759176,3,Acceptable
0.0,0.8831793993806861,0.0,Normal,0.8831793993806861,0.0,0.8993441821852269,0.0,Normal,0.8993441821852269,0.0,0.6489627421196079,0.0,Normal,0.6489627421196079,0.0,0.506354126942429,0.0,Normal,0.506354126942429,0.0,0.9498593017653328,0.0,Normal,0.9498593017653328,0.0,0.54206789138225,0.0,Normal,0.54206789138225,0.0,0.7256532339213023,0.0,Normal,0.7256532339213023,1.0,0.0,0.0,Low,1.0,0.0,0.7605363984674332,0.0,Normal,0.7605363984674332,0.0,0.5558851390627669,0.0,Normal,0.5558851390627669,3,Good
0.9378670722485012,0.031066463875749413,0.0,Cold,0.9378670722485012,0.0,0.324730533945301,0.3505389321093978,Hot,0.3505389321093978,0.0,0.5595249483989821,0.0,Normal,0.5595249483989821,0.0,0.708678558297835,0.0,Normal,0.708678558297835,0.2750918420734071,0.36245407896329634,0.0,Normal,0.36245407896329634,0.0,0.9943707707795963,0.0,Normal,0.9943707707795963,0.0,0.7188869638365842,0.0,Normal,0.7188869638365842,0.0,0.9815190385725652,0.0,Medium,0.9815190385725652,0.0,0.5689655172413794,0.0,Normal,0.5689655172413794,0.0,0.1626271110357327,0.6747457779285346,High,0.6747457779285346,0,Poor
0.0,0.6773965915088218,0.0,Normal,0.6773965915088218,0.0,0.6359563896614637,0.0,Normal,0.6359563896614637,0.32087750120626946,0.3395612493968654,0.0,Normal,0.3395612493968654,0.8647301518181393,0.06763492409093033,0.0,Dry,0.8647301518181393,0.0,0.7910143484632236,0.0,Normal,0.7910143484632236,0.0,0.8472035195099689,0.0,Normal,0.8472035195099689,0.0,0.5326112819925585,0.0,Normal,0.5326112819925585,0.0,0.9137579152154254,0.0,Medium,0.9137579152154254,0.0,0.7605363984674332,0.0,Normal,0.7605363984674332,0.0661500335705196,0.46692498321474013,0.0,Normal,0.46692498321474013,0,Acceptable
0.22440829998012055,0.38779585000993994,0.0,Normal,0.38779585000993994,0.010278886286391335,0.4948605568568042,0.0,Normal,0.4948605568568042,0.0,0.7691460312696226,0.0,Normal,0.7691460312696226,0.0,0.9550049266874749,0.0,Normal,0.9550049266874749,0.0,0.8227116813962281,0.0,Normal,0.8227116813962281,0.0,0.6404760630626538,0.0,Normal,0.6404760630626538,0.0,0.6494699365241895,0.0,Normal,0.6494699365241895,0.0,0.7805918274453968,0.0,Medium,0.7805918274453968,0.0,0.6647509578544063,0.0,Normal,0.6647509578544063,0.1403149827943847,0.4298425086028076,0.0,Normal,0.4298425086028076,0,Acceptable
0.0,0.3957393027844159,0.2085213944311674,Normal,0.3957393027844159,0.0,0.7495528899392925,0.0,Normal,0.7495528899392925,0.0,0.9776394434133404,0.0,Normal,0.9776394434133404,0.0,0.981766323226638,0.0,Normal,0.981766323226638,0.0,0.31770118186030466,0.3645976362793907,High,0.3645976362793907,0.8567948936863958,0.07160255315680207,0.0,Low,0.8567948936863958,0.9075303734630382,0.04623481326848091,0.0,Low,0.9075303734630382,0.4203961075128277,0.2898019462435861,0.0,Low,0.4203961075128277,0.0,0.0,1.0,High,1.0,0.0,0.6429611690375768,0.0,Normal,0.6429611690375768,1,Acceptable
0.0,0.6127290272808558,0.0,Normal,0.6127290272808558,0.0,0.6110057564403294,0.0,Normal,0.6110057564403294,0.0,0.6620960349989534,0.0,Normal,0.6620960349989534,0.0,0.6769790074347456,0.0,Normal,0.6769790074347456,0.7141873307674378,0.14290633461628105,0.0,Low,0.7141873307674378,0.0,0.36391914680390525,0.27216170639218945,Normal,0.36391914680390525,0.0,0.7347857902882734,0.0,Normal,0.7347857902882734,1.0,0.0,0.0,Low,1.0,0.0,0.664750957854406,0.0,Normal,0.664750957854406,0.0,0.6480061437890909,0.0,Normal,0.6480061437890909,3,Good
0.0,0.33744588644579987,0.32510822710839954,Normal,0.33744588644579987,0.0,0.725303804349863,0.0,Normal,0.725303804349863,0.0,0.0,1.0,Wet,1.0,0.0,0.13951162914466497,0.7209767417106702,Wet,0.7209767417106702,0.16912992803312116,0.4154350359834393,0.0,Normal,0.4154350359834393,0.7877876704510284,0.10610616477448576,0.0,Low,0.7877876704510284,0.0,0.2704630532715983,0.4590738934568036,High,0.4590738934568036,0.0,0.6244806151514082,0.0,Medium,0.6244806151514082,0.0,0.0,1.0,High,1.0,0.0,0.6416299907176984,0.0,Normal,0.6416299907176984,1,Poor
0.0,0.7974285367528511,0.0,Normal,0.7974285367528511,0.0,0.6333296251979593,0.0,Normal,0.6333296251979593,0.0,0.6883903449924286,0.0,Normal,0.6883903449924286,0.0,0.911289373763971,0.0,Normal,0.911289373763971,0.0,0.9983733931693611,0.0,Normal,0.9983733931693611,0.33972457844947745,0.33013771077526116,0.0,Low,0.33972457844947745,0.0,0.928817885788835,0.0,Normal,0.928817885788835,0.0,0.9046558107963728,0.0,Medium,0.9046558107963728,0.436781609195402,0.28160919540229895,0.0,Low,0.436781609195402,0.0,0.5445710909127361,0.0,Normal,0.5445710909127361,0,Acceptable
0.0,0.8018498433976456,0.0,Normal,0.8018498433976456,0.29722272143040257,0.35138863928479863,0.0,Normal,0.35138863928479863,0.988732123097244,0.005633938451377976,0.0,Dry,0.988732123097244,0.5871215108857725,0.20643924455711368,0.0,Dry,0.5871215108857725,0.0,0.5304745708937111,0.0,Normal,0.5304745708937111,0.0,0.9417176028000248,0.0,Normal,0.9417176028000248,0.0,0.5371096520972433,0.0,Normal,0.5371096520972433,0.0,0.8819543039143135,0.0,Medium,0.8819543039143135,0.0,0.5689655172413794,0.0,Normal,0.5689655172413794,0.0,0.8861805518197033,0.0,Normal,0.8861805518197033,3,Acceptable
0.0,0.8614671975056419,0.0,Normal,0.8614671975056419,0.0,0.9204880114972549,0.0,Normal,0.9204880114972549,0.0,0.3349875893831074,0.3300248212337845,Normal,0.3349875893831074,0.0,0.38118252959606524,0.23763494080786984,Normal,0.38118252959606524,0.0,0.7904375265716513,0.0,Normal,0.7904375265716513,0.0,0.9490559490866778,0.0,Normal,0.9490559490866778,0.0,0.7591197682945948,0.0,Normal,0.7591197682945948,0.0,0.9407006779307236,0.0,Medium,0.9407006779307236,0.0,0.090038314176245,0.81992337164751,High,0.81992337164751,0.07281527768492049,0.4635923611575397,0.0,Normal,0.4635923611575397,3,Good
0.0,0.637308624803257,0.0,Normal,0.637308624803257,0.0,0.6833438609945309,0.0,Normal,0.6833438609945309,0.16508288553674427,0.417458557231628,0.0,Normal,0.417458557231628,0.41531692031522544,0.29234153984238714,0.0,Dry,0.41531692031522544,0.0,0.7010823289047813,0.0,Normal,0.7010823289047813,0.0,0.5982586969039624,0.0,Normal,0.5982586969039624,0.0,0.3557240666438636,0.288551866712273,Normal,0.3557240666438636,0.0,0.8653352511412302,0.0,Medium,0.8653352511412302,1.0,0.0,0.0,Low,1.0,0.0,0.7382521980272907,0.0,Normal,0.7382521980272907,3,Good
0.0,0.3888464223843993,0.2223071552312005,Normal,0.3888464223843993,0.0,0.2874827971457688,0.42503440570846224,Hot,0.42503440570846224,0.0,0.15426682567796288,0.691466348644074,Wet,0.691466348644074,0.0,0.10605450355553676,0.7878909928889266,Wet,0.7878909928889266,0.0,0.5076557355923834,0.0,Normal,0.5076557355923834,1.0,0.0,0.0,Low,1.0,0.0,0.6080120251516149,0.0,Normal,0.6080120251516149,0.0,0.15043080030191505,0.6991383993961701,High,0.6991383993961701,0.0,0.5689655172413794,0.0,Normal,0.5689655172413794,0.0,0.7526585244022397,0.0,Normal,0.7526585244022397,2,Poor
0.7179436211872369,0.14102818940638162,0.0,Cold,0.7179436211872369,0.0,0.8212501814377109,0.0,Normal,0.8212501814377109,0.0,0.9203920063169662,0.0,Normal,0.9203920063169662,0.0,0.6833722981213005,0.0,Normal,0.6833722981213005,0.0,0.5122352274154782,0.0,Normal,0.5122352274154782,0.0,0.703192424320131,0.0,Normal,0.703192424320131,0.0,0.8315842514879084,0.0,Normal,0.8315842514879084,0.655175721967757,0.17241213901612149,0.0,Low,0.655175721967757,1.0,0.0,0.0,Low,1.0,0.5366116930116605,0.23169415349416977,0.0,Low,0.5366116930116605,3,Acceptable
0.0,0.7960276413753131,0.0,Normal,0.7960276413753131,0.0,0.7031638812946794,0.0,Normal,0.7031638812946794,0.0,0.973376315744019,0.0,Normal,0.973376315744019,0.0,0.6465399535477672,0.0,Normal,0.6465399535477672,0.0,0.580104923039203,0.0,Normal,0.580104923039203,0.0,0.8511814374042275,0.0,Normal,0.8511814374042275,0.0,0.23770102434403087,0.5245979513119384,High,0.5245979513119384,0.0,0.9079349248220705,0.0,Medium,0.9079349248220705,0.0,0.37739463601532547,0.24521072796934892,Normal,0.37739463601532547,0.0,0.6709863846446095,0.0,Normal,0.6709863846446095,0,Acceptable
0.0,0.41340913633507603,0.17318172732984702,Normal,0.41340913633507603,0.30540027160225997,0.34729986419886993,0.0,Normal,0.34729986419886993,0.0,0.72056201508029,0.0,Normal,0.72056201508029,0.0,0.44866203431213414,0.10267593137573218,Normal,0.44866203431213414,0.0,0.8308808248912128,0.0,Normal,0.8308808248912128,0.5340713492081,0.23296432539594997,0.0,Low,0.5340713492081,0.0,0.5387872748879509,0.0,Normal,0.5387872748879509,0.0,0.7636357844550907,0.0,Medium,0.7636357844550907,0.0,0.4731800766283523,0.05363984674329525,Normal,0.4731800766283523,0.0,0.0,1.0,High,1.0,1,Poor
0.0,0.9299470057392105,0.0,Normal,0.9299470057392105,0.0,0.6029640042048907,0.0,Normal,0.6029640042048907,0.0,0.502758963715388,0.0,Normal,0.502758963715388,0.33508543942083613,0.3324572802895818,0.0,Dry,0.33508543942083613,0.20987376143510614,0.3950631192824468,0.0,Normal,0.3950631192824468,0.0,0.8254334818648567,0.0,Normal,0.8254334818648567,0.0,0.28587784288296625,0.42824431423406767,High,0.42824431423406767,0.0,0.8177770711071085,0.0,Medium,0.8177770711071085,0.0,0.090038314176245,0.81992337164751,High,0.81992337164751,0.0,0.8152734394355213,0.0,Normal,0.8152734394355213,3,Good
0.0,0.5671634740170218,0.0,Normal,0.5671634740170218,0.0,0.9906309027702439,0.0,Normal,0.9906309027702439,0.0,0.5781037864748295,0.0,Normal,0.5781037864748295,0.015396226831922356,0.4923018865840387,0.0,Normal,0.4923018865840387,0.9898050036527246,0.005097498173637719,0.0,Low,0.9898050036527246,0.0,0.3556978741101457,0.2886042517797086,Normal,0.3556978741101457,0.0,0.7186466573582111,0.0,Normal,0.7186466573582111,0.0,0.4453381828353773,0.10932363432924586,Medium,0.4453381828353773,1.0,0.0,0.0,Low,1.0,0.5818098778364399,0.20909506108178,0.0,Low,0.5818098778364399,3,Good
0.0,0.846114031977242,0.0,Normal,0.846114031977242,0.0,0.9624651965261904,0.0,Normal,0.9624651965261904,0.170427357246199,0.41478632137690064,0.0,Normal,0.41478632137690064,0.0,0.7422353619974885,0.0,Normal,0.7422353619974885,0.0,0.9041868064532921,0.0,Normal,0.9041868064532921,0.36799107809306986,0.316004460953465,0.0,Low,0.36799107809306986,0.0,0.6150283823821766,0.0,Normal,0.6150283823821766,0.0,0.7745544424154678,0.0,Medium,0.7745544424154678,1.0,0.0,0.0,Low,1.0,0.2461362705128643,0.3769318647435678,0.0,Normal,0.3769318647435678,0,Acceptable
0.0,0.6856460861183689,0.0,Normal,0.6856460861183689,0.28679753975996564,0.3566012301200171,0.0,Normal,0.3566012301200171,1.0,0.0,0.0,Dry,1.0,1.0,0.0,0.0,Dry,1.0,0.43238198968430563,0.2838090051578471,0.0,Low,0.43238198968430563,0.0,0.5449502136980897,0.0,Normal,0.5449502136980897,0.0,0.0,1.0,High,1.0,0.0,0.7423406442490578,0.0,Medium,0.7423406442490578,1.0,0.0,0.0,Low,1.0,0.0,0.6734851886382641,0.0,Normal,0.6734851886382641,3,Poor
0.0,0.42164481697963324,0.15671036604073255,Normal,0.42164481697963324,0.0,0.5650772051884748,0.0,Normal,0.5650772051884748,0.0,0.8042657426376728,0.0,Normal,0.8042657426376728,0.0,0.8646100995259917,0.0,Normal,0.8646100995259917,0.0,0.7724170201995777,0.0,Normal,0.7724170201995777,0.0,0.8256435084738704,0.0,Normal,0.8256435084738704,0.0,0.7907417420504785,0.0,Normal,0.7907417420504785,1.0,0.0,0.0,Low,1.0,0.0,0.37739463601532547,0.24521072796934892,Normal,0.37739463601532547,0.0,0.5533950929639861,0.0,Normal,0.5533950929639861,0,Acceptable
0.0,0.897872842666924,0.0,Normal,0.897872842666924,0.0,0.6396529500660291,0.0,Normal,0.6396529500660291,0.0,0.7251186151698676,0.0,Normal,0.7251186151698676,0.0,0.7964255444555903,0.0,Normal,0.7964255444555903,0.7607239498756777,0.1196380250621611,0.0,Low,0.7607239498756777,0.0,0.4444728729717121,0.11105425405657572,Normal,0.4444728729717121,0.23230171585629256,0.3838491420718537,0.0,Normal,0.3838491420718537,0.0,0.9408325084450996,0.0,Medium,0.9408325084450996,0.05363984674329458,0.47318007662835265,0.0,Normal,0.47318007662835265,0.3632911826288003,0.31835440868559983,0.0,Low,0.3632911826288003,3,Good
0.0,0.8887212415441701,0.0,Normal,0.8887212415441701,0.7653794476499143,0.11731027617504282,0.0,Cold,0.7653794476499143,0.0,0.8257306314658627,0.0,Normal,0.8257306314658627,0.0,0.8892150804280068,0.0,Normal,0.8892150804280068,1.0,0.0,0.0,Low,1.0,0.0,0.9664054878309604,0.0,Normal,0.9664054878309604,0.0,0.8544059839308318,0.0,Normal,0.8544059839308318,0.0,0.9161724594779022,0.0,Medium,0.9161724594779022,0.0,0.0,1.0,High,1.0,0.0,0.32543699265921294,0.3491260146815741,High,0.3491260146815741,0,Acceptable
0.0,0.9827919467816019,0.0,Normal,0.9827919467816019,0.0,0.629444584239397,0.0,Normal,0.629444584239397,0.0,0.9733288760593892,0.0,Normal,0.9733288760593892,0.0,0.9509363636666576,0.0,Normal,0.9509363636666576,0.0,0.8150707363050308,0.0,Normal,0.8150707363050308,0.0,0.8487434269617301,0.0,Normal,0.8487434269617301,0.2018232234443737,0.3990883882778131,0.0,Normal,0.3990883882778131,0.6109086628641467,0.1945456685679266,0.0,Low,0.6109086628641467,0.0,0.090038314176245,0.81992337164751,High,0.81992337164751,0.0,0.5219751698256276,0.0,Normal,0.5219751698256276,0,Acceptable
0.5098136743999627,0.24509316280001878,0.0,Cold,0.5098136743999627,0.0,0.5512103136399469,0.0,Normal,0.5512103136399469,0.11989574549057232,0.440052127254714,0.0,Normal,0.440052127254714,0.0,0.7431538796144268,0.0,Normal,0.7431538796144268,0.0,0.93763907456847,0.0,Normal,0.93763907456847,0.623421561869787,0.18828921906510646,0.0,Low,0.623421561869787,0.0,0.3704880789305499,0.25902384213890045,Normal,0.3704880789305499,0.0,0.9561173237759979,0.0,Medium,0.9561173237759979,0.0,0.5689655172413794,0.0,Normal,0.5689655172413794,0.0643147344981537,0.4678426327509231,0.0,Normal,0.4678426327509231,1,Poor
0.0,0.9255950304308763,0.0,Normal,0.9255950304308763,0.0,0.9595951561538234,0.0,Normal,0.9595951561538234,0.0,0.5678753014254708,0.0,Normal,0.5678753014254708,0.0,0.7656336609503239,0.0,Normal,0.7656336609503239,0.0,0.6789192049548265,0.0,Normal,0.6789192049548265,0.0,0.5195093072743738,0.0,Normal,0.5195093072743738,0.0,0.6390509941462743,0.0,Normal,0.6390509941462743,0.0,0.7772426247422245,0.0,Medium,0.7772426247422245,0.0,0.4731800766283523,0.05363984674329525,Normal,0.4731800766283523,0.19464135846903932,0.4026793207654803,0.0,Normal,0.4026793207654803,3,Good
0.8348135088856764,0.08259324555716185,0.0,Cold,0.8348135088856764,0.0,0.06576454052689665,0.8684709189462066,Hot,0.8684709189462066,0.4821109025009949,0.2589445487495026,0.0,Dry,0.4821109025009949,0.0,0.5258154467367764,0.0,Normal,0.5258154467367764,1.0,0.0,0.0,Low,1.0,0.0,0.0,1.0,High,1.0,0.0,0.03410684366342491,0.9317863126731502,High,0.9317863126731502,0.0,0.5634771599353766,0.0,Medium,0.5634771599353766,0.0,0.8563218390804596,0.0,Normal,0.8563218390804596,0.0,0.0,1.0,High,1.0,3,Poor
0.0,0.9178812589160772,0.0,Normal,0.9178812589160772,0.0,0.4267478125085161,0.1465043749829675,Normal,0.4267478125085161,0.0,0.5080266351924771,0.0,Normal,0.5080266351924771,0.40089452045294116,0.2995527397735293,0.0,Dry,0.40089452045294116,1.0,0.0,0.0,Low,1.0,0.0,0.0,1.0,High,1.0,0.0,0.7103919061413426,0.0,Normal,0.7103919061413426,0.0,0.8678552917880346,0.0,Medium,0.8678552917880346,0.0,0.5689655172413794,0.0,Normal,0.5689655172413794,0.459258009033099,0.2703709954834505,0.0,Low,0.459258009033099,3,Good
0.0,0.8124246524149638,0.0,Normal,0.8124246524149638,0.0,0.8528385703694072,0.0,Normal,0.8528385703694072,0.0,0.008717786808113227,0.9825644263837735,Wet,0.9825644263837735,0.0,0.0,1.0,Wet,1.0,0.0,0.6267952872113635,0.0,Normal,0.6267952872113635,0.8364807554932336,0.08175962225338315,0.0,Low,0.8364807554932336,0.0,0.9224777044387716,0.0,Normal,0.9224777044387716,0.0,0.5241904618453718,0.0,Medium,0.5241904618453718,0.0,0.5689655172413791,0.0,Normal,0.5689655172413791,0.0,0.8509215224798454,0.0,Normal,0.8509215224798454,2,Poor
0.45992642896589236,0.27003678551705396,0.0,Cold,0.45992642896589236,0.0,0.5994381792767622,0.0,Normal,0.5994381792767622,0.0,0.9947632215228369,0.0,Normal,0.9947632215228369,0.0,0.9885998422703094,0.0,Normal,0.9885998422703094,0.0,0.7515393012622479,0.0,Normal,0.7515393012622479,0.4817176779431653,0.2591411610284173,0.0,Low,0.4817176779431653,0.0,0.07035832353658884,0.8592833529268223,High,0.8592833529268223,0.0,0.7436732461123627,0.0,Medium,0.7436732461123627,1.0,0.0,0.0,Low,1.0,0.22102413444753266,0.3894879327762336,0.0,Normal,0.3894879327762336,1,Poor
0.0,0.6778626918921096,0.0,Normal,0.6778626918921096,0.0,0.6350087135622037,0.0,Normal,0.6350087135622037,0.0,0.7596775630406757,0.0,Normal,0.7596775630406757,0.0,0.9554158884213416,0.0,Normal,0.9554158884213416,0.0,0.7584780769328175,0.0,Normal,0.7584780769328175,0.0,0.8587046720793986,0.0,Normal,0.8587046720793986,0.0,0.8492929238380151,0.0,Normal,0.8492929238380151,0.15797041822501592,0.42101479088749194,0.0,Medium,0.42101479088749194,0.24521072796934829,0.3773946360153258,0.0,Normal,0.3773946360153258,0.3137702704396871,0.3431148647801564,0.0,Normal,0.3431148647801564,3,Good
0.0,0.5602477072079177,0.0,Normal,0.5602477072079177,0.0,0.7622036939118257,0.0,Normal,0.7622036939118257,0.0,0.8442259924939624,0.0,Normal,0.8442259924939624,0.0,0.8959175772843434,0.0,Normal,0.8959175772843434,0.0,0.8189847028384382,0.0,Normal,0.8189847028384382,0.0,0.5052354447113904,0.0,Normal,0.5052354447113904,0.0,0.6584572313071138,0.0,Normal,0.6584572313071138,0.0,0.9721319467319517,0.0,Medium,0.9721319467319517,0.0,0.9521072796934864,0.0,Normal,0.9521072796934864,0.0,0.5488972309016521,0.0,Normal,0.5488972309016521,0,Acceptable
0.0,0.6884913007049746,0.0,Normal,0.6884913007049746,0.0,0.9615687677900991,0.0,Normal,0.9615687677900991,1.0,0.0,0.0,Dry,1.0,0.9991999488480752,0.0004000255759623874,0.0,Dry,0.9991999488480752,1.0,0.0,0.0,Low,1.0,0.0,0.0,1.0,High,1.0,0.0,0.5951704262853057,0.0,Normal,0.5951704262853057,0.2546561082556793,0.3726719458721603,0.0,Medium,0.3726719458721603,1.0,0.0,0.0,Low,1.0,1.0,0.0,0.0,Low,1.0,3,Acceptable
0.6738330921288541,0.16308345393557303,0.0,Cold,0.6738330921288541,0.0,0.906608249487402,0.0,Normal,0.906608249487402,0.0,0.5681038952575489,0.0,Normal,0.5681038952575489,0.0,0.630881823497383,0.0,Normal,0.630881823497383,1.0,0.0,0.0,Low,1.0,0.0,0.40990138371573726,0.18019723256852546,Normal,0.40990138371573726,0.0,0.7997944516650074,0.0,Normal,0.7997944516650074,0.7293292165847334,0.13533539170763328,0.0,Low,0.7293292165847334,0.0,0.5689655172413791,0.0,Normal,0.5689655172413791,0.2535018582692345,0.3732490708653827,0.0,Normal,0.3732490708653827,3,Acceptable
0.01175051987026124,0.49412474006486967,0.0,Normal,0.49412474006486967,0.0,0.6045632031758357,0.0,Normal,0.6045632031758357,0.0,0.9785454493892984,0.0,Normal,0.9785454493892984,0.0,0.9933309646252938,0.0,Normal,0.9933309646252938,0.6535086739494742,0.17324566302526287,0.0,Low,0.6535086739494742,0.0,0.21042382094527864,0.5791523581094427,High,0.5791523581094427,0.0,0.6235618577803379,0.0,Normal,0.6235618577803379,0.0,0.7792402346242365,0.0,Medium,0.7792402346242365,1.0,0.0,0.0,Low,1.0,0.35154067410007933,0.3242296629499603,0.0,Low,0.35154067410007933,3,Good
0.0,0.8618484084631034,0.0,Normal,0.8618484084631034,0.0,0.9723949101594839,0.0,Normal,0.9723949101594839,0.0,0.19260441178763407,0.6147911764247315,Wet,0.6147911764247315,0.0,0.5373485647843795,0.0,Normal,0.5373485647843795,0.0,0.8684509232749803,0.0,Normal,0.8684509232749803,0.0,0.7072470340587308,0.0,Normal,0.7072470340587308,0.0,0.8181248750838894,0.0,Normal,0.8181248750838894,0.0,0.501283137053058,0.0,Medium,0.501283137053058,0.0,0.090038314176245,0.81992337164751,High,0.81992337164751,0.0,0.5338554200330138,0.0,Normal,0.5338554200330138,0,Acceptable
0.0,0.6892291413986225,0.0,Normal,0.6892291413986225,0.0,0.7617983321744424,0.0,Normal,0.7617983321744424,0.25105095253336634,0.37447452373331697,0.0,Normal,0.37447452373331697,0.0,0.7719692312224674,0.0,Normal,0.7719692312224674,0.47678881750814206,0.2616055912459289,0.0,Low,0.47678881750814206,0.0,0.48505925356408985,0.029881492871820323,Normal,0.48505925356408985,0.0,0.8579382041594596,0.0,Normal,0.8579382041594596,0.1922029340438001,0.4038985329780999,0.0,Medium,0.4038985329780999,1.0,0.0,0.0,Low,1.0,0.018069570835935994,0.49096521458203196,0.0,Normal,0.49096521458203196,3,Good
0.46284420200906734,0.26857789899546647,0.0,Cold,0.46284420200906734,0.0,0.7437923665893166,0.0,Normal,0.7437923665893166,0.03895884121926303,0.48052057939036863,0.0,Normal,0.48052057939036863,0.0,0.6487919043165011,0.0,Normal,0.6487919043165011,0.0,0.7156453630119854,0.0,Normal,0.7156453630119854,0.0,0.9883942986893491,0.0,Normal,0.9883942986893491,0.4264606582051746,0.28676967089741273,0.0,Low,0.4264606582051746,0.0,0.5051276228341746,0.0,Medium,0.5051276228341746,1.0,0.0,0.0,Low,1.0,0.49675379211373755,0.2516231039431312,0.0,Low,0.49675379211373755,3,Acceptable
0.0,0.5581824745385574,0.0,Normal,0.5581824745385574,0.0,0.3288889579621804,0.34222208407563914,Hot,0.34222208407563914,0.29948890902057895,0.35025554548971066,0.0,Normal,0.35025554548971066,0.0,0.5445548600533999,0.0,Normal,0.5445548600533999,0.0,0.7993060049440959,0.0,Normal,0.7993060049440959,0.0,0.5975112581423924,0.0,Normal,0.5975112581423924,0.0,0.946504904793323,0.0,Normal,0.946504904793323,0.6196570552098329,0.1901714723950835,0.0,Low,0.6196570552098329,0.24521072796934829,0.3773946360153258,0.0,Normal,0.3773946360153258,0.0,0.9854176670729331,0.0,Normal,0.9854176670729331,3,Good
0.0,0.6664656618745773,0.0,Normal,0.6664656618745773,0.0,0.6757968163817909,0.0,Normal,0.6757968163817909,0.04037504306310042,0.47981247846844993,0.0,Normal,0.47981247846844993,0.3025094625365349,0.34874526873173245,0.0,Normal,0.34874526873173245,0.0,0.6872501543153331,0.0,Normal,0.6872501543153331,0.0,0.7920652889510857,0.0,Normal,0.7920652889510857,0.0,0.41228835673636455,0.17542328652727118,Normal,0.41228835673636455,1.0,0.0,0.0,Low,1.0,0.0,0.7605363984674328,0.0,Normal,0.7605363984674328,0.0,0.6654356415936347,0.0,Normal,0.6654356415936347,0,Acceptable
0.2783250509106364,0.360837474544682,0.0,Normal,0.360837474544682,0.0,0.370401817153722,0.2591963656925558,Normal,0.370401817153722,0.0,0.8369095871177036,0.0,Normal,0.8369095871177036,0.0,0.8228488177274318,0.0,Normal,0.8228488177274318,0.0,0.5881026213331125,0.0,Normal,0.5881026213331125,0.0,0.8540249255821145,0.0,Normal,0.8540249255821145,0.0,0.8822531092110335,0.0,Normal,0.8822531092110335,0.0,0.9694636368436167,0.0,Medium,0.9694636368436167,0.0,0.9521072796934864,0.0,Normal,0.9521072796934864,0.0,0.775078011604377,0.0,Normal,0.775078011604377,3,Acceptable
0.0,0.8026849974755494,0.0,Normal,0.8026849974755494,0.0,0.6109930349474497,0.0,Normal,0.6109930349474497,0.0,0.7227186699840197,0.0,Normal,0.7227186699840197,0.0,0.545449500450262,0.0,Normal,0.545449500450262,0.0,0.33403181919471225,0.3319363616105755,Normal,0.33403181919471225,0.5019503633333872,0.24902481833330634,0.0,Low,0.5019503633333872,0.0,0.7314200154377601,0.0,Normal,0.7314200154377601,0.7296822748702306,0.13515886256488466,0.0,Low,0.7296822748702306,0.0,0.6647509578544063,0.0,Normal,0.6647509578544063,0.0,0.5052378408007397,0.0,Normal,0.5052378408007397,0,Acceptable
0.0,0.852393242237361,0.0,Normal,0.852393242237361,0.0,0.5658458492227292,0.0,Normal,0.5658458492227292,0.0,0.9456673898315294,0.0,Normal,0.9456673898315294,0.0,0.9734617836736988,0.0,Normal,0.9734617836736988,0.0,0.6485231343625436,0.0,Normal,0.6485231343625436,0.0,0.6789247046934959,0.0,Normal,0.6789247046934959,0.0,0.7416744282802007,0.0,Normal,0.7416744282802007,0.0,0.6649001509485255,0.0,Medium,0.6649001509485255,0.24521072796934829,0.3773946360153258,0.0,Normal,0.3773946360153258,0.3052529476394849,0.3473735261802575,0.0,Normal,0.3473735261802575,0,Acceptable
0.6078465292350351,0.19607673538248252,0.0,Cold,0.6078465292350351,0.0,0.9050637596183483,0.0,Normal,0.9050637596183483,0.0,0.5801978964782193,0.0,Normal,0.5801978964782193,0.0,0.5623277448077038,0.0,Normal,0.5623277448077038,0.5486923611642476,0.22565381941787613,0.0,Low,0.5486923611642476,0.0,0.5461283844339783,0.0,Normal,0.5461283844339783,0.0,0.75524714504915,0.0,Normal,0.75524714504915,0.0,0.9570441603049201,0.0,Medium,0.9570441603049201,0.05363984674329458,0.47318007662835265,0.0,Normal,0.47318007662835265,0.08008926358382472,0.4599553682080876,0.0,Normal,0.4599553682080876,3,Acceptable
0.7240384942061662,0.13798075289691697,0.0,Cold,0.7240384942061662,0.0,0.6263139289525259,0.0,Normal,0.6263139289525259,0.0,0.4020876705529799,0.19582465889403944,Normal,0.4020876705529799,0.0,0.0,1.0,Wet,1.0,0.0,0.3434333997028867,0.3131332005942266,Normal,0.3434333997028867,0.6355264736885912,0.18223676315570436,0.0,Low,0.6355264736885912,0.0,0.5619969470313304,0.0,Normal,0.5619969470313304,0.0,0.8160942894006112,0.0,Medium,0.8160942894006112,1.0,0.0,0.0,Low,1.0,0.0,0.9670677003901844,0.0,Normal,0.9670677003901844,1,Poor
0.6370570341814582,0.18147148290927098,0.0,Cold,0.6370570341814582,0.0,0.5325596764756699,0.0,Normal,0.5325596764756699,0.0,0.0,1.0,Wet,1.0,0.0,0.0,1.0,Wet,1.0,0.0,0.8903634497826913,0.0,Normal,0.8903634497826913,0.0,0.8043760382630046,0.0,Normal,0.8043760382630046,0.0,0.7509010995310181,0.0,Normal,0.7509010995310181,0.0,0.7180339874630706,0.0,Medium,0.7180339874630706,0.0,0.090038314176245,0.81992337164751,High,0.81992337164751,0.0,0.6628189405790439,0.0,Normal,0.6628189405790439,0,Poor
0.4174041162215941,0.2912979418892031,0.0,Cold,0.4174041162215941,0.0,0.41253722800922876,0.17492554398154228,Normal,0.41253722800922876,0.0,0.8528298682111775,0.0,Normal,0.8528298682111775,0.0,0.9587564220684818,0.0,Normal,0.9587564220684818,0.0,0.584511412140936,0.0,Normal,0.584511412140936,0.0,0.40607775901902987,0.18784448196194023,Normal,0.40607775901902987,0.33639942172627807,0.33180028913686094,0.0,Low,0.33639942172627807,0.0,0.9232025272792624,0.0,Medium,0.9232025272792624,0.8199233716475094,0.09003831417624526,0.0,Low,0.8199233716475094,0.0,0.8426818710667267,0.0,Normal,0.8426818710667267,3,Acceptable
0.0,0.7515764253335204,0.0,Normal,0.7515764253335204,0.0,0.8426450320870575,0.0,Normal,0.8426450320870575,0.0,0.9516232273533392,0.0,Normal,0.9516232273533392,0.0,0.9331117819517986,0.0,Normal,0.9331117819517986,1.0,0.0,0.0,Low,1.0,0.0,0.0,1.0,High,1.0,0.0,0.8933838101233909,0.0,Normal,0.8933838101233909,0.0,0.9286654118918038,0.0,Medium,0.9286654118918038,1.0,0.0,0.0,Low,1.0,0.49729548335181506,0.2513522583240924,0.0,Low,0.49729548335181506,3,Good
0.0,0.11688299641237769,0.7662340071752444,Hot,0.7662340071752444,0.0,0.8243427369019241,0.0,Normal,0.8243427369019241,0.0,0.6174313070423147,0.0,Normal,0.6174313070423147,0.38697312661604255,0.3065134366919786,0.0,Dry,0.38697312661604255,0.0,0.0,1.0,High,1.0,1.0,0.0,0.0,Low,1.0,0.0,0.13642489921090037,0.7271502015781993,High,0.7271502015781993,0.0,0.9870044143191756,0.0,Medium,0.9870044143191756,0.0,0.0,1.0,High,1.0,0.0,0.6197715029178148,0.0,Normal,0.6197715029178148,3,Acceptable
0.0,0.47582550824536235,0.04834898350927423,Normal,0.47582550824536235,0.0,0.4498973881736089,0.1002052236527819,Normal,0.4498973881736089,0.0,0.4965794489156664,0.0068411021686661955,Normal,0.4965794489156664,0.0,0.09491891603222775,0.8101621679355446,Wet,0.8101621679355446,0.0,0.6941069469882223,0.0,Normal,0.6941069469882223,1.0,0.0,0.0,Low,1.0,0.0,0.4799052932970629,0.040189413405874584,Normal,0.4799052932970629,0.0,0.8678290574795544,0.0,Medium,0.8678290574795544,0.0,0.18582375478927182,0.6283524904214562,High,0.6283524904214562,0.0,0.6139138050824577,0.0,Normal,0.6139138050824577,1,Acceptable
0.0,0.9576968277833506,0.0,Normal,0.9576968277833506,0.0,0.015571618499163806,0.9688567630016723,Hot,0.9688567630016723,0.29089850684790847,0.3545507465760459,0.0,Normal,0.3545507465760459,0.0,0.7820359667503084,0.0,Normal,0.7820359667503084,0.0,0.5798310110495416,0.0,Normal,0.5798310110495416,0.2603748735643261,0.36981256321783684,0.0,Normal,0.36981256321783684,0.0,0.7542435601447971,0.0,Normal,0.7542435601447971,0.0,0.8778110656300108,0.0,Medium,0.8778110656300108,0.0,0.7605363984674328,0.0,Normal,0.7605363984674328,0.0,0.494029584170907,0.011940831658186046,Normal,0.494029584170907,0,Acceptable
0.0,0.7528984964078117,0.0,Normal,0.7528984964078117,0.0,0.6151690481752653,0.0,Normal,0.6151690481752653,0.0,0.9143264682981005,0.0,Normal,0.9143264682981005,0.0,0.5101319107310723,0.0,Normal,0.5101319107310723,1.0,0.0,0.0,Low,1.0,0.0,0.0,1.0,High,1.0,0.0,0.20997002254180616,0.5800599549163878,High,0.5800599549163878,0.0,0.7934543620642239,0.0,Medium,0.7934543620642239,0.0,0.5689655172413791,0.0,Normal,0.5689655172413791,0.0,0.6059232826144756,0.0,Normal,0.6059232826144756,3,Good
0.0,0.8511082721260744,0.0,Normal,0.8511082721260744,0.0,0.964696484307065,0.0,Normal,0.964696484307065,0.0,0.5645487532951615,0.0,Normal,0.5645487532951615,0.02946238375633397,0.4852688081218329,0.0,Normal,0.4852688081218329,0.0,0.9467280324483764,0.0,Normal,0.9467280324483764,0.0,0.7445095405336728,0.0,Normal,0.7445095405336728,0.0,0.6730818955777043,0.0,Normal,0.6730818955777043,0.0,0.7789924460182305,0.0,Medium,0.7789924460182305,0.436781609195402,0.28160919540229895,0.0,Low,0.436781609195402,0.2104021936718821,0.3947989031640589,0.0,Normal,0.3947989031640589,3,Good
0.0,0.6777331016694423,0.0,Normal,0.6777331016694423,0.0,0.8816352308998883,0.0,Normal,0.8816352308998883,0.0,0.0,1.0,Wet,1.0,0.0,0.0,1.0,Wet,1.0,0.0,0.9151813027452771,0.0,Normal,0.9151813027452771,0.0,0.626438882169967,0.0,Normal,0.626438882169967,0.0,0.894038711507384,0.0,Normal,0.894038711507384,1.0,0.0,0.0,Low,1.0,0.0,0.8563218390804596,0.0,Normal,0.8563218390804596,0.0,0.7363588422709587,0.0,Normal,0.7363588422709587,0,Acceptable
0.0,0.6291985524660345,0.0,Normal,0.6291985524660345,1.0,0.0,0.0,Cold,1.0,0.0,0.768317968468269,0.0,Normal,0.768317968468269,0.0,0.579124862747047,0.0,Normal,0.579124862747047,0.0,0.5743872302880488,0.0,Normal,0.5743872302880488,0.0,0.6317070541455391,0.0,Normal,0.6317070541455391,0.0,0.7771205280379537,0.0,Normal,0.7771205280379537,0.0,0.9339872296460484,0.0,Medium,0.9339872296460484,0.0,0.0,1.0,High,1.0,0.0,0.0007375484635180046,0.998524903072964,High,0.998524903072964,0,Acceptable
0.0,0.6934641615898994,0.0,Normal,0.6934641615898994,0.8025474882016007,0.09872625589919962,0.0,Cold,0.8025474882016007,0.0,0.0,1.0,Wet,1.0,0.0,0.0,1.0,Wet,1.0,0.0,0.7009268892204724,0.0,Normal,0.7009268892204724,0.6843268361750307,0.15783658191248465,0.0,Low,0.6843268361750307,0.0,0.5158918431924724,0.0,Normal,0.5158918431924724,0.0,0.9711620193194913,0.0,Medium,0.9711620193194913,0.0,0.0,1.0,High,1.0,0.0,0.11392268925586653,0.772154621488267,High,0.772154621488267,1,Poor
0.0,0.6907248800941477,0.0,Normal,0.6907248800941477,0.0,0.6041960405553658,0.0,Normal,0.6041960405553658,0.0,0.8734228821490303,0.0,Normal,0.8734228821490303,0.0,0.9185462885263592,0.0,Normal,0.9185462885263592,0.0,0.9527919983509364,0.0,Normal,0.9527919983509364,0.20893613986521303,0.3955319300673934,0.0,Normal,0.3955319300673934,0.0,0.9137509392177099,0.0,Normal,0.9137509392177099,0.0,0.8035931454639138,0.0,Medium,0.8035931454639138,1.0,0.0,0.0,Low,1.0,0.0,0.9334443511469004,0.0,Normal,0.9334443511469004,0,Acceptable
0.0,0.616456406655824,0.0,Normal,0.616456406655824,0.0,0.9593852977230946,0.0,Normal,0.9593852977230946,0.11396108178337286,0.4430194591083137,0.0,Normal,0.4430194591083137,0.0,0.7677369246977289,0.0,Normal,0.7677369246977289,0.0,0.9414594149487615,0.0,Normal,0.9414594149487615,0.9122625789661053,0.04386871051694733,0.0,Low,0.9122625789661053,0.0,0.9278343492813746,0.0,Normal,0.9278343492813746,0.0,0.6961866515601179,0.0,Medium,0.6961866515601179,1.0,0.0,0.0,Low,1.0,0.12982559271211314,0.4350872036439434,0.0,Normal,0.4350872036439434,1,Acceptable
0.0,0.7004147954528225,0.0,Normal,0.7004147954528225,0.0,0.0,1.0,Hot,1.0,0.0,0.9831720978011365,0.0,Normal,0.9831720978011365,0.0,0.9201340691486146,0.0,Normal,0.9201340691486146,0.0,0.5694390361695993,0.0,Normal,0.5694390361695993,0.0,0.5611974544459373,0.0,Normal,0.5611974544459373,0.10655546976741767,0.44672226511629115,0.0,Normal,0.44672226511629115,0.0,0.8416003401332711,0.0,Medium,0.8416003401332711,0.24521072796934829,0.3773946360153258,0.0,Normal,0.3773946360153258,0.0,0.18153073596174976,0.6369385280765005,High,0.6369385280765005,3,Acceptable
0.0,0.8496231100821571,0.0,Normal,0.8496231100821571,0.0,0.9254640716234777,0.0,Normal,0.9254640716234777,0.0,0.9228595512251435,0.0,Normal,0.9228595512251435,0.0,0.9072799014061247,0.0,Normal,0.9072799014061247,0.0,0.9907121764005233,0.0,Normal,0.9907121764005233,0.0,0.8317367622184387,0.0,Normal,0.8317367622184387,0.0,0.9405717961452581,0.0,Normal,0.9405717961452581,0.0,0.5881097989612994,0.0,Medium,0.5881097989612994,0.0,0.664750957854406,0.0,Normal,0.664750957854406,0.15411257604297318,0.4229437119785133,0.0,Normal,0.4229437119785133,3,Good
0.0,0.9973681202188847,0.0,Normal,0.9973681202188847,0.0,0.7065420111065988,0.0,Normal,0.7065420111065988,0.30494352988664025,0.34752823505667996,0.0,Normal,0.34752823505667996,0.48001724614395025,0.25999137692802476,0.0,Dry,0.48001724614395025,1.0,0.0,0.0,Low,1.0,0.0,0.0,1.0,High,1.0,0.7522222811852194,0.12388885940739033,0.0,Low,0.7522222811852194,0.1229366765736949,0.4385316617131525,0.0,Medium,0.4385316617131525,0.0,0.6647509578544063,0.0,Normal,0.6647509578544063,1.0,0.0,0.0,Low,1.0,3,Good
0.1383744058563007,0.4308127970718499,0.0,Normal,0.4308127970718499,0.0,0.9109322359258049,0.0,Normal,0.9109322359258049,0.0,0.749399134125333,0.0,Normal,0.749399134125333,0.0,0.7695724952019665,0.0,Normal,0.7695724952019665,1.0,0.0,0.0,Low,1.0,0.0,0.3075746732833772,0.38485065343324565,High,0.38485065343324565,0.0,0.5398525880355861,0.0,Normal,0.5398525880355861,0.0,0.7613351059218019,0.0,Medium,0.7613351059218019,0.0,0.2816091954022987,0.4367816091954026,High,0.4367816091954026,0.2963696343770441,0.3518151828114779,0.0,Normal,0.3518151828114779,3,Acceptable
0.0,0.6200142894956991,0.0,Normal,0.6200142894956991,0.26212560726701245,0.3689371963664937,0.0,Normal,0.3689371963664937,0.0,0.654007820961356,0.0,Normal,0.654007820961356,0.0,0.5443755729927516,0.0,Normal,0.5443755729927516,0.0,0.5613486912096761,0.0,Normal,0.5613486912096761,0.7454049205901291,0.1272975397049354,0.0,Low,0.7454049205901291,0.0,0.6647184900053015,0.0,Normal,0.6647184900053015,0.0,0.7654839542742014,0.0,Medium,0.7654839542742014,0.0,0.5689655172413794,0.0,Normal,0.5689655172413794,0.0,0.21354414858774598,0.572911702824508,High,0.572911702824508,0,Acceptable
0.0,0.3648013427751759,0.27039731444964743,Normal,0.3648013427751759,0.0,0.9584775228403383,0.0,Normal,0.9584775228403383,0.0,0.5977321579136938,0.0,Normal,0.5977321579136938,0.5050270630439366,0.2474864684780316,0.0,Dry,0.5050270630439366,0.0,0.7660057634016753,0.0,Normal,0.7660057634016753,0.0,0.6868223814034613,0.0,Normal,0.6868223814034613,0.0,0.883019712851728,0.0,Normal,0.883019712851728,0.0,0.8950115653795342,0.0,Medium,0.8950115653795342,0.0,0.4731800766283523,0.05363984674329525,Normal,0.4731800766283523,0.0,0.7947590757297176,0.0,Normal,0.7947590757297176,0,Acceptable
0.31305441424891683,0.3434727928755418,0.0,Normal,0.3434727928755418,0.0,0.6304189415140492,0.0,Normal,0.6304189415140492,0.0,0.8092167999251187,0.0,Normal,0.8092167999251187,0.0,0.885740414234333,0.0,Normal,0.885740414234333,0.0,0.8618775658063162,0.0,Normal,0.8618775658063162,0.07330535372935473,0.4633473231353225,0.0,Normal,0.4633473231353225,0.0,0.7003104389147281,0.0,Normal,0.7003104389147281,1.0,0.0,0.0,Low,1.0,0.8199233716475094,0.09003831417624526,0.0,Low,0.8199233716475094,0.0,0.9012217865201022,0.0,Normal,0.9012217865201022,0,Acceptable
0.0,0.650305098851189,0.0,Normal,0.650305098851189,0.0,0.5748424457696919,0.0,Normal,0.5748424457696919,0.0,0.6816913543994808,0.0,Normal,0.6816913543994808,0.0,0.6580695331905854,0.0,Normal,0.6580695331905854,0.0,0.6336363293759343,0.0,Normal,0.6336363293759343,0.0,0.9831919131481633,0.0,Normal,0.9831919131481633,0.0,0.916242732395574,0.0,Normal,0.916242732395574,1.0,0.0,0.0,Low,1.0,0.8199233716475094,0.09003831417624526,0.0,Low,0.8199233716475094,0.0,0.6014846198975058,0.0,Normal,0.6014846198975058,3,Good
0.0,0.9779649763830967,0.0,Normal,0.9779649763830967,0.0,0.8600771113644773,0.0,Normal,0.8600771113644773,0.0,0.786636652066136,0.0,Normal,0.786636652066136,0.0,0.8095600410552954,0.0,Normal,0.8095600410552954,0.0,0.8674043318254607,0.0,Normal,0.8674043318254607,0.032429900203529136,0.4837850498982353,0.0,Normal,0.4837850498982353,0.0,0.8381777198473367,0.0,Normal,0.8381777198473367,0.07440627318327503,0.4627968634083624,0.0,Medium,0.4627968634083624,0.0,0.37739463601532547,0.24521072796934892,Normal,0.37739463601532547,0.12825054711316133,0.4358747264434193,0.0,Normal,0.4358747264434193,0,Acceptable
0.12071924499356351,0.4396403775032185,0.0,Normal,0.4396403775032185,0.6388496373128423,0.1805751813435788,0.0,Cold,0.6388496373128423,0.0,0.9428217178294167,0.0,Normal,0.9428217178294167,0.0,0.8788213626379987,0.0,Normal,0.8788213626379987,0.5969518045597159,0.201524097720142,0.0,Low,0.5969518045597159,0.0,0.987935900386831,0.0,Normal,0.987935900386831,0.04111113151023815,0.4794444342448809,0.0,Normal,0.4794444342448809,0.0,0.773184715867668,0.0,Medium,0.773184715867668,0.24521072796934829,0.3773946360153258,0.0,Normal,0.3773946360153258,0.0,0.9100116319013177,0.0,Normal,0.9100116319013177,0,Acceptable
0.0,0.36824459954949973,0.2635108009009997,Normal,0.36824459954949973,0.0,0.8196401606594736,0.0,Normal,0.8196401606594736,0.0,0.7584304013369665,0.0,Normal,0.7584304013369665,0.0,0.5995420743466094,0.0,Normal,0.5995420743466094,0.0,0.8742694205862158,0.0,Normal,0.8742694205862158,0.0,0.8601199111294351,0.0,Normal,0.8601199111294351,0.0,0.21763768421254429,0.5647246315749116,High,0.5647246315749116,0.8665088715501169,0.06674556422494152,0.0,Low,0.8665088715501169,0.24521072796934829,0.3773946360153258,0.0,Normal,0.3773946360153258,0.0,0.8502626339011965,0.0,Normal,0.8502626339011965,3,Acceptable
0.0,0.5556058478618513,0.0,Normal,0.5556058478618513,0.0,0.8119160192873978,0.0,Normal,0.8119160192873978,0.0,0.5366498868030086,0.0,Normal,0.5366498868030086,0.0,0.8587973673214748,0.0,Normal,0.8587973673214748,0.0,0.9462392966753148,0.0,Normal,0.9462392966753148,0.1532743492436458,0.423362825378177,0.0,Normal,0.423362825378177,0.0,0.3732890023006501,0.25342199539870003,Normal,0.3732890023006501,0.0,0.8694492915390294,0.0,Medium,0.8694492915390294,0.0,0.9521072796934864,0.0,Normal,0.9521072796934864,0.11284720731390736,0.44357639634304624,0.0,Normal,0.44357639634304624,0,Acceptable
0.03732018558306337,0.4813399072084686,0.0,Normal,0.4813399072084686,0.0,0.519321468529923,0.0,Normal,0.519321468529923,0.0,0.9184302997234246,0.0,Normal,0.9184302997234246,0.0,0.6105849177891114,0.0,Normal,0.6105849177891114,0.0,0.8386577413263407,0.0,Normal,0.8386577413263407,0.0,0.7341223602212709,0.0,Normal,0.7341223602212709,0.0,0.833586570945806,0.0,Normal,0.833586570945806,0.1713087778846474,0.41434561105767626,0.0,Medium,0.41434561105767626,1.0,0.0,0.0,Low,1.0,0.0,0.6798901087997477,0.0,Normal,0.6798901087997477,0,Acceptable
0.0,0.8202111094012507,0.0,Normal,0.8202111094012507,0.0,0.8064203144749534,0.0,Normal,0.8064203144749534,0.0,0.8423311636545898,0.0,Normal,0.8423311636545898,0.0,0.5396097857021978,0.0,Normal,0.5396097857021978,0.0,0.8322424414501076,0.0,Normal,0.8322424414501076,0.7434280890610213,0.12828595546948932,0.0,Low,0.7434280890610213,0.0,0.9542501944248847,0.0,Normal,0.9542501944248847,0.0,0.1694906877181116,0.661018624563777,High,0.661018624563777,0.0,0.5689655172413791,0.0,Normal,0.5689655172413791,0.0,0.5601998358829406,0.0,Normal,0.5601998358829406,2,Poor
0.4162972055142008,0.29185139724289977,0.0,Cold,0.4162972055142008,0.0,0.23368474304539916,0.5326305139092016,Hot,0.5326305139092016,0.0,0.17640693364418464,0.6471861327116304,Wet,0.6471861327116304,0.0,0.6845026627410559,0.0,Normal,0.6845026627410559,0.0,0.9974686020495431,0.0,Normal,0.9974686020495431,0.5847576758174907,0.20762116209125459,0.0,Low,0.5847576758174907,0.0,0.9393424854012011,0.0,Normal,0.9393424854012011,0.0,0.8358625728433028,0.0,Medium,0.8358625728433028,0.0,0.18582375478927182,0.6283524904214562,High,0.6283524904214562,0.0,0.41628821886071127,0.16742356227857746,Normal,0.41628821886071127,3,Acceptable
0.05729343692184992,0.4713532815390753,0.0,Normal,0.4713532815390753,0.0,0.8129541544885208,0.0,Normal,0.8129541544885208,0.19990349030885235,0.40004825484557394,0.0,Normal,0.40004825484557394,0.0,0.6839426148544748,0.0,Normal,0.6839426148544748,0.0,0.26900092937569536,0.4619981412486092,High,0.4619981412486092,1.0,0.0,0.0,Low,1.0,1.0,0.0,0.0,Low,1.0,0.0,0.7626498001195778,0.0,Medium,0.7626498001195778,1.0,0.0,0.0,Low,1.0,0.7161445193377245,0.14192774033113773,0.0,Low,0.7161445193377245,3,Acceptable
0.4723577317727638,0.26382113411361824,0.0,Cold,0.4723577317727638,0.22451277477301548,0.38774361261349216,0.0,Normal,0.38774361261349216,0.0,0.9976653457483268,0.0,Normal,0.9976653457483268,0.0,0.9351793099951909,0.0,Normal,0.9351793099951909,0.12756062714491628,0.4362196864275417,0.0,Normal,0.4362196864275417,0.0,0.6048879199358944,0.0,Normal,0.6048879199358944,0.0,0.907589846268655,0.0,Normal,0.907589846268655,0.0,0.6818499488302582,0.0,Medium,0.6818499488302582,0.0,0.8563218390804596,0.0,Normal,0.8563218390804596,0.0,0.708166610797393,0.0,Normal,0.708166610797393,1,Poor
0.0,0.7159347800237379,0.0,Normal,0.7159347800237379,0.0,0.6937426197494935,0.0,Normal,0.6937426197494935,0.0,0.6123797546332945,0.0,Normal,0.6123797546332945,0.0,0.9205820054539517,0.0,Normal,0.9205820054539517,0.0,0.5590084154403666,0.0,Normal,0.5590084154403666,0.0,0.5300505387856157,0.0,Normal,0.5300505387856157,0.0,0.9273431230256397,0.0,Normal,0.9273431230256397,0.0,0.6258632192605473,0.0,Medium,0.6258632192605473,1.0,0.0,0.0,Low,1.0,0.2802880462308161,0.3598559768845919,0.0,Normal,0.3598559768845919,3,Good
0.0,0.9004641693267148,0.0,Normal,0.9004641693267148,0.0,0.656857860548994,0.0,Normal,0.656857860548994,0.0,0.7248812273627265,0.0,Normal,0.7248812273627265,0.0,0.5950159934183279,0.0,Normal,0.5950159934183279,0.0,0.8550143012220688,0.0,Normal,0.8550143012220688,0.058403618062014696,0.4707981909689925,0.0,Normal,0.4707981909689925,0.0,0.713947415952572,0.0,Normal,0.713947415952572,0.0,0.7467256223665798,0.0,Medium,0.7467256223665798,0.6283524904214557,0.1858237547892721,0.0,Low,0.6283524904214557,0.0,0.6992325372915454,0.0,Normal,0.6992325372915454,0,Acceptable
0.0,0.19788718569066197,0.6042256286186757,Hot,0.6042256286186757,0.0,0.9796763360065178,0.0,Normal,0.9796763360065178,0.0,0.911033375631322,0.0,Normal,0.911033375631322,0.0,0.7838241440703381,0.0,Normal,0.7838241440703381,0.47465401791932404,0.2626729910403379,0.0,Low,0.47465401791932404,0.0,0.7339315633726828,0.0,Normal,0.7339315633726828,0.0,0.9565857382649735,0.0,Normal,0.9565857382649735,0.13217778804721375,0.43391110597639304,0.0,Medium,0.43391110597639304,0.0,0.18582375478927182,0.6283524904214562,High,0.6283524904214562,0.0,0.7111841462650318,0.0,Normal,0.7111841462650318,3,Acceptable
0.0,0.5257758967297175,0.0,Normal,0.5257758967297175,0.0,0.6983520766996753,0.0,Normal,0.6983520766996753,0.0,0.03675186929464284,0.9264962614107143,Wet,0.9264962614107143,0.0,0.16630042600375533,0.6673991479924894,Wet,0.6673991479924894,0.0,0.5864115099048498,0.0,Normal,0.5864115099048498,0.0,0.6696532143612909,0.0,Normal,0.6696532143612909,0.3042713299753892,0.3478643350123054,0.0,Normal,0.3478643350123054,0.0,0.9513365448798029,0.0,Medium,0.9513365448798029,0.0,0.0,1.0,High,1.0,0.0,0.7754272823210488,0.0,Normal,0.7754272823210488,3,Acceptable
0.0,0.7066900820184081,0.0,Normal,0.7066900820184081,0.0,0.5587165542269101,0.0,Normal,0.5587165542269101,0.0,0.8664757271350831,0.0,Normal,0.8664757271350831,0.0,0.8994216943728983,0.0,Normal,0.8994216943728983,0.7425433909189769,0.1287283045405115,0.0,Low,0.7425433909189769,0.0,0.36619158102055005,0.26761683795889984,Normal,0.36619158102055005,0.0,0.9349457472710562,0.0,Normal,0.9349457472710562,0.0,0.6783509527768325,0.0,Medium,0.6783509527768325,0.0,0.7605363984674332,0.0,Normal,0.7605363984674332,0.0,0.6284282961419116,0.0,Normal,0.6284282961419116,3,Good
0.0,0.9445422024288171,0.0,Normal,0.9445422024288171,0.0,0.12378378482820446,0.752432430343591,Hot,0.752432430343591,0.001005179155755962,0.4994974104221222,0.0,Normal,0.4994974104221222,0.4601710963732228,0.2699144518133885,0.0,Dry,0.4601710963732228,0.34321407006933574,0.32839296496533205,0.0,Low,0.34321407006933574,0.0,0.8690774180722761,0.0,Normal,0.8690774180722761,0.0,0.9027916482953028,0.0,Normal,0.9027916482953028,0.0,0.5188057726258881,0.0,Medium,0.5188057726258881,0.0,0.0,1.0,High,1.0,0.0,0.6198293332550907,0.0,Normal,0.6198293332550907,0,Acceptable
0.0,0.3722622481044964,0.2554755037910065,Normal,0.3722622481044964,0.4127126215833697,0.2936436892083151,0.0,Cold,0.4127126215833697,0.0,0.3617293318915231,0.27654133621695304,Normal,0.3617293318915231,0.0,0.42087599906537493,0.1582480018692505,Normal,0.42087599906537493,0.0,0.9164832214624412,0.0,Normal,0.9164832214624412,0.0,0.9440979061347206,0.0,Normal,0.9440979061347206,0.0,0.7188631520251795,0.0,Normal,0.7188631520251795,0.23937549864906993,0.380312250675465,0.0,Medium,0.380312250675465,0.0,0.18582375478927182,0.6283524904214562,High,0.6283524904214562,0.0,0.0,1.0,High,1.0,0,Poor
0.0,0.8997188159587629,0.0,Normal,0.8997188159587629,0.0,0.7556627349910598,0.0,Normal,0.7556627349910598,0.0,0.7753256015943905,0.0,Normal,0.7753256015943905,0.0,0.5014514834578893,0.0,Normal,0.5014514834578893,0.0,0.8312205361546482,0.0,Normal,0.8312205361546482,0.6487998024635999,0.17560009876819999,0.0,Low,0.6487998024635999,0.365262209941258,0.317368895029371,0.0,Low,0.365262209941258,0.39888469698802764,0.3005576515059861,0.0,Low,0.39888469698802764,0.8199233716475094,0.09003831417624526,0.0,Low,0.8199233716475094,0.0,0.547538639406445,0.0,Normal,0.547538639406445,0,Good
0.0,0.6241276460729731,0.0,Normal,0.6241276460729731,0.38449650206123953,0.3077517489693801,0.0,Cold,0.38449650206123953,0.0,0.823995333822278,0.0,Normal,0.823995333822278,0.0,0.6379333639281763,0.0,Normal,0.6379333639281763,0.004244602082412028,0.49787769895879386,0.0,Normal,0.49787769895879386,0.0,0.8375062870496632,0.0,Normal,0.8375062870496632,0.0,0.0,1.0,High,1.0,0.0,0.6888760095389772,0.0,Medium,0.6888760095389772,1.0,0.0,0.0,Low,1.0,0.0,0.7475292502071225,0.0,Normal,0.7475292502071225,3,Acceptable
0.0,0.6733538825372726,0.0,Normal,0.6733538825372726,0.0,0.7294110343911466,0.0,Normal,0.7294110343911466,0.0,0.7797487368224668,0.0,Normal,0.7797487368224668,0.0,0.41503633927222267,0.169927321455555,Normal,0.41503633927222267,0.0,0.8975762709714789,0.0,Normal,0.8975762709714789,1.0,0.0,0.0,Low,1.0,0.0,0.7566355791190491,0.0,Normal,0.7566355791190491,0.0,0.4111762485624699,0.1776475028750605,Medium,0.4111762485624699,0.0,0.5689655172413794,0.0,Normal,0.5689655172413794,0.21930634481836897,0.39034682759081546,0.0,Normal,0.39034682759081546,1,Acceptable
0.0,0.23719322961193642,0.5256135407761267,Hot,0.5256135407761267,0.0,0.9351027194223294,0.0,Normal,0.9351027194223294,0.0,0.6038701764539216,0.0,Normal,0.6038701764539216,0.0,0.890390580286639,0.0,Normal,0.890390580286639,0.0,0.9652105910819476,0.0,Normal,0.9652105910819476,0.0,0.5405076374331104,0.0,Normal,0.5405076374331104,0.0,0.7324322451361358,0.0,Normal,0.7324322451361358,0.0,0.6730961962776305,0.0,Medium,0.6730961962776305,0.24521072796934829,0.3773946360153258,0.0,Normal,0.3773946360153258,0.0,0.9537973396492297,0.0,Normal,0.9537973396492297,1,Acceptable
0.0,0.6387997070036351,0.0,Normal,0.6387997070036351,0.0,0.6337648738489654,0.0,Normal,0.6337648738489654,0.0,0.7810851050612022,0.0,Normal,0.7810851050612022,0.0,0.592151615626601,0.0,Normal,0.592151615626601,0.0,0.5404284689018594,0.0,Normal,0.5404284689018594,0.9969832457847941,0.001508377107602946,0.0,Low,0.9969832457847941,0.02805222187870694,0.48597388906064654,0.0,Normal,0.48597388906064654,0.0,0.4698048653057671,0.06039026938846628,Medium,0.4698048653057671,0.0,0.952107279693487,0.0,Normal,0.952107279693487,1.0,0.0,0.0,Low,1.0,1,Acceptable
0.0,0.9681215796495685,0.0,Normal,0.9681215796495685,0.08318447178941502,0.4584077641052924,0.0,Normal,0.4584077641052924,0.0,0.0,1.0,Wet,1.0,0.0,0.5766758977359627,0.0,Normal,0.5766758977359627,0.0,0.6789105758872672,0.0,Normal,0.6789105758872672,0.5866183270417084,0.20669083647914574,0.0,Low,0.5866183270417084,0.0,0.94622154448714,0.0,Normal,0.94622154448714,0.0,0.5466976429454675,0.0,Medium,0.5466976429454675,0.0,0.0,1.0,High,1.0,0.0,0.818053513292878,0.0,Normal,0.818053513292878,0,Acceptable
0.0,0.7713097597343201,0.0,Normal,0.7713097597343201,0.5111734537074799,0.24441327314626002,0.0,Cold,0.5111734537074799,0.0,0.9382987115795666,0.0,Normal,0.9382987115795666,0.0,0.8617409482696012,0.0,Normal,0.8617409482696012,0.0,0.8846978162138309,0.0,Normal,0.8846978162138309,0.0,0.8702712098920897,0.0,Normal,0.8702712098920897,0.0,0.37124656136563744,0.25750687726872534,Normal,0.37124656136563744,0.999180192573448,0.000409903713275978,0.0,Low,0.999180192573448,0.0,0.664750957854406,0.0,Normal,0.664750957854406,0.0,0.0,1.0,High,1.0,0,Acceptable
0.0,0.8205817226310338,0.0,Normal,0.8205817226310338,0.5262560339957931,0.23687198300210338,0.0,Cold,0.5262560339957931,0.0,0.9678404865843968,0.0,Normal,0.9678404865843968,0.0,0.9909174152812388,0.0,Normal,0.9909174152812388,0.0,0.9093493043302243,0.0,Normal,0.9093493043302243,0.015259991037687829,0.492370004481156,0.0,Normal,0.492370004481156,0.0,0.821799821089304,0.0,Normal,0.821799821089304,0.3617312270785713,0.3191343864607143,0.0,Low,0.3617312270785713,1.0,0.0,0.0,Low,1.0,0.0,0.957083570694332,0.0,Normal,0.957083570694332,3,Acceptable
0.0,0.9719169242490149,0.0,Normal,0.9719169242490149,0.0,0.9759216684847623,0.0,Normal,0.9759216684847623,0.0,0.9372521183483349,0.0,Normal,0.9372521183483349,0.0,0.5756167651702979,0.0,Normal,0.5756167651702979,0.0,0.39311419311305285,0.2137716137738943,Normal,0.39311419311305285,1.0,0.0,0.0,Low,1.0,0.0,0.8293034798089811,0.0,Normal,0.8293034798089811,0.0,0.13116827878466347,0.7376634424306732,High,0.7376634424306732,0.0,0.7605363984674332,0.0,Normal,0.7605363984674332,0.0,0.5040233838135209,0.0,Normal,0.5040233838135209,2,Acceptable
0.0,0.9152953802245154,0.0,Normal,0.9152953802245154,0.0,0.8082172865963079,0.0,Normal,0.8082172865963079,0.0,0.8413845822966598,0.0,Normal,0.8413845822966598,0.0,0.902714901077952,0.0,Normal,0.902714901077952,0.0,0.7419589635402786,0.0,Normal,0.7419589635402786,0.0,0.6013036797280242,0.0,Normal,0.6013036797280242,0.0,0.8773235836171969,0.0,Normal,0.8773235836171969,1.0,0.0,0.0,Low,1.0,0.0,0.8563218390804601,0.0,Normal,0.8563218390804601,0.017843873169602665,0.4910780634151986,0.0,Normal,0.4910780634151986,0,Acceptable
0.0,0.97217330304461,0.0,Normal,0.97217330304461,0.0,0.5500116847895262,0.0,Normal,0.5500116847895262,0.0,0.0,1.0,Wet,1.0,0.0,0.0,1.0,Wet,1.0,0.0,0.6542300172375399,0.0,Normal,0.6542300172375399,1.0,0.0,0.0,Low,1.0,0.0,0.6301868603042018,0.0,Normal,0.6301868603042018,0.06255571148873677,0.4687221442556315,0.0,Medium,0.4687221442556315,0.0,0.8563218390804596,0.0,Normal,0.8563218390804596,0.0,0.7205475946799673,0.0,Normal,0.7205475946799673,1,Acceptable
0.4438735781279492,0.27806321093602554,0.0,Cold,0.4438735781279492,0.0,0.9424464522731125,0.0,Normal,0.9424464522731125,0.0,0.6089033482644836,0.0,Normal,0.6089033482644836,0.0,0.7954165770274819,0.0,Normal,0.7954165770274819,1.0,0.0,0.0,Low,1.0,0.0,0.12429012290897601,0.751419754182048,High,0.751419754182048,0.0,0.6349366443962268,0.0,Normal,0.6349366443962268,0.0,0.8595631372267887,0.0,Medium,0.8595631372267887,1.0,0.0,0.0,Low,1.0,0.5304406991824903,0.23477965040875487,0.0,Low,0.5304406991824903,3,Acceptable
0.0,0.818269039781935,0.0,Normal,0.818269039781935,0.0,0.7463529249210986,0.0,Normal,0.7463529249210986,0.0,0.9786961778851438,0.0,Normal,0.9786961778851438,0.0,0.8275337607228153,0.0,Normal,0.8275337607228153,0.0,0.5370915352569375,0.0,Normal,0.5370915352569375,0.0,0.943751118246617,0.0,Normal,0.943751118246617,0.0,0.9028178954377106,0.0,Normal,0.9028178954377106,0.0,0.7722438911654583,0.0,Medium,0.7722438911654583,1.0,0.0,0.0,Low,1.0,0.21692745735159596,0.391536271324202,0.0,Normal,0.391536271324202,3,Good
0.0,0.7792097018014498,0.0,Normal,0.7792097018014498,0.0,0.6360056615438733,0.0,Normal,0.6360056615438733,0.0,0.593294571402019,0.0,Normal,0.593294571402019,0.0,0.8227430032708106,0.0,Normal,0.8227430032708106,1.0,0.0,0.0,Low,1.0,0.0,0.4012320067971771,0.19753598640564587,Normal,0.4012320067971771,0.0,0.7571598902805863,0.0,Normal,0.7571598902805863,0.37718721597476124,0.3114063920126193,0.0,Low,0.37718721597476124,0.0,0.5689655172413791,0.0,Normal,0.5689655172413791,0.0,0.5219158925795251,0.0,Normal,0.5219158925795251,3,Good
0.0,0.1149282513093533,0.7701434973812932,Hot,0.7701434973812932,0.0,0.6695449121374566,0.0,Normal,0.6695449121374566,0.0,0.39922453046817746,0.20155093906364432,Normal,0.39922453046817746,0.0,0.3156367725782211,0.36872645484355804,Wet,0.36872645484355804,0.0,0.2946365683733189,0.41072686325336216,High,0.41072686325336216,0.6680524771548226,0.16597376142258863,0.0,Low,0.6680524771548226,0.0,0.9144574689930502,0.0,Normal,0.9144574689930502,0.08829214294581614,0.45585392852709183,0.0,Medium,0.45585392852709183,0.0,0.0,1.0,High,1.0,0.0,0.6569549152679615,0.0,Normal,0.6569549152679615,1,Poor
0.0,0.8715208419343486,0.0,Normal,0.8715208419343486,0.0,0.44716860531752817,0.10566278936494349,Normal,0.44716860531752817,0.0,0.6341625937012628,0.0,Normal,0.6341625937012628,0.0,0.7915642317001883,0.0,Normal,0.7915642317001883,0.9262315930238635,0.03688420348806822,0.0,Low,0.9262315930238635,0.0,0.4482241110855567,0.10355177782888664,Normal,0.4482241110855567,1.0,0.0,0.0,Low,1.0,0.0,0.5663015397909097,0.0,Medium,0.5663015397909097,0.0,0.090038314176245,0.81992337164751,High,0.81992337164751,0.01596802447622202,0.49201598776188893,0.0,Normal,0.49201598776188893,3,Good
0.0,0.5087084340197645,0.0,Normal,0.5087084340197645,0.0,0.6971145126782492,0.0,Normal,0.6971145126782492,0.3743589863534568,0.31282050682327167,0.0,Dry,0.3743589863534568,0.0,0.607938055167126,0.0,Normal,0.607938055167126,0.0,0.5618188577436373,0.0,Normal,0.5618188577436373,0.5592342511910829,0.22038287440445845,0.0,Low,0.5592342511910829,0.0,0.8040754257373237,0.0,Normal,0.8040754257373237,0.0,0.7548689051298569,0.0,Medium,0.7548689051298569,1.0,0.0,0.0,Low,1.0,0.04928997809837179,0.47535501095081406,0.0,Normal,0.47535501095081406,0,Acceptable
0.5805442710287222,0.209727864485639,0.0,Cold,0.5805442710287222,0.0,0.26643218502687066,0.46713562994625857,Hot,0.46713562994625857,0.0,0.9702481916054583,0.0,Normal,0.9702481916054583,0.0,0.7541974329960703,0.0,Normal,0.7541974329960703,0.0,0.8345590829216961,0.0,Normal,0.8345590829216961,0.8966854359302293,0.0516572820348853,0.0,Low,0.8966854359302293,0.0,0.5028592900205995,0.0,Normal,0.5028592900205995,0.0,0.516481169173924,0.0,Medium,0.516481169173924,0.0,0.6647509578544063,0.0,Normal,0.6647509578544063,0.0,0.0,1.0,High,1.0,2,Poor
0.0,0.3885355754067188,0.22292884918656164,Normal,0.3885355754067188,0.0,0.0,1.0,Hot,1.0,0.5584409710294302,0.22077951448528493,0.0,Dry,0.5584409710294302,0.14939554773561267,0.42530222613219354,0.0,Normal,0.42530222613219354,0.0,0.5560184087699762,0.0,Normal,0.5560184087699762,0.0,0.5252051891034883,0.0,Normal,0.5252051891034883,0.0,0.6660981223821564,0.0,Normal,0.6660981223821564,1.0,0.0,0.0,Low,1.0,1.0,0.0,0.0,Low,1.0,0.0,0.9841965810069376,0.0,Normal,0.9841965810069376,3,Acceptable
0.0,0.7820400951645722,0.0,Normal,0.7820400951645722,0.0,0.8093018155476516,0.0,Normal,0.8093018155476516,0.0,0.8776038583515354,0.0,Normal,0.8776038583515354,0.0,0.7601561240546528,0.0,Normal,0.7601561240546528,1.0,0.0,0.0,Low,1.0,0.0,0.6393844846396493,0.0,Normal,0.6393844846396493,0.8183453286220665,0.09082733568896674,0.0,Low,0.8183453286220665,0.0,0.8298074917033134,0.0,Medium,0.8298074917033134,0.0,0.5689655172413794,0.0,Normal,0.5689655172413794,0.08857617380863897,0.45571191309568043,0.0,Normal,0.45571191309568043,3,Good
0.0,0.9795958902806935,0.0,Normal,0.9795958902806935,0.0,0.9034163905022299,0.0,Normal,0.9034163905022299,0.0,0.9885144124791803,0.0,Normal,0.9885144124791803,0.0,0.6966611609737553,0.0,Normal,0.6966611609737553,0.0,0.501982421500258,0.0,Normal,0.501982421500258,0.0,0.6978467251948705,0.0,Normal,0.6978467251948705,0.0,0.8319232588525977,0.0,Normal,0.8319232588525977,0.0,0.7749122471839041,0.0,Medium,0.7749122471839041,1.0,0.0,0.0,Low,1.0,0.23047488992421175,0.3847625550378941,0.0,Normal,0.3847625550378941,0,Acceptable
0.0,0.9512748433104337,0.0,Normal,0.9512748433104337,0.3052895617109669,0.34735521914451645,0.0,Normal,0.34735521914451645,0.04567678814084388,0.47716160592957824,0.0,Normal,0.47716160592957824,0.0,0.8112799161224928,0.0,Normal,0.8112799161224928,0.0,0.7684915560235647,0.0,Normal,0.7684915560235647,0.3973366002457356,0.3013316998771321,0.0,Low,0.3973366002457356,0.0,0.7060246281017617,0.0,Normal,0.7060246281017617,0.0,0.8729616231677705,0.0,Medium,0.8729616231677705,0.0,0.6647509578544063,0.0,Normal,0.6647509578544063,0.0,0.6949423694809033,0.0,Normal,0.6949423694809033,0,Acceptable
0.0,0.4574793090175296,0.08504138196493986,Normal,0.4574793090175296,0.0,0.9094502481498642,0.0,Normal,0.9094502481498642,0.0,0.6699262069610883,0.0,Normal,0.6699262069610883,0.0,0.7728537082356216,0.0,Normal,0.7728537082356216,0.0,0.40123818526818433,0.1975236294636313,Normal,0.40123818526818433,0.6604173649361901,0.16979131753190493,0.0,Low,0.6604173649361901,0.0,0.9122723171227367,0.0,Normal,0.9122723171227367,0.3369679529832888,0.3315160235083555,0.0,Low,0.3369679529832888,0.436781609195402,0.28160919540229895,0.0,Low,0.436781609195402,0.0,0.7083347280648495,0.0,Normal,0.7083347280648495,0,Good
0.0,0.7448174190373132,0.0,Normal,0.7448174190373132,0.0,0.5243434102702829,0.0,Normal,0.5243434102702829,0.0,0.7238983623322766,0.0,Normal,0.7238983623322766,0.0,0.908523916824636,0.0,Normal,0.908523916824636,0.0,0.8247218152339582,0.0,Normal,0.8247218152339582,0.3776692297314663,0.3111653851342667,0.0,Low,0.3776692297314663,0.0,0.5800647575412822,0.0,Normal,0.5800647575412822,0.0,0.6960352850261551,0.0,Medium,0.6960352850261551,0.0,0.18582375478927182,0.6283524904214562,High,0.6283524904214562,0.0,0.8679747919189242,0.0,Normal,0.8679747919189242,1,Acceptable
0.3236136630763557,0.33819316846182235,0.0,Normal,0.33819316846182235,0.0,0.8963753421640637,0.0,Normal,0.8963753421640637,0.0,0.5725143296534606,0.0,Normal,0.5725143296534606,0.0,0.404105571686942,0.19178885662611633,Normal,0.404105571686942,0.0,0.9157545425180412,0.0,Normal,0.9157545425180412,0.0,0.8561776638163546,0.0,Normal,0.8561776638163546,0.0,0.23626351725322506,0.52747296549355,High,0.52747296549355,0.07660616326816355,0.46169691836591814,0.0,Medium,0.46169691836591814,1.0,0.0,0.0,Low,1.0,0.0,0.5128492108428889,0.0,Normal,0.5128492108428889,0,Acceptable
0.0,0.8350430488381748,0.0,Normal,0.8350430488381748,0.0,0.5064338830345555,0.0,Normal,0.5064338830345555,0.0,0.6662013698975141,0.0,Normal,0.6662013698975141,0.0,0.7623304439878366,0.0,Normal,0.7623304439878366,0.0,0.84211947874337,0.0,Normal,0.84211947874337,0.0,0.7041514019476902,0.0,Normal,0.7041514019476902,0.0,0.7932273199556499,0.0,Normal,0.7932273199556499,0.0,0.6610550207465808,0.0,Medium,0.6610550207465808,0.0,0.8563218390804596,0.0,Normal,0.8563218390804596,0.0,0.5325381502955918,0.0,Normal,0.5325381502955918,0,Acceptable
0.0,0.5351922091225528,0.0,Normal,0.5351922091225528,0.0,0.671837387627183,0.0,Normal,0.671837387627183,0.0,0.22296417214978828,0.5540716557004229,Wet,0.5540716557004229,0.0,0.0,1.0,Wet,1.0,0.0,0.038590323511121356,0.9228193529777573,High,0.9228193529777573,1.0,0.0,0.0,Low,1.0,0.0,0.548566001130276,0.0,Normal,0.548566001130276,0.0,0.0,1.0,High,1.0,0.0,0.664750957854406,0.0,Normal,0.664750957854406,0.0,0.5141977680480637,0.0,Normal,0.5141977680480637,2,Poor
0.0,0.6845357267433726,0.0,Normal,0.6845357267433726,0.0,0.8800321609670998,0.0,Normal,0.8800321609670998,0.1879589847542978,0.40602050762285125,0.0,Normal,0.40602050762285125,0.7153559661429902,0.1423220169285048,0.0,Dry,0.7153559661429902,0.6636877921465136,0.16815610392674316,0.0,Low,0.6636877921465136,0.0,0.4769508475274096,0.046098304945180794,Normal,0.4769508475274096,0.9002320886963809,0.04988395565180952,0.0,Low,0.9002320886963809,0.0,0.6623161509451785,0.0,Medium,0.6623161509451785,0.0,0.5689655172413794,0.0,Normal,0.5689655172413794,0.317638098189819,0.34118095090509043,0.0,Normal,0.34118095090509043,3,Good
0.0,0.6828599100863372,0.0,Normal,0.6828599100863372,0.9815808152861966,0.009209592356901719,0.0,Cold,0.9815808152861966,0.0,0.29583961000322917,0.40832077999354105,Wet,0.40832077999354105,0.0,0.5607858295896737,0.0,Normal,0.5607858295896737,0.0,0.9137833214084653,0.0,Normal,0.9137833214084653,1.0,0.0,0.0,Low,1.0,0.49800913209503256,0.2509954339524837,0.0,Low,0.49800913209503256,0.0,0.9040020312084401,0.0,Medium,0.9040020312084401,0.0,0.0,1.0,High,1.0,0.0,0.0,1.0,High,1.0,1,Poor
0.0,0.9190471030147385,0.0,Normal,0.9190471030147385,0.0,0.5857216991792643,0.0,Normal,0.5857216991792643,0.0,0.11498318525847534,0.7700336294830491,Wet,0.7700336294830491,0.0,0.15823089257077363,0.6835382148584529,Wet,0.6835382148584529,0.0,0.75406428433453,0.0,Normal,0.75406428433453,0.24949903292854167,0.37525048353572904,0.0,Normal,0.37525048353572904,0.0,0.6510140778057802,0.0,Normal,0.6510140778057802,0.0,0.6451400573558865,0.0,Medium,0.6451400573558865,0.0,0.7605363984674332,0.0,Normal,0.7605363984674332,0.0,0.9708651055015733,0.0,Normal,0.9708651055015733,1,Acceptable
0.0,0.8830847900068642,0.0,Normal,0.8830847900068642,0.0,0.5856012907043656,0.0,Normal,0.5856012907043656,0.0,0.36555277420662674,0.26889445158674585,Normal,0.36555277420662674,0.0,0.6027249631599056,0.0,Normal,0.6027249631599056,0.0,0.6737225602322106,0.0,Normal,0.6737225602322106,0.0,0.5909770626581623,0.0,Normal,0.5909770626581623,0.0,0.9754205989104456,0.0,Normal,0.9754205989104456,0.0,0.9534929461559295,0.0,Medium,0.9534929461559295,0.0,0.090038314176245,0.81992337164751,High,0.81992337164751,0.0,0.9360153221293971,0.0,Normal,0.9360153221293971,0,Acceptable
0.0,0.8639940763049115,0.0,Normal,0.8639940763049115,0.0,0.8742476477412272,0.0,Normal,0.8742476477412272,0.0,0.4749304132893099,0.05013917342137925,Normal,0.4749304132893099,0.0,0.2534707955575067,0.4930584088849869,Wet,0.4930584088849869,0.511350489043866,0.24432475547806687,0.0,Low,0.511350489043866,0.0,0.5092353551385522,0.0,Normal,0.5092353551385522,0.0,0.8255904237289216,0.0,Normal,0.8255904237289216,1.0,0.0,0.0,Low,1.0,1.0,0.0,0.0,Low,1.0,0.5177253311339863,0.24113733443300678,0.0,Low,0.5177253311339863,0,Acceptable
0.0,0.8022245948572783,0.0,Normal,0.8022245948572783,0.0,0.9599997898831502,0.0,Normal,0.9599997898831502,0.0,0.8427462837420509,0.0,Normal,0.8427462837420509,0.0,0.841986532314969,0.0,Normal,0.841986532314969,0.15866161822450867,0.42066919088774557,0.0,Normal,0.42066919088774557,0.0,0.6717029835017451,0.0,Normal,0.6717029835017451,0.0,0.24777497516391928,0.5044500496721617,High,0.5044500496721617,0.07807810748766061,0.4609609462561696,0.0,Medium,0.4609609462561696,1.0,0.0,0.0,Low,1.0,0.4440673208578426,0.2779663395710787,0.0,Low,0.4440673208578426,3,Good
0.49599694979126696,0.25200152510436663,0.0,Cold,0.49599694979126696,0.0,0.5609374672057496,0.0,Normal,0.5609374672057496,0.0,0.7849296703215907,0.0,Normal,0.7849296703215907,0.0,0.6913076751124559,0.0,Normal,0.6913076751124559,0.0,0.7195918765976572,0.0,Normal,0.7195918765976572,0.07683980749585198,0.4615800962520739,0.0,Normal,0.4615800962520739,0.0,0.9021103391633093,0.0,Normal,0.9021103391633093,0.8490614378420749,0.07546928107896254,0.0,Low,0.8490614378420749,0.0,0.7605363984674332,0.0,Normal,0.7605363984674332,0.0,0.923542645633521,0.0,Normal,0.923542645633521,0,Acceptable
0.0,0.8562951478557319,0.0,Normal,0.8562951478557319,0.06902206727240627,0.4654889663637967,0.0,Normal,0.4654889663637967,0.03222449419571686,0.4838877529021417,0.0,Normal,0.4838877529021417,1.0,0.0,0.0,Dry,1.0,0.0,0.7323120357447221,0.0,Normal,0.7323120357447221,0.0,0.894852765625072,0.0,Normal,0.894852765625072,0.0,0.6649011712330788,0.0,Normal,0.6649011712330788,0.7414151915402664,0.1292924042298668,0.0,Low,0.7414151915402664,0.0,0.0,1.0,High,1.0,0.0,0.8249890821103455,0.0,Normal,0.8249890821103455,3,Acceptable
0.0,0.8916743992895362,0.0,Normal,0.8916743992895362,0.0,0.7364383538726695,0.0,Normal,0.7364383538726695,0.5554142560581272,0.22229287197093645,0.0,Dry,0.5554142560581272,0.9219885160507628,0.039005741974618556,0.0,Dry,0.9219885160507628,0.0,0.8331042575869283,0.0,Normal,0.8331042575869283,0.0,0.7895289714716981,0.0,Normal,0.7895289714716981,0.0,0.9745979806489773,0.0,Normal,0.9745979806489773,1.0,0.0,0.0,Low,1.0,1.0,0.0,0.0,Low,1.0,0.7559105572349036,0.12204472138254815,0.0,Low,0.7559105572349036,3,Good
0.0,0.7894839439856594,0.0,Normal,0.7894839439856594,0.0,0.83564880246425,0.0,Normal,0.83564880246425,0.0,0.9366938307727664,0.0,Normal,0.9366938307727664,0.0,0.9574616223090209,0.0,Normal,0.9574616223090209,0.0,0.8238509055830734,0.0,Normal,0.8238509055830734,0.0001309466118076191,0.49993452669409605,0.0,Normal,0.49993452669409605,0.0,0.9233149029145008,0.0,Normal,0.9233149029145008,0.7841478664430008,0.10792606677849956,0.0,Low,0.7841478664430008,1.0,0.0,0.0,Low,1.0,0.6739140345792839,0.16304298271035803,0.0,Low,0.6739140345792839,0,Acceptable
0.18652081919268967,0.40673959040365537,0.0,Normal,0.40673959040365537,0.0,0.7808952405127837,0.0,Normal,0.7808952405127837,0.0,0.4283195559720832,0.1433608880558328,Normal,0.4283195559720832,0.0,0.38459692357648156,0.23080615284703718,Normal,0.38459692357648156,0.0,0.05318815327030132,0.8936236934593974,High,0.8936236934593974,0.6424617435710107,0.17876912821449462,0.0,Low,0.6424617435710107,0.2680949563361397,0.3659525218319301,0.0,Normal,0.3659525218319301,0.0,0.8584275755867924,0.0,Medium,0.8584275755867924,0.0,0.7605363984674332,0.0,Normal,0.7605363984674332,0.0,0.568305673058947,0.0,Normal,0.568305673058947,1,Acceptable
0.2688290506880026,0.3655854746559989,0.0,Normal,0.3655854746559989,0.0,0.8747213569714322,0.0,Normal,0.8747213569714322,0.0,0.8109432777250529,0.0,Normal,0.8109432777250529,0.0,0.7257555268866178,0.0,Normal,0.7257555268866178,0.07609236991456376,0.461953815042718,0.0,Normal,0.461953815042718,0.0,0.5613555710642889,0.0,Normal,0.5613555710642889,0.0,0.9603027856517449,0.0,Normal,0.9603027856517449,0.984900432092095,0.007549783953952494,0.0,Low,0.984900432092095,0.0,0.37739463601532547,0.24521072796934892,Normal,0.37739463601532547,0.0,0.5384061960048275,0.0,Normal,0.5384061960048275,3,Acceptable
0.0,0.7008633536291048,0.0,Normal,0.7008633536291048,0.18626322974419499,0.4068683851279024,0.0,Normal,0.4068683851279024,0.0,0.7033750176795214,0.0,Normal,0.7033750176795214,0.0,0.9126780086799113,0.0,Normal,0.9126780086799113,0.0,0.42252374378213736,0.15495251243572522,Normal,0.42252374378213736,0.6934904154259681,0.15325479228701588,0.0,Low,0.6934904154259681,0.7574788197283618,0.12126059013581908,0.0,Low,0.7574788197283618,0.0,0.847441061444036,0.0,Medium,0.847441061444036,1.0,0.0,0.0,Low,1.0,0.0,0.5381888895025496,0.0,Normal,0.5381888895025496,1,Poor
0.0,0.9672523014593175,0.0,Normal,0.9672523014593175,0.0,0.1846376195285098,0.6307247609429804,Hot,0.6307247609429804,0.0,0.7240859495969232,0.0,Normal,0.7240859495969232,0.0,0.7631344152802165,0.0,Normal,0.7631344152802165,0.0,0.6319379917330451,0.0,Normal,0.6319379917330451,0.0,0.9831195373654175,0.0,Normal,0.9831195373654175,0.0,0.970669946973561,0.0,Normal,0.970669946973561,0.0,0.5729168469370023,0.0,Medium,0.5729168469370023,0.0,0.7605363984674332,0.0,Normal,0.7605363984674332,0.0,0.9992372933018281,0.0,Normal,0.9992372933018281,0,Acceptable
0.0,0.8675372560930337,0.0,Normal,0.8675372560930337,1.0,0.0,0.0,Cold,1.0,0.0,0.915290786805027,0.0,Normal,0.915290786805027,0.0,0.9949841284880016,0.0,Normal,0.9949841284880016,0.0,0.4969729692853936,0.006054061429212784,Normal,0.4969729692853936,0.5465747572715701,0.22671262136421486,0.0,Low,0.5465747572715701,0.0,0.9534471082365925,0.0,Normal,0.9534471082365925,0.3441549042079683,0.32792254789601577,0.0,Low,0.3441549042079683,1.0,0.0,0.0,Low,1.0,0.0,0.07439251074062288,0.8512149785187543,High,0.8512149785187543,0,Acceptable
0.0,0.5123765246758812,0.0,Normal,0.5123765246758812,0.0,0.9198347194530032,0.0,Normal,0.9198347194530032,0.0,0.8249848857170575,0.0,Normal,0.8249848857170575,0.0,0.9870326502681411,0.0,Normal,0.9870326502681411,0.0,0.6510738868162618,0.0,Normal,0.6510738868162618,0.07226009846796815,0.4638699507660158,0.0,Normal,0.4638699507660158,0.0,0.7289691256008841,0.0,Normal,0.7289691256008841,1.0,0.0,0.0,Low,1.0,0.0,0.18582375478927182,0.6283524904214562,High,0.6283524904214562,0.0,0.5321443845890202,0.0,Normal,0.5321443845890202,0,Acceptable
0.0,0.727501193987096,0.0,Normal,0.727501193987096,0.2136955332223345,0.39315223338883265,0.0,Normal,0.39315223338883265,0.0,0.7290839899045758,0.0,Normal,0.7290839899045758,0.0,0.8163184797917438,0.0,Normal,0.8163184797917438,0.0,0.9617252083508073,0.0,Normal,0.9617252083508073,0.0,0.6352176427448543,0.0,Normal,0.6352176427448543,0.43871217279488,0.28064391360256,0.0,Low,0.43871217279488,0.0,0.678698721422333,0.0,Medium,0.678698721422333,0.0,0.18582375478927182,0.6283524904214562,High,0.6283524904214562,0.0,0.9824676815395508,0.0,Normal,0.9824676815395508,0,Acceptable
0.0,0.7072956092165718,0.0,Normal,0.7072956092165718,0.0,0.5994361939016795,0.0,Normal,0.5994361939016795,0.12512556277708803,0.4374372186114561,0.0,Normal,0.4374372186114561,1.0,0.0,0.0,Dry,1.0,0.0,0.8655404992803473,0.0,Normal,0.8655404992803473,0.0,0.6704603078384195,0.0,Normal,0.6704603078384195,0.0,0.9591942045693532,0.0,Normal,0.9591942045693532,0.0,0.9691385072793177,0.0,Medium,0.9691385072793177,0.0,0.8563218390804601,0.0,Normal,0.8563218390804601,0.0,0.9235094638885581,0.0,Normal,0.9235094638885581,0,Acceptable
0.0,0.6461501985268514,0.0,Normal,0.6461501985268514,0.0,0.7192139658929729,0.0,Normal,0.7192139658929729,0.0,0.7542630154185933,0.0,Normal,0.7542630154185933,0.0,0.9939381339453206,0.0,Normal,0.9939381339453206,0.43754982342844406,0.28122508828577786,0.0,Low,0.43754982342844406,0.0,0.7825744242901941,0.0,Normal,0.7825744242901941,0.0,0.8275202076557522,0.0,Normal,0.8275202076557522,0.0,0.7407807881950619,0.0,Medium,0.7407807881950619,1.0,0.0,0.0,Low,1.0,0.39476438924284785,0.302617805378576,0.0,Low,0.39476438924284785,3,Good
0.0,0.4616748520320387,0.0766502959359216,Normal,0.4616748520320387,0.0,0.6416767816713576,0.0,Normal,0.6416767816713576,0.0,0.8037914749429916,0.0,Normal,0.8037914749429916,0.0,0.9980582783060772,0.0,Normal,0.9980582783060772,0.0,0.9288326146289124,0.0,Normal,0.9288326146289124,0.3097206362521714,0.3451396818739142,0.0,Normal,0.3451396818739142,0.0,0.5526454216509974,0.0,Normal,0.5526454216509974,0.0,0.9134955280054823,0.0,Medium,0.9134955280054823,0.0,0.9521072796934864,0.0,Normal,0.9521072796934864,0.0,0.7230154164552208,0.0,Normal,0.7230154164552208,0,Acceptable
0.14853826194503522,0.42573086902748264,0.0,Normal,0.42573086902748264,0.0,0.8932174204996243,0.0,Normal,0.8932174204996243,0.0,0.5033365155960997,0.0,Normal,0.5033365155960997,0.0,0.9841557941014233,0.0,Normal,0.9841557941014233,0.3874712095891951,0.30626439520540233,0.0,Low,0.3874712095891951,0.0,0.9735243892586696,0.0,Normal,0.9735243892586696,0.0,0.67309223278239,0.0,Normal,0.67309223278239,0.0,0.5425185852996177,0.0,Medium,0.5425185852996177,0.0,0.18582375478927182,0.6283524904214562,High,0.6283524904214562,0.14036011335785445,0.4298199433210727,0.0,Normal,0.4298199433210727,0,Acceptable
0.0,0.13366664618288895,0.7326667076342218,Hot,0.7326667076342218,0.0,0.7713243752372293,0.0,Normal,0.7713243752372293,0.10376632715942226,0.448116836420289,0.0,Normal,0.448116836420289,0.0,0.5076423597932198,0.0,Normal,0.5076423597932198,1.0,0.0,0.0,Low,1.0,0.0,0.0,1.0,High,1.0,0.0,0.5341893530274022,0.0,Normal,0.5341893530274022,1.0,0.0,0.0,Low,1.0,0.0,0.6647509578544063,0.0,Normal,0.6647509578544063,0.3265607399852346,0.33671963000738264,0.0,Normal,0.33671963000738264,3,Acceptable
0.0,0.9509095155871892,0.0,Normal,0.9509095155871892,0.0,0.5111324448873866,0.0,Normal,0.5111324448873866,0.0,0.620669230780815,0.0,Normal,0.620669230780815,0.0,0.710638726943016,0.0,Normal,0.710638726943016,0.0,0.6299189844660498,0.0,Normal,0.6299189844660498,0.0,0.21266064029382778,0.5746787194123444,High,0.5746787194123444,0.0,0.29727566081387,0.4054486783722602,High,0.4054486783722602,0.0,0.9215128865158543,0.0,Medium,0.9215128865158543,0.24521072796934829,0.3773946360153258,0.0,Normal,0.3773946360153258,0.0,0.7055436598849829,0.0,Normal,0.7055436598849829,3,Good
0.0,0.5597943547788821,0.0,Normal,0.5597943547788821,0.0,0.7975861076714157,0.0,Normal,0.7975861076714157,0.0,0.5335087650332367,0.0,Normal,0.5335087650332367,0.4962728950344209,0.25186355248278947,0.0,Dry,0.4962728950344209,0.0,0.6473069162293396,0.0,Normal,0.6473069162293396,0.0,0.770317760580533,0.0,Normal,0.770317760580533,0.0,0.9813017445322534,0.0,Normal,0.9813017445322534,1.0,0.0,0.0,Low,1.0,0.0,0.0,1.0,High,1.0,0.0,0.8290612102276269,0.0,Normal,0.8290612102276269,3,Good
0.6671931494508805,0.16640342527455984,0.0,Cold,0.6671931494508805,0.0,0.05425626907754358,0.8914874618449128,Hot,0.8914874618449128,0.0,0.9549193094566193,0.0,Normal,0.9549193094566193,0.0,0.8658077398151385,0.0,Normal,0.8658077398151385,1.0,0.0,0.0,Low,1.0,0.0,0.12305135487705836,0.7538972902458833,High,0.7538972902458833,0.0,0.6932945513499509,0.0,Normal,0.6932945513499509,0.0,0.6128459588116193,0.0,Medium,0.6128459588116193,0.0,0.952107279693487,0.0,Normal,0.952107279693487,0.0,0.0470692141032862,0.9058615717934276,High,0.9058615717934276,3,Poor
0.0,0.7086970720363946,0.0,Normal,0.7086970720363946,0.0,0.5973537537116627,0.0,Normal,0.5973537537116627,0.6993723498026356,0.1503138250986822,0.0,Dry,0.6993723498026356,0.2829957661705761,0.35850211691471184,0.0,Normal,0.35850211691471184,1.0,0.0,0.0,Low,1.0,0.0,0.0,1.0,High,1.0,0.0,0.5239203050753459,0.0,Normal,0.5239203050753459,0.0,0.9925104633053314,0.0,Medium,0.9925104633053314,0.0,0.090038314176245,0.81992337164751,High,0.81992337164751,0.0,0.6687292897893419,0.0,Normal,0.6687292897893419,3,Good
0.0,0.9917975631708765,0.0,Normal,0.9917975631708765,0.0,0.7295373978285233,0.0,Normal,0.7295373978285233,0.0,0.8086367030410344,0.0,Normal,0.8086367030410344,0.0,0.854759396568021,0.0,Normal,0.854759396568021,0.0,0.5209342299582645,0.0,Normal,0.5209342299582645,0.9176399957861663,0.04118000210691685,0.0,Low,0.9176399957861663,0.0,0.9812889417437165,0.0,Normal,0.9812889417437165,0.0,0.6520333234192676,0.0,Medium,0.6520333234192676,0.0,0.0,1.0,High,1.0,0.0,0.6508617882671419,0.0,Normal,0.6508617882671419,0,Acceptable
0.0,0.8090770821808358,0.0,Normal,0.8090770821808358,0.0,0.8738951626628737,0.0,Normal,0.8738951626628737,0.0,0.9946996769538693,0.0,Normal,0.9946996769538693,0.0,0.9449401804852332,0.0,Normal,0.9449401804852332,0.0,0.9721307897521775,0.0,Normal,0.9721307897521775,0.08600936257923969,0.45699531871038,0.0,Normal,0.45699531871038,0.12953144291696164,0.4352342785415192,0.0,Normal,0.4352342785415192,0.9292170211831269,0.03539148940843653,0.0,Low,0.9292170211831269,0.0,0.2816091954022987,0.4367816091954026,High,0.4367816091954026,0.0,0.635258886330612,0.0,Normal,0.635258886330612,0,Good
0.0,0.7658868136370047,0.0,Normal,0.7658868136370047,0.0066178750123885325,0.4966910624938056,0.0,Normal,0.4966910624938056,0.0,0.5385424019658929,0.0,Normal,0.5385424019658929,0.05469293521596669,0.4726535323920165,0.0,Normal,0.4726535323920165,0.0,0.5805573683604636,0.0,Normal,0.5805573683604636,0.36428849176099987,0.3178557541195,0.0,Low,0.36428849176099987,0.0,0.719821369522997,0.0,Normal,0.719821369522997,0.0,0.5934693641628743,0.0,Medium,0.5934693641628743,0.0,0.8563218390804596,0.0,Normal,0.8563218390804596,0.0,0.8309509653387842,0.0,Normal,0.8309509653387842,0,Acceptable
0.0,0.524343064753515,0.0,Normal,0.524343064753515,0.33855400182446954,0.33072299908776515,0.0,Cold,0.33855400182446954,0.0,0.1330556818481914,0.733888636303617,Wet,0.733888636303617,0.0,0.5064148444184272,0.0,Normal,0.5064148444184272,0.0,0.942012749088421,0.0,Normal,0.942012749088421,0.5475828762302222,0.22620856188488883,0.0,Low,0.5475828762302222,0.8812222967669393,0.05938885161653033,0.0,Low,0.8812222967669393,0.5013280345897178,0.24933598270514107,0.0,Low,0.5013280345897178,0.0,0.18582375478927182,0.6283524904214562,High,0.6283524904214562,0.0,0.9959099325362714,0.0,Normal,0.9959099325362714,0,Acceptable
0.0,0.0,1.0,Hot,1.0,0.0,0.85492513355162,0.0,Normal,0.85492513355162,0.0,0.883316653158761,0.0,Normal,0.883316653158761,0.1587931804402722,0.42060340977986377,0.0,Normal,0.42060340977986377,1.0,0.0,0.0,Low,1.0,0.0,0.21683789872100465,0.5663242025579907,High,0.5663242025579907,0.0,0.504864840464847,0.0,Normal,0.504864840464847,0.1709378570373236,0.4145310714813381,0.0,Medium,0.4145310714813381,0.0,0.5689655172413791,0.0,Normal,0.5689655172413791,0.0,0.955375938913687,0.0,Normal,0.955375938913687,3,Poor
0.0,0.5284070285162307,0.0,Normal,0.5284070285162307,0.0,0.543508044736865,0.0,Normal,0.543508044736865,0.0,0.9352089310476998,0.0,Normal,0.9352089310476998,0.0,0.7566946234930698,0.0,Normal,0.7566946234930698,0.0,0.9286844101402882,0.0,Normal,0.9286844101402882,0.0,0.8387038440371712,0.0,Normal,0.8387038440371712,0.0,0.39432192739983485,0.21135614520033055,Normal,0.39432192739983485,0.0,0.5257624770289748,0.0,Medium,0.5257624770289748,0.0,0.8563218390804596,0.0,Normal,0.8563218390804596,0.0,0.5568888800734291,0.0,Normal,0.5568888800734291,0,Acceptable
0.0,0.6370661652964302,0.0,Normal,0.6370661652964302,0.0,0.0,1.0,Hot,1.0,0.0,0.5603024838571117,0.0,Normal,0.5603024838571117,0.0,0.5816960688361771,0.0,Normal,0.5816960688361771,0.350123583042983,0.32493820847850835,0.0,Low,0.350123583042983,0.0,0.8923696463340983,0.0,Normal,0.8923696463340983,0.18373708203452235,0.40813145898273884,0.0,Normal,0.40813145898273884,0.0,0.5534515682679725,0.0,Medium,0.5534515682679725,0.0,0.5689655172413794,0.0,Normal,0.5689655172413794,0.0,0.05741837025226207,0.8851632594954758,High,0.8851632594954758,3,Acceptable
0.3139123780556263,0.34304381097218706,0.0,Normal,0.34304381097218706,0.3367744286002569,0.33161278569987146,0.0,Cold,0.3367744286002569,0.0,0.8547151955464403,0.0,Normal,0.8547151955464403,0.0,0.8317027162794705,0.0,Normal,0.8317027162794705,0.0,0.8120199676703777,0.0,Normal,0.8120199676703777,1.0,0.0,0.0,Low,1.0,0.0,0.7884358305609159,0.0,Normal,0.7884358305609159,1.0,0.0,0.0,Low,1.0,0.8199233716475094,0.09003831417624526,0.0,Low,0.8199233716475094,0.0,0.6442992763119167,0.0,Normal,0.6442992763119167,3,Acceptable
0.0,0.7606539266122319,0.0,Normal,0.7606539266122319,0.0,0.8803184698745385,0.0,Normal,0.8803184698745385,0.0,0.6176935997073789,0.0,Normal,0.6176935997073789,0.0,0.9298228661656108,0.0,Normal,0.9298228661656108,0.0,0.7674199219896662,0.0,Normal,0.7674199219896662,0.6727068774988153,0.1636465612505923,0.0,Low,0.6727068774988153,0.0,0.3721252178781772,0.2557495642436458,Normal,0.3721252178781772,0.0,0.21934605394800114,0.5613078921039979,High,0.5613078921039979,0.0,0.5689655172413791,0.0,Normal,0.5689655172413791,0.0,0.6154725135682234,0.0,Normal,0.6154725135682234,1,Acceptable
0.8318223738076249,0.08408881309618758,0.0,Cold,0.8318223738076249,0.0,0.8609263021398451,0.0,Normal,0.8609263021398451,0.0,0.9388714627135769,0.0,Normal,0.9388714627135769,0.0,0.8010168425830168,0.0,Normal,0.8010168425830168,0.0,0.7920572582087164,0.0,Normal,0.7920572582087164,1.0,0.0,0.0,Low,1.0,0.0,0.0,1.0,High,1.0,0.0,0.38564405216895237,0.2287118956620956,Medium,0.38564405216895237,0.8199233716475094,0.09003831417624526,0.0,Low,0.8199233716475094,0.0,0.7101283879737151,0.0,Normal,0.7101283879737151,1,Poor
0.0,0.3920234090765251,0.21595318184694895,Normal,0.3920234090765251,0.0,0.4229912320627657,0.15401753587446845,Normal,0.4229912320627657,0.0,0.33775388745224627,0.32449222509550685,Normal,0.33775388745224627,0.0,0.46872928204074615,0.06254143591850812,Normal,0.46872928204074615,0.3576402779831188,0.3211798610084405,0.0,Low,0.3576402779831188,0.0,0.6897647629743515,0.0,Normal,0.6897647629743515,0.0,0.7557121277769925,0.0,Normal,0.7557121277769925,0.26815389488983055,0.36592305255508467,0.0,Medium,0.36592305255508467,0.0,0.5689655172413794,0.0,Normal,0.5689655172413794,0.2537218136784592,0.3731390931607704,0.0,Normal,0.3731390931607704,3,Acceptable
0.0,0.3844147611645802,0.23117047767083881,Normal,0.3844147611645802,0.0,0.6309827362953432,0.0,Normal,0.6309827362953432,0.0,0.4808173633004693,0.03836527339906043,Normal,0.4808173633004693,0.0,0.0,1.0,Wet,1.0,0.0,0.5113740874227171,0.0,Normal,0.5113740874227171,0.5979971376759367,0.2010014311620316,0.0,Low,0.5979971376759367,0.0,0.6306579158417729,0.0,Normal,0.6306579158417729,0.0,0.5279471932186579,0.0,Medium,0.5279471932186579,0.8199233716475094,0.09003831417624526,0.0,Low,0.8199233716475094,0.31931333255280414,0.3403433337235979,0.0,Normal,0.3403433337235979,1,Acceptable
0.49271096129664704,0.25364451935167664,0.0,Cold,0.49271096129664704,0.0,0.39374942107509375,0.2125011578498123,Normal,0.39374942107509375,0.0,0.8857109369971706,0.0,Normal,0.8857109369971706,0.0,0.6526371874588001,0.0,Normal,0.6526371874588001,0.3558759829060741,0.3220620085469629,0.0,Low,0.3558759829060741,0.0,0.8663629164790844,0.0,Normal,0.8663629164790844,0.0,0.8656064592312264,0.0,Normal,0.8656064592312264,1.0,0.0,0.0,Low,1.0,0.0,0.090038314176245,0.81992337164751,High,0.81992337164751,0.0,0.6774400188398317,0.0,Normal,0.6774400188398317,3,Acceptable
0.0,0.9452357021968116,0.0,Normal,0.9452357021968116,0.0,0.917460698007716,0.0,Normal,0.917460698007716,0.0,0.0,1.0,Wet,1.0,0.0,0.0,1.0,Wet,1.0,0.0,0.7349265035881869,0.0,Normal,0.7349265035881869,0.3808743161558874,0.30956284192205624,0.0,Low,0.3808743161558874,0.34950167833677737,0.3252491608316113,0.0,Low,0.34950167833677737,0.0,0.6825269530786617,0.0,Medium,0.6825269530786617,0.0,0.664750957854406,0.0,Normal,0.664750957854406,0.0,0.6847158863856605,0.0,Normal,0.6847158863856605,1,Acceptable
0.0,0.48107038972851074,0.037859220542977474,Normal,0.48107038972851074,0.0,0.4876331173892184,0.024733765221562953,Normal,0.4876331173892184,0.0,0.8299078003319554,0.0,Normal,0.8299078003319554,0.0,0.9733907396773568,0.0,Normal,0.9733907396773568,0.0,0.10493794747216303,0.7901241050556739,High,0.7901241050556739,0.0,0.6534710417991296,0.0,Normal,0.6534710417991296,0.0,0.7826522369079845,0.0,Normal,0.7826522369079845,0.0,0.679892112112289,0.0,Medium,0.679892112112289,0.0,0.6647509578544063,0.0,Normal,0.6647509578544063,0.0,0.5377090008549502,0.0,Normal,0.5377090008549502,0,Acceptable
0.0,0.885016227661939,0.0,Normal,0.885016227661939,0.0,0.5473633793767071,0.0,Normal,0.5473633793767071,0.22952200676380152,0.38523899661809935,0.0,Normal,0.38523899661809935,0.0,0.5215257097785536,0.0,Normal,0.5215257097785536,1.0,0.0,0.0,Low,1.0,0.0,0.33503954224380944,0.3299209155123811,Normal,0.33503954224380944,0.0,0.4960011419176744,0.00799771616465155,Normal,0.4960011419176744,0.0,0.8342058924832428,0.0,Medium,0.8342058924832428,0.0,0.37739463601532547,0.24521072796934892,Normal,0.37739463601532547,0.0,0.63063199084481,0.0,Normal,0.63063199084481,3,Good
0.15775408733720414,0.4211229563313982,0.0,Normal,0.4211229563313982,0.0,0.5502201907528391,0.0,Normal,0.5502201907528391,0.0,0.9032561398016118,0.0,Normal,0.9032561398016118,0.0,0.7452038209500906,0.0,Normal,0.7452038209500906,1.0,0.0,0.0,Low,1.0,0.0,0.04064307091386031,0.9187138581722794,High,0.9187138581722794,0.46456352766692277,0.2677182361665386,0.0,Low,0.46456352766692277,0.0,0.7995162576457702,0.0,Medium,0.7995162576457702,0.0,0.0,1.0,High,1.0,0.0,0.6349590843896178,0.0,Normal,0.6349590843896178,3,Good
0.0,0.7990351446164086,0.0,Normal,0.7990351446164086,0.0,0.6742743820249013,0.0,Normal,0.6742743820249013,0.0,0.3656105322610961,0.2687789354778072,Normal,0.3656105322610961,0.0,0.4226035761908723,0.1547928476182558,Normal,0.4226035761908723,0.0,0.7543819849012151,0.0,Normal,0.7543819849012151,0.0,0.8606478491342494,0.0,Normal,0.8606478491342494,0.0,0.66593023991854,0.0,Normal,0.66593023991854,0.0,0.33450522953836015,0.3309895409232801,Medium,0.33450522953836015,0.0,0.8563218390804596,0.0,Normal,0.8563218390804596,0.0,0.5316135408806886,0.0,Normal,0.5316135408806886,0,Acceptable
0.3138799380800088,0.34306003095999577,0.0,Normal,0.34306003095999577,0.0,0.8690978435212435,0.0,Normal,0.8690978435212435,1.0,0.0,0.0,Dry,1.0,1.0,0.0,0.0,Dry,1.0,1.0,0.0,0.0,Low,1.0,0.0,0.26092152826239856,0.4781569434752029,High,0.4781569434752029,0.5741998582094652,0.2129000708952674,0.0,Low,0.5741998582094652,0.0,0.6722669264484415,0.0,Medium,0.6722669264484415,0.0,0.8563218390804596,0.0,Normal,0.8563218390804596,0.8379865766812555,0.08100671165937222,0.0,Low,0.8379865766812555,3,Poor
0.0,0.0,1.0,Hot,1.0,0.0,0.8548910122538352,0.0,Normal,0.8548910122538352,0.058443874063293606,0.47077806296835334,0.0,Normal,0.47077806296835334,0.36390225524962866,0.3180488723751856,0.0,Dry,0.36390225524962866,0.0,0.7985026392829634,0.0,Normal,0.7985026392829634,0.0,0.8479690554303574,0.0,Normal,0.8479690554303574,0.0,0.6616146980246176,0.0,Normal,0.6616146980246176,0.16877628463253277,0.41561185768373354,0.0,Medium,0.41561185768373354,0.0,0.090038314176245,0.81992337164751,High,0.81992337164751,0.0,0.6593557667665277,0.0,Normal,0.6593557667665277,3,Poor
0.0,0.37521841985558485,0.2495631602888295,Normal,0.37521841985558485,0.0,0.0,1.0,Hot,1.0,0.0,0.7705962319178605,0.0,Normal,0.7705962319178605,0.0,0.8398518521593238,0.0,Normal,0.8398518521593238,0.0,0.40593581344424723,0.18812837311150557,Normal,0.40593581344424723,0.614465434694001,0.19276728265299944,0.0,Low,0.614465434694001,0.0,0.3987709060009403,0.20245818799811965,Normal,0.3987709060009403,0.0,0.5230232338361821,0.0,Medium,0.5230232338361821,1.0,0.0,0.0,Low,1.0,0.0,0.9870351717574777,0.0,Normal,0.9870351717574777,0,Acceptable
0.9540067729294763,0.02299661353526184,0.0,Cold,0.9540067729294763,0.0,0.6406570510575865,0.0,Normal,0.6406570510575865,0.0,0.6003309892259787,0.0,Normal,0.6003309892259787,0.14640073619760516,0.42679963190119724,0.0,Normal,0.42679963190119724,0.0,0.8666420790271562,0.0,Normal,0.8666420790271562,0.39896594118124235,0.30051702940937874,0.0,Low,0.39896594118124235,0.0,0.5279534762285779,0.0,Normal,0.5279534762285779,0.0,0.5199486719936591,0.0,Medium,0.5199486719936591,0.0,0.090038314176245,0.81992337164751,High,0.81992337164751,0.0,0.5134616911073172,0.0,Normal,0.5134616911073172,0,Poor
0.0,0.830592924652344,0.0,Normal,0.830592924652344,0.031440137847782934,0.4842799310761084,0.0,Normal,0.4842799310761084,0.0,0.6520730406126685,0.0,Normal,0.6520730406126685,0.0,0.743748180973901,0.0,Normal,0.743748180973901,0.0,0.8414054375126402,0.0,Normal,0.8414054375126402,0.39021879019493727,0.3048906049025313,0.0,Low,0.39021879019493727,0.0,0.938628819638296,0.0,Normal,0.938628819638296,1.0,0.0,0.0,Low,1.0,0.6283524904214557,0.1858237547892721,0.0,Low,0.6283524904214557,0.0,0.9943928774978409,0.0,Normal,0.9943928774978409,3,Good
0.5752652853737061,0.21236735731314707,0.0,Cold,0.5752652853737061,0.057661711074255814,0.47116914446287195,0.0,Normal,0.47116914446287195,0.0,0.6268929163892004,0.0,Normal,0.6268929163892004,0.0,0.8841397358902031,0.0,Normal,0.8841397358902031,0.0,0.9224040488398122,0.0,Normal,0.9224040488398122,0.6528226500280513,0.17358867498597433,0.0,Low,0.6528226500280513,0.19861209203869928,0.40069395398065033,0.0,Normal,0.40069395398065033,0.8384704438535011,0.08076477807324944,0.0,Low,0.8384704438535011,0.436781609195402,0.28160919540229895,0.0,Low,0.436781609195402,0.0,0.5315017587324632,0.0,Normal,0.5315017587324632,1,Poor
0.08674760914069533,0.4566261954296526,0.0,Normal,0.4566261954296526,0.0,0.5174272773339327,0.0,Normal,0.5174272773339327,0.0,0.7927917144259344,0.0,Normal,0.7927917144259344,0.0,0.35991382215297746,0.28017235569404536,Normal,0.35991382215297746,0.0,0.7446192098644646,0.0,Normal,0.7446192098644646,0.7480449459655903,0.1259775270172048,0.0,Low,0.7480449459655903,0.0,0.943044041287988,0.0,Normal,0.943044041287988,1.0,0.0,0.0,Low,1.0,0.8199233716475094,0.09003831417624526,0.0,Low,0.8199233716475094,0.0,0.8777241376077248,0.0,Normal,0.8777241376077248,0,Acceptable
0.0,0.8131070113493413,0.0,Normal,0.8131070113493413,0.0,0.4751711087288589,0.049657782542281856,Normal,0.4751711087288589,0.7507255867347509,0.12463720663262459,0.0,Dry,0.7507255867347509,0.5215351808320156,0.23923240958399214,0.0,Dry,0.5215351808320156,0.0,0.5333831273913472,0.0,Normal,0.5333831273913472,1.0,0.0,0.0,Low,1.0,0.0,0.5372078465730578,0.0,Normal,0.5372078465730578,0.0,0.5975403702589633,0.0,Medium,0.5975403702589633,0.0,0.0,1.0,High,1.0,0.0,0.9869688145474327,0.0,Normal,0.9869688145474327,1,Acceptable
0.319199311314625,0.3404003443426877,0.0,Normal,0.3404003443426877,0.0,0.8453441337185866,0.0,Normal,0.8453441337185866,0.0,0.7415114013794778,0.0,Normal,0.7415114013794778,0.0,0.5454136453815064,0.0,Normal,0.5454136453815064,0.0,0.47378711395917517,0.05242577208164967,Normal,0.47378711395917517,0.029418251077589528,0.4852908744612051,0.0,Normal,0.4852908744612051,0.0,0.9357610494544623,0.0,Normal,0.9357610494544623,0.693259373766541,0.1533703131167295,0.0,Low,0.693259373766541,1.0,0.0,0.0,Low,1.0,0.0,0.5558668279841101,0.0,Normal,0.5558668279841101,0,Acceptable
0.0,0.8674495671733595,0.0,Normal,0.8674495671733595,0.0,0.5432336054866377,0.0,Normal,0.5432336054866377,0.0,0.8010089266853864,0.0,Normal,0.8010089266853864,0.0,0.821580056002193,0.0,Normal,0.821580056002193,0.0,0.9182404253457214,0.0,Normal,0.9182404253457214,0.125765919613884,0.4371170401930579,0.0,Normal,0.4371170401930579,0.0,0.8141123992119053,0.0,Normal,0.8141123992119053,0.0,0.8079634418378124,0.0,Medium,0.8079634418378124,0.0,0.0,1.0,High,1.0,0.0,0.7442898273687392,0.0,Normal,0.7442898273687392,0,Acceptable
0.0,0.6962715077423534,0.0,Normal,0.6962715077423534,0.0,0.7446210094530515,0.0,Normal,0.7446210094530515,0.0,0.14521037907690212,0.7095792418461955,Wet,0.7095792418461955,0.0,0.0,1.0,Wet,1.0,0.0,0.5309402543104831,0.0,Normal,0.5309402543104831,0.7922648701219495,0.10386756493902526,0.0,Low,0.7922648701219495,0.0,0.7108188557689057,0.0,Normal,0.7108188557689057,0.0,0.4425813827392808,0.11483723452143874,Medium,0.4425813827392808,1.0,0.0,0.0,Low,1.0,0.43405840375705407,0.2829707981214729,0.0,Low,0.43405840375705407,1,Acceptable
0.0,0.5341950781540218,0.0,Normal,0.5341950781540218,0.0,0.9159227121577083,0.0,Normal,0.9159227121577083,0.03140153337214736,0.4842992333139265,0.0,Normal,0.4842992333139265,0.0,0.6806553622443765,0.0,Normal,0.6806553622443765,0.0,0.9451677755775844,0.0,Normal,0.9451677755775844,0.0,0.7298126265204338,0.0,Normal,0.7298126265204338,0.0,0.8405105063762521,0.0,Normal,0.8405105063762521,0.002821565510063722,0.4985892172449681,0.0,Medium,0.4985892172449681,0.0,0.2816091954022987,0.4367816091954026,High,0.4367816091954026,0.0,0.7500863319011006,0.0,Normal,0.7500863319011006,0,Acceptable
0.0,0.9988676980014068,0.0,Normal,0.9988676980014068,0.0,0.7556351091113382,0.0,Normal,0.7556351091113382,0.0,0.5808327731039941,0.0,Normal,0.5808327731039941,0.0,0.40269114624245755,0.19461770751508528,Normal,0.40269114624245755,1.0,0.0,0.0,Low,1.0,0.0,0.23885769756518804,0.5222846048696239,High,0.5222846048696239,0.42938369407624866,0.28530815296187567,0.0,Low,0.42938369407624866,0.29225430125534957,0.35387284937232516,0.0,Medium,0.35387284937232516,0.8199233716475094,0.09003831417624526,0.0,Low,0.8199233716475094,0.2864564289399325,0.3567717855300337,0.0,Normal,0.3567717855300337,3,Good
0.07749618326410117,0.46125190836794966,0.0,Normal,0.46125190836794966,0.0,0.6941609296640716,0.0,Normal,0.6941609296640716,0.0,0.8785883504253181,0.0,Normal,0.8785883504253181,0.0,0.6676350421081474,0.0,Normal,0.6676350421081474,0.7541304939033276,0.1229347530483361,0.0,Low,0.7541304939033276,0.0,0.5565198323492505,0.0,Normal,0.5565198323492505,0.0,0.22415487523231165,0.5516902495353768,High,0.5516902495353768,0.0,0.42912433978664055,0.14175132042671934,Medium,0.42912433978664055,0.0,0.2816091954022987,0.4367816091954026,High,0.4367816091954026,0.010379430903569825,0.494810284548215,0.0,Normal,0.494810284548215,3,Good
0.5823835607053207,0.20880821964733975,0.0,Cold,0.5823835607053207,0.0,0.8896612238867726,0.0,Normal,0.8896612238867726,0.0,0.3006376737543875,0.3987246524912244,Wet,0.3987246524912244,0.0,0.5419729971450445,0.0,Normal,0.5419729971450445,0.026563598687054043,0.4867182006564728,0.0,Normal,0.4867182006564728,0.3117230611194455,0.34413846944027715,0.0,Normal,0.34413846944027715,0.0,0.9439172960775597,0.0,Normal,0.9439172960775597,0.0,0.7612092530771668,0.0,Medium,0.7612092530771668,0.0,0.37739463601532547,0.24521072796934892,Normal,0.37739463601532547,0.0,0.7626675188498382,0.0,Normal,0.7626675188498382,1,Poor
0.0,0.5682192524684136,0.0,Normal,0.5682192524684136,0.0,0.7083559564767009,0.0,Normal,0.7083559564767009,0.0,0.874266014262802,0.0,Normal,0.874266014262802,0.0,0.8473054201808541,0.0,Normal,0.8473054201808541,0.5579480185422155,0.2210259907288922,0.0,Low,0.5579480185422155,0.0,0.786780936357233,0.0,Normal,0.786780936357233,0.7769395804770174,0.1115302097614913,0.0,Low,0.7769395804770174,0.0,0.6828954814946854,0.0,Medium,0.6828954814946854,0.0,0.2816091954022987,0.4367816091954026,High,0.4367816091954026,0.22370335372460043,0.38814832313769976,0.0,Normal,0.38814832313769976,3,Good
0.0,0.6004568399014257,0.0,Normal,0.6004568399014257,0.0,0.9169720690141565,0.0,Normal,0.9169720690141565,0.7692362093698897,0.11538189531505517,0.0,Dry,0.7692362093698897,0.646943771863315,0.17652811406834246,0.0,Dry,0.646943771863315,0.0,0.5348206027747047,0.0,Normal,0.5348206027747047,0.0,0.8334124179918779,0.0,Normal,0.8334124179918779,0.0,0.47726266489272984,0.04547467021454068,Normal,0.47726266489272984,0.6157690397259107,0.19211548013704466,0.0,Low,0.6157690397259107,0.0,0.8563218390804601,0.0,Normal,0.8563218390804601,0.0,0.5201737334897907,0.0,Normal,0.5201737334897907,3,Acceptable
0.0,0.8536008262748312,0.0,Normal,0.8536008262748312,0.052224350485821726,0.473887824757089,0.0,Normal,0.473887824757089,0.0,0.347176203165255,0.30564759366948935,Normal,0.347176203165255,0.0,0.5544612868612555,0.0,Normal,0.5544612868612555,0.0,0.7980889873130936,0.0,Normal,0.7980889873130936,0.45621078211093236,0.27189460894453377,0.0,Low,0.45621078211093236,0.3247430579007434,0.3376284710496283,0.0,Normal,0.3376284710496283,0.0,0.9624224134157625,0.0,Medium,0.9624224134157625,0.0,0.664750957854406,0.0,Normal,0.664750957854406,0.0,0.8676028132619348,0.0,Normal,0.8676028132619348,0,Acceptable
0.0,0.9610507439315792,0.0,Normal,0.9610507439315792,0.0,0.0,1.0,Hot,1.0,0.3071767257258666,0.34641163713706685,0.0,Normal,0.34641163713706685,0.2237294238451464,0.38813528807742664,0.0,Normal,0.38813528807742664,0.0,0.9252129631701264,0.0,Normal,0.9252129631701264,0.1537751162048159,0.42311244189759195,0.0,Normal,0.42311244189759195,0.0,0.4936616384049506,0.012676723190099196,Normal,0.4936616384049506,1.0,0.0,0.0,Low,1.0,0.05363984674329458,0.47318007662835265,0.0,Normal,0.47318007662835265,0.0,0.0,1.0,High,1.0,0,Acceptable
0.0,0.5062848376931998,0.0,Normal,0.5062848376931998,0.0,0.9681453986795877,0.0,Normal,0.9681453986795877,0.0,0.5177559767938462,0.0,Normal,0.5177559767938462,0.0,0.8964797067436537,0.0,Normal,0.8964797067436537,0.0,0.6908575870570562,0.0,Normal,0.6908575870570562,0.0,0.7762534816599803,0.0,Normal,0.7762534816599803,0.0,0.824370799238787,0.0,Normal,0.824370799238787,0.2240664975178044,0.38796675124109775,0.0,Medium,0.38796675124109775,0.05363984674329458,0.47318007662835265,0.0,Normal,0.47318007662835265,0.28247939364637004,0.3587603031768149,0.0,Normal,0.3587603031768149,0,Acceptable
0.0,0.8841015065811751,0.0,Normal,0.8841015065811751,0.0,0.6171918955542522,0.0,Normal,0.6171918955542522,0.0,0.6805892735439116,0.0,Normal,0.6805892735439116,0.0,0.5764557803690097,0.0,Normal,0.5764557803690097,0.5514846402839043,0.2242576798580478,0.0,Low,0.5514846402839043,0.0,0.9910782265720142,0.0,Normal,0.9910782265720142,0.06814717143407686,0.46592641428296155,0.0,Normal,0.46592641428296155,1.0,0.0,0.0,Low,1.0,0.0,0.0,1.0,High,1.0,0.0,0.7650596631736639,0.0,Normal,0.7650596631736639,0,Acceptable
0.0,0.7741904998190802,0.0,Normal,0.7741904998190802,0.0,0.11043773244580428,0.7791245351083914,Hot,0.7791245351083914,0.0,0.0,1.0,Wet,1.0,0.0,0.0,1.0,Wet,1.0,0.0,0.3874054137091191,0.2251891725817618,Normal,0.3874054137091191,0.2180875672112806,0.3909562163943596,0.0,Normal,0.3909562163943596,0.0,0.642356556883073,0.0,Normal,0.642356556883073,0.02246843961952208,0.48876578019023886,0.0,Medium,0.48876578019023886,0.0,0.5689655172413791,0.0,Normal,0.5689655172413791,0.0,0.8445675369925674,0.0,Normal,0.8445675369925674,0,Acceptable
0.0008382971516984583,0.49958085142415104,0.0,Normal,0.49958085142415104,0.19941268687560718,0.4002936565621963,0.0,Normal,0.4002936565621963,0.0,0.9841016009707373,0.0,Normal,0.9841016009707373,0.0,0.9006715909524345,0.0,Normal,0.9006715909524345,0.0,0.6750061852707682,0.0,Normal,0.6750061852707682,0.0,0.9594606865445438,0.0,Normal,0.9594606865445438,0.0,0.9877061342950358,0.0,Normal,0.9877061342950358,1.0,0.0,0.0,Low,1.0,0.6283524904214557,0.1858237547892721,0.0,Low,0.6283524904214557,0.0,0.6170019411459118,0.0,Normal,0.6170019411459118,3,Good
0.9581246926761279,0.020937653661936048,0.0,Cold,0.9581246926761279,0.0,0.6166000313798036,0.0,Normal,0.6166000313798036,0.0,0.03616653412214086,0.9276669317557182,Wet,0.9276669317557182,0.0,0.7567346475742438,0.0,Normal,0.7567346475742438,1.0,0.0,0.0,Low,1.0,0.0,0.3579871876833983,0.28402562463320336,Normal,0.3579871876833983,0.0,0.11066021183471537,0.7786795763305693,High,0.7786795763305693,0.982662562619013,0.008668718690493522,0.0,Low,0.982662562619013,1.0,0.0,0.0,Low,1.0,1.0,0.0,0.0,Low,1.0,3,Poor
0.0,0.3635324031001478,0.2729351937997037,Normal,0.3635324031001478,0.0,0.8866032813345249,0.0,Normal,0.8866032813345249,0.0,0.6270400033110257,0.0,Normal,0.6270400033110257,0.0,0.32973757331637915,0.340524853367242,Wet,0.340524853367242,0.0,0.4060333197564562,0.18793336048708761,Normal,0.4060333197564562,0.0,0.6056241277235332,0.0,Normal,0.6056241277235332,0.0,0.6515293449339203,0.0,Normal,0.6515293449339203,0.04515091844098245,0.4774245407795087,0.0,Medium,0.4774245407795087,0.0,0.5689655172413791,0.0,Normal,0.5689655172413791,0.0,0.8428987544369859,0.0,Normal,0.8428987544369859,0,Acceptable
0.0,0.712426592285857,0.0,Normal,0.712426592285857,0.0,0.5677159634001918,0.0,Normal,0.5677159634001918,0.20468790975548962,0.39765604512225533,0.0,Normal,0.39765604512225533,0.028961849021570837,0.4855190754892144,0.0,Normal,0.4855190754892144,1.0,0.0,0.0,Low,1.0,0.0,0.1707547591273279,0.6584904817453442,High,0.6584904817453442,0.0,0.3616524843483596,0.276695031303281,Normal,0.3616524843483596,1.0,0.0,0.0,Low,1.0,0.6283524904214557,0.1858237547892721,0.0,Low,0.6283524904214557,0.0,0.8061957282102696,0.0,Normal,0.8061957282102696,3,Good
0.0,0.9107472911476048,0.0,Normal,0.9107472911476048,0.0,0.8776190975674086,0.0,Normal,0.8776190975674086,0.0,0.5242321089562255,0.0,Normal,0.5242321089562255,0.04787153219121952,0.47606423390439007,0.0,Normal,0.47606423390439007,0.0,0.6366347178797904,0.0,Normal,0.6366347178797904,0.7101076567210682,0.14494617163946583,0.0,Low,0.7101076567210682,0.0,0.823291417835322,0.0,Normal,0.823291417835322,0.0,0.6020714525900563,0.0,Medium,0.6020714525900563,0.0,0.6647509578544063,0.0,Normal,0.6647509578544063,0.056430590849213855,0.471784704575393,0.0,Normal,0.471784704575393,2,Poor
0.12069496910809666,0.4396525154459519,0.0,Normal,0.4396525154459519,0.0,0.53249460326293,0.0,Normal,0.53249460326293,0.0,0.34745024045903444,0.30509951908193045,Normal,0.34745024045903444,0.0,0.950172774333803,0.0,Normal,0.950172774333803,0.0,0.846378013685866,0.0,Normal,0.846378013685866,0.6953565865777643,0.1523217067111178,0.0,Low,0.6953565865777643,0.3603041676898584,0.3198479161550708,0.0,Low,0.3603041676898584,0.0,0.3445394479866616,0.31092110402667716,Medium,0.3445394479866616,0.0,0.0,1.0,High,1.0,0.0,0.7106562020374194,0.0,Normal,0.7106562020374194,1,Acceptable
0.0,0.792358240892088,0.0,Normal,0.792358240892088,0.0,0.32231426313940514,0.35537147372118955,Hot,0.35537147372118955,1.0,0.0,0.0,Dry,1.0,0.8319495470975732,0.08402522645121337,0.0,Dry,0.8319495470975732,0.11026041821649252,0.4448697908917536,0.0,Normal,0.4448697908917536,0.0,0.3083986441493891,0.3832027117012218,High,0.3832027117012218,0.0,0.6070493293667992,0.0,Normal,0.6070493293667992,0.4301500587079854,0.28492497064600725,0.0,Low,0.4301500587079854,1.0,0.0,0.0,Low,1.0,0.27916714671411025,0.3604164266429448,0.0,Normal,0.3604164266429448,3,Acceptable
0.0,0.8697345098521776,0.0,Normal,0.8697345098521776,0.9013891717887319,0.049305414105634014,0.0,Cold,0.9013891717887319,0.0,0.5726592639926905,0.0,Normal,0.5726592639926905,0.4180831898537511,0.29095840507312437,0.0,Dry,0.4180831898537511,0.0,0.7118846412195639,0.0,Normal,0.7118846412195639,0.5841686999365888,0.20791565003170553,0.0,Low,0.5841686999365888,0.0,0.9036731378573403,0.0,Normal,0.9036731378573403,0.0,0.7892868625712002,0.0,Medium,0.7892868625712002,0.0,0.090038314176245,0.81992337164751,High,0.81992337164751,0.0,0.0,1.0,High,1.0,0,Acceptable
0.0,0.6474124364469308,0.0,Normal,0.6474124364469308,0.0,0.2852202143907585,0.4295595712184828,Hot,0.4295595712184828,0.15160717315320038,0.4241964134233999,0.0,Normal,0.4241964134233999,0.07021700742614417,0.4648914962869278,0.0,Normal,0.4648914962869278,0.0,0.7309082928394125,0.0,Normal,0.7309082928394125,0.044651275688394526,0.4776743621558026,0.0,Normal,0.4776743621558026,0.12872621820059296,0.43563689089970353,0.0,Normal,0.43563689089970353,0.0,0.5927046155908986,0.0,Medium,0.5927046155908986,0.8199233716475094,0.09003831417624526,0.0,Low,0.8199233716475094,0.0,0.5971992988826802,0.0,Normal,0.5971992988826802,0,Acceptable
0.0,0.7376970238913052,0.0,Normal,0.7376970238913052,0.0,0.8175789248888836,0.0,Normal,0.8175789248888836,0.0,0.5744642433725502,0.0,Normal,0.5744642433725502,0.0,0.43774831300669975,0.12450337398660087,Normal,0.43774831300669975,0.0,0.41305571103360517,0.1738885779327896,Normal,0.41305571103360517,0.6051407729969824,0.19742961350150873,0.0,Low,0.6051407729969824,0.0,0.7121894031614927,0.0,Normal,0.7121894031614927,0.0,0.7632068637585486,0.0,Medium,0.7632068637585486,0.0,0.090038314176245,0.81992337164751,High,0.81992337164751,0.0,0.6088980291437498,0.0,Normal,0.6088980291437498,1,Acceptable
0.0,0.591354032799199,0.0,Normal,0.591354032799199,0.0,0.5824863749243355,0.0,Normal,0.5824863749243355,0.0,0.8003676577011536,0.0,Normal,0.8003676577011536,0.0,0.9769991366605245,0.0,Normal,0.9769991366605245,0.9799680543832053,0.010015972808397345,0.0,Low,0.9799680543832053,0.0,0.9388703452113739,0.0,Normal,0.9388703452113739,0.0,0.5849228481746592,0.0,Normal,0.5849228481746592,0.0,0.6848980054751731,0.0,Medium,0.6848980054751731,0.0,0.5689655172413791,0.0,Normal,0.5689655172413791,0.19635388498362435,0.40182305750818775,0.0,Normal,0.40182305750818775,0,Acceptable
0.0,0.8169844086465865,0.0,Normal,0.8169844086465865,0.603161826291523,0.19841908685423842,0.0,Cold,0.603161826291523,0.0,0.772021856949436,0.0,Normal,0.772021856949436,0.0,0.8667302394953422,0.0,Normal,0.8667302394953422,1.0,0.0,0.0,Low,1.0,0.0,0.4657184611443976,0.0685630777112049,Normal,0.4657184611443976,0.0,0.9477563380867078,0.0,Normal,0.9477563380867078,0.43484501164054673,0.2825774941797266,0.0,Low,0.43484501164054673,0.0,0.0,1.0,High,1.0,0.0,0.5266635175180946,0.0,Normal,0.5266635175180946,3,Acceptable
0.0,0.951140359018404,0.0,Normal,0.951140359018404,0.0,0.7507824706168529,0.0,Normal,0.7507824706168529,0.0,0.7056929406204043,0.0,Normal,0.7056929406204043,0.0,0.7226126317767209,0.0,Normal,0.7226126317767209,0.0,0.6776716241897798,0.0,Normal,0.6776716241897798,0.0,0.9044762067373897,0.0,Normal,0.9044762067373897,0.5380977301372758,0.23095113493136207,0.0,Low,0.5380977301372758,1.0,0.0,0.0,Low,1.0,0.0,0.090038314176245,0.81992337164751,High,0.81992337164751,0.06723223209062759,0.46638388395468616,0.0,Normal,0.46638388395468616,3,Good
0.0,0.5082764721253119,0.0,Normal,0.5082764721253119,0.0,0.5417809433956278,0.0,Normal,0.5417809433956278,0.6896658687148477,0.15516706564257624,0.0,Dry,0.6896658687148477,0.25259600433749513,0.3737019978312523,0.0,Normal,0.3737019978312523,0.0,0.7945010907525183,0.0,Normal,0.7945010907525183,0.5449311857246072,0.22753440713769635,0.0,Low,0.5449311857246072,0.0,0.24042871440631905,0.5191425711873621,High,0.5191425711873621,0.0,0.5477850402990726,0.0,Medium,0.5477850402990726,0.0,0.5689655172413794,0.0,Normal,0.5689655172413794,0.0,0.5187313333017541,0.0,Normal,0.5187313333017541,3,Acceptable
0.0,0.9270741115050354,0.0,Normal,0.9270741115050354,0.0,0.8053560880637329,0.0,Normal,0.8053560880637329,0.0,0.12652863485335308,0.7469427302932936,Wet,0.7469427302932936,0.0,0.14398275982779218,0.7120344803444157,Wet,0.7120344803444157,0.0,0.3649170972917311,0.27016580541653784,Normal,0.3649170972917311,0.9021618503523777,0.04891907482381112,0.0,Low,0.9021618503523777,0.0,0.5448190099203275,0.0,Normal,0.5448190099203275,0.1963467310336455,0.4018266344831772,0.0,Medium,0.4018266344831772,0.0,0.0,1.0,High,1.0,0.0,0.7858074503880134,0.0,Normal,0.7858074503880134,1,Acceptable
0.0,0.8961622607302631,0.0,Normal,0.8961622607302631,0.0,0.9629086160850167,0.0,Normal,0.9629086160850167,0.0,0.7186421364288581,0.0,Normal,0.7186421364288581,0.0,0.6598460401615848,0.0,Normal,0.6598460401615848,0.0,0.5392058233942002,0.0,Normal,0.5392058233942002,0.0,0.5828649813693473,0.0,Normal,0.5828649813693473,1.0,0.0,0.0,Low,1.0,1.0,0.0,0.0,Low,1.0,0.0,0.7605363984674332,0.0,Normal,0.7605363984674332,0.02825165281440619,0.48587417359279683,0.0,Normal,0.48587417359279683,0,Acceptable
0.0,0.8186867505791635,0.0,Normal,0.8186867505791635,0.0,0.9743715496966447,0.0,Normal,0.9743715496966447,0.0,0.7144310185931149,0.0,Normal,0.7144310185931149,0.0,0.19036127667140046,0.6192774466571993,Wet,0.6192774466571993,0.0,0.7468282437947827,0.0,Normal,0.7468282437947827,0.25529266862171085,0.37235366568914446,0.0,Normal,0.37235366568914446,0.0,0.661611114159851,0.0,Normal,0.661611114159851,0.0,0.5490804769854951,0.0,Medium,0.5490804769854951,0.436781609195402,0.28160919540229895,0.0,Low,0.436781609195402,0.055109203326892425,0.47244539833655375,0.0,Normal,0.47244539833655375,0,Acceptable
0.5501405769301636,0.22492971153491834,0.0,Cold,0.5501405769301636,0.0,0.5022364417596834,0.0,Normal,0.5022364417596834,0.0,0.9671281812721877,0.0,Normal,0.9671281812721877,0.0,0.8715786001106101,0.0,Normal,0.8715786001106101,0.27543539867079875,0.36228230066460054,0.0,Normal,0.36228230066460054,0.0,0.9346810976809747,0.0,Normal,0.9346810976809747,0.5334643495644268,0.23326782521778658,0.0,Low,0.5334643495644268,0.0,0.8092253880466551,0.0,Medium,0.8092253880466551,0.6283524904214557,0.1858237547892721,0.0,Low,0.6283524904214557,0.0,0.9992671681046812,0.0,Normal,0.9992671681046812,3,Acceptable
0.9657683576221897,0.017115821188905152,0.0,Cold,0.9657683576221897,0.0,0.5016081635005825,0.0,Normal,0.5016081635005825,0.0,0.42451237514335227,0.15097524971329465,Normal,0.42451237514335227,0.0,0.06459285370482068,0.8708142925903587,Wet,0.8708142925903587,0.0,0.6179687519052488,0.0,Normal,0.6179687519052488,0.5825981849115767,0.20870090754421164,0.0,Low,0.5825981849115767,0.0,0.8084600263472301,0.0,Normal,0.8084600263472301,0.0,0.8371266884574667,0.0,Medium,0.8371266884574667,0.0,0.8563218390804601,0.0,Normal,0.8563218390804601,0.0,0.35537544487569794,0.2892491102486041,Normal,0.35537544487569794,1,Poor
0.8920193910077335,0.05399030449613325,0.0,Cold,0.8920193910077335,0.0,0.9910187434337583,0.0,Normal,0.9910187434337583,0.0,0.7299768172919335,0.0,Normal,0.7299768172919335,0.0,0.5384453372904071,0.0,Normal,0.5384453372904071,0.0,0.3913341439890599,0.21733171202188015,Normal,0.3913341439890599,1.0,0.0,0.0,Low,1.0,0.0,0.1173757744787066,0.7652484510425869,High,0.7652484510425869,0.0,0.1212458778371506,0.757508244325699,High,0.757508244325699,1.0,0.0,0.0,Low,1.0,0.16054861267216952,0.41972569366391516,0.0,Normal,0.41972569366391516,1,Poor
0.44297669560014186,0.27851165219992924,0.0,Cold,0.44297669560014186,0.141412622031105,0.42929368898444736,0.0,Normal,0.42929368898444736,0.0,0.8768857461092556,0.0,Normal,0.8768857461092556,0.0,0.6324018483092263,0.0,Normal,0.6324018483092263,0.0,0.9482584132680126,0.0,Normal,0.9482584132680126,0.0,0.9890881460766718,0.0,Normal,0.9890881460766718,0.0,0.944736873105917,0.0,Normal,0.944736873105917,1.0,0.0,0.0,Low,1.0,0.0,0.090038314176245,0.81992337164751,High,0.81992337164751,0.0,0.7062882081700774,0.0,Normal,0.7062882081700774,0,Acceptable
0.0,0.9850403778434895,0.0,Normal,0.9850403778434895,0.0,0.9412645521537135,0.0,Normal,0.9412645521537135,0.0,0.16871895502191275,0.6625620899561742,Wet,0.6625620899561742,0.0,0.0,1.0,Wet,1.0,0.0,0.8470405935015025,0.0,Normal,0.8470405935015025,0.7774708260412322,0.11126458697938386,0.0,Low,0.7774708260412322,0.0,0.457540258183519,0.0849194836329623,Normal,0.457540258183519,0.0,0.4032112613493892,0.1935774773012219,Medium,0.4032112613493892,1.0,0.0,0.0,Low,1.0,0.6158178947400362,0.19209105262998183,0.0,Low,0.6158178947400362,1,Acceptable
0.0,0.9313879107121399,0.0,Normal,0.9313879107121399,0.0,0.6978496316276008,0.0,Normal,0.6978496316276008,0.0,0.8339038257845058,0.0,Normal,0.8339038257845058,0.0,0.9679258250326597,0.0,Normal,0.9679258250326597,0.0,0.8332472584498758,0.0,Normal,0.8332472584498758,1.0,0.0,0.0,Low,1.0,0.0,0.719230787297855,0.0,Normal,0.719230787297855,0.0,0.815845060218667,0.0,Medium,0.815845060218667,0.0,0.2816091954022987,0.4367816091954026,High,0.4367816091954026,0.0,0.8449715226244796,0.0,Normal,0.8449715226244796,1,Acceptable
0.0,0.31683125041213195,0.3663374991757354,Hot,0.3663374991757354,0.0,0.9689819646884177,0.0,Normal,0.9689819646884177,0.0,0.8048174281526372,0.0,Normal,0.8048174281526372,0.0,0.8387100962398912,0.0,Normal,0.8387100962398912,1.0,0.0,0.0,Low,1.0,0.0,0.0,1.0,High,1.0,0.0,0.7996872787664324,0.0,Normal,0.7996872787664324,0.0,0.6996094441005137,0.0,Medium,0.6996094441005137,0.0,0.2816091954022987,0.4367816091954026,High,0.4367816091954026,0.43666764384661994,0.28166617807669,0.0,Low,0.43666764384661994,3,Acceptable
0.0,0.6637565023917253,0.0,Normal,0.6637565023917253,0.0,0.5288792171260482,0.0,Normal,0.5288792171260482,0.0,0.7177532004925276,0.0,Normal,0.7177532004925276,0.0,0.9362656663336668,0.0,Normal,0.9362656663336668,0.4484497652751987,0.27577511736240057,0.0,Low,0.4484497652751987,0.0,0.946855413981301,0.0,Normal,0.946855413981301,0.010347570442257937,0.494826214778871,0.0,Normal,0.494826214778871,0.4575187335124133,0.2712406332437933,0.0,Low,0.4575187335124133,0.0,0.5689655172413794,0.0,Normal,0.5689655172413794,0.23934335553619931,0.3803283222319003,0.0,Normal,0.3803283222319003,3,Good
0.0,0.8054001786666426,0.0,Normal,0.8054001786666426,0.0,0.9863820410424167,0.0,Normal,0.9863820410424167,0.0,0.523736648989689,0.0,Normal,0.523736648989689,0.0,0.20834794880830074,0.5833041023833987,Wet,0.5833041023833987,0.0,0.9279271724796849,0.0,Normal,0.9279271724796849,0.3564230681089367,0.32178846594553157,0.0,Low,0.3564230681089367,0.0,0.6556848079295899,0.0,Normal,0.6556848079295899,0.10118200934914791,0.449408995325426,0.0,Medium,0.449408995325426,0.0,0.9521072796934864,0.0,Normal,0.9521072796934864,0.17365853229191225,0.4131707338540438,0.0,Normal,0.4131707338540438,3,Good
0.0,0.4823985209045828,0.035202958190833404,Normal,0.4823985209045828,0.0,0.8796279700119688,0.0,Normal,0.8796279700119688,0.0,0.5720443762929149,0.0,Normal,0.5720443762929149,0.0,0.5406100328121282,0.0,Normal,0.5406100328121282,0.3350468056413282,0.3324765971793358,0.0,Low,0.3350468056413282,0.0,0.2099827153324501,0.5800345693350998,High,0.5800345693350998,0.0,0.9873491870902978,0.0,Normal,0.9873491870902978,0.8336457619522134,0.08317711902389327,0.0,Low,0.8336457619522134,0.0,0.0,1.0,High,1.0,0.0,0.5940490251302799,0.0,Normal,0.5940490251302799,3,Good
0.0,0.5051893104376531,0.0,Normal,0.5051893104376531,0.0,0.6510290997058057,0.0,Normal,0.6510290997058057,0.0,0.9136259321187352,0.0,Normal,0.9136259321187352,0.0,0.9800359458534956,0.0,Normal,0.9800359458534956,0.16868342649889018,0.4156582867505548,0.0,Normal,0.4156582867505548,0.0,0.24637212112728613,0.5072557577454277,High,0.5072557577454277,0.0,0.28997234309719455,0.420055313805611,High,0.420055313805611,0.0,0.5867881033140315,0.0,Medium,0.5867881033140315,0.0,0.37739463601532547,0.24521072796934892,Normal,0.37739463601532547,0.0,0.7369335157733236,0.0,Normal,0.7369335157733236,3,Good
0.0,0.788965903996975,0.0,Normal,0.788965903996975,0.04196049380355062,0.4790197530982246,0.0,Normal,0.4790197530982246,0.0,0.4638521948207198,0.07229561035855944,Normal,0.4638521948207198,0.0,0.0,1.0,Wet,1.0,0.0,0.6005722969545161,0.0,Normal,0.6005722969545161,0.0,0.5277472543341455,0.0,Normal,0.5277472543341455,0.956998355536006,0.02150082223199701,0.0,Low,0.956998355536006,0.0,0.9394637762379813,0.0,Medium,0.9394637762379813,0.0,0.0,1.0,High,1.0,0.0,0.9314227648225261,0.0,Normal,0.9314227648225261,0,Acceptable
0.0,0.8239023468418749,0.0,Normal,0.8239023468418749,0.0,0.9044287194679062,0.0,Normal,0.9044287194679062,0.0,0.1445673591014718,0.7108652817970561,Wet,0.7108652817970561,0.0,0.1878033403086764,0.6243933193826474,Wet,0.6243933193826474,0.0,0.6999597907339056,0.0,Normal,0.6999597907339056,1.0,0.0,0.0,Low,1.0,0.26668316387163027,0.36665841806418487,0.0,Normal,0.36665841806418487,0.0,0.6438734987551973,0.0,Medium,0.6438734987551973,0.0,0.4731800766283523,0.05363984674329525,Normal,0.4731800766283523,0.0,0.6721497338943215,0.0,Normal,0.6721497338943215,1,Acceptable
0.0,0.5058022328235542,0.0,Normal,0.5058022328235542,0.0,0.8744161816526931,0.0,Normal,0.8744161816526931,0.0,0.9144336110030218,0.0,Normal,0.9144336110030218,0.0,0.9526531551328307,0.0,Normal,0.9526531551328307,0.0,0.9519174704170678,0.0,Normal,0.9519174704170678,0.10435477524283299,0.4478226123785834,0.0,Normal,0.4478226123785834,0.0,0.7773131974641441,0.0,Normal,0.7773131974641441,0.0,0.6434446572798851,0.0,Medium,0.6434446572798851,0.0,0.8563218390804596,0.0,Normal,0.8563218390804596,0.0036234654702577283,0.4981882672648711,0.0,Normal,0.4981882672648711,1,Acceptable
0.0,0.9101221068068704,0.0,Normal,0.9101221068068704,0.0,0.0,1.0,Hot,1.0,0.0,0.8792356857260345,0.0,Normal,0.8792356857260345,0.26109372959944277,0.3694531352002785,0.0,Normal,0.3694531352002785,1.0,0.0,0.0,Low,1.0,0.0,0.0,1.0,High,1.0,0.0,0.33962369965963607,0.32075260068072814,Normal,0.33962369965963607,0.12263081531062685,0.4386845923446865,0.0,Medium,0.4386845923446865,0.0,0.0,1.0,High,1.0,0.0,0.6933316045921262,0.0,Normal,0.6933316045921262,3,Acceptable
0.780703977235414,0.10964801138229309,0.0,Cold,0.780703977235414,0.0,0.9714017891686347,0.0,Normal,0.9714017891686347,0.0,0.32096308947203667,0.35807382105592606,Wet,0.35807382105592606,0.0,0.2026681009674876,0.594663798065025,Wet,0.594663798065025,0.0,0.5309758026279843,0.0,Normal,0.5309758026279843,0.3115561392545812,0.3442219303727093,0.0,Normal,0.3442219303727093,0.0,0.736643690780666,0.0,Normal,0.736643690780666,0.0,0.9989725626633804,0.0,Medium,0.9989725626633804,0.0,0.7605363984674332,0.0,Normal,0.7605363984674332,0.0,0.6556219679110353,0.0,Normal,0.6556219679110353,0,Poor
0.0,0.8414184175635439,0.0,Normal,0.8414184175635439,0.0,0.6042953251043259,0.0,Normal,0.6042953251043259,0.0,0.720024505926681,0.0,Normal,0.720024505926681,0.0,0.5541270166938639,0.0,Normal,0.5541270166938639,0.0,0.9770699683789011,0.0,Normal,0.9770699683789011,0.0,0.7947803453190685,0.0,Normal,0.7947803453190685,0.0,0.5686579473043748,0.0,Normal,0.5686579473043748,0.0,0.9870466082054622,0.0,Medium,0.9870466082054622,0.24521072796934829,0.3773946360153258,0.0,Normal,0.3773946360153258,0.03947020125225197,0.48026489937387395,0.0,Normal,0.48026489937387395,3,Good
0.0,0.697863703615033,0.0,Normal,0.697863703615033,0.0,0.7856840896191063,0.0,Normal,0.7856840896191063,0.0,0.4197436493764897,0.16051270124701972,Normal,0.4197436493764897,0.0,0.5249375722965476,0.0,Normal,0.5249375722965476,0.0,0.6877380649031856,0.0,Normal,0.6877380649031856,0.2970972713324827,0.35145136433375856,0.0,Normal,0.35145136433375856,0.0,0.4454278933193104,0.10914421336137956,Normal,0.4454278933193104,0.0,0.4402463029450692,0.11950739410986198,Medium,0.4402463029450692,0.0,0.0,1.0,High,1.0,0.0,0.9642904523710952,0.0,Normal,0.9642904523710952,1,Acceptable
0.06864875781551577,0.46567562109224236,0.0,Normal,0.46567562109224236,0.23139842368932179,0.384300788155339,0.0,Normal,0.384300788155339,0.4713147632924714,0.2643426183537644,0.0,Dry,0.4713147632924714,0.0,0.7244001233948141,0.0,Normal,0.7244001233948141,0.0,0.9034454099755195,0.0,Normal,0.9034454099755195,0.0,0.6995899797450142,0.0,Normal,0.6995899797450142,0.0,0.5858425536236348,0.0,Normal,0.5858425536236348,0.0,0.5833693947517871,0.0,Medium,0.5833693947517871,0.0,0.6647509578544063,0.0,Normal,0.6647509578544063,0.0,0.683178952333505,0.0,Normal,0.683178952333505,0,Acceptable
0.0,0.9113314994790606,0.0,Normal,0.9113314994790606,0.0,0.09540250621377924,0.8091949875724415,Hot,0.8091949875724415,0.16697722552657565,0.4165113872367123,0.0,Normal,0.4165113872367123,0.0,0.9602267108659176,0.0,Normal,0.9602267108659176,0.10646295780904644,0.44676852109547666,0.0,Normal,0.44676852109547666,0.0,0.41368741470318404,0.1726251705936319,Normal,0.41368741470318404,0.0,0.6308663145879958,0.0,Normal,0.6308663145879958,0.0,0.7982255057467973,0.0,Medium,0.7982255057467973,0.0,0.2816091954022987,0.4367816091954026,High,0.4367816091954026,0.0,0.8656465907085987,0.0,Normal,0.8656465907085987,3,Acceptable
0.0,0.9048344637137483,0.0,Normal,0.9048344637137483,0.0,0.7205144166823295,0.0,Normal,0.7205144166823295,0.0,0.3834792445579877,0.23304151088402383,Normal,0.3834792445579877,0.0,0.5918794090600966,0.0,Normal,0.5918794090600966,0.0,0.10361593842367263,0.7927681231526548,High,0.7927681231526548,1.0,0.0,0.0,Low,1.0,0.0,0.7039035546828816,0.0,Normal,0.7039035546828816,0.0,0.9167479550373906,0.0,Medium,0.9167479550373906,0.0,0.0,1.0,High,1.0,0.0,0.6572072507053057,0.0,Normal,0.6572072507053057,1,Acceptable
0.0,0.7514006225800869,0.0,Normal,0.7514006225800869,0.0,0.5404249028097647,0.0,Normal,0.5404249028097647,0.0,0.7646037803019647,0.0,Normal,0.7646037803019647,0.0,0.6443506154452286,0.0,Normal,0.6443506154452286,0.0,0.34024222054363323,0.31951555891273353,Normal,0.34024222054363323,0.23042973266634295,0.3847851336668284,0.0,Normal,0.3847851336668284,0.2857690901820235,0.3571154549089882,0.0,Normal,0.3571154549089882,0.0,0.798735960589777,0.0,Medium,0.798735960589777,1.0,0.0,0.0,Low,1.0,0.0,0.6467941702200072,0.0,Normal,0.6467941702200072,1,Acceptable
0.0,0.47370591109773497,0.052588177804529034,Normal,0.47370591109773497,0.0,0.2700342973696685,0.4599314052606629,Hot,0.4599314052606629,0.0,0.9496763857312828,0.0,Normal,0.9496763857312828,0.0,0.6630654368532213,0.0,Normal,0.6630654368532213,0.0,0.522153600314318,0.0,Normal,0.522153600314318,0.24103696888106638,0.3794815155594667,0.0,Normal,0.3794815155594667,0.0,0.9387668797095406,0.0,Normal,0.9387668797095406,0.0,0.7671022886796636,0.0,Medium,0.7671022886796636,0.0,0.0,1.0,High,1.0,0.0,0.6794346761059377,0.0,Normal,0.6794346761059377,3,Good
0.0,0.6032684025963689,0.0,Normal,0.6032684025963689,0.24133277680011506,0.3793336115999424,0.0,Normal,0.3793336115999424,0.0,0.0,1.0,Wet,1.0,0.0,0.0,1.0,Wet,1.0,0.0,0.8117046048319454,0.0,Normal,0.8117046048319454,0.1965566044769587,0.40172169776152056,0.0,Normal,0.40172169776152056,0.0,0.3335748972183981,0.33285020556320394,Normal,0.3335748972183981,0.0,0.645312783646741,0.0,Medium,0.645312783646741,0.0,0.7605363984674332,0.0,Normal,0.7605363984674332,0.0,0.9788478985308178,0.0,Normal,0.9788478985308178,1,Poor
0.0,0.7054395224693141,0.0,Normal,0.7054395224693141,0.0,0.5409253928597574,0.0,Normal,0.5409253928597574,0.0,0.695896901832142,0.0,Normal,0.695896901832142,0.13777772861688523,0.43111113569155723,0.0,Normal,0.43111113569155723,0.0,0.9286448466570568,0.0,Normal,0.9286448466570568,0.33664651543062274,0.3316767422846886,0.0,Low,0.33664651543062274,0.0,0.5137851502576054,0.0,Normal,0.5137851502576054,0.8006714983113424,0.09966425084432877,0.0,Low,0.8006714983113424,0.0,0.090038314176245,0.81992337164751,High,0.81992337164751,0.0,0.7908180243381926,0.0,Normal,0.7908180243381926,0,Acceptable
1.0,0.0,0.0,Cold,1.0,0.0,0.7761177832105914,0.0,Normal,0.7761177832105914,0.0,0.20926305206643098,0.5814738958671376,Wet,0.5814738958671376,0.0,0.28943334388845365,0.42113331222309297,Wet,0.42113331222309297,0.24243312368330655,0.3787834381583466,0.0,Normal,0.3787834381583466,0.0,0.567802276429765,0.0,Normal,0.567802276429765,0.09116180815241053,0.45441909592379476,0.0,Normal,0.45441909592379476,0.0,0.5707904664723178,0.0,Medium,0.5707904664723178,1.0,0.0,0.0,Low,1.0,0.3725675569000884,0.31371622154995576,0.0,Low,0.3725675569000884,3,Poor
0.0,0.8467789606052349,0.0,Normal,0.8467789606052349,0.0,0.5331404588438636,0.0,Normal,0.5331404588438636,0.588262146134109,0.2058689269329456,0.0,Dry,0.588262146134109,0.27107784433160415,0.3644610778341978,0.0,Normal,0.3644610778341978,0.6513333920090142,0.17433330399549288,0.0,Low,0.6513333920090142,0.0,0.3481360908551952,0.3037278182896096,Normal,0.3481360908551952,0.0,0.90907418640527,0.0,Normal,0.90907418640527,0.04836056501081917,0.47581971749459034,0.0,Medium,0.47581971749459034,0.0,0.8563218390804601,0.0,Normal,0.8563218390804601,0.0,0.8769322080671581,0.0,Normal,0.8769322080671581,3,Acceptable
0.0,0.7925418134399072,0.0,Normal,0.7925418134399072,0.0,0.8128625420888045,0.0,Normal,0.8128625420888045,0.0,0.7858777567759954,0.0,Normal,0.7858777567759954,0.0,0.8318332778195461,0.0,Normal,0.8318332778195461,0.0,0.17298754438142816,0.6540249112371437,High,0.6540249112371437,0.0,0.6478001379883719,0.0,Normal,0.6478001379883719,0.0,0.9743771564704437,0.0,Normal,0.9743771564704437,0.2650161411297166,0.36749192943514164,0.0,Medium,0.36749192943514164,0.0,0.5689655172413794,0.0,Normal,0.5689655172413794,0.18948050114133522,0.40525974942933235,0.0,Normal,0.40525974942933235,0,Acceptable
0.0,0.5215504533809147,0.0,Normal,0.5215504533809147,0.0,0.7963054699724368,0.0,Normal,0.7963054699724368,0.0,0.7044201684156046,0.0,Normal,0.7044201684156046,0.056348693953553755,0.47182565302322294,0.0,Normal,0.47182565302322294,0.0,0.5177594270527983,0.0,Normal,0.5177594270527983,0.0,0.718422865548783,0.0,Normal,0.718422865548783,0.4329008485708074,0.2835495757145963,0.0,Low,0.4329008485708074,0.7401589636141603,0.1299205181929198,0.0,Low,0.7401589636141603,0.0,0.0,1.0,High,1.0,0.1047024525316664,0.4476487737341667,0.0,Normal,0.4476487737341667,3,Acceptable
0.0,0.5719026855612392,0.0,Normal,0.5719026855612392,0.0,0.9519091901395935,0.0,Normal,0.9519091901395935,0.0,0.8355045871891879,0.0,Normal,0.8355045871891879,0.0,0.8928877197895764,0.0,Normal,0.8928877197895764,0.0,0.7947260970091505,0.0,Normal,0.7947260970091505,0.0,0.7712736971750681,0.0,Normal,0.7712736971750681,0.0,0.510165655829171,0.0,Normal,0.510165655829171,0.0,0.5384637788593033,0.0,Medium,0.5384637788593033,0.0,0.7605363984674328,0.0,Normal,0.7605363984674328,0.0,0.61694908786501,0.0,Normal,0.61694908786501,3,Good
0.08389349528176125,0.45805325235911964,0.0,Normal,0.45805325235911964,0.0,0.7716317809354374,0.0,Normal,0.7716317809354374,0.0,0.3471946301325353,0.3056107397349287,Normal,0.3471946301325353,0.0,0.17430465591728506,0.65139068816543,Wet,0.65139068816543,0.0,0.9530021274936789,0.0,Normal,0.9530021274936789,0.0,0.6418548157899656,0.0,Normal,0.6418548157899656,0.0,0.8220426272294861,0.0,Normal,0.8220426272294861,0.0,0.9709512968478126,0.0,Medium,0.9709512968478126,0.0,0.5689655172413791,0.0,Normal,0.5689655172413791,0.1527596665194908,0.42362016674025454,0.0,Normal,0.42362016674025454,0,Acceptable
0.0,0.15158838362980245,0.6968232327403948,Hot,0.6968232327403948,0.0,0.7098229747792649,0.0,Normal,0.7098229747792649,0.0,0.857871014416217,0.0,Normal,0.857871014416217,0.0,0.7268421984246725,0.0,Normal,0.7268421984246725,0.0,0.7853448378974097,0.0,Normal,0.7853448378974097,0.8184861647232896,0.09075691763835517,0.0,Low,0.8184861647232896,0.0,0.5676591243817884,0.0,Normal,0.5676591243817884,1.0,0.0,0.0,Low,1.0,0.0,0.5689655172413791,0.0,Normal,0.5689655172413791,0.0,0.3523656238219606,0.2952687523560788,Normal,0.3523656238219606,1,Poor
0.0,0.2438265839644071,0.5123468320711853,Hot,0.5123468320711853,0.0,0.8562793812315814,0.0,Normal,0.8562793812315814,0.0,0.581111385027876,0.0,Normal,0.581111385027876,0.0,0.7616200711428306,0.0,Normal,0.7616200711428306,0.20984224961120895,0.3950788751943954,0.0,Normal,0.3950788751943954,0.0,0.8509662453896596,0.0,Normal,0.8509662453896596,0.0,0.8842046042055857,0.0,Normal,0.8842046042055857,0.0,0.6159060188503325,0.0,Medium,0.6159060188503325,0.0,0.4731800766283523,0.05363984674329525,Normal,0.4731800766283523,0.019625042442386307,0.49018747877880675,0.0,Normal,0.49018747877880675,3,Acceptable
0.0,0.750691093334854,0.0,Normal,0.750691093334854,0.0,0.9197279424248606,0.0,Normal,0.9197279424248606,0.0,0.5302681547094104,0.0,Normal,0.5302681547094104,0.0,0.7762838440240931,0.0,Normal,0.7762838440240931,0.0,0.9101320262347186,0.0,Normal,0.9101320262347186,0.0,0.5448727787061882,0.0,Normal,0.5448727787061882,1.0,0.0,0.0,Low,1.0,0.0,0.5935092748401455,0.0,Medium,0.5935092748401455,0.0,0.090038314176245,0.81992337164751,High,0.81992337164751,0.1012786081686215,0.44936069591568917,0.0,Normal,0.44936069591568917,0,Acceptable
0.0,0.7767202109097833,0.0,Normal,0.7767202109097833,0.5771865825637569,0.21140670871812153,0.0,Cold,0.5771865825637569,0.0,0.4946759223747824,0.010648155250434175,Normal,0.4946759223747824,0.0,0.6365204688465355,0.0,Normal,0.6365204688465355,0.0,0.43035150445489084,0.13929699109021834,Normal,0.43035150445489084,0.9513100079378869,0.024344996031056526,0.0,Low,0.9513100079378869,0.0,0.6066459884490476,0.0,Normal,0.6066459884490476,0.0,0.9676204204151655,0.0,Medium,0.9676204204151655,1.0,0.0,0.0,Low,1.0,0.0,0.0,1.0,High,1.0,2,Poor
0.0,0.9752410165634405,0.0,Normal,0.9752410165634405,0.0,0.7427690135326681,0.0,Normal,0.7427690135326681,0.0,0.6139488962798555,0.0,Normal,0.6139488962798555,0.2052185699193068,0.39739071504034645,0.0,Normal,0.39739071504034645,1.0,0.0,0.0,Low,1.0,0.0,0.2700696855932634,0.4598606288134732,High,0.4598606288134732,0.0,0.046483235190683446,0.9070335296186331,High,0.9070335296186331,0.0,0.25615975526244733,0.4876804894751056,High,0.4876804894751056,0.0,0.0,1.0,High,1.0,0.19215587657857489,0.4039220617107125,0.0,Normal,0.4039220617107125,3,Good
0.0,0.2061559299364923,0.587688140127015,Hot,0.587688140127015,0.0,0.7531863694753468,0.0,Normal,0.7531863694753468,0.0,0.4451030354835544,0.1097939290328903,Normal,0.4451030354835544,0.0,0.7131013415660177,0.0,Normal,0.7131013415660177,0.0,0.7386252762854296,0.0,Normal,0.7386252762854296,0.15608921631310294,0.42195539184344844,0.0,Normal,0.42195539184344844,0.0,0.23021637342134824,0.5395672531573037,High,0.5395672531573037,0.0,0.7756345561101268,0.0,Medium,0.7756345561101268,0.0,0.0,1.0,High,1.0,0.0,0.5960244061075776,0.0,Normal,0.5960244061075776,0,Acceptable
0.7883540368557379,0.10582298157213112,0.0,Cold,0.7883540368557379,0.0,0.3960202776606257,0.20795944467874836,Normal,0.3960202776606257,0.0,0.8670510619738997,0.0,Normal,0.8670510619738997,0.0,0.8861368968169159,0.0,Normal,0.8861368968169159,1.0,0.0,0.0,Low,1.0,0.0,0.23039016057378137,0.5392196788524373,High,0.5392196788524373,0.0,0.7281237026531477,0.0,Normal,0.7281237026531477,0.0,0.47205357706516776,0.05589284586966497,Medium,0.47205357706516776,1.0,0.0,0.0,Low,1.0,0.0,0.7633366983247042,0.0,Normal,0.7633366983247042,3,Poor
0.5769878741222784,0.2115060629388609,0.0,Cold,0.5769878741222784,0.6119898778338971,0.19400506108305138,0.0,Cold,0.6119898778338971,0.0,0.5698573048503809,0.0,Normal,0.5698573048503809,0.0,0.921071580108822,0.0,Normal,0.921071580108822,0.0,0.5211461411179564,0.0,Normal,0.5211461411179564,0.44292173653765204,0.2785391317311739,0.0,Low,0.44292173653765204,0.0,0.468048870639723,0.06390225872055436,Normal,0.468048870639723,1.0,0.0,0.0,Low,1.0,0.0,0.8563218390804601,0.0,Normal,0.8563218390804601,0.0,0.9382210729715986,0.0,Normal,0.9382210729715986,0,Acceptable
0.0,0.32398326448486403,0.35203347103027127,Hot,0.35203347103027127,0.0,0.523332215816855,0.0,Normal,0.523332215816855,0.0,0.35853273461352625,0.28293453077294684,Normal,0.35853273461352625,0.0,0.4475297123486528,0.10494057530269482,Normal,0.4475297123486528,0.0,0.9368254626630815,0.0,Normal,0.9368254626630815,0.0,0.6537474654349915,0.0,Normal,0.6537474654349915,0.0,0.6697729827247693,0.0,Normal,0.6697729827247693,0.0,0.7121142019477019,0.0,Medium,0.7121142019477019,0.0,0.5689655172413794,0.0,Normal,0.5689655172413794,0.031885487294059545,0.48405725635297014,0.0,Normal,0.48405725635297014,3,Acceptable
0.0,0.6175730894588788,0.0,Normal,0.6175730894588788,0.0,0.568317438122788,0.0,Normal,0.568317438122788,0.0,0.8042494243512655,0.0,Normal,0.8042494243512655,0.0,0.554161784465074,0.0,Normal,0.554161784465074,1.0,0.0,0.0,Low,1.0,0.0,0.0,1.0,High,1.0,0.0,0.8912341453173549,0.0,Normal,0.8912341453173549,0.377728078923456,0.31113596053827197,0.0,Low,0.377728078923456,0.0,0.0,1.0,High,1.0,0.27786196195719554,0.36106901902140215,0.0,Normal,0.36106901902140215,3,Good
0.0,0.7213147891271157,0.0,Normal,0.7213147891271157,0.0,0.562598180134643,0.0,Normal,0.562598180134643,0.0,0.2791477009412385,0.44170459811752244,Wet,0.44170459811752244,0.0,0.0,1.0,Wet,1.0,0.0,0.9408900342921919,0.0,Normal,0.9408900342921919,0.724912296367633,0.13754385181618348,0.0,Low,0.724912296367633,0.0,0.7789965822587777,0.0,Normal,0.7789965822587777,0.0,0.23137591653711248,0.5372481669257753,High,0.5372481669257753,1.0,0.0,0.0,Low,1.0,0.0,0.6810547510520127,0.0,Normal,0.6810547510520127,1,Acceptable
0.0,0.6544198052495357,0.0,Normal,0.6544198052495357,0.0,0.7284565911078131,0.0,Normal,0.7284565911078131,0.0,0.8652524378713204,0.0,Normal,0.8652524378713204,0.0,0.977878940977096,0.0,Normal,0.977878940977096,0.0,0.6107602401826063,0.0,Normal,0.6107602401826063,0.0,0.7345405157568108,0.0,Normal,0.7345405157568108,0.0,0.9545011006494586,0.0,Normal,0.9545011006494586,0.0,0.924769808886155,0.0,Medium,0.924769808886155,0.0,0.5689655172413791,0.0,Normal,0.5689655172413791,0.0,0.5730381721861814,0.0,Normal,0.5730381721861814,3,Good
0.0,0.3624966161760547,0.2750067676478898,Normal,0.3624966161760547,0.0,0.0,1.0,Hot,1.0,0.0,0.8390247357053121,0.0,Normal,0.8390247357053121,0.0,0.9300290130198283,0.0,Normal,0.9300290130198283,0.0,0.8942894449941061,0.0,Normal,0.8942894449941061,0.0,0.9666883886301455,0.0,Normal,0.9666883886301455,0.34919124057471124,0.32540437971264435,0.0,Low,0.34919124057471124,0.0,0.6964953675533656,0.0,Medium,0.6964953675533656,0.24521072796934829,0.3773946360153258,0.0,Normal,0.3773946360153258,0.0,0.9782106888903811,0.0,Normal,0.9782106888903811,3,Good
0.0,0.77922042798066,0.0,Normal,0.77922042798066,0.0,0.9405528669826599,0.0,Normal,0.9405528669826599,0.0,0.6749406119099015,0.0,Normal,0.6749406119099015,0.0,0.679932262320299,0.0,Normal,0.679932262320299,0.0,0.8585128430418255,0.0,Normal,0.8585128430418255,0.0,0.5848069717095634,0.0,Normal,0.5848069717095634,0.0,0.49797873703513224,0.004042525929735869,Normal,0.49797873703513224,0.7837577346306454,0.10812113268467731,0.0,Low,0.7837577346306454,0.0,0.7605363984674332,0.0,Normal,0.7605363984674332,0.0,0.5504667718892808,0.0,Normal,0.5504667718892808,0,Acceptable
0.4691612425411403,0.26541937872943,0.0,Cold,0.4691612425411403,0.0,0.702920793208503,0.0,Normal,0.702920793208503,0.0,0.8749360308459965,0.0,Normal,0.8749360308459965,0.0,0.8773882927294939,0.0,Normal,0.8773882927294939,0.0,0.8677359208734149,0.0,Normal,0.8677359208734149,0.0,0.5823334475246782,0.0,Normal,0.5823334475246782,0.0,0.6716391628496667,0.0,Normal,0.6716391628496667,0.0,0.5917848840116132,0.0,Medium,0.5917848840116132,0.0,0.37739463601532547,0.24521072796934892,Normal,0.37739463601532547,0.033919924423063824,0.48304003778846805,0.0,Normal,0.48304003778846805,0,Acceptable
0.0,0.405782927374521,0.1884341452509571,Normal,0.405782927374521,0.0857193970760568,0.4571403014619715,0.0,Normal,0.4571403014619715,0.0,0.7641012655072404,0.0,Normal,0.7641012655072404,0.0,0.8714587359295904,0.0,Normal,0.8714587359295904,0.0,0.21958374438345366,0.5608325112330926,High,0.5608325112330926,0.9711244094018285,0.014437795299085716,0.0,Low,0.9711244094018285,0.0,0.15910462237666786,0.6817907552466644,High,0.6817907552466644,1.0,0.0,0.0,Low,1.0,0.0,0.090038314176245,0.81992337164751,High,0.81992337164751,0.0,0.392081521650118,0.215836956699764,Normal,0.392081521650118,3,Acceptable
0.0,0.35840433126597754,0.2831913374680441,Normal,0.35840433126597754,0.0,0.5701411787719556,0.0,Normal,0.5701411787719556,0.0,0.47947829177334655,0.04104341645330599,Normal,0.47947829177334655,0.0,0.9728480909650119,0.0,Normal,0.9728480909650119,1.0,0.0,0.0,Low,1.0,0.0,0.6953406579091258,0.0,Normal,0.6953406579091258,0.0,0.8696180226033576,0.0,Normal,0.8696180226033576,0.0,0.8221299144854883,0.0,Medium,0.8221299144854883,0.0,0.0,1.0,High,1.0,0.0,0.6617701989863746,0.0,Normal,0.6617701989863746,3,Acceptable
0.0,0.8024838343088746,0.0,Normal,0.8024838343088746,0.0,0.9750525051005913,0.0,Normal,0.9750525051005913,0.0,0.7232186229690056,0.0,Normal,0.7232186229690056,0.17784540942476462,0.41107729528761755,0.0,Normal,0.41107729528761755,0.0,0.9409298497542854,0.0,Normal,0.9409298497542854,0.0,0.7842845827669599,0.0,Normal,0.7842845827669599,0.0,0.988229615843323,0.0,Normal,0.988229615843323,1.0,0.0,0.0,Low,1.0,0.0,0.0,1.0,High,1.0,0.0,0.5243021340121368,0.0,Normal,0.5243021340121368,3,Good
0.07338289133290905,0.46330855433354573,0.0,Normal,0.46330855433354573,0.0,0.7706227853170295,0.0,Normal,0.7706227853170295,0.0,0.8637419985050709,0.0,Normal,0.8637419985050709,0.0,0.9054295913535556,0.0,Normal,0.9054295913535556,0.8723607656458369,0.06381961717708157,0.0,Low,0.8723607656458369,0.0,0.18528674909249812,0.6294265018150037,High,0.6294265018150037,0.0,0.5726852284257571,0.0,Normal,0.5726852284257571,0.0,0.6747580564295076,0.0,Medium,0.6747580564295076,0.0,0.664750957854406,0.0,Normal,0.664750957854406,0.0,0.6596635689030464,0.0,Normal,0.6596635689030464,3,Good
0.0,0.8475230364525491,0.0,Normal,0.8475230364525491,0.0,0.997821250069803,0.0,Normal,0.997821250069803,0.0,0.7257214396061613,0.0,Normal,0.7257214396061613,0.0,0.745391516926183,0.0,Normal,0.745391516926183,0.0,0.5844576939472025,0.0,Normal,0.5844576939472025,0.24579112229181468,0.37710443885409256,0.0,Normal,0.37710443885409256,0.0,0.8966138724756575,0.0,Normal,0.8966138724756575,0.0,0.8580750744909242,0.0,Medium,0.8580750744909242,0.0,0.18582375478927182,0.6283524904214562,High,0.6283524904214562,0.0,0.6409714798951086,0.0,Normal,0.6409714798951086,1,Acceptable
0.0,0.6236436896338542,0.0,Normal,0.6236436896338542,0.0,0.7311463747850214,0.0,Normal,0.7311463747850214,0.0,0.7300877777620798,0.0,Normal,0.7300877777620798,0.0,0.6297068215909123,0.0,Normal,0.6297068215909123,0.8121312677728807,0.09393436611355961,0.0,Low,0.8121312677728807,0.0,0.9805963522761351,0.0,Normal,0.9805963522761351,0.388846864123914,0.305576567938043,0.0,Low,0.388846864123914,0.0009586788895315283,0.49952066055523414,0.0,Medium,0.49952066055523414,0.24521072796934829,0.3773946360153258,0.0,Normal,0.3773946360153258,0.3636290465109197,0.3181854767445401,0.0,Low,0.3636290465109197,0,Good
0.3776729455177991,0.31116352724110063,0.0,Cold,0.3776729455177991,0.0,0.8401436247212667,0.0,Normal,0.8401436247212667,0.0,0.5481255501634317,0.0,Normal,0.5481255501634317,0.0,0.7151302479616183,0.0,Normal,0.7151302479616183,0.0,0.5201473234695776,0.0,Normal,0.5201473234695776,0.6428826647150137,0.17855866764249312,0.0,Low,0.6428826647150137,0.2584514469252333,0.3707742765373833,0.0,Normal,0.3707742765373833,0.0,0.11736096205278929,0.7652780758944215,High,0.7652780758944215,0.0,0.18582375478927182,0.6283524904214562,High,0.6283524904214562,0.0,0.7304490927442002,0.0,Normal,0.7304490927442002,1,Acceptable
0.0,0.874699541554374,0.0,Normal,0.874699541554374,0.0,0.3175505759181206,0.3648988481637587,Hot,0.3648988481637587,0.0,0.2935693867852631,0.41286122642947315,Wet,0.41286122642947315,0.0,0.763527407351058,0.0,Normal,0.763527407351058,0.0,0.9315133114641314,0.0,Normal,0.9315133114641314,0.10478043622283409,0.44760978188858286,0.0,Normal,0.44760978188858286,0.0,0.587950670543718,0.0,Normal,0.587950670543718,0.0,0.7830369429669845,0.0,Medium,0.7830369429669845,0.0,0.0,1.0,High,1.0,0.0,0.9480116525444432,0.0,Normal,0.9480116525444432,0,Acceptable
0.0,0.6515401155475243,0.0,Normal,0.6515401155475243,0.0,0.3906112024254451,0.2187775951491096,Normal,0.3906112024254451,0.0,0.6859797831477578,0.0,Normal,0.6859797831477578,0.0,0.8421396257044104,0.0,Normal,0.8421396257044104,0.0,0.6842603411876099,0.0,Normal,0.6842603411876099,0.6347834481926058,0.18260827590369702,0.0,Low,0.6347834481926058,0.0,0.716203231370534,0.0,Normal,0.716203231370534,0.0,0.718340315870049,0.0,Medium,0.718340315870049,0.436781609195402,0.28160919540229895,0.0,Low,0.436781609195402,0.0,0.8925091983671838,0.0,Normal,0.8925091983671838,3,Good
0.0,0.8298544105612464,0.0,Normal,0.8298544105612464,0.3930487774708621,0.30347561126456885,0.0,Cold,0.3930487774708621,0.0,0.5045941544341456,0.0,Normal,0.5045941544341456,0.0,0.8992000670705591,0.0,Normal,0.8992000670705591,0.19462646902798017,0.4026867654860098,0.0,Normal,0.4026867654860098,0.0,0.5848755536810963,0.0,Normal,0.5848755536810963,0.0,0.3602704622322911,0.27945907553541804,Normal,0.3602704622322911,0.0,0.8341383254211691,0.0,Medium,0.8341383254211691,1.0,0.0,0.0,Low,1.0,0.0,0.9756892147359618,0.0,Normal,0.9756892147359618,0,Acceptable
0.0,0.7514216789383118,0.0,Normal,0.7514216789383118,0.0,0.6395590935274589,0.0,Normal,0.6395590935274589,0.5038214762079289,0.24808926189603558,0.0,Dry,0.5038214762079289,0.15786758174745347,0.4210662091262731,0.0,Normal,0.4210662091262731,0.0,0.6941474040473034,0.0,Normal,0.6941474040473034,0.0,0.8014345003521259,0.0,Normal,0.8014345003521259,0.14271581171750483,0.4286420941412476,0.0,Normal,0.4286420941412476,1.0,0.0,0.0,Low,1.0,1.0,0.0,0.0,Low,1.0,0.006287110112953792,0.49685644494352305,0.0,Normal,0.49685644494352305,3,Good
0.7523905708744404,0.12380471456277986,0.0,Cold,0.7523905708744404,0.0,0.6025594201276495,0.0,Normal,0.6025594201276495,0.0,0.8018731623208444,0.0,Normal,0.8018731623208444,0.0,0.9873266547170724,0.0,Normal,0.9873266547170724,1.0,0.0,0.0,Low,1.0,0.0,0.3811679252813449,0.23766414943731015,Normal,0.3811679252813449,0.0,0.004804876564356213,0.9903902468712876,High,0.9903902468712876,0.9576132496216773,0.02119337518916139,0.0,Low,0.9576132496216773,1.0,0.0,0.0,Low,1.0,0.753765131302801,0.12311743434859947,0.0,Low,0.753765131302801,3,Poor
0.6045840762672932,0.19770796186635353,0.0,Cold,0.6045840762672932,0.7142386821530978,0.14288065892345103,0.0,Cold,0.7142386821530978,0.0,0.741705765667978,0.0,Normal,0.741705765667978,0.0,0.9452640772620754,0.0,Normal,0.9452640772620754,0.0,0.3156688591112768,0.36866228177744637,High,0.36866228177744637,0.492197739627584,0.2539011301862079,0.0,Low,0.492197739627584,0.0,0.8415981534944723,0.0,Normal,0.8415981534944723,0.0,0.6190610888398083,0.0,Medium,0.6190610888398083,1.0,0.0,0.0,Low,1.0,0.0,0.9315975924450288,0.0,Normal,0.9315975924450288,1,Poor
0.0,0.8107912509278528,0.0,Normal,0.8107912509278528,0.0,0.6844000685890222,0.0,Normal,0.6844000685890222,0.0,0.8309574536368977,0.0,Normal,0.8309574536368977,0.0,0.7407311464727633,0.0,Normal,0.7407311464727633,0.0,0.9677248141287049,0.0,Normal,0.9677248141287049,0.0,0.8071649373618739,0.0,Normal,0.8071649373618739,0.0,0.5434858824632832,0.0,Normal,0.5434858824632832,0.0,0.6130390349345377,0.0,Medium,0.6130390349345377,1.0,0.0,0.0,Low,1.0,0.1707505429866771,0.4146247285066614,0.0,Normal,0.4146247285066614,0,Good
0.0,0.5439939089233604,0.0,Normal,0.5439939089233604,0.8284901317208841,0.08575493413955791,0.0,Cold,0.8284901317208841,0.0,0.643692414479243,0.0,Normal,0.643692414479243,0.0,0.9162158863983948,0.0,Normal,0.9162158863983948,0.0,0.9605401061805562,0.0,Normal,0.9605401061805562,0.5962060510462565,0.2018969744768717,0.0,Low,0.5962060510462565,0.0,0.6096835998932562,0.0,Normal,0.6096835998932562,0.0,0.9302383610057552,0.0,Medium,0.9302383610057552,1.0,0.0,0.0,Low,1.0,0.0,0.8746914101581609,0.0,Normal,0.8746914101581609,3,Good
0.0,0.6917394097346428,0.0,Normal,0.6917394097346428,0.0,0.3730306818945854,0.253938636210829,Normal,0.3730306818945854,0.0,0.1711124882994665,0.6577750234010666,Wet,0.6577750234010666,0.0,0.33911875630861243,0.32176248738277546,Normal,0.33911875630861243,0.0,0.25488982135584,0.49022035728832,High,0.49022035728832,0.8333632638152584,0.08331836809237077,0.0,Low,0.8333632638152584,0.0,0.8240816200865967,0.0,Normal,0.8240816200865967,0.0,0.6783642261051334,0.0,Medium,0.6783642261051334,1.0,0.0,0.0,Low,1.0,0.0,0.9142494651217133,0.0,Normal,0.9142494651217133,1,Acceptable
0.0,0.8080594721065634,0.0,Normal,0.8080594721065634,0.0,0.5206404104372618,0.0,Normal,0.5206404104372618,0.0,0.1214028126154334,0.757194374769133,Wet,0.757194374769133,0.0,0.0,1.0,Wet,1.0,0.0,0.40670754235340223,0.1865849152931955,Normal,0.40670754235340223,0.983166814841716,0.008416592579141999,0.0,Low,0.983166814841716,0.8069410253333631,0.09652948733331845,0.0,Low,0.8069410253333631,0.28748859293862356,0.35625570353068814,0.0,Medium,0.35625570353068814,0.0,0.7605363984674328,0.0,Normal,0.7605363984674328,0.0,0.9649484028941796,0.0,Normal,0.9649484028941796,1,Acceptable
0.0,0.4013676426834805,0.19726471463303813,Normal,0.4013676426834805,0.0,0.0,1.0,Hot,1.0,0.0,0.593795908647004,0.0,Normal,0.593795908647004,0.0,0.6540164660398993,0.0,Normal,0.6540164660398993,1.0,0.0,0.0,Low,1.0,0.0,0.3762605681220579,0.24747886375588418,Normal,0.3762605681220579,0.0,0.9833442115939663,0.0,Normal,0.9833442115939663,0.0,0.7577716876039863,0.0,Medium,0.7577716876039863,0.436781609195402,0.28160919540229895,0.0,Low,0.436781609195402,0.0,0.6103262644566482,0.0,Normal,0.6103262644566482,3,Good
0.0,0.23819530834647631,0.5236093833070469,Hot,0.5236093833070469,0.20677118424044946,0.39661440787977514,0.0,Normal,0.39661440787977514,0.0,0.5309211552616037,0.0,Normal,0.5309211552616037,0.0,0.46843691119396585,0.06312617761206876,Normal,0.46843691119396585,0.0,0.9564956687382264,0.0,Normal,0.9564956687382264,0.0,0.7929497680462015,0.0,Normal,0.7929497680462015,0.0,0.9100327207632245,0.0,Normal,0.9100327207632245,1.0,0.0,0.0,Low,1.0,0.0,0.7605363984674332,0.0,Normal,0.7605363984674332,0.0,0.0,1.0,High,1.0,3,Acceptable
0.0,0.6957390845362035,0.0,Normal,0.6957390845362035,0.0,0.5340886604619511,0.0,Normal,0.5340886604619511,0.0,0.3828161987215693,0.2343676025568607,Normal,0.3828161987215693,0.0,0.25381902035464077,0.4923619592907187,Wet,0.4923619592907187,0.0,0.7032418702206635,0.0,Normal,0.7032418702206635,0.6662693895476032,0.16686530522619836,0.0,Low,0.6662693895476032,0.0,0.8194363118422029,0.0,Normal,0.8194363118422029,0.0,0.6917166880249401,0.0,Medium,0.6917166880249401,0.8199233716475094,0.09003831417624526,0.0,Low,0.8199233716475094,0.0,0.7229720297356523,0.0,Normal,0.7229720297356523,1,Acceptable
0.0,0.8567319591708883,0.0,Normal,0.8567319591708883,0.03918705967716088,0.4804064701614194,0.0,Normal,0.4804064701614194,0.0,0.6886575470565706,0.0,Normal,0.6886575470565706,0.0,0.4477072618371319,0.10458547632573664,Normal,0.4477072618371319,0.0,0.23204776952098985,0.5359044609580202,High,0.5359044609580202,1.0,0.0,0.0,Low,1.0,0.0,0.6315393378261991,0.0,Normal,0.6315393378261991,0.0,0.8998641659070091,0.0,Medium,0.8998641659070091,1.0,0.0,0.0,Low,1.0,0.0,0.7287327573371071,0.0,Normal,0.7287327573371071,2,Poor
0.0,0.9824233162277944,0.0,Normal,0.9824233162277944,0.0,0.3371372057082017,0.32572558858359646,Normal,0.3371372057082017,0.0,0.5224698458203446,0.0,Normal,0.5224698458203446,0.0,0.8733526166415319,0.0,Normal,0.8733526166415319,0.0,0.4625052036158644,0.0749895927682712,Normal,0.4625052036158644,0.17018478526773978,0.41490760736612997,0.0,Normal,0.41490760736612997,0.0,0.9195411772787635,0.0,Normal,0.9195411772787635,0.5791695442972957,0.2104152278513521,0.0,Low,0.5791695442972957,0.05363984674329458,0.47318007662835265,0.0,Normal,0.47318007662835265,0.0,0.7178501792632193,0.0,Normal,0.7178501792632193,0,Good
0.28023977558796104,0.3598801122060197,0.0,Normal,0.3598801122060197,0.0,0.850202577803586,0.0,Normal,0.850202577803586,0.0,0.8824187044793702,0.0,Normal,0.8824187044793702,0.0,0.8440740064233861,0.0,Normal,0.8440740064233861,0.0,0.0,1.0,High,1.0,1.0,0.0,0.0,Low,1.0,0.0,0.6165521645947016,0.0,Normal,0.6165521645947016,0.7522230384636109,0.12388848076819449,0.0,Low,0.7522230384636109,1.0,0.0,0.0,Low,1.0,0.2409297397332887,0.3795351301333556,0.0,Normal,0.3795351301333556,0,Acceptable
0.0,0.7580904313746747,0.0,Normal,0.7580904313746747,0.0,0.250828716005968,0.49834256798806387,Hot,0.49834256798806387,0.0,0.8474573948946864,0.0,Normal,0.8474573948946864,0.0,0.6079773012928689,0.0,Normal,0.6079773012928689,0.0,0.8353422564436622,0.0,Normal,0.8353422564436622,0.0,0.7076165647931184,0.0,Normal,0.7076165647931184,0.0,0.7223967781602519,0.0,Normal,0.7223967781602519,1.0,0.0,0.0,Low,1.0,0.0,0.4731800766283523,0.05363984674329525,Normal,0.4731800766283523,0.0,0.9524537650980968,0.0,Normal,0.9524537650980968,3,Good
0.0,0.7725479442887788,0.0,Normal,0.7725479442887788,0.2529217860047746,0.3735391069976126,0.0,Normal,0.3735391069976126,0.0,0.8825848895659618,0.0,Normal,0.8825848895659618,0.0,0.6270538366988377,0.0,Normal,0.6270538366988377,0.0,0.8218206598158926,0.0,Normal,0.8218206598158926,0.18101704964328566,0.40949147517835705,0.0,Normal,0.40949147517835705,0.0,0.03295377199008352,0.9340924560198329,High,0.9340924560198329,0.0,0.7416182285208812,0.0,Medium,0.7416182285208812,0.0,0.6647509578544063,0.0,Normal,0.6647509578544063,0.0,0.86298209843861,0.0,Normal,0.86298209843861,3,Good
0.0,0.8872540447521357,0.0,Normal,0.8872540447521357,0.0,0.8381729720332941,0.0,Normal,0.8381729720332941,0.0,0.8185457449801895,0.0,Normal,0.8185457449801895,0.0,0.8636134805086858,0.0,Normal,0.8636134805086858,0.35787935146147126,0.3210603242692643,0.0,Low,0.35787935146147126,0.0,0.1761258150812971,0.6477483698374058,High,0.6477483698374058,0.0,0.7728040799938897,0.0,Normal,0.7728040799938897,0.0,0.3251661990518971,0.34966760189620616,High,0.34966760189620616,0.6283524904214557,0.1858237547892721,0.0,Low,0.6283524904214557,0.4298037824151694,0.28509810879241526,0.0,Low,0.4298037824151694,3,Good
0.27772839910135944,0.3611358004493205,0.0,Normal,0.3611358004493205,0.0,0.7729238379655099,0.0,Normal,0.7729238379655099,0.0,0.535240630596002,0.0,Normal,0.535240630596002,0.0,0.26794995846200176,0.46410008307599676,Wet,0.46410008307599676,0.0,0.18615749830172848,0.6276850033965431,High,0.6276850033965431,1.0,0.0,0.0,Low,1.0,0.0,0.03698779248017025,0.9260244150396595,High,0.9260244150396595,0.0,0.9933833698854377,0.0,Medium,0.9933833698854377,0.0,0.664750957854406,0.0,Normal,0.664750957854406,0.0,0.8115325004083795,0.0,Normal,0.8115325004083795,2,Poor
0.0,0.7979270265520857,0.0,Normal,0.7979270265520857,0.0,0.8062355748344376,0.0,Normal,0.8062355748344376,0.12765999974047818,0.43617000012976104,0.0,Normal,0.43617000012976104,0.14664361829387174,0.42667819085306397,0.0,Normal,0.42667819085306397,0.0,0.5018370588317189,0.0,Normal,0.5018370588317189,0.0,0.7017370410791204,0.0,Normal,0.7017370410791204,0.0,0.5427408804496059,0.0,Normal,0.5427408804496059,0.0,0.6569951471606662,0.0,Medium,0.6569951471606662,0.8199233716475094,0.09003831417624526,0.0,Low,0.8199233716475094,0.43260466522965163,0.28369766738517416,0.0,Low,0.43260466522965163,0,Acceptable
0.05301378145775132,0.4734931092711246,0.0,Normal,0.4734931092711246,0.0,0.338981099822726,0.32203780035454777,Normal,0.338981099822726,0.0,0.4740013561711673,0.051997287657664565,Normal,0.4740013561711673,0.0,0.11172921511843709,0.7765415697631259,Wet,0.7765415697631259,0.0,0.8373095103063066,0.0,Normal,0.8373095103063066,0.868166962591717,0.06591651870414147,0.0,Low,0.868166962591717,0.0,0.3285467288115388,0.34290654237692264,High,0.34290654237692264,0.0,0.5567037970219934,0.0,Medium,0.5567037970219934,1.0,0.0,0.0,Low,1.0,0.0,0.6081934590092956,0.0,Normal,0.6081934590092956,1,Acceptable
0.0,0.9381837208702464,0.0,Normal,0.9381837208702464,0.0,0.8637524888828965,0.0,Normal,0.8637524888828965,0.0,0.6549744323759631,0.0,Normal,0.6549744323759631,0.0,0.7592068669053751,0.0,Normal,0.7592068669053751,0.0,0.7183148521620377,0.0,Normal,0.7183148521620377,0.7743791741777888,0.11281041291110556,0.0,Low,0.7743791741777888,0.34352935127529566,0.3282353243623522,0.0,Low,0.34352935127529566,0.0,0.839285834775384,0.0,Medium,0.839285834775384,0.05363984674329458,0.47318007662835265,0.0,Normal,0.47318007662835265,0.0,0.6158579266254189,0.0,Normal,0.6158579266254189,1,Acceptable
0.0,0.575294089327357,0.0,Normal,0.575294089327357,0.0,0.556022609174884,0.0,Normal,0.556022609174884,0.0,0.6345314697124986,0.0,Normal,0.6345314697124986,0.6704265593866092,0.16478672030669533,0.0,Dry,0.6704265593866092,0.6524589472870603,0.1737705263564698,0.0,Low,0.6524589472870603,0.0,0.8992072329917293,0.0,Normal,0.8992072329917293,0.0,0.6463673484564215,0.0,Normal,0.6463673484564215,0.0,0.6488037677167278,0.0,Medium,0.6488037677167278,0.0,0.5689655172413794,0.0,Normal,0.5689655172413794,0.0,0.5074100337891476,0.0,Normal,0.5074100337891476,3,Good
0.0,0.21742794587439135,0.5651441082512169,Hot,0.5651441082512169,0.0,0.9437760707687134,0.0,Normal,0.9437760707687134,0.0,0.8231809643047646,0.0,Normal,0.8231809643047646,0.29291216215318205,0.35354391892340886,0.0,Normal,0.35354391892340886,1.0,0.0,0.0,Low,1.0,0.0,0.11997607459348787,0.7600478508130243,High,0.7600478508130243,0.0,0.9912680212428915,0.0,Normal,0.9912680212428915,0.0,0.8438441081133373,0.0,Medium,0.8438441081133373,0.0,0.0,1.0,High,1.0,0.09057145396102423,0.4547142730194878,0.0,Normal,0.4547142730194878,3,Acceptable
1.0,0.0,0.0,Cold,1.0,0.0,0.7875824064989901,0.0,Normal,0.7875824064989901,0.783459861307854,0.108270069346073,0.0,Dry,0.783459861307854,0.0,0.5550174390015543,0.0,Normal,0.5550174390015543,1.0,0.0,0.0,Low,1.0,0.0,0.3119754382261593,0.3760491235476814,High,0.3760491235476814,0.0,0.3057624248476047,0.38847515030479085,High,0.38847515030479085,0.0,0.8178205086398239,0.0,Medium,0.8178205086398239,1.0,0.0,0.0,Low,1.0,1.0,0.0,0.0,Low,1.0,3,Poor
0.0,0.8638977938117159,0.0,Normal,0.8638977938117159,0.0,0.6807004563025508,0.0,Normal,0.6807004563025508,0.0,0.619981644695237,0.0,Normal,0.619981644695237,0.0,0.7763617404488524,0.0,Normal,0.7763617404488524,0.0,0.7078755809967946,0.0,Normal,0.7078755809967946,0.0,0.8562735974273982,0.0,Normal,0.8562735974273982,1.0,0.0,0.0,Low,1.0,0.0,0.6848372888894203,0.0,Medium,0.6848372888894203,0.0,0.090038314176245,0.81992337164751,High,0.81992337164751,0.0,0.741104809436512,0.0,Normal,0.741104809436512,3,Acceptable
0.0,0.871115246922469,0.0,Normal,0.871115246922469,0.0,0.8527797888002019,0.0,Normal,0.8527797888002019,0.696100364341039,0.1519498178294806,0.0,Dry,0.696100364341039,0.0,0.5219358676834884,0.0,Normal,0.5219358676834884,0.5392719050600696,0.2303640474699651,0.0,Low,0.5392719050600696,0.0,0.37892801535968873,0.24214396928062257,Normal,0.37892801535968873,0.0,0.9621597285829774,0.0,Normal,0.9621597285829774,0.0,0.8361526760295156,0.0,Medium,0.8361526760295156,1.0,0.0,0.0,Low,1.0,0.7379267589752726,0.13103662051236367,0.0,Low,0.7379267589752726,3,Good
0.0,0.5831948101783274,0.0,Normal,0.5831948101783274,0.0,0.03169585726548365,0.9366082854690326,Hot,0.9366082854690326,0.0,0.9614786136974786,0.0,Normal,0.9614786136974786,0.0,0.6119723364715837,0.0,Normal,0.6119723364715837,0.0,0.989471348847406,0.0,Normal,0.989471348847406,0.0,0.6591992910075504,0.0,Normal,0.6591992910075504,0.0,0.7610525410141824,0.0,Normal,0.7610525410141824,1.0,0.0,0.0,Low,1.0,0.0,0.0,1.0,High,1.0,0.0,0.01892630948519477,0.9621473810296105,High,0.9621473810296105,3,Acceptable
0.0,0.55431577425957,0.0,Normal,0.55431577425957,0.0,0.9054389555378779,0.0,Normal,0.9054389555378779,0.0,0.7148994318272307,0.0,Normal,0.7148994318272307,0.0,0.7002878690609207,0.0,Normal,0.7002878690609207,0.43541321595030813,0.2822933920248459,0.0,Low,0.43541321595030813,0.0,0.8636881257980789,0.0,Normal,0.8636881257980789,0.0,0.0,1.0,High,1.0,0.0,0.6089470947059186,0.0,Medium,0.6089470947059186,0.0,0.952107279693487,0.0,Normal,0.952107279693487,0.24624433162144677,0.37687783418927656,0.0,Normal,0.37687783418927656,3,Acceptable
0.0,0.48588659908404846,0.028226801831901967,Normal,0.48588659908404846,0.0,0.5317960942670118,0.0,Normal,0.5317960942670118,0.0,0.6610580945086348,0.0,Normal,0.6610580945086348,0.0,0.8897613788835217,0.0,Normal,0.8897613788835217,1.0,0.0,0.0,Low,1.0,0.0,0.0,1.0,High,1.0,0.0,0.6704922968230906,0.0,Normal,0.6704922968230906,1.0,0.0,0.0,Low,1.0,0.0,0.18582375478927182,0.6283524904214562,High,0.6283524904214562,0.0,0.7207003756271184,0.0,Normal,0.7207003756271184,3,Good
0.0,0.7488362614429512,0.0,Normal,0.7488362614429512,0.0,0.8751543338885508,0.0,Normal,0.8751543338885508,0.17328429327126801,0.41335785336436615,0.0,Normal,0.41335785336436615,0.6845880120173177,0.15770599399134114,0.0,Dry,0.6845880120173177,0.28661135412164096,0.3566943229391794,0.0,Normal,0.3566943229391794,0.0,0.6209543672807485,0.0,Normal,0.6209543672807485,0.1946280522771347,0.4026859738614326,0.0,Normal,0.4026859738614326,0.0,0.8070190505623616,0.0,Medium,0.8070190505623616,1.0,0.0,0.0,Low,1.0,0.18716181585586844,0.4064190920720657,0.0,Normal,0.4064190920720657,3,Good
0.030891160683479465,0.4845544196582605,0.0,Normal,0.4845544196582605,0.2836685371784802,0.3581657314107598,0.0,Normal,0.3581657314107598,0.0,0.9952953511460465,0.0,Normal,0.9952953511460465,0.0,0.809685185335498,0.0,Normal,0.809685185335498,1.0,0.0,0.0,Low,1.0,0.0,0.6805927913691805,0.0,Normal,0.6805927913691805,0.0,0.6217893371040619,0.0,Normal,0.6217893371040619,1.0,0.0,0.0,Low,1.0,0.6283524904214557,0.1858237547892721,0.0,Low,0.6283524904214557,0.0,0.552831557376191,0.0,Normal,0.552831557376191,3,Good
0.5982491037245151,0.20087544813774255,0.0,Cold,0.5982491037245151,0.0,0.6462479074652091,0.0,Normal,0.6462479074652091,1.0,0.0,0.0,Dry,1.0,1.0,0.0,0.0,Dry,1.0,0.0,0.7690524709402599,0.0,Normal,0.7690524709402599,0.0,0.5132850436912632,0.0,Normal,0.5132850436912632,1.0,0.0,0.0,Low,1.0,0.0,0.9332411420769757,0.0,Medium,0.9332411420769757,0.0,0.8563218390804601,0.0,Normal,0.8563218390804601,0.14955815558565685,0.4252209222071715,0.0,Normal,0.4252209222071715,0,Poor
0.0,0.8233651454240136,0.0,Normal,0.8233651454240136,0.0,0.6533250121495151,0.0,Normal,0.6533250121495151,0.0,0.6540082675369993,0.0,Normal,0.6540082675369993,0.3788279585485266,0.3105860207257366,0.0,Dry,0.3788279585485266,0.0,0.7599936283447541,0.0,Normal,0.7599936283447541,0.0,0.8591323443552497,0.0,Normal,0.8591323443552497,0.0,0.9166064972207546,0.0,Normal,0.9166064972207546,0.0810891150855058,0.459455442457247,0.0,Medium,0.459455442457247,0.0,0.8563218390804601,0.0,Normal,0.8563218390804601,0.0474913400399765,0.47625432998001166,0.0,Normal,0.47625432998001166,0,Acceptable
0.8049806789483293,0.0975096605258354,0.0,Cold,0.8049806789483293,0.0,0.5816845049945745,0.0,Normal,0.5816845049945745,1.0,0.0,0.0,Dry,1.0,0.8237434309747228,0.08812828451263854,0.0,Dry,0.8237434309747228,0.0,0.6604990462473873,0.0,Normal,0.6604990462473873,0.1066624046169867,0.4466687976915065,0.0,Normal,0.4466687976915065,0.0,0.6633975607359085,0.0,Normal,0.6633975607359085,0.4903295447633407,0.2548352276183296,0.0,Low,0.4903295447633407,1.0,0.0,0.0,Low,1.0,0.679438410499078,0.16028079475046095,0.0,Low,0.679438410499078,3,Poor
0.0,0.9058892691432533,0.0,Normal,0.9058892691432533,0.0,0.7599949668566677,0.0,Normal,0.7599949668566677,0.7009472401620942,0.14952637991895293,0.0,Dry,0.7009472401620942,0.23490355230192117,0.3825482238490393,0.0,Normal,0.3825482238490393,0.0,0.6362172499946009,0.0,Normal,0.6362172499946009,0.10296419421833013,0.4485179028908348,0.0,Normal,0.4485179028908348,0.4134732622186839,0.29326336889065807,0.0,Low,0.4134732622186839,0.0,0.726931029055635,0.0,Medium,0.726931029055635,0.0,0.6647509578544063,0.0,Normal,0.6647509578544063,0.0,0.5784871540888996,0.0,Normal,0.5784871540888996,0,Acceptable
0.0,0.990210942931309,0.0,Normal,0.990210942931309,0.0,0.7389389427112997,0.0,Normal,0.7389389427112997,0.032938730851261123,0.48353063457436957,0.0,Normal,0.48353063457436957,0.3463925971506423,0.32680370142467874,0.0,Dry,0.3463925971506423,1.0,0.0,0.0,Low,1.0,0.0,0.0,1.0,High,1.0,0.0,0.0,1.0,High,1.0,0.0,0.21802420004223796,0.5639515999155242,High,0.5639515999155242,0.0,0.0,1.0,High,1.0,0.8715548848699167,0.06422255756504165,0.0,Low,0.8715548848699167,3,Acceptable
0.0,0.5869970371014318,0.0,Normal,0.5869970371014318,0.0,0.6602446785641964,0.0,Normal,0.6602446785641964,0.44141032590093454,0.27929483704953284,0.0,Dry,0.44141032590093454,0.09222665537530625,0.4538866723123467,0.0,Normal,0.4538866723123467,0.1532783093286642,0.42336084533566776,0.0,Normal,0.42336084533566776,0.0,0.5675066073304375,0.0,Normal,0.5675066073304375,0.0,0.728869116438392,0.0,Normal,0.728869116438392,1.0,0.0,0.0,Low,1.0,1.0,0.0,0.0,Low,1.0,0.288945993749259,0.35552700312537044,0.0,Normal,0.35552700312537044,3,Good
0.008293154913464051,0.49585342254326825,0.0,Normal,0.49585342254326825,0.0,0.2193713844275356,0.5612572311449288,Hot,0.5612572311449288,0.0,0.7720743550558729,0.0,Normal,0.7720743550558729,0.0,0.8296549448806726,0.0,Normal,0.8296549448806726,0.0,0.9136478594188404,0.0,Normal,0.9136478594188404,0.0,0.6231956423341963,0.0,Normal,0.6231956423341963,0.0,0.7949885778501344,0.0,Normal,0.7949885778501344,0.0,0.6009804906167907,0.0,Medium,0.6009804906167907,0.0,0.37739463601532547,0.24521072796934892,Normal,0.37739463601532547,0.0,0.16572839146499235,0.6685432170700153,High,0.6685432170700153,1,Poor
0.0,0.6762466735920704,0.0,Normal,0.6762466735920704,0.0,0.6844370442298452,0.0,Normal,0.6844370442298452,0.0,0.9541726190883796,0.0,Normal,0.9541726190883796,0.0,0.9762018224954542,0.0,Normal,0.9762018224954542,1.0,0.0,0.0,Low,1.0,0.0,0.04424857666867971,0.9115028466626406,High,0.9115028466626406,0.0,0.45080489454646,0.09839021090708028,Normal,0.45080489454646,0.0,0.6373686566849104,0.0,Medium,0.6373686566849104,1.0,0.0,0.0,Low,1.0,0.672602298169395,0.16369885091530245,0.0,Low,0.672602298169395,3,Good
0.0,0.9898074601074115,0.0,Normal,0.9898074601074115,0.0,0.9414706530177266,0.0,Normal,0.9414706530177266,0.6263634238047795,0.1868182880976103,0.0,Dry,0.6263634238047795,0.0,0.5482579586660804,0.0,Normal,0.5482579586660804,0.0,0.7287359343741757,0.0,Normal,0.7287359343741757,0.041074759874601297,0.47946262006269924,0.0,Normal,0.47946262006269924,0.0,0.5145874720203183,0.0,Normal,0.5145874720203183,0.8170755101527722,0.09146224492361384,0.0,Low,0.8170755101527722,0.0,0.8563218390804601,0.0,Normal,0.8563218390804601,0.07304617752961953,0.4634769112351902,0.0,Normal,0.4634769112351902,0,Acceptable
0.0,0.4802794358822955,0.03944112823540796,Normal,0.4802794358822955,0.0,0.10847969944836108,0.7830406011032778,Hot,0.7830406011032778,0.0,0.8331805790492304,0.0,Normal,0.8331805790492304,0.0,0.5552269400444145,0.0,Normal,0.5552269400444145,0.9072197861508333,0.04639010692458332,0.0,Low,0.9072197861508333,0.0,0.35073475633025847,0.29853048733948306,Normal,0.35073475633025847,0.0,0.3012158912042267,0.39756821759154676,High,0.39756821759154676,0.44210325776516757,0.27894837111741616,0.0,Low,0.44210325776516757,0.24521072796934829,0.3773946360153258,0.0,Normal,0.3773946360153258,0.0,0.632699075438774,0.0,Normal,0.632699075438774,3,Good
0.0,0.6880779877346909,0.0,Normal,0.6880779877346909,0.0,0.08236474146817878,0.8352705170636424,Hot,0.8352705170636424,0.0,0.8852319496304376,0.0,Normal,0.8852319496304376,0.0,0.5591142710885753,0.0,Normal,0.5591142710885753,0.0,0.9470344523239218,0.0,Normal,0.9470344523239218,0.0,0.7911162206951835,0.0,Normal,0.7911162206951835,0.0,0.6634200928344823,0.0,Normal,0.6634200928344823,0.0,0.7450434557152735,0.0,Medium,0.7450434557152735,0.0,0.0,1.0,High,1.0,0.0,0.9175649278897217,0.0,Normal,0.9175649278897217,3,Acceptable
0.0,0.7656260027918106,0.0,Normal,0.7656260027918106,0.0,0.9460480849498728,0.0,Normal,0.9460480849498728,0.0,0.748524099265858,0.0,Normal,0.748524099265858,0.0,0.7864413360937346,0.0,Normal,0.7864413360937346,0.0,0.7483507854867557,0.0,Normal,0.7483507854867557,0.0,0.5183618629449812,0.0,Normal,0.5183618629449812,0.0,0.8580677389937561,0.0,Normal,0.8580677389937561,0.0,0.7488548931816552,0.0,Medium,0.7488548931816552,1.0,0.0,0.0,Low,1.0,0.3434255546943726,0.3282872226528137,0.0,Low,0.3434255546943726,1,Acceptable
0.0,0.9007804326442235,0.0,Normal,0.9007804326442235,0.0,0.9226781791862049,0.0,Normal,0.9226781791862049,0.0,0.7805699448271881,0.0,Normal,0.7805699448271881,0.0,0.7362208830259046,0.0,Normal,0.7362208830259046,0.0,0.701506274971232,0.0,Normal,0.701506274971232,0.42804550206336334,0.2859772489683183,0.0,Low,0.42804550206336334,0.13588829055313642,0.4320558547234318,0.0,Normal,0.4320558547234318,0.0,0.79153727341626,0.0,Medium,0.79153727341626,1.0,0.0,0.0,Low,1.0,0.4561571418617446,0.27192142906912764,0.0,Low,0.4561571418617446,1,Acceptable
0.0,0.917441485221416,0.0,Normal,0.917441485221416,0.0,0.8540539404834862,0.0,Normal,0.8540539404834862,0.0,0.6599806277609375,0.0,Normal,0.6599806277609375,0.0,0.8915628157910379,0.0,Normal,0.8915628157910379,0.0,0.5356701236166331,0.0,Normal,0.5356701236166331,0.3061230630665993,0.34693846846670023,0.0,Normal,0.34693846846670023,0.8676570439992682,0.0661714780003659,0.0,Low,0.8676570439992682,0.0,0.5282798053554295,0.0,Medium,0.5282798053554295,0.0,0.0,1.0,High,1.0,0.0,0.6952461562328099,0.0,Normal,0.6952461562328099,1,Acceptable
1.0,0.0,0.0,Cold,1.0,0.0,0.9371550968207533,0.0,Normal,0.9371550968207533,0.0,0.7206631550247529,0.0,Normal,0.7206631550247529,0.0,0.657244859125617,0.0,Normal,0.657244859125617,0.0,0.0,1.0,High,1.0,1.0,0.0,0.0,Low,1.0,0.0,0.5552970109677879,0.0,Normal,0.5552970109677879,0.0,0.5145978513487178,0.0,Medium,0.5145978513487178,0.8199233716475094,0.09003831417624526,0.0,Low,0.8199233716475094,0.0,0.9875996140455575,0.0,Normal,0.9875996140455575,2,Poor
0.0,0.9476479204345547,0.0,Normal,0.9476479204345547,0.0,0.5812456879727702,0.0,Normal,0.5812456879727702,0.0,0.7879904857886562,0.0,Normal,0.7879904857886562,0.0,0.9083915962253731,0.0,Normal,0.9083915962253731,0.0,0.8821372389109082,0.0,Normal,0.8821372389109082,0.0,0.6338561409715125,0.0,Normal,0.6338561409715125,0.0,0.8688752506778706,0.0,Normal,0.8688752506778706,0.0,0.9448638160216626,0.0,Medium,0.9448638160216626,0.0,0.952107279693487,0.0,Normal,0.952107279693487,0.0,0.528545939652438,0.0,Normal,0.528545939652438,0,Acceptable
0.0,1.8672872929511583e-05,0.999962654254141,Hot,0.999962654254141,0.0,0.5602461305899069,0.0,Normal,0.5602461305899069,0.0,0.8154556304910102,0.0,Normal,0.8154556304910102,0.0,0.6672686471443017,0.0,Normal,0.6672686471443017,0.0,0.9402861713609628,0.0,Normal,0.9402861713609628,0.0,0.726274258514522,0.0,Normal,0.726274258514522,0.15086567682281654,0.4245671615885917,0.0,Normal,0.4245671615885917,0.6432131309048827,0.1783934345475586,0.0,Low,0.6432131309048827,0.0,0.37739463601532547,0.24521072796934892,Normal,0.37739463601532547,0.0,0.5252607250372724,0.0,Normal,0.5252607250372724,0,Poor
0.0,0.3009413093057794,0.39811738138844055,Hot,0.39811738138844055,0.0,0.44474969479458454,0.11050061041083065,Normal,0.44474969479458454,0.0,0.8903013869053663,0.0,Normal,0.8903013869053663,0.0,0.5737957715668385,0.0,Normal,0.5737957715668385,0.7602418890691038,0.11987905546544807,0.0,Low,0.7602418890691038,0.0,0.210807100158588,0.578385799682824,High,0.578385799682824,0.0,0.5806753295201627,0.0,Normal,0.5806753295201627,0.0,0.8648404255363358,0.0,Medium,0.8648404255363358,0.0,0.0,1.0,High,1.0,0.14789042517076437,0.4260547874146178,0.0,Normal,0.4260547874146178,3,Good
0.0,0.8122978601437462,0.0,Normal,0.8122978601437462,0.0026565743924715428,0.4986717128037641,0.0,Normal,0.4986717128037641,0.0,0.7728322261527872,0.0,Normal,0.7728322261527872,0.0,0.7095917257482885,0.0,Normal,0.7095917257482885,0.0,0.851907540695448,0.0,Normal,0.851907540695448,0.7855168930000574,0.10724155349997126,0.0,Low,0.7855168930000574,0.4627394603439136,0.26863026982804317,0.0,Low,0.4627394603439136,0.0,0.1480495444180914,0.7039009111638174,High,0.7039009111638174,0.24521072796934829,0.3773946360153258,0.0,Normal,0.3773946360153258,0.0,0.7685346536834203,0.0,Normal,0.7685346536834203,1,Acceptable
0.0,0.5652811594190367,0.0,Normal,0.5652811594190367,0.0,0.7506637483079798,0.0,Normal,0.7506637483079798,0.0,0.9974309613868773,0.0,Normal,0.9974309613868773,0.0,0.7057940837909331,0.0,Normal,0.7057940837909331,1.0,0.0,0.0,Low,1.0,0.0,0.0,1.0,High,1.0,0.0,0.9509497754654005,0.0,Normal,0.9509497754654005,0.0,0.890017795652775,0.0,Medium,0.890017795652775,0.0,0.2816091954022987,0.4367816091954026,High,0.4367816091954026,0.6783626226306446,0.16081868868467766,0.0,Low,0.6783626226306446,3,Good
0.0,0.6817001517390936,0.0,Normal,0.6817001517390936,0.0,0.8960232913818992,0.0,Normal,0.8960232913818992,0.0,0.07200049444149006,0.8559990111170197,Wet,0.8559990111170197,0.0,0.2488460502186679,0.5023078995626644,Wet,0.5023078995626644,0.0,0.8520773985573299,0.0,Normal,0.8520773985573299,0.7626030696455759,0.11869846517721204,0.0,Low,0.7626030696455759,0.0,0.5744814293665471,0.0,Normal,0.5744814293665471,0.0,0.5177996331807508,0.0,Medium,0.5177996331807508,0.0,0.8563218390804601,0.0,Normal,0.8563218390804601,0.0,0.5684546009149807,0.0,Normal,0.5684546009149807,1,Acceptable
0.0,0.6017422778198603,0.0,Normal,0.6017422778198603,0.0,0.7125024463374511,0.0,Normal,0.7125024463374511,0.0,0.5707638896262864,0.0,Normal,0.5707638896262864,0.0,0.9234099727103033,0.0,Normal,0.9234099727103033,1.0,0.0,0.0,Low,1.0,0.0,0.0,1.0,High,1.0,0.0,0.5179221662964137,0.0,Normal,0.5179221662964137,0.0,0.9133734834200317,0.0,Medium,0.9133734834200317,0.6283524904214557,0.1858237547892721,0.0,Low,0.6283524904214557,0.9607926881948634,0.01960365590256828,0.0,Low,0.9607926881948634,3,Good
0.0,0.7101900651232967,0.0,Normal,0.7101900651232967,0.0,0.609771610017904,0.0,Normal,0.609771610017904,0.3400046055577702,0.329997697221115,0.0,Dry,0.3400046055577702,0.7754941171370701,0.11225294143146491,0.0,Dry,0.7754941171370701,0.5206206535413982,0.23968967322930082,0.0,Low,0.5206206535413982,0.0,0.7070486420462535,0.0,Normal,0.7070486420462535,0.1319833448812757,0.43400832755936214,0.0,Normal,0.43400832755936214,0.0,0.9787016136655411,0.0,Medium,0.9787016136655411,1.0,0.0,0.0,Low,1.0,0.0,0.7513390895235628,0.0,Normal,0.7513390895235628,3,Good
0.0,0.5722724458157397,0.0,Normal,0.5722724458157397,0.0,0.0,1.0,Hot,1.0,0.0,0.9455098650339249,0.0,Normal,0.9455098650339249,0.0,0.771494802951764,0.0,Normal,0.771494802951764,0.5578261240236508,0.2210869379881745,0.0,Low,0.5578261240236508,0.0,0.8037868795359739,0.0,Normal,0.8037868795359739,0.8081851354539576,0.09590743227302118,0.0,Low,0.8081851354539576,0.0,0.7503967430061623,0.0,Medium,0.7503967430061623,0.0,0.090038314176245,0.81992337164751,High,0.81992337164751,0.0,0.866242949302473,0.0,Normal,0.866242949302473,3,Acceptable
0.0,0.7652056855013756,0.0,Normal,0.7652056855013756,1.0,0.0,0.0,Cold,1.0,0.3408106900473823,0.32959465497630897,0.0,Dry,0.3408106900473823,0.05185247320414748,0.4740737633979261,0.0,Normal,0.4740737633979261,0.6805629961484743,0.15971850192576284,0.0,Low,0.6805629961484743,0.0,0.7802603983097711,0.0,Normal,0.7802603983097711,0.36980668657166554,0.3150966567141672,0.0,Low,0.36980668657166554,0.0,0.7070183157331391,0.0,Medium,0.7070183157331391,0.0,0.0,1.0,High,1.0,0.0,0.0,1.0,High,1.0,3,Acceptable
0.0,0.6385290682462185,0.0,Normal,0.6385290682462185,0.8718718456456813,0.06406407717715931,0.0,Cold,0.8718718456456813,0.04950382397955315,0.47524808801022356,0.0,Normal,0.47524808801022356,0.2733976231809262,0.3633011884095368,0.0,Normal,0.3633011884095368,0.0,0.8898547131174848,0.0,Normal,0.8898547131174848,0.4988062793446784,0.2505968603276607,0.0,Low,0.4988062793446784,0.0,0.6399202772960013,0.0,Normal,0.6399202772960013,0.5818434933499009,0.20907825332504953,0.0,Low,0.5818434933499009,0.0,0.2816091954022987,0.4367816091954026,High,0.4367816091954026,0.0,0.12467228409832301,0.7506554318033539,High,0.7506554318033539,1,Poor
0.0,0.6653865206992697,0.0,Normal,0.6653865206992697,0.0,0.0,1.0,Hot,1.0,0.0,0.8240858604685406,0.0,Normal,0.8240858604685406,0.0,0.7907257072286802,0.0,Normal,0.7907257072286802,1.0,0.0,0.0,Low,1.0,0.0,0.0,1.0,High,1.0,0.0,0.7255185593403221,0.0,Normal,0.7255185593403221,0.20450095680163194,0.397749521599184,0.0,Medium,0.397749521599184,0.0,0.664750957854406,0.0,Normal,0.664750957854406,0.0,0.9024014337276045,0.0,Normal,0.9024014337276045,3,Good
0.0,0.9454784356959953,0.0,Normal,0.9454784356959953,0.0,0.6540670035488585,0.0,Normal,0.6540670035488585,0.1136552432016795,0.4431723783991604,0.0,Normal,0.4431723783991604,0.847593268587794,0.07620336570610292,0.0,Dry,0.847593268587794,1.0,0.0,0.0,Low,1.0,0.0,0.4719530307890854,0.05609393842182916,Normal,0.4719530307890854,0.0,0.7123116508728848,0.0,Normal,0.7123116508728848,0.5459724279211199,0.22701378603944003,0.0,Low,0.5459724279211199,0.0,0.4731800766283523,0.05363984674329525,Normal,0.4731800766283523,0.0,0.51941090267415,0.0,Normal,0.51941090267415,3,Good
0.0,0.9000003022729964,0.0,Normal,0.9000003022729964,0.0,0.7498413141052322,0.0,Normal,0.7498413141052322,0.0,0.9634070369195108,0.0,Normal,0.9634070369195108,0.0,0.9497883842019689,0.0,Normal,0.9497883842019689,1.0,0.0,0.0,Low,1.0,0.0,0.1213180202501597,0.7573639594996806,High,0.7573639594996806,1.0,0.0,0.0,Low,1.0,0.16980207648534906,0.4150989617573254,0.0,Medium,0.4150989617573254,0.0,0.8563218390804596,0.0,Normal,0.8563218390804596,0.32506495092721943,0.33746752453639023,0.0,Normal,0.33746752453639023,3,Good
0.0,0.5076458238163122,0.0,Normal,0.5076458238163122,0.010273009054707502,0.49486349547264613,0.0,Normal,0.49486349547264613,0.0,0.9745042836157973,0.0,Normal,0.9745042836157973,0.0,0.7173775564351712,0.0,Normal,0.7173775564351712,0.0,0.021202259751865737,0.9575954804962685,High,0.9575954804962685,1.0,0.0,0.0,Low,1.0,0.0,0.7879915702456365,0.0,Normal,0.7879915702456365,0.0,0.8016545560288896,0.0,Medium,0.8016545560288896,0.0,0.952107279693487,0.0,Normal,0.952107279693487,0.0,0.776610238712382,0.0,Normal,0.776610238712382,1,Acceptable
0.0,0.5948836376374698,0.0,Normal,0.5948836376374698,0.0,0.5759392371591183,0.0,Normal,0.5759392371591183,0.0,0.8207474752903345,0.0,Normal,0.8207474752903345,0.0,0.9109253535011281,0.0,Normal,0.9109253535011281,1.0,0.0,0.0,Low,1.0,0.0,0.6521488895575099,0.0,Normal,0.6521488895575099,0.0,0.7283919766860321,0.0,Normal,0.7283919766860321,1.0,0.0,0.0,Low,1.0,0.0,0.4731800766283523,0.05363984674329525,Normal,0.4731800766283523,0.0,0.7316711463764037,0.0,Normal,0.7316711463764037,3,Good
0.0,0.9047835297298092,0.0,Normal,0.9047835297298092,0.0,0.9695702144165371,0.0,Normal,0.9695702144165371,0.5799530202882847,0.2100234898558577,0.0,Dry,0.5799530202882847,0.2301105217589423,0.3849447391205287,0.0,Normal,0.3849447391205287,1.0,0.0,0.0,Low,1.0,0.0,0.0,1.0,High,1.0,0.0,0.7936505318903951,0.0,Normal,0.7936505318903951,0.8114958815123041,0.09425205924384793,0.0,Low,0.8114958815123041,0.0,0.8563218390804596,0.0,Normal,0.8563218390804596,0.7185268024931442,0.1407365987534279,0.0,Low,0.7185268024931442,3,Good
0.0,0.6368398077496329,0.0,Normal,0.6368398077496329,1.0,0.0,0.0,Cold,1.0,0.0,0.5889698552000205,0.0,Normal,0.5889698552000205,0.06283464504898167,0.468582677475509,0.0,Normal,0.468582677475509,0.0,0.8331313317172194,0.0,Normal,0.8331313317172194,0.0,0.6828929300065859,0.0,Normal,0.6828929300065859,0.0,0.8233438877298387,0.0,Normal,0.8233438877298387,0.0,0.47787659333876176,0.0442468133224769,Medium,0.47787659333876176,0.0,0.0,1.0,High,1.0,0.0,0.09489603353423766,0.8102079329315247,High,0.8102079329315247,0,Acceptable
0.0,0.55995552729199,0.0,Normal,0.55995552729199,0.26190411940493274,0.3690479402975335,0.0,Normal,0.3690479402975335,0.0,0.32434996757925977,0.3513000648414798,Wet,0.3513000648414798,0.0,0.486568468621267,0.02686306275746647,Normal,0.486568468621267,0.0,0.8335139674356334,0.0,Normal,0.8335139674356334,0.8292348371246063,0.08538258143769684,0.0,Low,0.8292348371246063,0.0,0.8822178999987569,0.0,Normal,0.8822178999987569,0.0,0.95636242782177,0.0,Medium,0.95636242782177,0.0,0.18582375478927182,0.6283524904214562,High,0.6283524904214562,0.0,0.0,1.0,High,1.0,2,Poor
0.0,0.905625235506508,0.0,Normal,0.905625235506508,0.0,0.21070111797888216,0.5785977640422355,Hot,0.5785977640422355,0.5053101587615335,0.24734492061923333,0.0,Dry,0.5053101587615335,0.8929237917570686,0.05353810412146566,0.0,Dry,0.8929237917570686,1.0,0.0,0.0,Low,1.0,0.0,0.5332087673051072,0.0,Normal,0.5332087673051072,0.0,0.5388442245646483,0.0,Normal,0.5388442245646483,0.0,0.255025128498065,0.4899497430038702,High,0.4899497430038702,0.0,0.0,1.0,High,1.0,0.0,0.9572188627343102,0.0,Normal,0.9572188627343102,3,Acceptable
0.0,0.4362904165546387,0.12741916689072172,Normal,0.4362904165546387,0.19232074425467965,0.4038396278726601,0.0,Normal,0.4038396278726601,0.0,0.9332374118942053,0.0,Normal,0.9332374118942053,0.0,0.9080626534590436,0.0,Normal,0.9080626534590436,0.0,0.7423991779905994,0.0,Normal,0.7423991779905994,0.0,0.6421693151950457,0.0,Normal,0.6421693151950457,0.02761051382856605,0.486194743085717,0.0,Normal,0.486194743085717,0.0,0.5442690910258878,0.0,Medium,0.5442690910258878,0.0,0.7605363984674332,0.0,Normal,0.7605363984674332,0.0,0.2781057501166077,0.4437884997667846,High,0.4437884997667846,3,Acceptable
0.0,0.5132679669441123,0.0,Normal,0.5132679669441123,0.005813495192481149,0.4970932524037593,0.0,Normal,0.4970932524037593,0.0,0.7791905740415352,0.0,Normal,0.7791905740415352,0.1096401197578306,0.4451799401210845,0.0,Normal,0.4451799401210845,0.0,0.06488735769684784,0.8702252846063043,High,0.8702252846063043,1.0,0.0,0.0,Low,1.0,1.0,0.0,0.0,Low,1.0,1.0,0.0,0.0,Low,1.0,0.0,0.0,1.0,High,1.0,0.0,0.7130016875950261,0.0,Normal,0.7130016875950261,3,Acceptable
0.0,0.7580189617125594,0.0,Normal,0.7580189617125594,0.0,0.5279259984114432,0.0,Normal,0.5279259984114432,0.0,0.8040177799856314,0.0,Normal,0.8040177799856314,0.0,0.7532668959413878,0.0,Normal,0.7532668959413878,0.0,0.661804385096406,0.0,Normal,0.661804385096406,0.0,0.6112955879706464,0.0,Normal,0.6112955879706464,0.0,0.6974268067238165,0.0,Normal,0.6974268067238165,0.0,0.6798398922947371,0.0,Medium,0.6798398922947371,0.05363984674329458,0.47318007662835265,0.0,Normal,0.47318007662835265,0.0,0.873684964139434,0.0,Normal,0.873684964139434,0,Acceptable
0.0,0.7262479851206405,0.0,Normal,0.7262479851206405,0.0,0.478365458942496,0.043269082115007775,Normal,0.478365458942496,0.16643232583142115,0.41678383708428957,0.0,Normal,0.41678383708428957,1.0,0.0,0.0,Dry,1.0,0.21461940484075137,0.3926902975796242,0.0,Normal,0.3926902975796242,0.0,0.6080002933729065,0.0,Normal,0.6080002933729065,0.0,0.8853916990612568,0.0,Normal,0.8853916990612568,0.0,0.831145384186145,0.0,Medium,0.831145384186145,0.0,0.0,1.0,High,1.0,0.11283331504663822,0.44358334247668085,0.0,Normal,0.44358334247668085,3,Good
0.23486008185699875,0.3825699590715008,0.0,Normal,0.3825699590715008,0.0,0.7930150703163497,0.0,Normal,0.7930150703163497,0.0,0.697017088894619,0.0,Normal,0.697017088894619,0.01585666063378915,0.49207166968310523,0.0,Normal,0.49207166968310523,0.0,0.6108466689444997,0.0,Normal,0.6108466689444997,0.0,0.5302212129930555,0.0,Normal,0.5302212129930555,1.0,0.0,0.0,Low,1.0,0.0,0.5188729200642495,0.0,Medium,0.5188729200642495,0.0,0.0,1.0,High,1.0,0.0,0.7474742289869383,0.0,Normal,0.7474742289869383,0,Acceptable
0.0,0.5015126649575764,0.0,Normal,0.5015126649575764,0.0,0.08966798890759235,0.8206640221848153,Hot,0.8206640221848153,0.0,0.8756915635617911,0.0,Normal,0.8756915635617911,0.0,0.8692138370117359,0.0,Normal,0.8692138370117359,0.0,0.5864052244003772,0.0,Normal,0.5864052244003772,0.37887763753249276,0.31056118123375354,0.0,Low,0.37887763753249276,0.0,0.673861513188353,0.0,Normal,0.673861513188353,0.0,0.8786949075776197,0.0,Medium,0.8786949075776197,0.436781609195402,0.28160919540229895,0.0,Low,0.436781609195402,0.0,0.10526057272101957,0.7894788545579609,High,0.7894788545579609,0,Acceptable
0.0,0.6420922701180536,0.0,Normal,0.6420922701180536,0.0,0.8797275748114437,0.0,Normal,0.8797275748114437,0.0,0.0,1.0,Wet,1.0,0.0,0.0,1.0,Wet,1.0,0.0,0.42997041770329103,0.14005916459341794,Normal,0.42997041770329103,0.44302002389849393,0.278489988050753,0.0,Low,0.44302002389849393,0.0,0.9569163641201026,0.0,Normal,0.9569163641201026,0.0,0.8890590478709485,0.0,Medium,0.8890590478709485,0.24521072796934829,0.3773946360153258,0.0,Normal,0.3773946360153258,0.0,0.9176044393002596,0.0,Normal,0.9176044393002596,1,Poor
0.0,0.6334560152694101,0.0,Normal,0.6334560152694101,0.0,0.42148186655968933,0.15703626688062106,Normal,0.42148186655968933,0.0,0.8018402036225979,0.0,Normal,0.8018402036225979,0.0,0.9949045410137469,0.0,Normal,0.9949045410137469,0.0,0.5098281391550267,0.0,Normal,0.5098281391550267,0.0,0.7819402285669156,0.0,Normal,0.7819402285669156,0.0,0.8409873885101374,0.0,Normal,0.8409873885101374,0.9280357193660858,0.035982140316957095,0.0,Low,0.9280357193660858,0.0,0.6647509578544063,0.0,Normal,0.6647509578544063,0.04799933721716891,0.47600033139141545,0.0,Normal,0.47600033139141545,0,Acceptable
0.0,0.6402784206248698,0.0,Normal,0.6402784206248698,1.0,0.0,0.0,Cold,1.0,0.0,0.6978583016036897,0.0,Normal,0.6978583016036897,0.0,0.689635494854055,0.0,Normal,0.689635494854055,0.06346134075072127,0.46826932962463924,0.0,Normal,0.46826932962463924,0.0,0.8686073497756965,0.0,Normal,0.8686073497756965,0.0,0.9158611291623449,0.0,Normal,0.9158611291623449,0.39694603197332934,0.3015269840133353,0.0,Low,0.39694603197332934,1.0,0.0,0.0,Low,1.0,0.0,0.0,1.0,High,1.0,3,Acceptable
0.0,0.8359372646010436,0.0,Normal,0.8359372646010436,0.0,0.6821668824593258,0.0,Normal,0.6821668824593258,0.0,0.9546458948131621,0.0,Normal,0.9546458948131621,0.0,0.9758756817035762,0.0,Normal,0.9758756817035762,0.9830010298152251,0.008499485092387453,0.0,Low,0.9830010298152251,0.0,0.4376132192733561,0.12477356145328776,Normal,0.4376132192733561,0.0,0.2561734123345567,0.48765317533088676,High,0.48765317533088676,1.0,0.0,0.0,Low,1.0,0.0,0.090038314176245,0.81992337164751,High,0.81992337164751,0.0,0.5161657543132296,0.0,Normal,0.5161657543132296,3,Good
0.0,0.7174021917052151,0.0,Normal,0.7174021917052151,0.0,0.9645677814468964,0.0,Normal,0.9645677814468964,0.0,0.9094593448346225,0.0,Normal,0.9094593448346225,0.0,0.8791867540775802,0.0,Normal,0.8791867540775802,0.0,0.8527587403593786,0.0,Normal,0.8527587403593786,1.0,0.0,0.0,Low,1.0,0.0,0.7077896118848589,0.0,Normal,0.7077896118848589,0.28167169231157735,0.3591641538442113,0.0,Medium,0.3591641538442113,0.0,0.2816091954022987,0.4367816091954026,High,0.4367816091954026,0.0,0.6319014002486811,0.0,Normal,0.6319014002486811,1,Acceptable
0.0,0.665884743160866,0.0,Normal,0.665884743160866,0.34508347808972817,0.32745826095513586,0.0,Cold,0.34508347808972817,0.0,0.7318536178551375,0.0,Normal,0.7318536178551375,0.0,0.8149024723705857,0.0,Normal,0.8149024723705857,0.026293097447941446,0.48685345127602914,0.0,Normal,0.48685345127602914,0.0,0.8167833257383695,0.0,Normal,0.8167833257383695,0.18181565634372712,0.40909217182813645,0.0,Normal,0.40909217182813645,0.0,0.7315253525758324,0.0,Medium,0.7315253525758324,0.0,0.0,1.0,High,1.0,0.0,0.11909646023044418,0.7618070795391116,High,0.7618070795391116,0,Acceptable
0.0,0.9293650517697141,0.0,Normal,0.9293650517697141,0.0,0.4482931049971211,0.10341379000575758,Normal,0.4482931049971211,0.17664072828788974,0.41167963585605527,0.0,Normal,0.41167963585605527,0.33843665928446764,0.33078167035776607,0.0,Dry,0.33843665928446764,0.0,0.6982371418927011,0.0,Normal,0.6982371418927011,0.0,0.5212905027662833,0.0,Normal,0.5212905027662833,0.0,0.9051296089086874,0.0,Normal,0.9051296089086874,0.0,0.5433289542339599,0.0,Medium,0.5433289542339599,0.0,0.6647509578544063,0.0,Normal,0.6647509578544063,0.0,0.7008336561562621,0.0,Normal,0.7008336561562621,3,Good
0.0,0.8568010266672096,0.0,Normal,0.8568010266672096,0.0,0.586485683779774,0.0,Normal,0.586485683779774,0.0,0.1763368837012595,0.6473262325974807,Wet,0.6473262325974807,0.0,0.0,1.0,Wet,1.0,0.0,0.9824985261198226,0.0,Normal,0.9824985261198226,0.9345338083204165,0.03273309583979169,0.0,Low,0.9345338083204165,0.0,0.00800029140497984,0.9839994171900404,High,0.9839994171900404,0.0,0.0,1.0,High,1.0,1.0,0.0,0.0,Low,1.0,0.0,0.7002654128524561,0.0,Normal,0.7002654128524561,2,Poor
0.0,0.8446262506011998,0.0,Normal,0.8446262506011998,0.0,0.8488426067086827,0.0,Normal,0.8488426067086827,0.0,0.8879808665744877,0.0,Normal,0.8879808665744877,0.0,0.7020855004432157,0.0,Normal,0.7020855004432157,0.0,0.7066047630249261,0.0,Normal,0.7066047630249261,0.0,0.5384538145912666,0.0,Normal,0.5384538145912666,0.0,0.6098505912024841,0.0,Normal,0.6098505912024841,0.0,0.0,1.0,High,1.0,0.0,0.8563218390804601,0.0,Normal,0.8563218390804601,0.0,0.611228051171322,0.0,Normal,0.611228051171322,1,Acceptable
0.0,0.6995514722868909,0.0,Normal,0.6995514722868909,0.3850937894404304,0.3074531052797847,0.0,Cold,0.3850937894404304,0.0,0.9547737214288513,0.0,Normal,0.9547737214288513,0.0,0.9090593996732172,0.0,Normal,0.9090593996732172,1.0,0.0,0.0,Low,1.0,0.0,0.8371642558959649,0.0,Normal,0.8371642558959649,0.0,0.925784944307468,0.0,Normal,0.925784944307468,1.0,0.0,0.0,Low,1.0,0.24521072796934829,0.3773946360153258,0.0,Normal,0.3773946360153258,0.0,0.4187354802005636,0.16252903959887274,Normal,0.4187354802005636,0,Acceptable
0.0,0.5169254381627765,0.0,Normal,0.5169254381627765,0.0,0.60411497354739,0.0,Normal,0.60411497354739,0.0,0.5888537089404625,0.0,Normal,0.5888537089404625,0.0,0.9061058956067229,0.0,Normal,0.9061058956067229,0.0,0.8276757939129038,0.0,Normal,0.8276757939129038,0.0,0.9382168167663352,0.0,Normal,0.9382168167663352,0.1585922276445592,0.42070388617772037,0.0,Normal,0.42070388617772037,0.20139851791451222,0.3993007410427438,0.0,Medium,0.3993007410427438,1.0,0.0,0.0,Low,1.0,0.0,0.5032376438439584,0.0,Normal,0.5032376438439584,3,Good
0.0,0.6194010241299616,0.0,Normal,0.6194010241299616,0.4327288522107698,0.283635573894615,0.0,Cold,0.4327288522107698,0.11771542295838627,0.441142288520807,0.0,Normal,0.441142288520807,0.19710103678684435,0.4014494816065777,0.0,Normal,0.4014494816065777,0.0,0.5429359413605154,0.0,Normal,0.5429359413605154,0.11245373634502077,0.4437731318274895,0.0,Normal,0.4437731318274895,1.0,0.0,0.0,Low,1.0,0.0,0.679296940004119,0.0,Medium,0.679296940004119,0.436781609195402,0.28160919540229895,0.0,Low,0.436781609195402,0.0,0.06207828157768174,0.8758434368446365,High,0.8758434368446365,0,Poor
0.0,0.16015179808241692,0.6796964038351658,Hot,0.6796964038351658,0.0,0.9429109549328718,0.0,Normal,0.9429109549328718,0.0,0.7346762020616648,0.0,Normal,0.7346762020616648,0.0,0.7260339039995147,0.0,Normal,0.7260339039995147,0.0,0.16260706269698091,0.6747858746060382,High,0.6747858746060382,0.25178518956133483,0.3741074052193325,0.0,Normal,0.3741074052193325,0.0,0.9001326955896878,0.0,Normal,0.9001326955896878,0.0,0.0,1.0,High,1.0,0.0,0.8563218390804596,0.0,Normal,0.8563218390804596,0.0,0.9053652578504381,0.0,Normal,0.9053652578504381,1,Poor
0.0,0.45359747871950284,0.09280504256099337,Normal,0.45359747871950284,0.0,0.711519157395653,0.0,Normal,0.711519157395653,0.0,0.6706718250428508,0.0,Normal,0.6706718250428508,0.0,0.7475567436890131,0.0,Normal,0.7475567436890131,0.0,0.8196944917350173,0.0,Normal,0.8196944917350173,0.0,0.7421446918309668,0.0,Normal,0.7421446918309668,0.0,0.9404325245623815,0.0,Normal,0.9404325245623815,0.22045832632033152,0.38977083683983416,0.0,Medium,0.38977083683983416,0.24521072796934829,0.3773946360153258,0.0,Normal,0.3773946360153258,0.20177483629393672,0.3991125818530316,0.0,Normal,0.3991125818530316,3,Good
0.0,0.7219062592253208,0.0,Normal,0.7219062592253208,0.0,0.7883158556870387,0.0,Normal,0.7883158556870387,0.0,0.0017720277489432104,0.9964559445021136,Wet,0.9964559445021136,0.0,0.0,1.0,Wet,1.0,0.0,0.6930914160263081,0.0,Normal,0.6930914160263081,0.7396284952856046,0.13018575235719768,0.0,Low,0.7396284952856046,0.0,0.8555535766413779,0.0,Normal,0.8555535766413779,0.0,0.7199002872026482,0.0,Medium,0.7199002872026482,0.6283524904214557,0.1858237547892721,0.0,Low,0.6283524904214557,0.0,0.8933480641379661,0.0,Normal,0.8933480641379661,2,Poor
0.0,0.0,1.0,Hot,1.0,0.0,0.9309377185746726,0.0,Normal,0.9309377185746726,0.0,0.044584023671519986,0.9108319526569599,Wet,0.9108319526569599,0.0,0.20224630038358757,0.595507399232825,Wet,0.595507399232825,0.0,0.7368861204778244,0.0,Normal,0.7368861204778244,0.0,0.5224509928556886,0.0,Normal,0.5224509928556886,0.0,0.9348346752476553,0.0,Normal,0.9348346752476553,0.0,0.9749394666942414,0.0,Medium,0.9749394666942414,0.0,0.5689655172413791,0.0,Normal,0.5689655172413791,0.0,0.5959608814998667,0.0,Normal,0.5959608814998667,0,Poor
0.0,0.705040464159829,0.0,Normal,0.705040464159829,0.0,0.35846439778133166,0.28307120443733647,Normal,0.35846439778133166,0.0,0.8710906507039159,0.0,Normal,0.8710906507039159,0.0,0.6927515573113036,0.0,Normal,0.6927515573113036,0.0,0.975353670389243,0.0,Normal,0.975353670389243,0.0,0.5699934841533456,0.0,Normal,0.5699934841533456,0.0,0.9545226442727984,0.0,Normal,0.9545226442727984,0.9741605372494304,0.012919731375284774,0.0,Low,0.9741605372494304,0.0,0.4731800766283523,0.05363984674329525,Normal,0.4731800766283523,0.0,0.6431411997546737,0.0,Normal,0.6431411997546737,3,Good
0.0,0.8594722282917912,0.0,Normal,0.8594722282917912,0.0,0.9824184894988927,0.0,Normal,0.9824184894988927,1.0,0.0,0.0,Dry,1.0,1.0,0.0,0.0,Dry,1.0,0.0,0.8824644209594497,0.0,Normal,0.8824644209594497,0.0,0.9341245335590542,0.0,Normal,0.9341245335590542,0.0,0.54151155327961,0.0,Normal,0.54151155327961,0.0,0.8443072057580625,0.0,Medium,0.8443072057580625,0.0,0.7605363984674332,0.0,Normal,0.7605363984674332,0.42429873436896925,0.2878506328155153,0.0,Low,0.42429873436896925,3,Acceptable
0.0,0.5357962031379379,0.0,Normal,0.5357962031379379,0.0,0.50437223282406,0.0,Normal,0.50437223282406,0.0,0.6671143675611365,0.0,Normal,0.6671143675611365,0.0,0.5205702171240405,0.0,Normal,0.5205702171240405,0.8331776201426303,0.08341118992868485,0.0,Low,0.8331776201426303,0.0,0.3599374299747069,0.2801251400505862,Normal,0.3599374299747069,0.0,0.46271213077566414,0.07457573844867198,Normal,0.46271213077566414,0.0,0.7389242485777116,0.0,Medium,0.7389242485777116,0.8199233716475094,0.09003831417624526,0.0,Low,0.8199233716475094,0.0,0.7583778435619849,0.0,Normal,0.7583778435619849,3,Acceptable
0.0,0.9093522190607233,0.0,Normal,0.9093522190607233,0.0,0.961067885360172,0.0,Normal,0.961067885360172,0.0,0.6519344261586725,0.0,Normal,0.6519344261586725,0.0,0.537943499196199,0.0,Normal,0.537943499196199,0.12720342392653378,0.436398288036733,0.0,Normal,0.436398288036733,0.0,0.9602372820470622,0.0,Normal,0.9602372820470622,0.0,0.8953754063157184,0.0,Normal,0.8953754063157184,0.0,0.9686655179732235,0.0,Medium,0.9686655179732235,0.0,0.7605363984674328,0.0,Normal,0.7605363984674328,0.11058436020017902,0.44470781989991043,0.0,Normal,0.44470781989991043,3,Good
0.019720990295862703,0.4901395048520689,0.0,Normal,0.4901395048520689,0.0,0.5595234984484899,0.0,Normal,0.5595234984484899,0.3120232723552893,0.3439883638223555,0.0,Normal,0.3439883638223555,0.19556839509751156,0.40221580245124405,0.0,Normal,0.40221580245124405,0.0,0.7902474097244493,0.0,Normal,0.7902474097244493,0.0,0.19130129949878474,0.6173974010024305,High,0.6173974010024305,0.24637820194987747,0.37681089902506126,0.0,Normal,0.37681089902506126,0.0,0.040873929250363726,0.9182521414992726,High,0.9182521414992726,0.0,0.8563218390804601,0.0,Normal,0.8563218390804601,0.0,0.5489737435528709,0.0,Normal,0.5489737435528709,3,Good
0.0,0.6321162098011529,0.0,Normal,0.6321162098011529,0.0,0.8608237877924549,0.0,Normal,0.8608237877924549,0.0,0.7221103324887873,0.0,Normal,0.7221103324887873,0.0,0.9035411168319417,0.0,Normal,0.9035411168319417,0.0,0.6611532912111312,0.0,Normal,0.6611532912111312,0.0,0.8918966598243148,0.0,Normal,0.8918966598243148,0.0,0.8182825797196206,0.0,Normal,0.8182825797196206,0.7432966666283398,0.12835166668583006,0.0,Low,0.7432966666283398,1.0,0.0,0.0,Low,1.0,0.006413702247290105,0.4967931488763549,0.0,Normal,0.4967931488763549,3,Good
0.0,0.7255440606730602,0.0,Normal,0.7255440606730602,0.0,0.6597129727857786,0.0,Normal,0.6597129727857786,0.0,0.6741182731154066,0.0,Normal,0.6741182731154066,0.0,0.9175270603060188,0.0,Normal,0.9175270603060188,1.0,0.0,0.0,Low,1.0,0.0,0.3514025065790715,0.29719498684185697,Normal,0.3514025065790715,0.0,0.6085138544798795,0.0,Normal,0.6085138544798795,0.0,0.6278894394100568,0.0,Medium,0.6278894394100568,0.6283524904214557,0.1858237547892721,0.0,Low,0.6283524904214557,0.36174899841628927,0.3191255007918553,0.0,Low,0.36174899841628927,3,Good
0.0,0.32462415992325216,0.350751680153495,Hot,0.350751680153495,0.10709152024641819,0.4464542398767908,0.0,Normal,0.4464542398767908,0.24110762346948703,0.3794461882652566,0.0,Normal,0.3794461882652566,0.072715011067211,0.46364249446639433,0.0,Normal,0.46364249446639433,1.0,0.0,0.0,Low,1.0,0.0,0.6217070217380986,0.0,Normal,0.6217070217380986,0.49569765266252724,0.2521511736687364,0.0,Low,0.49569765266252724,1.0,0.0,0.0,Low,1.0,0.0,0.8563218390804596,0.0,Normal,0.8563218390804596,0.0,0.31901646455355914,0.3619670708928817,High,0.3619670708928817,3,Acceptable
0.0,0.5321409716866501,0.0,Normal,0.5321409716866501,0.0,0.4356646434866943,0.12867071302661112,Normal,0.4356646434866943,0.0,0.8864576486524891,0.0,Normal,0.8864576486524891,0.0,0.9351396229204665,0.0,Normal,0.9351396229204665,1.0,0.0,0.0,Low,1.0,0.0,0.23456522340636118,0.5308695531872777,High,0.5308695531872777,0.0,0.5673266137659174,0.0,Normal,0.5673266137659174,0.0,0.5890003201385183,0.0,Medium,0.5890003201385183,1.0,0.0,0.0,Low,1.0,0.0,0.5320104721733722,0.0,Normal,0.5320104721733722,3,Good
0.0,0.5667178861014652,0.0,Normal,0.5667178861014652,0.21689672650239028,0.3915516367488048,0.0,Normal,0.3915516367488048,0.0,0.8799042113186937,0.0,Normal,0.8799042113186937,0.0,0.9068301263190806,0.0,Normal,0.9068301263190806,0.0,0.5936032823947056,0.0,Normal,0.5936032823947056,0.5056619529729954,0.24716902351350226,0.0,Low,0.5056619529729954,0.0,0.13878743644056357,0.722425127118873,High,0.722425127118873,0.0,0.6159597163721308,0.0,Medium,0.6159597163721308,1.0,0.0,0.0,Low,1.0,0.0,0.5287890528179574,0.0,Normal,0.5287890528179574,0,Acceptable
0.18525054326147686,0.4073747283692618,0.0,Normal,0.4073747283692618,0.0,0.7668212429245834,0.0,Normal,0.7668212429245834,0.0,0.6209313075064938,0.0,Normal,0.6209313075064938,0.0,0.6028664763370072,0.0,Normal,0.6028664763370072,0.05528940841911895,0.4723552957904404,0.0,Normal,0.4723552957904404,0.0,0.6202694266652661,0.0,Normal,0.6202694266652661,0.9117338746930936,0.04413306265345316,0.0,Low,0.9117338746930936,0.6905360713179353,0.1547319643410323,0.0,Low,0.6905360713179353,0.0,0.4731800766283523,0.05363984674329525,Normal,0.4731800766283523,0.0029234349908351734,0.4985382825045823,0.0,Normal,0.4985382825045823,3,Acceptable
0.15926187012312984,0.4203690649384353,0.0,Normal,0.4203690649384353,0.0,0.9595085319312756,0.0,Normal,0.9595085319312756,0.0,0.9109916139219615,0.0,Normal,0.9109916139219615,0.0,0.9347705553193563,0.0,Normal,0.9347705553193563,0.0,0.28964060815025233,0.4207187836994953,High,0.4207187836994953,0.6636474281990921,0.16817628590045391,0.0,Low,0.6636474281990921,0.0,0.44105970657295185,0.11788058685409665,Normal,0.44105970657295185,0.28684957435682107,0.35657521282158944,0.0,Medium,0.35657521282158944,0.24521072796934829,0.3773946360153258,0.0,Normal,0.3773946360153258,0.24498955110051684,0.37750522444974155,0.0,Normal,0.37750522444974155,1,Acceptable
0.0,0.9537250044714095,0.0,Normal,0.9537250044714095,0.0,0.6267212849623993,0.0,Normal,0.6267212849623993,0.0,0.30879141891536455,0.38241716216927035,Wet,0.38241716216927035,0.0,0.38882699841681134,0.22234600316637773,Normal,0.38882699841681134,0.0,0.29556499817166315,0.4088700036566737,High,0.4088700036566737,1.0,0.0,0.0,Low,1.0,0.0,0.9136325563034374,0.0,Normal,0.9136325563034374,0.0,0.21520703373651812,0.569585932526964,High,0.569585932526964,0.0,0.8563218390804601,0.0,Normal,0.8563218390804601,0.0,0.9958087164926239,0.0,Normal,0.9958087164926239,2,Poor
0.8318515819693117,0.08407420901534418,0.0,Cold,0.8318515819693117,1.0,0.0,0.0,Cold,1.0,0.0,0.7457490470474402,0.0,Normal,0.7457490470474402,0.0,0.7421138066350728,0.0,Normal,0.7421138066350728,0.0,0.5523749726897227,0.0,Normal,0.5523749726897227,0.0,0.9961804374868016,0.0,Normal,0.9961804374868016,0.0,0.9044689731513134,0.0,Normal,0.9044689731513134,1.0,0.0,0.0,Low,1.0,1.0,0.0,0.0,Low,1.0,0.0,0.19455263062116868,0.6108947387576626,High,0.6108947387576626,3,Poor
0.3059452512155102,0.3470273743922451,0.0,Normal,0.3470273743922451,0.0,0.8614632598939093,0.0,Normal,0.8614632598939093,0.0,0.6723025058541124,0.0,Normal,0.6723025058541124,0.0,0.9825737577839639,0.0,Normal,0.9825737577839639,1.0,0.0,0.0,Low,1.0,0.0,0.6456114768292736,0.0,Normal,0.6456114768292736,0.7703088605381997,0.11484556973090013,0.0,Low,0.7703088605381997,0.010854017842899171,0.49457299107855035,0.0,Medium,0.49457299107855035,0.0,0.090038314176245,0.81992337164751,High,0.81992337164751,1.0,0.0,0.0,Low,1.0,3,Acceptable
0.0,0.8731818463176643,0.0,Normal,0.8731818463176643,0.0,0.0,1.0,Hot,1.0,0.0,0.8146245146538966,0.0,Normal,0.8146245146538966,0.0,0.7232270473977777,0.0,Normal,0.7232270473977777,0.50613138638136,0.2469343068093199,0.0,Low,0.50613138638136,0.0,0.46563161818347204,0.06873676363305598,Normal,0.46563161818347204,0.0,0.7689630757968334,0.0,Normal,0.7689630757968334,0.0,0.7152811867825715,0.0,Medium,0.7152811867825715,0.0,0.37739463601532547,0.24521072796934892,Normal,0.37739463601532547,0.0,0.5585626951869922,0.0,Normal,0.5585626951869922,3,Acceptable
0.0,0.7149809576064368,0.0,Normal,0.7149809576064368,0.0,0.5407808484744973,0.0,Normal,0.5407808484744973,0.0,0.6752342109630364,0.0,Normal,0.6752342109630364,0.0,0.6141476808046582,0.0,Normal,0.6141476808046582,0.0,0.7132145024091432,0.0,Normal,0.7132145024091432,0.9091376548480988,0.04543117257595058,0.0,Low,0.9091376548480988,0.0,0.9181375942244394,0.0,Normal,0.9181375942244394,0.0,0.0,1.0,High,1.0,1.0,0.0,0.0,Low,1.0,0.26287016319246453,0.36856491840376765,0.0,Normal,0.36856491840376765,1,Acceptable
0.0,0.19729301264834162,0.6054139747033164,Hot,0.6054139747033164,0.0,0.936054433880722,0.0,Normal,0.936054433880722,0.0,0.8839240989395745,0.0,Normal,0.8839240989395745,0.0,0.9730948783409327,0.0,Normal,0.9730948783409327,0.0,0.5357126119650711,0.0,Normal,0.5357126119650711,0.0,0.780722061177561,0.0,Normal,0.780722061177561,0.0,0.2853475823792141,0.42930483524157204,High,0.42930483524157204,0.0,0.7006756910097451,0.0,Medium,0.7006756910097451,0.0,0.7605363984674332,0.0,Normal,0.7605363984674332,0.0,0.6054390205583826,0.0,Normal,0.6054390205583826,3,Acceptable
0.0,0.8752669291011912,0.0,Normal,0.8752669291011912,0.0,0.9594059908789364,0.0,Normal,0.9594059908789364,0.0,0.9600250652236173,0.0,Normal,0.9600250652236173,0.0,0.8555332010125768,0.0,Normal,0.8555332010125768,0.9796365940332068,0.010181702983396605,0.0,Low,0.9796365940332068,0.0,0.5409054806563808,0.0,Normal,0.5409054806563808,0.0,0.5234895446466372,0.0,Normal,0.5234895446466372,0.0,0.9104036022478708,0.0,Medium,0.9104036022478708,0.8199233716475094,0.09003831417624526,0.0,Low,0.8199233716475094,0.38865377054488254,0.3056731147275587,0.0,Low,0.38865377054488254,3,Good
0.0,0.5264435109478947,0.0,Normal,0.5264435109478947,0.0,0.5526218606904836,0.0,Normal,0.5526218606904836,0.0,0.8786466037047977,0.0,Normal,0.8786466037047977,0.0,0.9642450662149099,0.0,Normal,0.9642450662149099,0.0,0.8694534973256934,0.0,Normal,0.8694534973256934,0.0,0.5078927267103153,0.0,Normal,0.5078927267103153,0.0,0.9496613006005025,0.0,Normal,0.9496613006005025,1.0,0.0,0.0,Low,1.0,0.0,0.7605363984674328,0.0,Normal,0.7605363984674328,0.0,0.5497976774728304,0.0,Normal,0.5497976774728304,0,Acceptable
0.0,0.8046400699574685,0.0,Normal,0.8046400699574685,0.0,0.8250467290165293,0.0,Normal,0.8250467290165293,0.0,0.5637846806649888,0.0,Normal,0.5637846806649888,0.0,0.4631663755805387,0.07366724883892307,Normal,0.4631663755805387,0.0,0.8652507659608024,0.0,Normal,0.8652507659608024,0.838416912909211,0.08079154354539445,0.0,Low,0.838416912909211,0.0,0.7698512005031712,0.0,Normal,0.7698512005031712,0.0,0.5405542794853574,0.0,Medium,0.5405542794853574,0.0,0.8563218390804601,0.0,Normal,0.8563218390804601,0.0,0.5090335490321476,0.0,Normal,0.5090335490321476,1,Acceptable
0.0,0.7201066639561025,0.0,Normal,0.7201066639561025,0.0,0.5946101455234972,0.0,Normal,0.5946101455234972,0.0,0.8589982264967049,0.0,Normal,0.8589982264967049,0.0,0.8433097117683451,0.0,Normal,0.8433097117683451,0.0,0.5381142378543149,0.0,Normal,0.5381142378543149,0.0,0.8555485478529298,0.0,Normal,0.8555485478529298,0.0,0.5835167551912673,0.0,Normal,0.5835167551912673,0.8704769560244173,0.0647615219877913,0.0,Low,0.8704769560244173,0.0,0.7605363984674328,0.0,Normal,0.7605363984674328,0.019089574819257625,0.4904552125903711,0.0,Normal,0.4904552125903711,3,Good
0.0,0.8225390590750504,0.0,Normal,0.8225390590750504,0.0,0.3160551740346505,0.36788965193069884,Hot,0.36788965193069884,0.0,0.61180301372823,0.0,Normal,0.61180301372823,0.0,0.9214584647599663,0.0,Normal,0.9214584647599663,1.0,0.0,0.0,Low,1.0,0.0,0.21678300640814444,0.5664339871837112,High,0.5664339871837112,0.0,0.9112923794145682,0.0,Normal,0.9112923794145682,1.0,0.0,0.0,Low,1.0,1.0,0.0,0.0,Low,1.0,0.0,0.6066040994893174,0.0,Normal,0.6066040994893174,3,Good
0.0,0.7637514588352875,0.0,Normal,0.7637514588352875,0.0,0.5819005020700913,0.0,Normal,0.5819005020700913,0.0,0.26398194103911,0.47203611792177946,Wet,0.47203611792177946,0.0,0.0,1.0,Wet,1.0,0.0,0.48075338345124835,0.038493233097503285,Normal,0.48075338345124835,0.8903941808634129,0.05480290956829354,0.0,Low,0.8903941808634129,0.0,0.0,1.0,High,1.0,0.0,0.0948381981375024,0.8103236037249953,High,0.8103236037249953,0.6283524904214557,0.1858237547892721,0.0,Low,0.6283524904214557,0.0,0.7705664234058304,0.0,Normal,0.7705664234058304,2,Poor
0.0,0.616507624742796,0.0,Normal,0.616507624742796,0.0,0.8224100839743284,0.0,Normal,0.8224100839743284,0.9910157644210164,0.004492117789491817,0.0,Dry,0.9910157644210164,1.0,0.0,0.0,Dry,1.0,0.0,0.9293258965310484,0.0,Normal,0.9293258965310484,1.0,0.0,0.0,Low,1.0,1.0,0.0,0.0,Low,1.0,0.0,0.807099956440594,0.0,Medium,0.807099956440594,0.0,0.664750957854406,0.0,Normal,0.664750957854406,0.03852053861080364,0.48073973069459813,0.0,Normal,0.48073973069459813,0,Acceptable
0.0,0.8705835572889074,0.0,Normal,0.8705835572889074,0.0,0.4021170637128973,0.19576587257420525,Normal,0.4021170637128973,0.0,0.5779828093737694,0.0,Normal,0.5779828093737694,0.10832976563614773,0.445835117181926,0.0,Normal,0.445835117181926,0.6319431985913007,0.18402840070434964,0.0,Low,0.6319431985913007,0.0,0.1702923947810904,0.6594152104378191,High,0.6594152104378191,0.37427878646659196,0.312860606766704,0.0,Low,0.37427878646659196,1.0,0.0,0.0,Low,1.0,0.0,0.090038314176245,0.81992337164751,High,0.81992337164751,0.0,0.7751701260543813,0.0,Normal,0.7751701260543813,3,Good
0.0,0.37348073625380435,0.25303852749239053,Normal,0.37348073625380435,0.0,0.8591751582304935,0.0,Normal,0.8591751582304935,0.0,0.7320542766159251,0.0,Normal,0.7320542766159251,0.0,0.6831545753213268,0.0,Normal,0.6831545753213268,0.0,0.8565696973272233,0.0,Normal,0.8565696973272233,0.07654171034443874,0.4617291448277805,0.0,Normal,0.4617291448277805,0.0,0.70633541846517,0.0,Normal,0.70633541846517,0.0,0.7026774138866958,0.0,Medium,0.7026774138866958,0.0,0.9521072796934864,0.0,Normal,0.9521072796934864,0.0,0.9502433270074652,0.0,Normal,0.9502433270074652,0,Acceptable
0.0,0.08131161983550733,0.8373767603289851,Hot,0.8373767603289851,0.0,0.7060243811645341,0.0,Normal,0.7060243811645341,0.0,0.9827203919718072,0.0,Normal,0.9827203919718072,0.0,0.9510658403540582,0.0,Normal,0.9510658403540582,0.0,0.9843530941063381,0.0,Normal,0.9843530941063381,0.0,0.9487015367248017,0.0,Normal,0.9487015367248017,0.0,0.758538553225739,0.0,Normal,0.758538553225739,0.0,0.476970719231016,0.04605856153796845,Medium,0.476970719231016,0.0,0.6647509578544063,0.0,Normal,0.6647509578544063,0.0,0.5137865523510549,0.0,Normal,0.5137865523510549,0,Acceptable
0.0,0.8986246536790449,0.0,Normal,0.8986246536790449,0.2552262838557936,0.3723868580721031,0.0,Normal,0.3723868580721031,0.0,0.6572088432848653,0.0,Normal,0.6572088432848653,0.0,0.5534283845260619,0.0,Normal,0.5534283845260619,1.0,0.0,0.0,Low,1.0,0.0,0.0,1.0,High,1.0,0.0,0.7422782974491579,0.0,Normal,0.7422782974491579,0.0,0.5528001664397804,0.0,Medium,0.5528001664397804,0.0,0.0,1.0,High,1.0,0.0,0.908011226574199,0.0,Normal,0.908011226574199,3,Good
0.0,0.38970790230620594,0.22058419538758728,Normal,0.38970790230620594,0.0,0.697810665700025,0.0,Normal,0.697810665700025,0.0,0.4443126889690863,0.11137462206182654,Normal,0.4443126889690863,0.0,0.19152287817363628,0.6169542436527277,Wet,0.6169542436527277,0.4114390911027974,0.2942804544486012,0.0,Low,0.4114390911027974,0.0,0.861439262608061,0.0,Normal,0.861439262608061,0.23693991802998574,0.38153004098500715,0.0,Normal,0.38153004098500715,1.0,0.0,0.0,Low,1.0,0.0,0.8563218390804601,0.0,Normal,0.8563218390804601,0.2405008723386106,0.37974956383069464,0.0,Normal,0.37974956383069464,0,Acceptable
0.0,0.5985117055358884,0.0,Normal,0.5985117055358884,0.0,0.8090392351097615,0.0,Normal,0.8090392351097615,0.0,0.38002258370174397,0.23995483259651132,Normal,0.38002258370174397,0.0,0.0,1.0,Wet,1.0,0.0,0.8177092912790938,0.0,Normal,0.8177092912790938,0.9046088651850962,0.047695567407451865,0.0,Low,0.9046088651850962,0.3725259319006683,0.31373703404966585,0.0,Low,0.3725259319006683,0.0,0.21546614200425748,0.5690677159914853,High,0.5690677159914853,0.8199233716475094,0.09003831417624526,0.0,Low,0.8199233716475094,0.2262174312851585,0.3868912843574207,0.0,Normal,0.3868912843574207,2,Poor
0.137523007752045,0.43123849612397774,0.0,Normal,0.43123849612397774,1.0,0.0,0.0,Cold,1.0,0.0,0.12317228357501628,0.7536554328499672,Wet,0.7536554328499672,0.0,0.38270111477286717,0.23459777045426605,Normal,0.38270111477286717,0.0,0.8843713509676264,0.0,Normal,0.8843713509676264,0.6346783895374721,0.18266080523126385,0.0,Low,0.6346783895374721,0.3603905204439778,0.3198047397780111,0.0,Low,0.3603905204439778,0.0,0.0,1.0,High,1.0,0.0,0.8563218390804601,0.0,Normal,0.8563218390804601,0.0,0.09724393019400863,0.8055121396119828,High,0.8055121396119828,1,Poor
0.09350516880478732,0.45324741559760656,0.0,Normal,0.45324741559760656,0.0,0.7981434486778975,0.0,Normal,0.7981434486778975,0.0,0.8343430865990933,0.0,Normal,0.8343430865990933,0.0,0.9783900714520111,0.0,Normal,0.9783900714520111,0.0,0.6863172215228334,0.0,Normal,0.6863172215228334,0.7184719844688102,0.14076400776559483,0.0,Low,0.7184719844688102,0.0,0.47542331381135844,0.049153372377283434,Normal,0.47542331381135844,0.0,0.7714124623656644,0.0,Medium,0.7714124623656644,0.0,0.37739463601532547,0.24521072796934892,Normal,0.37739463601532547,0.0,0.7860478343923906,0.0,Normal,0.7860478343923906,1,Acceptable
0.0,0.9416374215301894,0.0,Normal,0.9416374215301894,0.0,0.9528918790955426,0.0,Normal,0.9528918790955426,0.0,0.09860822411674164,0.8027835517665165,Wet,0.8027835517665165,0.0,0.4056680647198766,0.18866387056024722,Normal,0.4056680647198766,0.0,0.7148762787358759,0.0,Normal,0.7148762787358759,0.0,0.5742542392230477,0.0,Normal,0.5742542392230477,1.0,0.0,0.0,Low,1.0,0.0,0.7763644859879995,0.0,Medium,0.7763644859879995,0.0,0.0,1.0,High,1.0,0.0,0.6263516513115177,0.0,Normal,0.6263516513115177,0,Acceptable
0.11944181915000052,0.44027909042499996,0.0,Normal,0.44027909042499996,0.0,0.9484291987888274,0.0,Normal,0.9484291987888274,0.6980104621256802,0.15099476893715996,0.0,Dry,0.6980104621256802,0.7216285731971994,0.1391857134014002,0.0,Dry,0.7216285731971994,0.29509075710927624,0.35245462144536177,0.0,Normal,0.35245462144536177,0.0,0.6912778040440407,0.0,Normal,0.6912778040440407,0.0,0.5492586411907482,0.0,Normal,0.5492586411907482,0.0,0.4798462534781319,0.0403074930437366,Medium,0.4798462534781319,0.0,0.37739463601532547,0.24521072796934892,Normal,0.37739463601532547,0.17817265251760464,0.41091367374119764,0.0,Normal,0.41091367374119764,3,Acceptable
0.0,0.8989686506044511,0.0,Normal,0.8989686506044511,0.7984865938431389,0.1007567030784305,0.0,Cold,0.7984865938431389,0.0,0.27577984296062186,0.4484403140787558,Wet,0.4484403140787558,0.0,0.0,1.0,Wet,1.0,0.0,0.8726940164555076,0.0,Normal,0.8726940164555076,0.21499842864804522,0.3925007856759773,0.0,Normal,0.3925007856759773,0.0,0.0,1.0,High,1.0,0.17848353795168798,0.41075823102415593,0.0,Medium,0.41075823102415593,0.0,0.0,1.0,High,1.0,0.0,0.0,1.0,High,1.0,1,Poor
0.0,0.5383356259975309,0.0,Normal,0.5383356259975309,0.0,0.5322633109914573,0.0,Normal,0.5322633109914573,1.0,0.0,0.0,Dry,1.0,1.0,0.0,0.0,Dry,1.0,0.0,0.9317509283392186,0.0,Normal,0.9317509283392186,0.0,0.6280506769887896,0.0,Normal,0.6280506769887896,0.0,0.684362324322101,0.0,Normal,0.684362324322101,1.0,0.0,0.0,Low,1.0,1.0,0.0,0.0,Low,1.0,0.1164788026547042,0.44176059867264783,0.0,Normal,0.44176059867264783,3,Acceptable
1.0,0.0,0.0,Cold,1.0,0.7373017624390584,0.13134911878047076,0.0,Cold,0.7373017624390584,0.5190923454220604,0.24045382728896986,0.0,Dry,0.5190923454220604,0.07407717043871792,0.4629614147806409,0.0,Normal,0.4629614147806409,0.0,0.5944512079903184,0.0,Normal,0.5944512079903184,0.0,0.6055591235451684,0.0,Normal,0.6055591235451684,0.0,0.8112816738124884,0.0,Normal,0.8112816738124884,0.0,0.6433849654669729,0.0,Medium,0.6433849654669729,1.0,0.0,0.0,Low,1.0,0.06677012100037386,0.46661493949981303,0.0,Normal,0.46661493949981303,0,Poor
0.0,0.9541852257705523,0.0,Normal,0.9541852257705523,0.0,0.0,1.0,Hot,1.0,0.0,0.97975342479949,0.0,Normal,0.97975342479949,0.0,0.8534222309973074,0.0,Normal,0.8534222309973074,0.37005200360828105,0.31497399819585936,0.0,Low,0.37005200360828105,0.0,0.6242097738696544,0.0,Normal,0.6242097738696544,0.0,0.7087512022598466,0.0,Normal,0.7087512022598466,0.9934656517066348,0.0032671741466825895,0.0,Low,0.9934656517066348,0.0,0.952107279693487,0.0,Normal,0.952107279693487,0.0,0.7159934604473832,0.0,Normal,0.7159934604473832,3,Good
0.0,0.5685358561705322,0.0,Normal,0.5685358561705322,0.0,0.5412180696468328,0.0,Normal,0.5412180696468328,0.0,0.2985632611234763,0.4028734777530468,Wet,0.4028734777530468,0.0,0.9790455484226814,0.0,Normal,0.9790455484226814,0.0,0.5349100362375871,0.0,Normal,0.5349100362375871,0.9461416989546316,0.026929150522684173,0.0,Low,0.9461416989546316,0.0,0.6893359937795748,0.0,Normal,0.6893359937795748,0.0,0.9808346936688233,0.0,Medium,0.9808346936688233,0.0,0.0,1.0,High,1.0,0.0,0.8722904318590742,0.0,Normal,0.8722904318590742,0,Acceptable
0.6353154568678202,0.18234227156609,0.0,Cold,0.6353154568678202,0.0,0.5728747026067808,0.0,Normal,0.5728747026067808,0.0,0.23679356662151513,0.5264128667569693,Wet,0.5264128667569693,0.0,0.17746329797708774,0.6450734040458247,Wet,0.6450734040458247,0.0,0.6640064382758644,0.0,Normal,0.6640064382758644,0.0,0.6610828828840781,0.0,Normal,0.6610828828840781,0.8150520497391429,0.09247397513042856,0.0,Low,0.8150520497391429,0.0,0.5776711809034492,0.0,Medium,0.5776711809034492,0.0,0.18582375478927182,0.6283524904214562,High,0.6283524904214562,0.0,0.8463925412232115,0.0,Normal,0.8463925412232115,0,Poor
0.0,0.5046255428022526,0.0,Normal,0.5046255428022526,0.0,0.8915432266469562,0.0,Normal,0.8915432266469562,0.0,0.9212148476393431,0.0,Normal,0.9212148476393431,0.0,0.8345202348872607,0.0,Normal,0.8345202348872607,0.0,0.3043247549845525,0.391350490030895,High,0.391350490030895,0.0,0.581189357425412,0.0,Normal,0.581189357425412,0.0,0.8199249411120834,0.0,Normal,0.8199249411120834,0.5551760836673931,0.2224119581663034,0.0,Low,0.5551760836673931,1.0,0.0,0.0,Low,1.0,0.4544874812045871,0.2727562593977064,0.0,Low,0.4544874812045871,3,Good
0.0,0.7132345602041879,0.0,Normal,0.7132345602041879,0.0,0.5154993338357189,0.0,Normal,0.5154993338357189,0.36515177011869676,0.3174241149406517,0.0,Dry,0.36515177011869676,0.0,0.5906481931854572,0.0,Normal,0.5906481931854572,1.0,0.0,0.0,Low,1.0,0.0,0.523595823202715,0.0,Normal,0.523595823202715,0.1758842838172658,0.4120578580913671,0.0,Normal,0.4120578580913671,0.0,0.6716997633157621,0.0,Medium,0.6716997633157621,0.0,0.5689655172413794,0.0,Normal,0.5689655172413794,0.28418839874400337,0.35790580062799826,0.0,Normal,0.35790580062799826,3,Good
0.0,0.7092198575605985,0.0,Normal,0.7092198575605985,0.0,0.7918006617163332,0.0,Normal,0.7918006617163332,0.0,0.36652338760617753,0.2669532247876442,Normal,0.36652338760617753,0.0,0.20769441885505274,0.5846111622898947,Wet,0.5846111622898947,0.0,0.9025150222724487,0.0,Normal,0.9025150222724487,0.0,0.9758317953474781,0.0,Normal,0.9758317953474781,0.08492495166580773,0.45753752416709614,0.0,Normal,0.45753752416709614,0.32726027414283865,0.3363698629285806,0.0,Medium,0.3363698629285806,0.0,0.2816091954022987,0.4367816091954026,High,0.4367816091954026,0.0,0.8164290176487825,0.0,Normal,0.8164290176487825,0,Acceptable
0.0,0.572463205733862,0.0,Normal,0.572463205733862,0.0,0.8239123144491864,0.0,Normal,0.8239123144491864,0.4159977738812245,0.2920011130593878,0.0,Dry,0.4159977738812245,0.24419501833027155,0.3779024908348641,0.0,Normal,0.3779024908348641,0.04610406666246134,0.4769479666687692,0.0,Normal,0.4769479666687692,0.0,0.8328048695671897,0.0,Normal,0.8328048695671897,0.0,0.7552726584996434,0.0,Normal,0.7552726584996434,0.16333417198047662,0.41833291400976164,0.0,Medium,0.41833291400976164,1.0,0.0,0.0,Low,1.0,0.010240633675544553,0.49487968316222763,0.0,Normal,0.49487968316222763,3,Good
0.0,0.48342215080901496,0.03315569838196906,Normal,0.48342215080901496,0.0,0.7394932789044948,0.0,Normal,0.7394932789044948,0.0,0.6894169619382183,0.0,Normal,0.6894169619382183,0.0,0.6652574273330651,0.0,Normal,0.6652574273330651,0.0,0.8860963964182044,0.0,Normal,0.8860963964182044,0.24770961544094666,0.3761451922795266,0.0,Normal,0.3761451922795266,0.0,0.7232566099981835,0.0,Normal,0.7232566099981835,0.0,0.5887539955977641,0.0,Medium,0.5887539955977641,0.0,0.4731800766283523,0.05363984674329525,Normal,0.4731800766283523,0.0,0.9879589389070641,0.0,Normal,0.9879589389070641,0,Acceptable
0.0,0.0,1.0,Hot,1.0,0.0,0.7661045715714295,0.0,Normal,0.7661045715714295,0.0,0.46553911538762527,0.06892176922474852,Normal,0.46553911538762527,0.0,0.3442859042992816,0.3114281914014371,Normal,0.3442859042992816,0.0,0.7394079081245241,0.0,Normal,0.7394079081245241,0.4794960451984613,0.2602519774007693,0.0,Low,0.4794960451984613,0.0,0.7689955736609594,0.0,Normal,0.7689955736609594,0.0,0.8491008238137613,0.0,Medium,0.8491008238137613,0.0,0.0,1.0,High,1.0,0.0,0.09573366253015544,0.8085326749396891,High,0.8085326749396891,1,Poor
0.0,0.729481060327383,0.0,Normal,0.729481060327383,0.0,0.7205015381763767,0.0,Normal,0.7205015381763767,0.0,0.6905953513585024,0.0,Normal,0.6905953513585024,0.0,0.8209302830148086,0.0,Normal,0.8209302830148086,0.0,0.6483514407455884,0.0,Normal,0.6483514407455884,0.2864143123263775,0.35679284383681115,0.0,Normal,0.35679284383681115,0.0,0.5443084863580735,0.0,Normal,0.5443084863580735,0.0,0.580997453532482,0.0,Medium,0.580997453532482,0.0,0.0,1.0,High,1.0,0.0,0.7314485270939192,0.0,Normal,0.7314485270939192,0,Acceptable
0.0,0.6929305939714704,0.0,Normal,0.6929305939714704,0.0,0.793319889192822,0.0,Normal,0.793319889192822,0.3468304990162829,0.32658475049185864,0.0,Dry,0.3468304990162829,0.7115273776447069,0.14423631117764654,0.0,Dry,0.7115273776447069,1.0,0.0,0.0,Low,1.0,0.0,0.48676073261054403,0.026478534778911888,Normal,0.48676073261054403,0.0,0.5461082206779638,0.0,Normal,0.5461082206779638,0.18623913919445498,0.40688043040277244,0.0,Medium,0.40688043040277244,0.0,0.0,1.0,High,1.0,0.8001730285128836,0.09991348574355817,0.0,Low,0.8001730285128836,3,Good
0.0,0.43789467681148786,0.1242106463770233,Normal,0.43789467681148786,0.0,0.802634816879493,0.0,Normal,0.802634816879493,0.0,0.43209670807817235,0.13580658384365446,Normal,0.43209670807817235,0.0,0.16221297416284366,0.6755740516743128,Wet,0.6755740516743128,0.0,0.0,1.0,High,1.0,0.8481309300640273,0.07593453496798633,0.0,Low,0.8481309300640273,0.0,0.5234916480321218,0.0,Normal,0.5234916480321218,0.0,0.7314841375699872,0.0,Medium,0.7314841375699872,0.0,0.18582375478927182,0.6283524904214562,High,0.6283524904214562,0.0,0.6438427472104947,0.0,Normal,0.6438427472104947,1,Acceptable
0.03262555597584442,0.48368722201207803,0.0,Normal,0.48368722201207803,0.0,0.696409279880931,0.0,Normal,0.696409279880931,0.0,0.474096253463761,0.05180749307247713,Normal,0.474096253463761,0.0,0.23204004846894505,0.5359199030621101,Wet,0.5359199030621101,0.0,0.8299525626948576,0.0,Normal,0.8299525626948576,0.8387592788281442,0.08062036058592789,0.0,Low,0.8387592788281442,0.0,0.8854460027191072,0.0,Normal,0.8854460027191072,0.0,0.9249019571438598,0.0,Medium,0.9249019571438598,0.8199233716475094,0.09003831417624526,0.0,Low,0.8199233716475094,0.0,0.7081134771753828,0.0,Normal,0.7081134771753828,1,Acceptable
0.0,0.27454964701796836,0.4509007059640627,Hot,0.4509007059640627,0.0,0.24464836822347238,0.5107032635530551,Hot,0.5107032635530551,0.0,0.7346226907978813,0.0,Normal,0.7346226907978813,0.0,0.8333846710548045,0.0,Normal,0.8333846710548045,0.0,0.9722389649633514,0.0,Normal,0.9722389649633514,0.0,0.7554796276902115,0.0,Normal,0.7554796276902115,0.0,0.8428140975632123,0.0,Normal,0.8428140975632123,0.0,0.8040356905376147,0.0,Medium,0.8040356905376147,0.0,0.18582375478927182,0.6283524904214562,High,0.6283524904214562,0.0,0.5491880301085792,0.0,Normal,0.5491880301085792,0,Acceptable
0.0,0.862407511237918,0.0,Normal,0.862407511237918,0.0,0.0,1.0,Hot,1.0,0.0,0.697679014649768,0.0,Normal,0.697679014649768,0.0,0.3432571567987224,0.31348568640255553,Normal,0.3432571567987224,0.0,0.44012048809351834,0.1197590238129633,Normal,0.44012048809351834,0.8130715540737523,0.0934642229631238,0.0,Low,0.8130715540737523,0.0,0.8228267200090053,0.0,Normal,0.8228267200090053,0.0,0.879623926183054,0.0,Medium,0.879623926183054,1.0,0.0,0.0,Low,1.0,0.0,0.3375917978902967,0.3248164042194066,Normal,0.3375917978902967,1,Acceptable
0.0,0.51329784019449,0.0,Normal,0.51329784019449,0.0,0.9214719671292902,0.0,Normal,0.9214719671292902,0.0,0.6578141913819101,0.0,Normal,0.6578141913819101,0.0,0.601234113842302,0.0,Normal,0.601234113842302,0.5264219547059551,0.23678902264702237,0.0,Low,0.5264219547059551,0.0,0.609892171889613,0.0,Normal,0.609892171889613,0.0,0.29161039584166903,0.41677920831666215,High,0.41677920831666215,0.0,0.6986537290273671,0.0,Medium,0.6986537290273671,0.0,0.090038314176245,0.81992337164751,High,0.81992337164751,0.09836691518395856,0.45081654240802066,0.0,Normal,0.45081654240802066,3,Good
0.0,0.1552113835251407,0.6895772329497183,Hot,0.6895772329497183,0.0,0.7605222493648894,0.0,Normal,0.7605222493648894,0.0,0.0,1.0,Wet,1.0,0.0,0.0,1.0,Wet,1.0,0.0,0.988095510031272,0.0,Normal,0.988095510031272,0.0,0.6147456198333849,0.0,Normal,0.6147456198333849,0.021100748030453167,0.48944962598477343,0.0,Normal,0.48944962598477343,0.46746834459414127,0.26626582770292934,0.0,Low,0.46746834459414127,0.0,0.0,1.0,High,1.0,0.0,0.5714721596949632,0.0,Normal,0.5714721596949632,0,Poor
0.0,0.74120823725785,0.0,Normal,0.74120823725785,0.0,0.05846802906992392,0.8830639418601521,Hot,0.8830639418601521,0.0,0.9727012732200069,0.0,Normal,0.9727012732200069,0.0,0.2657786089001322,0.46844278219973573,Wet,0.46844278219973573,0.0,0.9586932865113165,0.0,Normal,0.9586932865113165,0.0,0.9576942658286579,0.0,Normal,0.9576942658286579,0.0,0.8029786166379518,0.0,Normal,0.8029786166379518,0.0,0.993672457365317,0.0,Medium,0.993672457365317,1.0,0.0,0.0,Low,1.0,0.0,0.8754336048657552,0.0,Normal,0.8754336048657552,0,Acceptable
0.0,0.4001437577672668,0.19971248446546555,Normal,0.4001437577672668,0.0,0.8317184061533048,0.0,Normal,0.8317184061533048,0.0,0.7990703256154613,0.0,Normal,0.7990703256154613,0.0,0.6406488007339072,0.0,Normal,0.6406488007339072,0.0,0.6879100753648965,0.0,Normal,0.6879100753648965,0.9214241810747362,0.039287909462631866,0.0,Low,0.9214241810747362,0.18768761937233597,0.40615619031383204,0.0,Normal,0.40615619031383204,0.0,0.9756541452333883,0.0,Medium,0.9756541452333883,0.0,0.0,1.0,High,1.0,0.0,0.655079852214743,0.0,Normal,0.655079852214743,0,Acceptable
0.0,0.8978785634497864,0.0,Normal,0.8978785634497864,0.0,0.8758932601801925,0.0,Normal,0.8758932601801925,0.8497636371446512,0.0751181814276744,0.0,Dry,0.8497636371446512,0.04434946580478317,0.47782526709760825,0.0,Normal,0.47782526709760825,0.6219354873265401,0.18903225633672985,0.0,Low,0.6219354873265401,0.0,0.011816963973128876,0.9763660720537423,High,0.9763660720537423,0.0,0.5313933019072677,0.0,Normal,0.5313933019072677,0.0,0.894411193795636,0.0,Medium,0.894411193795636,1.0,0.0,0.0,Low,1.0,0.5206954659673502,0.23965226701632486,0.0,Low,0.5206954659673502,3,Acceptable
0.0,0.5469644910031003,0.0,Normal,0.5469644910031003,0.0,0.22231188831098053,0.5553762233780388,Hot,0.5553762233780388,0.0,0.9180385899389946,0.0,Normal,0.9180385899389946,0.0,0.9367449983199101,0.0,Normal,0.9367449983199101,0.0,0.9865709224206871,0.0,Normal,0.9865709224206871,0.13070715773246372,0.434646421133768,0.0,Normal,0.434646421133768,0.0,0.9912431105893128,0.0,Normal,0.9912431105893128,0.0,0.6084063034501708,0.0,Medium,0.6084063034501708,0.6283524904214557,0.1858237547892721,0.0,Low,0.6283524904214557,0.0,0.31886958848661967,0.36226082302676066,High,0.36226082302676066,1,Poor
0.0,0.16256025161335683,0.674879496773286,Hot,0.674879496773286,0.0,0.6368265068557661,0.0,Normal,0.6368265068557661,0.0,0.6511577825421496,0.0,Normal,0.6511577825421496,0.0,0.5785148700734067,0.0,Normal,0.5785148700734067,0.0,0.7582365265783247,0.0,Normal,0.7582365265783247,0.0,0.5905904702168981,0.0,Normal,0.5905904702168981,0.0,0.8534913523130883,0.0,Normal,0.8534913523130883,0.0,0.8804087225529525,0.0,Medium,0.8804087225529525,0.0,0.0,1.0,High,1.0,0.0,0.39329932504595067,0.2134013499080987,Normal,0.39329932504595067,0,Poor
0.0,0.4307299503818439,0.13854009923631128,Normal,0.4307299503818439,0.0,0.6843047833381802,0.0,Normal,0.6843047833381802,0.0,0.9618980680327461,0.0,Normal,0.9618980680327461,0.0,0.46867314513905334,0.06265370972189381,Normal,0.46867314513905334,0.0,0.8607221288309539,0.0,Normal,0.8607221288309539,0.2630260577668554,0.3684869711165722,0.0,Normal,0.3684869711165722,0.0,0.5012250785674864,0.0,Normal,0.5012250785674864,0.0,0.4644895956018318,0.07102080879633686,Medium,0.4644895956018318,0.6283524904214557,0.1858237547892721,0.0,Low,0.6283524904214557,0.10748610462002377,0.4462569476899881,0.0,Normal,0.4462569476899881,1,Acceptable
0.8070961919275054,0.09645190403624737,0.0,Cold,0.8070961919275054,0.0,0.7740679665356397,0.0,Normal,0.7740679665356397,0.0,0.2552429397126699,0.48951412057465965,Wet,0.48951412057465965,0.0,0.0,1.0,Wet,1.0,0.0,0.6362682529301282,0.0,Normal,0.6362682529301282,0.8734455271812338,0.06327723640938308,0.0,Low,0.8734455271812338,0.0,0.8874829520615354,0.0,Normal,0.8874829520615354,0.0,0.9050571433417495,0.0,Medium,0.9050571433417495,1.0,0.0,0.0,Low,1.0,0.4068680892565163,0.2965659553717418,0.0,Low,0.4068680892565163,1,Poor
0.03224780715075334,0.4838760964246236,0.0,Normal,0.4838760964246236,0.0,0.5105356990701038,0.0,Normal,0.5105356990701038,0.0,0.6716473291284738,0.0,Normal,0.6716473291284738,0.39893098793339293,0.30053450603330345,0.0,Dry,0.39893098793339293,0.0772656790152449,0.4613671604923774,0.0,Normal,0.4613671604923774,0.0,0.6641188777692754,0.0,Normal,0.6641188777692754,0.20893711587083866,0.3955314420645807,0.0,Normal,0.3955314420645807,0.9768232891881654,0.011588355405917274,0.0,Low,0.9768232891881654,0.0,0.0,1.0,High,1.0,0.0,0.9584899820668119,0.0,Normal,0.9584899820668119,0,Acceptable
0.0,0.6513428849949137,0.0,Normal,0.6513428849949137,0.0,0.9199496376585286,0.0,Normal,0.9199496376585286,0.0,0.6000561697733129,0.0,Normal,0.6000561697733129,0.0,0.9572103586121927,0.0,Normal,0.9572103586121927,0.0,0.2698346205651324,0.4603307588697351,High,0.4603307588697351,0.0,0.5754436542176073,0.0,Normal,0.5754436542176073,0.19602346805751938,0.4019882659712403,0.0,Normal,0.4019882659712403,0.8625099688191303,0.06874501559043482,0.0,Low,0.8625099688191303,0.0,0.37739463601532547,0.24521072796934892,Normal,0.37739463601532547,0.0,0.6273495913144063,0.0,Normal,0.6273495913144063,0,Acceptable
0.0,0.43743605867410973,0.12512788265177963,Normal,0.43743605867410973,0.0,0.8555598371470493,0.0,Normal,0.8555598371470493,0.0,0.9696518258902869,0.0,Normal,0.9696518258902869,0.0,0.6773246616902169,0.0,Normal,0.6773246616902169,0.0,0.3435260506710471,0.3129478986579059,Normal,0.3435260506710471,0.45534445901147563,0.2723277704942621,0.0,Low,0.45534445901147563,0.0,0.0,1.0,High,1.0,0.0,0.5045315621385161,0.0,Medium,0.5045315621385161,0.24521072796934829,0.3773946360153258,0.0,Normal,0.3773946360153258,0.0,0.5481553557829982,0.0,Normal,0.5481553557829982,0,Acceptable
0.2160914449681188,0.3919542775159408,0.0,Normal,0.3919542775159408,0.0,0.9709658916358896,0.0,Normal,0.9709658916358896,0.0,0.7583032101612823,0.0,Normal,0.7583032101612823,0.0,0.5955046384082491,0.0,Normal,0.5955046384082491,0.4232277868953054,0.28838610655234725,0.0,Low,0.4232277868953054,0.0,0.07961498335492039,0.8407700332901592,High,0.8407700332901592,0.0,0.9632160878881693,0.0,Normal,0.9632160878881693,0.0,0.9163399090871247,0.0,Medium,0.9163399090871247,0.0,0.0,1.0,High,1.0,0.20277791404936846,0.39861104297531574,0.0,Normal,0.39861104297531574,3,Acceptable
0.0,0.9478608270039598,0.0,Normal,0.9478608270039598,0.0,0.13367221624929004,0.7326555675014198,Hot,0.7326555675014198,0.0,0.7825773880557811,0.0,Normal,0.7825773880557811,0.0,0.8194256266217657,0.0,Normal,0.8194256266217657,0.9607727677859161,0.019613616107041935,0.0,Low,0.9607727677859161,0.0,0.5738917896824742,0.0,Normal,0.5738917896824742,0.0,0.03531792900292253,0.929364141994155,High,0.929364141994155,0.0,0.9085270854186879,0.0,Medium,0.9085270854186879,0.0,0.37739463601532547,0.24521072796934892,Normal,0.37739463601532547,0.0,0.9357710530070257,0.0,Normal,0.9357710530070257,3,Acceptable
0.0,0.6023245766267508,0.0,Normal,0.6023245766267508,0.0,0.5121654400298429,0.0,Normal,0.5121654400298429,0.0,0.24433865501635035,0.5113226899672988,Wet,0.5113226899672988,0.0,0.3219455249774069,0.3561089500451865,Wet,0.3561089500451865,0.38518198107422463,0.3074090094628876,0.0,Low,0.38518198107422463,0.0,0.6041557513710656,0.0,Normal,0.6041557513710656,0.06527641066460049,0.4673617946676998,0.0,Normal,0.4673617946676998,1.0,0.0,0.0,Low,1.0,0.0,0.5689655172413791,0.0,Normal,0.5689655172413791,0.0,0.8037335192279262,0.0,Normal,0.8037335192279262,3,Good
0.2942575892009746,0.3528712053995129,0.0,Normal,0.3528712053995129,0.0,0.8777698884828405,0.0,Normal,0.8777698884828405,0.6417290612371576,0.17913546938142125,0.0,Dry,0.6417290612371576,0.5861309131611334,0.20693454341943324,0.0,Dry,0.5861309131611334,0.0,0.703593920720093,0.0,Normal,0.703593920720093,0.0,0.6801634930560452,0.0,Normal,0.6801634930560452,0.0,0.5996037753730689,0.0,Normal,0.5996037753730689,1.0,0.0,0.0,Low,1.0,0.0,0.952107279693487,0.0,Normal,0.952107279693487,0.1970106276387624,0.40149468618061873,0.0,Normal,0.40149468618061873,3,Acceptable
0.7466296556602637,0.12668517216986822,0.0,Cold,0.7466296556602637,0.0,0.676925658404544,0.0,Normal,0.676925658404544,0.0,0.139033451762179,0.7219330964756417,Wet,0.7219330964756417,0.0,0.05135052754704889,0.8972989449059022,Wet,0.8972989449059022,0.0,0.3939720234359189,0.21205595312816217,Normal,0.3939720234359189,0.5495802200638598,0.2252098899680701,0.0,Low,0.5495802200638598,0.0,0.5056285381709681,0.0,Normal,0.5056285381709681,0.0,0.8201070657799385,0.0,Medium,0.8201070657799385,0.0,0.7605363984674332,0.0,Normal,0.7605363984674332,0.0,0.9784049668234918,0.0,Normal,0.9784049668234918,1,Poor
0.0,0.38624712365983016,0.22750575268033885,Normal,0.38624712365983016,0.0,0.8718487389441636,0.0,Normal,0.8718487389441636,0.0,0.6876674902439722,0.0,Normal,0.6876674902439722,0.0,0.6413732406941152,0.0,Normal,0.6413732406941152,0.5475934183621083,0.2262032908189458,0.0,Low,0.5475934183621083,0.0,0.5241604334182152,0.0,Normal,0.5241604334182152,0.0,0.8065477793073985,0.0,Normal,0.8065477793073985,1.0,0.0,0.0,Low,1.0,0.0,0.7605363984674328,0.0,Normal,0.7605363984674328,0.0,0.7165456450823559,0.0,Normal,0.7165456450823559,3,Good
0.0,0.608581170165199,0.0,Normal,0.608581170165199,0.0,0.5824288387887081,0.0,Normal,0.5824288387887081,0.0,0.6566789063767259,0.0,Normal,0.6566789063767259,0.0,0.3512365842076166,0.29752683158476706,Normal,0.3512365842076166,0.0,0.6999138717665596,0.0,Normal,0.6999138717665596,0.0,0.6160856558203583,0.0,Normal,0.6160856558203583,0.005879318014399684,0.49706034099280016,0.0,Normal,0.49706034099280016,0.0,0.9992269005730122,0.0,Medium,0.9992269005730122,0.0,0.952107279693487,0.0,Normal,0.952107279693487,0.0,0.9335857668739548,0.0,Normal,0.9335857668739548,0,Acceptable
0.0,0.9760561108996486,0.0,Normal,0.9760561108996486,0.0,0.5250024843987268,0.0,Normal,0.5250024843987268,0.0,0.29813778569154403,0.4037244286169114,Wet,0.4037244286169114,0.0,0.24925314804127904,0.5014937039174421,Wet,0.5014937039174421,0.0,0.42046156161706943,0.15907687676586116,Normal,0.42046156161706943,1.0,0.0,0.0,Low,1.0,0.0,0.7371215758184954,0.0,Normal,0.7371215758184954,0.0,0.684929789852602,0.0,Medium,0.684929789852602,0.0,0.8563218390804601,0.0,Normal,0.8563218390804601,0.0,0.6820340853123015,0.0,Normal,0.6820340853123015,0,Acceptable
0.0,0.2943196978247089,0.4113606043505815,Hot,0.4113606043505815,0.0,0.6569613500060748,0.0,Normal,0.6569613500060748,0.0,0.9668150142284813,0.0,Normal,0.9668150142284813,0.0,0.7524906049676365,0.0,Normal,0.7524906049676365,0.0,0.5926915833510356,0.0,Normal,0.5926915833510356,1.0,0.0,0.0,Low,1.0,0.0,0.7379677411461226,0.0,Normal,0.7379677411461226,0.3136724929219591,0.3431637535390204,0.0,Medium,0.3431637535390204,0.0,0.0,1.0,High,1.0,0.0905423919987294,0.45472880400063526,0.0,Normal,0.45472880400063526,3,Acceptable
0.0,0.6716384290415315,0.0,Normal,0.6716384290415315,0.0,0.17267545181547755,0.6546490963690448,Hot,0.6546490963690448,0.0,0.6022212715493275,0.0,Normal,0.6022212715493275,0.0,0.2870854639827327,0.42582907203453485,Wet,0.42582907203453485,0.0,0.9272922073845358,0.0,Normal,0.9272922073845358,0.0,0.5457867002753991,0.0,Normal,0.5457867002753991,0.0,0.9737345268418937,0.0,Normal,0.9737345268418937,0.0,0.938956831197552,0.0,Medium,0.938956831197552,0.0,0.0,1.0,High,1.0,0.0,0.9134062874607839,0.0,Normal,0.9134062874607839,1,Acceptable
0.8740517870950775,0.06297410645246132,0.0,Cold,0.8740517870950775,0.3211594061867152,0.3394202969066423,0.0,Normal,0.3394202969066423,0.0,0.8802079031372032,0.0,Normal,0.8802079031372032,0.0,0.5865200978059307,0.0,Normal,0.5865200978059307,0.0,0.020094674580151368,0.9598106508396973,High,0.9598106508396973,1.0,0.0,0.0,Low,1.0,0.0,0.8539386530749127,0.0,Normal,0.8539386530749127,0.0,0.5499172894383697,0.0,Medium,0.5499172894383697,0.8199233716475094,0.09003831417624526,0.0,Low,0.8199233716475094,0.0,0.5948651968229368,0.0,Normal,0.5948651968229368,1,Poor
0.46783072455129887,0.2660846377243507,0.0,Cold,0.46783072455129887,0.0,0.9887545058040139,0.0,Normal,0.9887545058040139,0.0,0.7708370363784826,0.0,Normal,0.7708370363784826,0.0,0.4213207525543296,0.1573584948913412,Normal,0.4213207525543296,0.0,0.9260651624932689,0.0,Normal,0.9260651624932689,0.0,0.7884966979984824,0.0,Normal,0.7884966979984824,0.0,0.95392131727742,0.0,Normal,0.95392131727742,0.0,0.5944378625732587,0.0,Medium,0.5944378625732587,1.0,0.0,0.0,Low,1.0,0.37871988589486777,0.3106400570525661,0.0,Low,0.37871988589486777,3,Acceptable
0.0,0.9957834647826131,0.0,Normal,0.9957834647826131,0.25153343236324954,0.3742332838183751,0.0,Normal,0.3742332838183751,0.0,0.8044955074091537,0.0,Normal,0.8044955074091537,0.0,0.8297698568668477,0.0,Normal,0.8297698568668477,0.0,0.15687044645114429,0.6862591070977114,High,0.6862591070977114,0.8731405872536813,0.06342970637315935,0.0,Low,0.8731405872536813,0.0,0.6156118794873269,0.0,Normal,0.6156118794873269,0.0,0.9588150307799878,0.0,Medium,0.9588150307799878,0.0,0.0,1.0,High,1.0,0.0,0.3756696075414649,0.24866078491707017,Normal,0.3756696075414649,1,Poor
0.0,0.8007192295164949,0.0,Normal,0.8007192295164949,0.0,0.9792746138976103,0.0,Normal,0.9792746138976103,0.0,0.7877848527355212,0.0,Normal,0.7877848527355212,0.0,0.6420637225508266,0.0,Normal,0.6420637225508266,0.0,0.665181821077147,0.0,Normal,0.665181821077147,0.7870664406759207,0.10646677966203963,0.0,Low,0.7870664406759207,0.0,0.528451579708959,0.0,Normal,0.528451579708959,0.6033593480234726,0.19832032598826366,0.0,Low,0.6033593480234726,1.0,0.0,0.0,Low,1.0,0.3987043816830916,0.3006478091584542,0.0,Low,0.3987043816830916,1,Acceptable
0.0,0.5725499013430042,0.0,Normal,0.5725499013430042,0.0,0.37504902840248616,0.24990194319502754,Normal,0.37504902840248616,0.0,0.7075844212672485,0.0,Normal,0.7075844212672485,0.0,0.9982139696048248,0.0,Normal,0.9982139696048248,0.0,0.8080796354140012,0.0,Normal,0.8080796354140012,0.0,0.5602315732174935,0.0,Normal,0.5602315732174935,1.0,0.0,0.0,Low,1.0,1.0,0.0,0.0,Low,1.0,1.0,0.0,0.0,Low,1.0,0.0,0.5020502529883557,0.0,Normal,0.5020502529883557,0,Acceptable
0.5872461825272958,0.2063769087363522,0.0,Cold,0.5872461825272958,0.0,0.9008157995038168,0.0,Normal,0.9008157995038168,0.0,0.6998087561495236,0.0,Normal,0.6998087561495236,0.0,0.9458204697896855,0.0,Normal,0.9458204697896855,0.0,0.9028962641459847,0.0,Normal,0.9028962641459847,0.0,0.5088509313103639,0.0,Normal,0.5088509313103639,0.0,0.41979926647382815,0.160401467052344,Normal,0.41979926647382815,0.0,0.45002775323192773,0.09994449353614501,Medium,0.45002775323192773,0.6283524904214557,0.1858237547892721,0.0,Low,0.6283524904214557,0.34736596718447976,0.32631701640776006,0.0,Low,0.34736596718447976,1,Poor
0.0,0.873925616948924,0.0,Normal,0.873925616948924,0.0,0.6978964018775332,0.0,Normal,0.6978964018775332,0.0,0.8355306185281961,0.0,Normal,0.8355306185281961,0.0,0.8421326424846766,0.0,Normal,0.8421326424846766,0.0,0.5017616219306881,0.0,Normal,0.5017616219306881,0.0,0.5421114629001645,0.0,Normal,0.5421114629001645,0.0,0.717170243556134,0.0,Normal,0.717170243556134,1.0,0.0,0.0,Low,1.0,0.0,0.2816091954022987,0.4367816091954026,High,0.4367816091954026,0.018050857122768854,0.4909745714386155,0.0,Normal,0.4909745714386155,0,Acceptable
0.0,0.5402450256374647,0.0,Normal,0.5402450256374647,0.0,0.9219683196309392,0.0,Normal,0.9219683196309392,0.0,0.7238432406659299,0.0,Normal,0.7238432406659299,0.0,0.3965310503598229,0.2069378992803546,Normal,0.3965310503598229,0.0,0.4144612943944784,0.17107741121104328,Normal,0.4144612943944784,0.7456594396391426,0.12717028018042867,0.0,Low,0.7456594396391426,0.0973351027762321,0.45133244861188393,0.0,Normal,0.45133244861188393,0.0,0.6992834069286336,0.0,Medium,0.6992834069286336,0.0,0.6647509578544063,0.0,Normal,0.6647509578544063,0.0,0.7989738171920693,0.0,Normal,0.7989738171920693,1,Acceptable
0.0,0.28751564548049113,0.4249687090390171,Hot,0.4249687090390171,0.0,0.9406002389580095,0.0,Normal,0.9406002389580095,0.0,0.8790361005556632,0.0,Normal,0.8790361005556632,0.0,0.9153751303987754,0.0,Normal,0.9153751303987754,0.0,0.7071296426228135,0.0,Normal,0.7071296426228135,0.0,0.4374275231707688,0.12514495365846248,Normal,0.4374275231707688,0.0,0.707733121111556,0.0,Normal,0.707733121111556,1.0,0.0,0.0,Low,1.0,0.0,0.2816091954022987,0.4367816091954026,High,0.4367816091954026,0.0,0.6615617820415237,0.0,Normal,0.6615617820415237,3,Acceptable
0.0,0.7491524931484052,0.0,Normal,0.7491524931484052,0.0,0.7511946988085771,0.0,Normal,0.7511946988085771,0.0,0.9566324204523475,0.0,Normal,0.9566324204523475,0.0,0.8910769284243961,0.0,Normal,0.8910769284243961,0.37892930901487454,0.3105353454925626,0.0,Low,0.37892930901487454,0.0,0.9951525079825954,0.0,Normal,0.9951525079825954,0.0,0.7698934994689591,0.0,Normal,0.7698934994689591,0.0,0.7052320283989536,0.0,Medium,0.7052320283989536,1.0,0.0,0.0,Low,1.0,0.3737564837024441,0.3131217581487779,0.0,Low,0.3737564837024441,0,Acceptable
0.0,0.8114032545441111,0.0,Normal,0.8114032545441111,0.0,0.8001745129812367,0.0,Normal,0.8001745129812367,0.0,0.5119075432514802,0.0,Normal,0.5119075432514802,0.0,0.579753481480388,0.0,Normal,0.579753481480388,0.0,0.9182203948628701,0.0,Normal,0.9182203948628701,0.0,0.8448124764545879,0.0,Normal,0.8448124764545879,0.0,0.28572905490788014,0.42854189018423994,High,0.42854189018423994,0.0,0.5183042026067923,0.0,Medium,0.5183042026067923,0.0,0.5689655172413791,0.0,Normal,0.5689655172413791,0.0,0.5219857307180465,0.0,Normal,0.5219857307180465,0,Acceptable
0.0,0.7487954060972243,0.0,Normal,0.7487954060972243,0.0,0.5310592206114388,0.0,Normal,0.5310592206114388,0.0,0.8213467761545432,0.0,Normal,0.8213467761545432,0.0,0.4405714230603372,0.11885715387932601,Normal,0.4405714230603372,0.0,0.8154682916031544,0.0,Normal,0.8154682916031544,0.0,0.7666516354067218,0.0,Normal,0.7666516354067218,0.0,0.9897040814973265,0.0,Normal,0.9897040814973265,0.0,0.8424918651293584,0.0,Medium,0.8424918651293584,1.0,0.0,0.0,Low,1.0,0.0,0.656129581744973,0.0,Normal,0.656129581744973,0,Good
0.2943413772214844,0.352829311389258,0.0,Normal,0.352829311389258,0.0,0.8128932871485539,0.0,Normal,0.8128932871485539,0.0,0.5558207800848382,0.0,Normal,0.5558207800848382,0.0,0.9056257040916673,0.0,Normal,0.9056257040916673,0.8472111597446639,0.07639442012766805,0.0,Low,0.8472111597446639,0.0,0.5989807878783837,0.0,Normal,0.5989807878783837,0.0990786475938168,0.4504606762030916,0.0,Normal,0.4504606762030916,1.0,0.0,0.0,Low,1.0,0.0,0.5689655172413791,0.0,Normal,0.5689655172413791,0.23314432691572473,0.3834278365421376,0.0,Normal,0.3834278365421376,3,Acceptable
0.0,0.2868154865204924,0.42636902695901463,Hot,0.42636902695901463,0.0,0.7620756405649306,0.0,Normal,0.7620756405649306,0.0,0.9004454350428757,0.0,Normal,0.9004454350428757,0.0,0.7741403249454657,0.0,Normal,0.7741403249454657,0.0,0.1661883979623324,0.6676232040753352,High,0.6676232040753352,0.93897925433105,0.030510372834474983,0.0,Low,0.93897925433105,0.0,0.7085598408841943,0.0,Normal,0.7085598408841943,0.6183972512258034,0.1908013743870983,0.0,Low,0.6183972512258034,0.0,0.0,1.0,High,1.0,0.0,0.7344852054065482,0.0,Normal,0.7344852054065482,0,Acceptable
0.04958107471784502,0.4752094626410778,0.0,Normal,0.4752094626410778,0.0,0.33556952011007596,0.32886095977984786,Normal,0.33556952011007596,0.0,0.7380253787818449,0.0,Normal,0.7380253787818449,0.2155567872453126,0.39222160637734355,0.0,Normal,0.39222160637734355,0.08780044460861398,0.4560997776956929,0.0,Normal,0.4560997776956929,0.0,0.7940294768084653,0.0,Normal,0.7940294768084653,0.0,0.9455390990492006,0.0,Normal,0.9455390990492006,0.0,0.6884346330297069,0.0,Medium,0.6884346330297069,0.0,0.2816091954022987,0.4367816091954026,High,0.4367816091954026,0.0,0.7556473847826043,0.0,Normal,0.7556473847826043,3,Acceptable
0.0,0.514245934947933,0.0,Normal,0.514245934947933,0.0,0.0,1.0,Hot,1.0,1.0,0.0,0.0,Dry,1.0,1.0,0.0,0.0,Dry,1.0,0.554281702059593,0.2228591489702034,0.0,Low,0.554281702059593,0.0,0.8269739811347052,0.0,Normal,0.8269739811347052,0.0,0.8835835547736589,0.0,Normal,0.8835835547736589,0.0,0.5397012216307323,0.0,Medium,0.5397012216307323,0.0,0.664750957854406,0.0,Normal,0.664750957854406,0.0,0.8014955009814292,0.0,Normal,0.8014955009814292,3,Acceptable
0.0,0.6672412641144742,0.0,Normal,0.6672412641144742,0.43244001067964805,0.2837799946601759,0.0,Cold,0.43244001067964805,0.0,0.0,1.0,Wet,1.0,0.0,0.0,1.0,Wet,1.0,1.0,0.0,0.0,Low,1.0,0.0,0.6258767379729996,0.0,Normal,0.6258767379729996,1.0,0.0,0.0,Low,1.0,0.0,0.5554164590986491,0.0,Medium,0.5554164590986491,0.0,0.090038314176245,0.81992337164751,High,0.81992337164751,0.0,0.34645445205554587,0.30709109588890826,Normal,0.34645445205554587,3,Acceptable
0.0,0.875446412055084,0.0,Normal,0.875446412055084,0.0,0.5226531265661992,0.0,Normal,0.5226531265661992,0.393364790190813,0.3033176049045936,0.0,Dry,0.393364790190813,0.0,0.7850666314766065,0.0,Normal,0.7850666314766065,0.0,0.8136137918166115,0.0,Normal,0.8136137918166115,0.0,0.6432413068164322,0.0,Normal,0.6432413068164322,0.22628315652152256,0.38685842173923873,0.0,Normal,0.38685842173923873,0.7597340651869523,0.12013296740652384,0.0,Low,0.7597340651869523,1.0,0.0,0.0,Low,1.0,0.0,0.8239287155540201,0.0,Normal,0.8239287155540201,0,Acceptable
0.0,0.9852985830109063,0.0,Normal,0.9852985830109063,0.0,0.0,1.0,Hot,1.0,0.0,0.8141641101847381,0.0,Normal,0.8141641101847381,0.0,0.9405583887374187,0.0,Normal,0.9405583887374187,0.0,0.6244186616618876,0.0,Normal,0.6244186616618876,0.12453562487066076,0.43773218756466953,0.0,Normal,0.43773218756466953,0.0,0.8090730315690625,0.0,Normal,0.8090730315690625,0.0,0.40105577313397306,0.19788845373205424,Medium,0.40105577313397306,0.0,0.7605363984674332,0.0,Normal,0.7605363984674332,0.0,0.13071528983843297,0.7385694203231341,High,0.7385694203231341,0,Acceptable
0.0,0.46658709014121663,0.06682581971756574,Normal,0.46658709014121663,0.0,0.7526354743694934,0.0,Normal,0.7526354743694934,0.46815621592049494,0.26592189203975264,0.0,Dry,0.46815621592049494,0.08743192462377992,0.4562840376881099,0.0,Normal,0.4562840376881099,1.0,0.0,0.0,Low,1.0,0.0,0.0,1.0,High,1.0,0.0,0.4305686174692271,0.13886276506154605,Normal,0.4305686174692271,0.0,0.851961020167841,0.0,Medium,0.851961020167841,0.0,0.8563218390804596,0.0,Normal,0.8563218390804596,0.2967643228991709,0.3516178385504145,0.0,Normal,0.3516178385504145,3,Good
0.0,0.6575955265900585,0.0,Normal,0.6575955265900585,0.6100767254511145,0.19496163727444274,0.0,Cold,0.6100767254511145,0.0,0.7666595520316619,0.0,Normal,0.7666595520316619,0.0,0.6820133607723874,0.0,Normal,0.6820133607723874,0.0,0.5568944167385362,0.0,Normal,0.5568944167385362,0.0,0.9439232346931198,0.0,Normal,0.9439232346931198,0.0,0.5791619049560586,0.0,Normal,0.5791619049560586,0.494656096168118,0.25267195191594094,0.0,Low,0.494656096168118,0.8199233716475094,0.09003831417624526,0.0,Low,0.8199233716475094,0.0,0.9123633048650815,0.0,Normal,0.9123633048650815,3,Good
0.0,0.6815223204087596,0.0,Normal,0.6815223204087596,0.0,0.8021984161894221,0.0,Normal,0.8021984161894221,0.354033685456545,0.3229831572717276,0.0,Dry,0.354033685456545,0.5079649721684276,0.2460175139157861,0.0,Dry,0.5079649721684276,0.0,0.8646833862022949,0.0,Normal,0.8646833862022949,0.0,0.503576401372155,0.0,Normal,0.503576401372155,0.0,0.815073222743727,0.0,Normal,0.815073222743727,0.0,0.8511614769588837,0.0,Medium,0.8511614769588837,1.0,0.0,0.0,Low,1.0,0.5415254759138515,0.2292372620430742,0.0,Low,0.5415254759138515,3,Good
0.0,0.9113663241358784,0.0,Normal,0.9113663241358784,0.0,0.21015287858957235,0.5796942428208551,Hot,0.5796942428208551,0.0,0.8256720806643952,0.0,Normal,0.8256720806643952,0.0,0.6751017686834594,0.0,Normal,0.6751017686834594,0.46279923462996797,0.2686003826850159,0.0,Low,0.46279923462996797,0.0,0.37559200155586947,0.24881599688826103,Normal,0.37559200155586947,0.0,0.8741133307056221,0.0,Normal,0.8741133307056221,0.2048516674255003,0.3975741662872498,0.0,Medium,0.3975741662872498,0.0,0.0,1.0,High,1.0,0.0,0.9798030263404973,0.0,Normal,0.9798030263404973,3,Acceptable
0.0,0.9368142675255952,0.0,Normal,0.9368142675255952,0.0,0.6547280374545638,0.0,Normal,0.6547280374545638,0.04523321062852847,0.47738339468573593,0.0,Normal,0.47738339468573593,0.04533295907462213,0.4773335204626888,0.0,Normal,0.4773335204626888,1.0,0.0,0.0,Low,1.0,0.0,0.6288138698656659,0.0,Normal,0.6288138698656659,0.0,0.9398299814525525,0.0,Normal,0.9398299814525525,0.0027662520860359976,0.4986168739569819,0.0,Medium,0.4986168739569819,1.0,0.0,0.0,Low,1.0,0.40061757299663625,0.2996912135016818,0.0,Low,0.40061757299663625,3,Good
0.0,0.7029052657570873,0.0,Normal,0.7029052657570873,0.0,0.4773754647627816,0.04524907047443657,Normal,0.4773754647627816,0.0,0.9368943877621365,0.0,Normal,0.9368943877621365,0.0,0.8513710949161816,0.0,Normal,0.8513710949161816,0.0,0.5496114392411924,0.0,Normal,0.5496114392411924,0.0,0.6553066621936596,0.0,Normal,0.6553066621936596,0.0,0.700233339345783,0.0,Normal,0.700233339345783,0.40521899522766835,0.29739050238616577,0.0,Low,0.40521899522766835,0.05363984674329458,0.47318007662835265,0.0,Normal,0.47318007662835265,0.0,0.8253032263876796,0.0,Normal,0.8253032263876796,0,Acceptable
0.0,0.9809634104614993,0.0,Normal,0.9809634104614993,0.0,0.9242445238810754,0.0,Normal,0.9242445238810754,0.0,0.6099770077994101,0.0,Normal,0.6099770077994101,0.7423475953888696,0.12882620230556516,0.0,Dry,0.7423475953888696,0.7727821018770573,0.11360894906147129,0.0,Low,0.7727821018770573,0.0,0.6916401179203807,0.0,Normal,0.6916401179203807,0.3575901484686947,0.3212049257656526,0.0,Low,0.3575901484686947,1.0,0.0,0.0,Low,1.0,0.0,0.9521072796934864,0.0,Normal,0.9521072796934864,0.16129442126124735,0.41935278936937626,0.0,Normal,0.41935278936937626,3,Good
0.0,0.9365815000307238,0.0,Normal,0.9365815000307238,0.0,0.8066868039967688,0.0,Normal,0.8066868039967688,0.0,0.10526087805555331,0.7894782438888932,Wet,0.7894782438888932,0.0,0.0,1.0,Wet,1.0,0.0,0.9406580410883345,0.0,Normal,0.9406580410883345,0.3451428415847255,0.3274285792076372,0.0,Low,0.3451428415847255,0.0,0.23243671115846012,0.5351265776830799,High,0.5351265776830799,0.0,0.18884517011338248,0.6223096597732353,High,0.6223096597732353,0.436781609195402,0.28160919540229895,0.0,Low,0.436781609195402,0.0,0.6294044730073726,0.0,Normal,0.6294044730073726,1,Acceptable
0.0,0.42344393860344626,0.1531121227931066,Normal,0.42344393860344626,0.0,0.8886581118110767,0.0,Normal,0.8886581118110767,0.0,0.9343897718495584,0.0,Normal,0.9343897718495584,0.0,0.8569859743930013,0.0,Normal,0.8569859743930013,0.5653022374632644,0.2173488812683678,0.0,Low,0.5653022374632644,0.0,0.7114216793148531,0.0,Normal,0.7114216793148531,0.0,0.9398580243522111,0.0,Normal,0.9398580243522111,0.0,0.6183580374639919,0.0,Medium,0.6183580374639919,0.0,0.9521072796934864,0.0,Normal,0.9521072796934864,0.0,0.742089314713035,0.0,Normal,0.742089314713035,3,Good
0.0,0.779737397732367,0.0,Normal,0.779737397732367,0.0,0.168588525400262,0.6628229491994759,Hot,0.6628229491994759,0.0,0.7143853401994068,0.0,Normal,0.7143853401994068,0.0,0.6971716370008862,0.0,Normal,0.6971716370008862,0.0,0.5415035530814855,0.0,Normal,0.5415035530814855,0.0,0.925514598682321,0.0,Normal,0.925514598682321,0.7761486023788428,0.11192569881057864,0.0,Low,0.7761486023788428,0.0,0.8958669155482996,0.0,Medium,0.8958669155482996,0.0,0.4731800766283523,0.05363984674329525,Normal,0.4731800766283523,0.0,0.5547028878743425,0.0,Normal,0.5547028878743425,0,Acceptable
0.4185927247321227,0.2907036376339388,0.0,Cold,0.4185927247321227,0.3673563592021618,0.31632182039891904,0.0,Cold,0.3673563592021618,0.0,0.7561407408192853,0.0,Normal,0.7561407408192853,0.0,0.7082802367355582,0.0,Normal,0.7082802367355582,0.0,0.31870861465604616,0.3625827706879077,High,0.3625827706879077,1.0,0.0,0.0,Low,1.0,0.0,0.9274374553233481,0.0,Normal,0.9274374553233481,1.0,0.0,0.0,Low,1.0,1.0,0.0,0.0,Low,1.0,0.0,0.6614690972014955,0.0,Normal,0.6614690972014955,3,Acceptable
0.0,0.987024883968657,0.0,Normal,0.987024883968657,0.0,0.8589327266883704,0.0,Normal,0.8589327266883704,0.0,0.7170982221210885,0.0,Normal,0.7170982221210885,0.0,0.8006200852642071,0.0,Normal,0.8006200852642071,0.28962784393261654,0.3551860780336916,0.0,Normal,0.3551860780336916,0.0,0.3173277471789354,0.36534450564212917,High,0.36534450564212917,0.4875818301987036,0.2562090849006482,0.0,Low,0.4875818301987036,1.0,0.0,0.0,Low,1.0,0.0,0.952107279693487,0.0,Normal,0.952107279693487,0.1639056611939478,0.41804716940302605,0.0,Normal,0.41804716940302605,3,Good
0.0,0.8523642056021136,0.0,Normal,0.8523642056021136,0.0,0.996092554021084,0.0,Normal,0.996092554021084,0.0,0.5416406022304342,0.0,Normal,0.5416406022304342,0.0,0.4271312462637331,0.14573750747253422,Normal,0.4271312462637331,0.0,0.7579100722306213,0.0,Normal,0.7579100722306213,0.4548563328593756,0.2725718335703121,0.0,Low,0.4548563328593756,0.0,0.46554216533532056,0.06891566932935916,Normal,0.46554216533532056,0.3630268527044748,0.31848657364776256,0.0,Low,0.3630268527044748,0.0,0.0,1.0,High,1.0,0.0,0.5133519267710457,0.0,Normal,0.5133519267710457,0,Acceptable
0.0,0.628902656785795,0.0,Normal,0.628902656785795,0.0,0.6882608324812136,0.0,Normal,0.6882608324812136,0.0,0.0,1.0,Wet,1.0,0.0,0.0,1.0,Wet,1.0,0.0,0.5670951230272411,0.0,Normal,0.5670951230272411,0.0,0.9245174565871852,0.0,Normal,0.9245174565871852,0.0,0.7061386051102843,0.0,Normal,0.7061386051102843,0.0,0.917303311496188,0.0,Medium,0.917303311496188,0.0,0.2816091954022987,0.4367816091954026,High,0.4367816091954026,0.0,0.7125050904389558,0.0,Normal,0.7125050904389558,0,Acceptable
0.0,0.6136493959213483,0.0,Normal,0.6136493959213483,0.0,0.6650234371223704,0.0,Normal,0.6650234371223704,0.0,0.6690763764242398,0.0,Normal,0.6690763764242398,0.0,0.7930907565839522,0.0,Normal,0.7930907565839522,0.0,0.7386917186488491,0.0,Normal,0.7386917186488491,0.1275861293275219,0.43620693533623894,0.0,Normal,0.43620693533623894,0.0,0.9080187622572947,0.0,Normal,0.9080187622572947,0.0,0.7132157631099744,0.0,Medium,0.7132157631099744,0.0,0.8563218390804596,0.0,Normal,0.8563218390804596,0.0,0.5467876664839937,0.0,Normal,0.5467876664839937,1,Acceptable
0.0,0.5499814261503211,0.0,Normal,0.5499814261503211,0.4840467277568401,0.2579766361215799,0.0,Cold,0.4840467277568401,0.0,0.40772581653980183,0.18454836692039558,Normal,0.40772581653980183,0.0,0.37538708248682334,0.24922583502635362,Normal,0.37538708248682334,0.0,0.9316120571914854,0.0,Normal,0.9316120571914854,0.08055752655457207,0.45972123672271387,0.0,Normal,0.45972123672271387,0.3843885098806968,0.30780574505965164,0.0,Low,0.3843885098806968,0.0,0.8200606009627828,0.0,Medium,0.8200606009627828,0.0,0.0,1.0,High,1.0,0.0,0.6877068625379382,0.0,Normal,0.6877068625379382,1,Acceptable
0.0,0.5656010634994694,0.0,Normal,0.5656010634994694,0.0,0.5877099013342777,0.0,Normal,0.5877099013342777,0.0,0.8289622286342013,0.0,Normal,0.8289622286342013,0.0,0.6682510466562221,0.0,Normal,0.6682510466562221,0.6310315977464599,0.18448420112677,0.0,Low,0.6310315977464599,0.0,0.21098546819416672,0.5780290636116666,High,0.5780290636116666,0.0,0.6598397470378281,0.0,Normal,0.6598397470378281,0.0,0.7590518777922768,0.0,Medium,0.7590518777922768,0.0,0.0,1.0,High,1.0,0.0,0.7597720831048139,0.0,Normal,0.7597720831048139,3,Good
0.0,0.7927427225208948,0.0,Normal,0.7927427225208948,0.5907613665369045,0.2046193167315477,0.0,Cold,0.5907613665369045,0.0,0.6758334646014827,0.0,Normal,0.6758334646014827,0.0,0.6254683238553446,0.0,Normal,0.6254683238553446,0.617579872766606,0.19121006361669698,0.0,Low,0.617579872766606,0.0,0.48126884965230443,0.037462300695391144,Normal,0.48126884965230443,0.0,0.7614241542658344,0.0,Normal,0.7614241542658344,0.0,0.633439229813146,0.0,Medium,0.633439229813146,0.0,0.090038314176245,0.81992337164751,High,0.81992337164751,0.0,0.6976676352148993,0.0,Normal,0.6976676352148993,3,Good
0.39528696455280765,0.30235651772359634,0.0,Cold,0.39528696455280765,0.0,0.6363613566583871,0.0,Normal,0.6363613566583871,0.0,0.8575284293496457,0.0,Normal,0.8575284293496457,0.0,0.5791721786107862,0.0,Normal,0.5791721786107862,0.0,0.844297599207364,0.0,Normal,0.844297599207364,0.5436521171600226,0.22817394141998865,0.0,Low,0.5436521171600226,0.0,0.684817300210989,0.0,Normal,0.684817300210989,0.0,0.9808571968860905,0.0,Medium,0.9808571968860905,1.0,0.0,0.0,Low,1.0,0.2839904450390713,0.3580047774804643,0.0,Normal,0.3580047774804643,1,Poor
0.0,0.9852209288687559,0.0,Normal,0.9852209288687559,0.0,0.7554747345145324,0.0,Normal,0.7554747345145324,0.0,0.609517188236115,0.0,Normal,0.609517188236115,0.0,0.7187516077930418,0.0,Normal,0.7187516077930418,0.0,0.8347574210599321,0.0,Normal,0.8347574210599321,0.0,0.5642345836946087,0.0,Normal,0.5642345836946087,0.0,0.6289473481071937,0.0,Normal,0.6289473481071937,0.0,0.53973555547842,0.0,Medium,0.53973555547842,0.05363984674329458,0.47318007662835265,0.0,Normal,0.47318007662835265,0.11222618683809188,0.443886906580954,0.0,Normal,0.443886906580954,0,Acceptable
0.0,0.700496959544295,0.0,Normal,0.700496959544295,0.0,0.41941484907444415,0.16117030185111145,Normal,0.41941484907444415,0.0,0.8562159182946874,0.0,Normal,0.8562159182946874,0.0,0.7373478625845031,0.0,Normal,0.7373478625845031,0.5724853115550923,0.21375734422245382,0.0,Low,0.5724853115550923,0.0,0.34142828163105426,0.31714343673789147,Normal,0.34142828163105426,0.016430759515535635,0.4917846202422322,0.0,Normal,0.4917846202422322,0.0,0.9125153391066604,0.0,Medium,0.9125153391066604,0.0,0.0,1.0,High,1.0,0.0,0.511630371005059,0.0,Normal,0.511630371005059,3,Good
0.6590077495732269,0.17049612521338658,0.0,Cold,0.6590077495732269,0.0,0.6942672626404853,0.0,Normal,0.6942672626404853,0.0,0.8800182810608375,0.0,Normal,0.8800182810608375,0.0,0.9341903965036398,0.0,Normal,0.9341903965036398,0.0,0.5043904455562932,0.0,Normal,0.5043904455562932,0.0,0.8342651573860778,0.0,Normal,0.8342651573860778,0.0,0.9257945665576417,0.0,Normal,0.9257945665576417,0.0,0.5069178896040143,0.0,Medium,0.5069178896040143,0.8199233716475094,0.09003831417624526,0.0,Low,0.8199233716475094,0.25777224462823817,0.37111387768588083,0.0,Normal,0.37111387768588083,3,Acceptable
0.0,0.0,1.0,Hot,1.0,0.0,0.768918530411956,0.0,Normal,0.768918530411956,0.0,0.716217055742753,0.0,Normal,0.716217055742753,0.0,0.9872710843181799,0.0,Normal,0.9872710843181799,0.9000872300579771,0.049956384971011424,0.0,Low,0.9000872300579771,0.0,0.6479755712411485,0.0,Normal,0.6479755712411485,0.0,0.6170446590768831,0.0,Normal,0.6170446590768831,0.0,0.6401130326919471,0.0,Medium,0.6401130326919471,0.0,0.0,1.0,High,1.0,0.0,0.5282108109556445,0.0,Normal,0.5282108109556445,3,Poor
0.0,0.7692048454930411,0.0,Normal,0.7692048454930411,0.0,0.768556421345371,0.0,Normal,0.768556421345371,0.0,0.43454926555347806,0.13090146889304308,Normal,0.43454926555347806,0.0,0.8368017949208342,0.0,Normal,0.8368017949208342,0.0,0.23410728289677168,0.5317854342064566,High,0.5317854342064566,0.5377067117118337,0.23114664414408306,0.0,Low,0.5377067117118337,0.0,0.7888108957236528,0.0,Normal,0.7888108957236528,0.0,0.5170955851980675,0.0,Medium,0.5170955851980675,0.0,0.0,1.0,High,1.0,0.0,0.9587306254350094,0.0,Normal,0.9587306254350094,1,Acceptable
0.0,0.631311818094573,0.0,Normal,0.631311818094573,0.1998518653892753,0.40007406730536227,0.0,Normal,0.40007406730536227,0.0,0.44937503081929625,0.10124993836140665,Normal,0.44937503081929625,0.0,0.11730598935111752,0.7653880212977651,Wet,0.7653880212977651,0.0,0.8990304677178106,0.0,Normal,0.8990304677178106,0.0,0.943839793300171,0.0,Normal,0.943839793300171,0.24910941889066776,0.37544529055466613,0.0,Normal,0.37544529055466613,0.0,0.6136865922586991,0.0,Medium,0.6136865922586991,0.0,0.0,1.0,High,1.0,0.0,0.2727708057998328,0.45445838840033437,High,0.45445838840033437,0,Acceptable
0.0,0.5140059777555984,0.0,Normal,0.5140059777555984,0.0,0.973920336415536,0.0,Normal,0.973920336415536,0.0,0.970416740764319,0.0,Normal,0.970416740764319,0.0,0.9108722356419962,0.0,Normal,0.9108722356419962,0.0,0.739148510700611,0.0,Normal,0.739148510700611,0.0,0.8032121273858124,0.0,Normal,0.8032121273858124,0.0,0.8489335334615983,0.0,Normal,0.8489335334615983,0.6750724862247014,0.16246375688764925,0.0,Low,0.6750724862247014,0.0,0.5689655172413791,0.0,Normal,0.5689655172413791,0.0,0.5524200733431064,0.0,Normal,0.5524200733431064,3,Good
0.8735621793287033,0.06321891033564841,0.0,Cold,0.8735621793287033,0.828281918554287,0.08585904072285648,0.0,Cold,0.828281918554287,0.0,0.6945942532740477,0.0,Normal,0.6945942532740477,0.15237567342983646,0.42381216328508164,0.0,Normal,0.42381216328508164,1.0,0.0,0.0,Low,1.0,0.0,0.1584255739518254,0.6831488520963491,High,0.6831488520963491,0.0,0.8005604537201402,0.0,Normal,0.8005604537201402,0.2945826281698262,0.3527086859150868,0.0,Medium,0.3527086859150868,0.0,0.664750957854406,0.0,Normal,0.664750957854406,0.0,0.7897829457770105,0.0,Normal,0.7897829457770105,3,Acceptable
0.0,0.6932591539792992,0.0,Normal,0.6932591539792992,0.0,0.0,1.0,Hot,1.0,0.0,0.7964138394352296,0.0,Normal,0.7964138394352296,0.0,0.8920500999847092,0.0,Normal,0.8920500999847092,0.9210438948322421,0.039478052583878945,0.0,Low,0.9210438948322421,0.0,0.9598779075911266,0.0,Normal,0.9598779075911266,0.0,0.80030090580432,0.0,Normal,0.80030090580432,0.887604729599628,0.056197635200186,0.0,Low,0.887604729599628,0.0,0.664750957854406,0.0,Normal,0.664750957854406,0.0,0.3036557958627593,0.39268840827448137,High,0.39268840827448137,3,Acceptable
0.0,0.5306383987924097,0.0,Normal,0.5306383987924097,0.0,0.7500910736767237,0.0,Normal,0.7500910736767237,0.0,0.3320415869767368,0.33591682604652573,Wet,0.33591682604652573,0.0,0.07361413648900374,0.8527717270219926,Wet,0.8527717270219926,0.0,0.802701898532055,0.0,Normal,0.802701898532055,0.0,0.581588371817013,0.0,Normal,0.581588371817013,0.0,0.9807864178805703,0.0,Normal,0.9807864178805703,0.5509581782637962,0.22452091086810186,0.0,Low,0.5509581782637962,0.0,0.8563218390804601,0.0,Normal,0.8563218390804601,0.14755520848515769,0.4262223957574211,0.0,Normal,0.4262223957574211,3,Good
0.0,0.6669200489192915,0.0,Normal,0.6669200489192915,0.0,0.7063745339589013,0.0,Normal,0.7063745339589013,0.0,0.8720990755861372,0.0,Normal,0.8720990755861372,0.0,0.6629983970479452,0.0,Normal,0.6629983970479452,1.0,0.0,0.0,Low,1.0,0.0,0.5999016307950185,0.0,Normal,0.5999016307950185,0.0,0.9983049406501702,0.0,Normal,0.9983049406501702,0.0,0.8150907578030641,0.0,Medium,0.8150907578030641,0.436781609195402,0.28160919540229895,0.0,Low,0.436781609195402,0.0,0.6885353329895697,0.0,Normal,0.6885353329895697,3,Good
0.0,0.6740990251724714,0.0,Normal,0.6740990251724714,0.0,0.2218931302896359,0.5562137394207282,Hot,0.5562137394207282,0.0,0.25334080024932426,0.49331839950135103,Wet,0.49331839950135103,0.0,0.5224879821450186,0.0,Normal,0.5224879821450186,0.0,0.9908202143883222,0.0,Normal,0.9908202143883222,0.6030619328064053,0.19846903359679732,0.0,Low,0.6030619328064053,0.0,0.2355721451823381,0.528855709635324,High,0.528855709635324,0.0,0.7406951848229147,0.0,Medium,0.7406951848229147,0.0,0.4731800766283523,0.05363984674329525,Normal,0.4731800766283523,0.0,0.40674331795147256,0.18651336409705488,Normal,0.40674331795147256,1,Poor
0.0,0.2005857676223019,0.5988284647553958,Hot,0.5988284647553958,0.0,0.8021608917309855,0.0,Normal,0.8021608917309855,0.0,0.0,1.0,Wet,1.0,0.0,0.18180645255307595,0.6363870948938483,Wet,0.6363870948938483,0.0,0.7864569603632543,0.0,Normal,0.7864569603632543,0.611810025701092,0.19409498714945397,0.0,Low,0.611810025701092,0.0,0.8528425096960864,0.0,Normal,0.8528425096960864,0.0,0.2716833817701735,0.45663323645965337,High,0.45663323645965337,0.0,0.090038314176245,0.81992337164751,High,0.81992337164751,0.0,0.6051561897593803,0.0,Normal,0.6051561897593803,2,Poor
0.0,0.6861917968149244,0.0,Normal,0.6861917968149244,0.0,0.4574406553727445,0.0851186892545108,Normal,0.4574406553727445,0.0,0.6679004659909525,0.0,Normal,0.6679004659909525,0.0,0.707398241896287,0.0,Normal,0.707398241896287,0.8744231993000838,0.06278840034995807,0.0,Low,0.8744231993000838,0.0,0.5405049551580855,0.0,Normal,0.5405049551580855,0.8910555222707276,0.054472238864636195,0.0,Low,0.8910555222707276,0.46046486608156945,0.2697675669592152,0.0,Low,0.46046486608156945,0.0,0.2816091954022987,0.4367816091954026,High,0.4367816091954026,0.15773762715109158,0.42113118642445413,0.0,Normal,0.42113118642445413,3,Good
0.0,0.7815857088165451,0.0,Normal,0.7815857088165451,0.0,0.9332372892277141,0.0,Normal,0.9332372892277141,1.0,0.0,0.0,Dry,1.0,0.07914182002334401,0.4604290899883278,0.0,Normal,0.4604290899883278,0.8801786858421151,0.05991065707894244,0.0,Low,0.8801786858421151,0.0,0.6114287546465201,0.0,Normal,0.6114287546465201,0.0,0.2743161582756072,0.4513676834487858,High,0.4513676834487858,0.0,0.9275898903222594,0.0,Medium,0.9275898903222594,1.0,0.0,0.0,Low,1.0,0.6317421048185826,0.1841289475907087,0.0,Low,0.6317421048185826,3,Acceptable
0.0,0.7630525050133984,0.0,Normal,0.7630525050133984,0.0,0.8477786434016525,0.0,Normal,0.8477786434016525,0.0,0.6773588732269625,0.0,Normal,0.6773588732269625,0.0,0.5695496888308265,0.0,Normal,0.5695496888308265,1.0,0.0,0.0,Low,1.0,0.0,0.8071643153338783,0.0,Normal,0.8071643153338783,0.0,0.7240131111654532,0.0,Normal,0.7240131111654532,0.07666834665077976,0.46166582667461004,0.0,Medium,0.46166582667461004,1.0,0.0,0.0,Low,1.0,0.721434046192979,0.1392829769035105,0.0,Low,0.721434046192979,3,Good
1.0,0.0,0.0,Cold,1.0,0.0,0.5620077967399592,0.0,Normal,0.5620077967399592,0.06515499842468751,0.4674225007876564,0.0,Normal,0.4674225007876564,1.0,0.0,0.0,Dry,1.0,0.0,0.5432859005186019,0.0,Normal,0.5432859005186019,0.0,0.6980253018908757,0.0,Normal,0.6980253018908757,0.0,0.8079063517949531,0.0,Normal,0.8079063517949531,0.3115692437185471,0.3442153781407264,0.0,Medium,0.3442153781407264,0.0,0.6647509578544063,0.0,Normal,0.6647509578544063,0.27008915822223845,0.3649554208888807,0.0,Normal,0.3649554208888807,3,Poor
0.0,0.5475304272869784,0.0,Normal,0.5475304272869784,0.11464843740614368,0.44267578129692803,0.0,Normal,0.44267578129692803,0.0,0.3961954252608525,0.2076091494782942,Normal,0.3961954252608525,0.0,0.0,1.0,Wet,1.0,0.0,0.0,1.0,High,1.0,1.0,0.0,0.0,Low,1.0,0.0,0.7396344137135898,0.0,Normal,0.7396344137135898,0.42224093617530617,0.28887953191234683,0.0,Low,0.42224093617530617,1.0,0.0,0.0,Low,1.0,0.0,0.6438633873456444,0.0,Normal,0.6438633873456444,3,Acceptable
0.4871867067007396,0.2564066466496303,0.0,Cold,0.4871867067007396,0.0,0.9374540589557662,0.0,Normal,0.9374540589557662,1.0,0.0,0.0,Dry,1.0,1.0,0.0,0.0,Dry,1.0,1.0,0.0,0.0,Low,1.0,0.0,0.0,1.0,High,1.0,0.1898284539309692,0.40508577303451543,0.0,Normal,0.40508577303451543,1.0,0.0,0.0,Low,1.0,0.0,0.0,1.0,High,1.0,0.665846805392435,0.16707659730378246,0.0,Low,0.665846805392435,3,Poor
0.0,0.9919642124878367,0.0,Normal,0.9919642124878367,0.0,0.768697705825059,0.0,Normal,0.768697705825059,0.0,0.33606719384753847,0.3278656123049224,Normal,0.33606719384753847,0.0,0.8021184535442635,0.0,Normal,0.8021184535442635,0.0,0.5502897325457641,0.0,Normal,0.5502897325457641,0.8412704490003466,0.07936477549982665,0.0,Low,0.8412704490003466,0.0,0.8444560373741228,0.0,Normal,0.8444560373741228,0.0,0.7777430244509552,0.0,Medium,0.7777430244509552,0.0,0.0,1.0,High,1.0,0.0,0.8587986912812412,0.0,Normal,0.8587986912812412,1,Acceptable
0.0,0.987497267310478,0.0,Normal,0.987497267310478,0.2361870360714641,0.38190648196426785,0.0,Normal,0.38190648196426785,0.0,0.5223291428819363,0.0,Normal,0.5223291428819363,0.0,0.6563122379049267,0.0,Normal,0.6563122379049267,1.0,0.0,0.0,Low,1.0,0.0,0.2735331155737139,0.4529337688525722,High,0.4529337688525722,0.0,0.8806096375933413,0.0,Normal,0.8806096375933413,0.0,0.9926775816124762,0.0,Medium,0.9926775816124762,0.0,0.7605363984674328,0.0,Normal,0.7605363984674328,0.0,0.7779521217399108,0.0,Normal,0.7779521217399108,3,Good
0.0,0.5443406980418033,0.0,Normal,0.5443406980418033,0.0,0.1998664648279054,0.6002670703441891,Hot,0.6002670703441891,0.6477056169315532,0.17614719153422345,0.0,Dry,0.6477056169315532,1.0,0.0,0.0,Dry,1.0,0.0,0.920287841183741,0.0,Normal,0.920287841183741,0.20522754854440448,0.39738622572779764,0.0,Normal,0.39738622572779764,0.0,0.8028047153341689,0.0,Normal,0.8028047153341689,0.0,0.9502618858208505,0.0,Medium,0.9502618858208505,0.0,0.4731800766283523,0.05363984674329525,Normal,0.4731800766283523,0.0,0.7253353748330592,0.0,Normal,0.7253353748330592,0,Acceptable
0.0,0.20755661792792904,0.5848867641441415,Hot,0.5848867641441415,0.0,0.600264407168205,0.0,Normal,0.600264407168205,0.0,0.6935096107710148,0.0,Normal,0.6935096107710148,0.016167648960517,0.4919161755197413,0.0,Normal,0.4919161755197413,0.0,0.8449080554150804,0.0,Normal,0.8449080554150804,0.3875461257570758,0.306226937121462,0.0,Low,0.3875461257570758,0.0,0.791722856229217,0.0,Normal,0.791722856229217,0.40467213177554057,0.2976639341122297,0.0,Low,0.40467213177554057,0.0,0.6647509578544063,0.0,Normal,0.6647509578544063,0.0,0.13807407057610216,0.7238518588477957,High,0.7238518588477957,1,Poor
0.36117957113403387,0.31941021443298323,0.0,Cold,0.36117957113403387,0.0,0.7369592433055571,0.0,Normal,0.7369592433055571,0.0,0.9814582815153488,0.0,Normal,0.9814582815153488,0.0,0.4824381433092281,0.03512371338154435,Normal,0.4824381433092281,0.0,0.9073829969733087,0.0,Normal,0.9073829969733087,0.6178614484774698,0.19106927576126503,0.0,Low,0.6178614484774698,0.0,0.0,1.0,High,1.0,0.0,0.7138676202506017,0.0,Medium,0.7138676202506017,1.0,0.0,0.0,Low,1.0,0.0,0.7601801873563021,0.0,Normal,0.7601801873563021,1,Poor
0.0,0.9727456153161637,0.0,Normal,0.9727456153161637,0.0,0.862883905973901,0.0,Normal,0.862883905973901,0.0,0.9913719743757595,0.0,Normal,0.9913719743757595,0.0,0.9975328201961078,0.0,Normal,0.9975328201961078,0.0,0.2202254478335745,0.559549104332851,High,0.559549104332851,0.674737236631671,0.16263138168416447,0.0,Low,0.674737236631671,0.0,0.9144731037713089,0.0,Normal,0.9144731037713089,0.0,0.9719737123721754,0.0,Medium,0.9719737123721754,0.0,0.664750957854406,0.0,Normal,0.664750957854406,0.0,0.5999659558125059,0.0,Normal,0.5999659558125059,1,Acceptable
0.26946821479910305,0.36526589260044867,0.0,Normal,0.36526589260044867,0.0,0.9238823032395899,0.0,Normal,0.9238823032395899,0.0,0.8754070129308793,0.0,Normal,0.8754070129308793,0.13521063412667905,0.43239468293666034,0.0,Normal,0.43239468293666034,0.23495677619062633,0.3825216119046867,0.0,Normal,0.3825216119046867,0.6298288305201062,0.18508558473994685,0.0,Low,0.6298288305201062,0.0,0.14220222593029153,0.7155955481394171,High,0.7155955481394171,0.04712472632535491,0.4764376368373225,0.0,Medium,0.4764376368373225,0.0,0.952107279693487,0.0,Normal,0.952107279693487,0.13658361886718778,0.431708190566406,0.0,Normal,0.431708190566406,0,Acceptable
0.0,0.8710665061460141,0.0,Normal,0.8710665061460141,0.0,0.23431511984696018,0.5313697603060795,Hot,0.5313697603060795,0.0,0.8600281690548792,0.0,Normal,0.8600281690548792,0.0,0.7905287833620038,0.0,Normal,0.7905287833620038,0.0,0.9365360374481811,0.0,Normal,0.9365360374481811,0.39784236865735945,0.30107881567132017,0.0,Low,0.39784236865735945,0.0,0.7167978186736709,0.0,Normal,0.7167978186736709,0.9148737625857106,0.042563118707144666,0.0,Low,0.9148737625857106,1.0,0.0,0.0,Low,1.0,0.0,0.9841422554712435,0.0,Normal,0.9841422554712435,0,Acceptable
0.1953777856698282,0.4023111071650861,0.0,Normal,0.4023111071650861,0.567915708445585,0.2160421457772074,0.0,Cold,0.567915708445585,0.0,0.8069579316640111,0.0,Normal,0.8069579316640111,0.0,0.7780641912042447,0.0,Normal,0.7780641912042447,0.7081590297273982,0.14592048513630085,0.0,Low,0.7081590297273982,0.0,0.45425751923092544,0.0914849615381491,Normal,0.45425751923092544,0.0,0.3349606461223256,0.330078707755349,Normal,0.3349606461223256,0.9157690509105543,0.04211547454472288,0.0,Low,0.9157690509105543,0.0,0.952107279693487,0.0,Normal,0.952107279693487,0.0,0.7631252087281056,0.0,Normal,0.7631252087281056,3,Acceptable
0.0,0.266235842278047,0.4675283154439055,Hot,0.4675283154439055,0.0,0.8651408644754922,0.0,Normal,0.8651408644754922,0.7782011369707463,0.11089943151462686,0.0,Dry,0.7782011369707463,0.39706302059367143,0.3014684897031642,0.0,Dry,0.39706302059367143,0.0,0.828027908636491,0.0,Normal,0.828027908636491,1.0,0.0,0.0,Low,1.0,0.0,0.4237250046435348,0.15254999071293066,Normal,0.4237250046435348,0.0,0.7788434151983062,0.0,Medium,0.7788434151983062,1.0,0.0,0.0,Low,1.0,0.0,0.9154736662071388,0.0,Normal,0.9154736662071388,0,Acceptable
0.0,0.3080687541919834,0.3838624916160326,Hot,0.3838624916160326,0.0,0.0,1.0,Hot,1.0,0.609913158095513,0.19504342095224356,0.0,Dry,0.609913158095513,0.37219193568470177,0.313904032157649,0.0,Dry,0.37219193568470177,1.0,0.0,0.0,Low,1.0,0.0,0.38807460918191183,0.2238507816361764,Normal,0.38807460918191183,0.0,0.07376234909705917,0.8524753018058817,High,0.8524753018058817,0.0,0.4152871001927017,0.169425799614597,Medium,0.4152871001927017,0.0,0.7605363984674328,0.0,Normal,0.7605363984674328,0.0,0.7681028774707174,0.0,Normal,0.7681028774707174,3,Acceptable
0.5334655891245752,0.2332672054377125,0.0,Cold,0.5334655891245752,0.26105595374985063,0.3694720231250746,0.0,Normal,0.3694720231250746,0.0,0.6444100688253211,0.0,Normal,0.6444100688253211,0.0,0.6697772941126868,0.0,Normal,0.6697772941126868,0.0,0.9218255865804676,0.0,Normal,0.9218255865804676,0.1517484869171395,0.42412575654143014,0.0,Normal,0.42412575654143014,0.0,0.37587973290449095,0.24824053419101832,Normal,0.37587973290449095,0.0,0.9863668567645656,0.0,Medium,0.9863668567645656,1.0,0.0,0.0,Low,1.0,0.23585889220477163,0.38207055389761413,0.0,Normal,0.38207055389761413,0,Acceptable
0.0,0.8468408555307194,0.0,Normal,0.8468408555307194,0.0,0.9886761955873435,0.0,Normal,0.9886761955873435,0.0,0.2640678211519227,0.47186435769615415,Wet,0.47186435769615415,0.0,0.010228848034256131,0.9795423039314878,Wet,0.9795423039314878,0.0,0.8775347132280378,0.0,Normal,0.8775347132280378,0.3895675783506482,0.3052162108246758,0.0,Low,0.3895675783506482,0.0,0.6137942285265909,0.0,Normal,0.6137942285265909,0.8424862198284582,0.07875689008577093,0.0,Low,0.8424862198284582,0.24521072796934829,0.3773946360153258,0.0,Normal,0.3773946360153258,0.12105558613586978,0.43947220693206507,0.0,Normal,0.43947220693206507,1,Acceptable
0.0,0.9153194910861676,0.0,Normal,0.9153194910861676,0.12476369367665326,0.43761815316167324,0.0,Normal,0.43761815316167324,0.0,0.0825478801403681,0.8349042397192636,Wet,0.8349042397192636,0.0,0.2699820700155186,0.46003585996896307,Wet,0.46003585996896307,1.0,0.0,0.0,Low,1.0,0.0,0.944518304937557,0.0,Normal,0.944518304937557,0.0,0.21867912530145248,0.5626417493970952,High,0.5626417493970952,0.5284128138234698,0.23579359308826503,0.0,Low,0.5284128138234698,0.0,0.952107279693487,0.0,Normal,0.952107279693487,0.0,0.8871538726025782,0.0,Normal,0.8871538726025782,0,Acceptable
0.0,0.781663145143487,0.0,Normal,0.781663145143487,0.0,0.4992778729445922,0.0014442541108154012,Normal,0.4992778729445922,0.0,0.9594483780806188,0.0,Normal,0.9594483780806188,0.0,0.9349760711679891,0.0,Normal,0.9349760711679891,0.0,0.8576644672355322,0.0,Normal,0.8576644672355322,0.5465535733849335,0.2267232133075332,0.0,Low,0.5465535733849335,0.0,0.3257663168064455,0.34846736638710923,High,0.34846736638710923,0.0,0.8677265993881527,0.0,Medium,0.8677265993881527,0.0,0.6647509578544063,0.0,Normal,0.6647509578544063,0.0,0.7200308571412166,0.0,Normal,0.7200308571412166,0,Acceptable
0.0,0.6429337187499938,0.0,Normal,0.6429337187499938,0.0,0.5910095225506525,0.0,Normal,0.5910095225506525,0.0,0.5707110826262513,0.0,Normal,0.5707110826262513,0.0,0.23221614308580066,0.535567713828399,Wet,0.535567713828399,0.8744701594572304,0.06276492027138476,0.0,Low,0.8744701594572304,0.0,0.0,1.0,High,1.0,0.0,0.6741163040103721,0.0,Normal,0.6741163040103721,0.0,0.6255821224652016,0.0,Medium,0.6255821224652016,0.24521072796934829,0.3773946360153258,0.0,Normal,0.3773946360153258,0.08689155475682507,0.4565542226215874,0.0,Normal,0.4565542226215874,3,Good
0.0,0.5997402516874765,0.0,Normal,0.5997402516874765,0.0,0.8451905701912578,0.0,Normal,0.8451905701912578,0.0,0.16945021009254468,0.6610995798149103,Wet,0.6610995798149103,0.0,0.0,1.0,Wet,1.0,0.0,0.7573447907544837,0.0,Normal,0.7573447907544837,0.580006252075364,0.20999687396231792,0.0,Low,0.580006252075364,0.3832262169131608,0.3083868915434196,0.0,Low,0.3832262169131608,0.0,0.6987766129187403,0.0,Medium,0.6987766129187403,0.0,0.8563218390804596,0.0,Normal,0.8563218390804596,0.05241292137465538,0.47379353931267226,0.0,Normal,0.47379353931267226,1,Acceptable
0.0,0.09688719633378848,0.8062256073324229,Hot,0.8062256073324229,0.0,0.7686892779094352,0.0,Normal,0.7686892779094352,0.0,0.471555751054558,0.05688849789088313,Normal,0.471555751054558,0.0,0.46637493755456305,0.06725012489087435,Normal,0.46637493755456305,0.0,0.7369423356098735,0.0,Normal,0.7369423356098735,0.0,0.5116372906705275,0.0,Normal,0.5116372906705275,0.0,0.5703007805363803,0.0,Normal,0.5703007805363803,1.0,0.0,0.0,Low,1.0,0.0,0.090038314176245,0.81992337164751,High,0.81992337164751,0.0,0.6121415982286346,0.0,Normal,0.6121415982286346,0,Acceptable
0.8708050134832162,0.06459749325839195,0.0,Cold,0.8708050134832162,0.0,0.7775515752213462,0.0,Normal,0.7775515752213462,0.2010870394756739,0.3994564802621632,0.0,Normal,0.3994564802621632,0.07675026817759716,0.4616248659112013,0.0,Normal,0.4616248659112013,0.0,0.5995045821920899,0.0,Normal,0.5995045821920899,0.0,0.8302471252227788,0.0,Normal,0.8302471252227788,0.0,0.6243933339945098,0.0,Normal,0.6243933339945098,1.0,0.0,0.0,Low,1.0,1.0,0.0,0.0,Low,1.0,0.5641232229484475,0.2179383885257762,0.0,Low,0.5641232229484475,3,Poor
0.0,0.7674687009600419,0.0,Normal,0.7674687009600419,0.2617525115932083,0.3691237442033958,0.0,Normal,0.3691237442033958,0.0,0.7683361099700432,0.0,Normal,0.7683361099700432,0.0,0.8089163727793421,0.0,Normal,0.8089163727793421,1.0,0.0,0.0,Low,1.0,0.0,0.22369912219952498,0.55260175560095,High,0.55260175560095,0.0,0.9511546768400098,0.0,Normal,0.9511546768400098,0.0,0.7955374745063756,0.0,Medium,0.7955374745063756,0.0,0.952107279693487,0.0,Normal,0.952107279693487,0.0,0.7430685629894336,0.0,Normal,0.7430685629894336,3,Good
0.0,0.9675373747780998,0.0,Normal,0.9675373747780998,0.0,0.7996308005238225,0.0,Normal,0.7996308005238225,0.0,0.8403562255482283,0.0,Normal,0.8403562255482283,0.0,0.7160993928448137,0.0,Normal,0.7160993928448137,0.8167697193560692,0.09161514032196537,0.0,Low,0.8167697193560692,0.0,0.2695493333586643,0.46090133328267135,High,0.46090133328267135,0.0,0.9958139300034785,0.0,Normal,0.9958139300034785,0.15949729261834703,0.42025135369082645,0.0,Medium,0.42025135369082645,0.0,0.7605363984674328,0.0,Normal,0.7605363984674328,0.06652698091166122,0.46673650954416934,0.0,Normal,0.46673650954416934,3,Good
0.0,0.7678312210380863,0.0,Normal,0.7678312210380863,0.0,0.5544394877260171,0.0,Normal,0.5544394877260171,0.0,0.4285717841030245,0.14285643179395024,Normal,0.4285717841030245,0.0,0.6668109995820687,0.0,Normal,0.6668109995820687,0.0,0.5738009388258114,0.0,Normal,0.5738009388258114,1.0,0.0,0.0,Low,1.0,0.0,0.6613318871718825,0.0,Normal,0.6613318871718825,0.14419105937402651,0.4279044703129867,0.0,Medium,0.4279044703129867,0.0,0.2816091954022987,0.4367816091954026,High,0.4367816091954026,0.0,0.75590162490281,0.0,Normal,0.75590162490281,0,Acceptable
0.2777422966807401,0.36112885165963016,0.0,Normal,0.36112885165963016,0.410972989946232,0.2945135050268839,0.0,Cold,0.410972989946232,0.0,0.21311327936025565,0.5737734412794883,Wet,0.5737734412794883,0.0,0.35205485269958453,0.2958902946008312,Normal,0.35205485269958453,0.0,0.2164711022478962,0.5670577955042075,High,0.5670577955042075,0.5152452009579535,0.2423773995210232,0.0,Low,0.5152452009579535,1.0,0.0,0.0,Low,1.0,0.0,0.8024195524879504,0.0,Medium,0.8024195524879504,0.0,0.8563218390804601,0.0,Normal,0.8563218390804601,0.0,0.9906723500586683,0.0,Normal,0.9906723500586683,0,Acceptable
0.0,0.599055106809857,0.0,Normal,0.599055106809857,0.04300699852010631,0.4784965007399467,0.0,Normal,0.4784965007399467,0.0,0.9105889481290407,0.0,Normal,0.9105889481290407,0.0,0.8895248446672351,0.0,Normal,0.8895248446672351,0.0,0.7680931242669755,0.0,Normal,0.7680931242669755,0.4957222124287982,0.25213889378560084,0.0,Low,0.4957222124287982,0.0,0.37245863033614546,0.2550827393277093,Normal,0.37245863033614546,0.0,0.8214650055600295,0.0,Medium,0.8214650055600295,0.0,0.664750957854406,0.0,Normal,0.664750957854406,0.0,0.34124222954317873,0.31751554091364254,Normal,0.34124222954317873,1,Poor
0.0,0.5157603515908828,0.0,Normal,0.5157603515908828,0.0,0.6659838671134345,0.0,Normal,0.6659838671134345,0.0,0.5065800290799686,0.0,Normal,0.5065800290799686,0.49176419660710313,0.2541179016964483,0.0,Dry,0.49176419660710313,0.00273049470974714,0.4986347526451263,0.0,Normal,0.4986347526451263,0.0,0.6470035970416061,0.0,Normal,0.6470035970416061,0.0,0.003655843195251726,0.9926883136094965,High,0.9926883136094965,0.02970351968423426,0.48514824015788277,0.0,Medium,0.48514824015788277,0.0,0.6647509578544063,0.0,Normal,0.6647509578544063,0.0,0.6235800756714547,0.0,Normal,0.6235800756714547,3,Acceptable
0.0,0.5864716865573933,0.0,Normal,0.5864716865573933,0.0,0.9052451174118618,0.0,Normal,0.9052451174118618,0.0,0.919542956596443,0.0,Normal,0.919542956596443,0.0,0.8256337130715392,0.0,Normal,0.8256337130715392,0.0,0.8197421862713898,0.0,Normal,0.8197421862713898,0.32155437949049426,0.33922281025475276,0.0,Normal,0.33922281025475276,0.0,0.74185548242461,0.0,Normal,0.74185548242461,0.0,0.8518472871633573,0.0,Medium,0.8518472871633573,0.0,0.8563218390804596,0.0,Normal,0.8563218390804596,0.0,0.532489639071504,0.0,Normal,0.532489639071504,0,Acceptable
0.3600729821443305,0.3199635089278349,0.0,Cold,0.3600729821443305,0.24662562920658065,0.3766871853967096,0.0,Normal,0.3766871853967096,0.0,0.5022249980799418,0.0,Normal,0.5022249980799418,0.0,0.4450911960288568,0.10981760794228684,Normal,0.4450911960288568,0.5902584343569393,0.20487078282153032,0.0,Low,0.5902584343569393,0.0,0.9443191823954646,0.0,Normal,0.9443191823954646,0.0,0.5935747612142868,0.0,Normal,0.5935747612142868,0.0,0.6183549605850804,0.0,Medium,0.6183549605850804,0.0,0.2816091954022987,0.4367816091954026,High,0.4367816091954026,0.0,0.732611189083081,0.0,Normal,0.732611189083081,3,Acceptable
0.0,0.7399342590616554,0.0,Normal,0.7399342590616554,0.0,0.956845528359896,0.0,Normal,0.956845528359896,0.0,0.5855324000871824,0.0,Normal,0.5855324000871824,0.0,0.5910405206421486,0.0,Normal,0.5910405206421486,1.0,0.0,0.0,Low,1.0,0.0,0.36238855414054216,0.2752228917189157,Normal,0.36238855414054216,0.0,0.9424051372597194,0.0,Normal,0.9424051372597194,1.0,0.0,0.0,Low,1.0,1.0,0.0,0.0,Low,1.0,0.807613288590943,0.09619335570452853,0.0,Low,0.807613288590943,3,Good
0.0,0.5066450938674621,0.0,Normal,0.5066450938674621,0.0,0.88162503808167,0.0,Normal,0.88162503808167,0.0,0.8175791497994559,0.0,Normal,0.8175791497994559,0.0,0.9127940166849122,0.0,Normal,0.9127940166849122,0.016347209922081156,0.49182639503895925,0.0,Normal,0.49182639503895925,0.0,0.9527571213936157,0.0,Normal,0.9527571213936157,0.0,0.8701428344873435,0.0,Normal,0.8701428344873435,0.0,0.40835628107627614,0.1832874378474481,Medium,0.40835628107627614,0.0,0.0,1.0,High,1.0,0.0,0.502325813094759,0.0,Normal,0.502325813094759,0,Acceptable
0.0,0.8528081266910035,0.0,Normal,0.8528081266910035,0.0,0.47328294629897777,0.05343410740204422,Normal,0.47328294629897777,0.010797958623157713,0.4946010206884213,0.0,Normal,0.4946010206884213,0.0,0.6119333060404912,0.0,Normal,0.6119333060404912,0.0,0.7496474627635572,0.0,Normal,0.7496474627635572,0.0,0.8250498870965935,0.0,Normal,0.8250498870965935,0.0,0.5344418332278574,0.0,Normal,0.5344418332278574,0.0,0.7000758152313531,0.0,Medium,0.7000758152313531,1.0,0.0,0.0,Low,1.0,0.0,0.7083524200422913,0.0,Normal,0.7083524200422913,0,Acceptable
0.0,0.6221424840167462,0.0,Normal,0.6221424840167462,0.0,0.8439146807557938,0.0,Normal,0.8439146807557938,0.0,0.6496062968758294,0.0,Normal,0.6496062968758294,0.0,0.7481710002684819,0.0,Normal,0.7481710002684819,0.0,0.7127542261437927,0.0,Normal,0.7127542261437927,0.0,0.7606249917669553,0.0,Normal,0.7606249917669553,0.9969830314137278,0.0015084842931361035,0.0,Low,0.9969830314137278,0.0,0.0,1.0,High,1.0,0.0,0.2816091954022987,0.4367816091954026,High,0.4367816091954026,0.26017384500136415,0.36991307749931784,0.0,Normal,0.36991307749931784,0,Acceptable
0.0,0.8920633963862205,0.0,Normal,0.8920633963862205,0.0,0.6613836434949921,0.0,Normal,0.6613836434949921,0.0,0.8299913951889947,0.0,Normal,0.8299913951889947,0.0,0.5021424550345949,0.0,Normal,0.5021424550345949,0.0,0.35380188023786535,0.29239623952426935,Normal,0.35380188023786535,0.698776815693641,0.15061159215317943,0.0,Low,0.698776815693641,0.0,0.873002459858655,0.0,Normal,0.873002459858655,0.0,0.9154667046861539,0.0,Medium,0.9154667046861539,0.0,0.37739463601532547,0.24521072796934892,Normal,0.37739463601532547,0.0,0.8349323885567733,0.0,Normal,0.8349323885567733,1,Acceptable
0.0,0.9097212961708876,0.0,Normal,0.9097212961708876,0.14584339188647305,0.4270783040567634,0.0,Normal,0.4270783040567634,0.0,0.544364665967575,0.0,Normal,0.544364665967575,0.0,0.3907900819061651,0.21841983618767016,Normal,0.3907900819061651,0.0,0.904717420843775,0.0,Normal,0.904717420843775,0.7407074837638015,0.12964625811809927,0.0,Low,0.7407074837638015,0.0,0.6325246263394705,0.0,Normal,0.6325246263394705,0.0,0.609519943765304,0.0,Medium,0.609519943765304,0.0,0.0,1.0,High,1.0,0.0,0.7884244263391321,0.0,Normal,0.7884244263391321,1,Acceptable
0.8285076020020263,0.0857461989989869,0.0,Cold,0.8285076020020263,0.0,0.46065109895006107,0.07869780209987759,Normal,0.46065109895006107,0.0,0.8623771607336442,0.0,Normal,0.8623771607336442,0.0,0.9342832581811138,0.0,Normal,0.9342832581811138,0.0,0.6174864837731453,0.0,Normal,0.6174864837731453,0.0,0.968428162823419,0.0,Normal,0.968428162823419,0.0,0.5314835643626079,0.0,Normal,0.5314835643626079,0.0,0.8104172200615435,0.0,Medium,0.8104172200615435,0.0,0.6647509578544063,0.0,Normal,0.6647509578544063,0.0,0.5514848411860734,0.0,Normal,0.5514848411860734,0,Poor
0.0,0.6207798680236349,0.0,Normal,0.6207798680236349,0.01487235793709898,0.49256382103145036,0.0,Normal,0.49256382103145036,0.0,0.5066697847152167,0.0,Normal,0.5066697847152167,0.0,0.8347295483667575,0.0,Normal,0.8347295483667575,0.0,0.9590503848261721,0.0,Normal,0.9590503848261721,0.1057117941438927,0.4471441029280535,0.0,Normal,0.4471441029280535,0.0,0.9715301983334214,0.0,Normal,0.9715301983334214,0.0,0.9419233513553044,0.0,Medium,0.9419233513553044,0.0,0.5689655172413791,0.0,Normal,0.5689655172413791,0.0,0.6386448760346162,0.0,Normal,0.6386448760346162,0,Acceptable
0.0,0.6168140065572252,0.0,Normal,0.6168140065572252,0.0,0.10983734063815051,0.7803253187236989,Hot,0.7803253187236989,0.0,0.801495595865912,0.0,Normal,0.801495595865912,0.0,0.29728504299753256,0.4054299140049352,Wet,0.4054299140049352,0.0,0.5528090186228659,0.0,Normal,0.5528090186228659,0.6273436567595623,0.1863281716202188,0.0,Low,0.6273436567595623,0.2054700676677335,0.39726496616613327,0.0,Normal,0.39726496616613327,0.0,0.8632547965674344,0.0,Medium,0.8632547965674344,0.0,0.7605363984674332,0.0,Normal,0.7605363984674332,0.0,0.998564896814898,0.0,Normal,0.998564896814898,1,Acceptable
0.0,0.8267512532065188,0.0,Normal,0.8267512532065188,0.7720722167539409,0.11396389162302954,0.0,Cold,0.7720722167539409,0.0,0.6794864618129272,0.0,Normal,0.6794864618129272,0.0,0.8025500695195008,0.0,Normal,0.8025500695195008,0.4581762811202682,0.2709118594398658,0.0,Low,0.4581762811202682,0.0,0.5154433879276357,0.0,Normal,0.5154433879276357,0.0,0.6181996062109281,0.0,Normal,0.6181996062109281,0.0,0.9854590342970898,0.0,Medium,0.9854590342970898,0.0,0.9521072796934864,0.0,Normal,0.9521072796934864,0.0,0.5721127419040061,0.0,Normal,0.5721127419040061,3,Good
0.22800035128436108,0.38599982435781965,0.0,Normal,0.38599982435781965,0.0,0.15245372408441604,0.6950925518311678,Hot,0.6950925518311678,0.0,0.6488068309783213,0.0,Normal,0.6488068309783213,0.0,0.3922358132480017,0.2155283735039969,Normal,0.3922358132480017,0.0,0.9951457938341621,0.0,Normal,0.9951457938341621,0.36534088498946893,0.3173295575052655,0.0,Low,0.36534088498946893,0.0,0.06553672716166375,0.8689265456766725,High,0.8689265456766725,0.0,0.5519271031315073,0.0,Medium,0.5519271031315073,1.0,0.0,0.0,Low,1.0,0.0,0.22474133560932616,0.5505173287813477,High,0.5505173287813477,0,Poor
0.0,0.36696663090246856,0.2660667381950621,Normal,0.36696663090246856,0.0,0.34959272227248267,0.3008145554550345,Normal,0.34959272227248267,0.0,0.5790380591916136,0.0,Normal,0.5790380591916136,0.1844831129512336,0.40775844352438306,0.0,Normal,0.40775844352438306,1.0,0.0,0.0,Low,1.0,0.0,0.11833946954972129,0.7633210609005574,High,0.7633210609005574,0.2827263344352358,0.35863683278238206,0.0,Normal,0.35863683278238206,0.0,0.0,1.0,High,1.0,0.0,0.37739463601532547,0.24521072796934892,Normal,0.37739463601532547,0.040733595779777386,0.47963320211011123,0.0,Normal,0.47963320211011123,3,Good
0.0,0.9901160251059569,0.0,Normal,0.9901160251059569,0.0,0.5742165260688775,0.0,Normal,0.5742165260688775,0.0,0.4596568030276249,0.0806863939447493,Normal,0.4596568030276249,0.0,0.6619754733740211,0.0,Normal,0.6619754733740211,0.0,0.7430982956456104,0.0,Normal,0.7430982956456104,0.04261068159881053,0.4786946592005946,0.0,Normal,0.4786946592005946,0.0,0.9226299719855964,0.0,Normal,0.9226299719855964,0.0,0.8315457472210345,0.0,Medium,0.8315457472210345,0.0,0.2816091954022987,0.4367816091954026,High,0.4367816091954026,0.0,0.6188824799004364,0.0,Normal,0.6188824799004364,0,Acceptable
0.0,0.07479445548272265,0.8504110890345545,Hot,0.8504110890345545,0.0,0.0,1.0,Hot,1.0,0.0,0.00903934213280755,0.9819213157343849,Wet,0.9819213157343849,0.0,0.11378707484494245,0.7724258503101152,Wet,0.7724258503101152,0.0,0.36482822231628637,0.2703435553674273,Normal,0.36482822231628637,0.4568603466104026,0.2715698266947986,0.0,Low,0.4568603466104026,1.0,0.0,0.0,Low,1.0,0.0,0.6393039659387829,0.0,Medium,0.6393039659387829,0.0,0.0,1.0,High,1.0,0.0,0.6694968450695938,0.0,Normal,0.6694968450695938,0,Poor
0.0,0.27421257149858624,0.4515748570028269,Hot,0.4515748570028269,0.0,0.16391042332152736,0.6721791533569452,Hot,0.6721791533569452,0.0,0.27097659126858936,0.4580468174628208,Wet,0.4580468174628208,0.0,0.0,1.0,Wet,1.0,0.0,0.6705031467352919,0.0,Normal,0.6705031467352919,0.939077760994408,0.03046111950279602,0.0,Low,0.939077760994408,0.0,0.978062380686006,0.0,Normal,0.978062380686006,0.0,0.9137696078982451,0.0,Medium,0.9137696078982451,0.05363984674329458,0.47318007662835265,0.0,Normal,0.47318007662835265,0.0,0.6255831510298027,0.0,Normal,0.6255831510298027,1,Acceptable
0.0,0.9821550594518837,0.0,Normal,0.9821550594518837,0.8424800317748357,0.07875998411258216,0.0,Cold,0.8424800317748357,1.0,0.0,0.0,Dry,1.0,1.0,0.0,0.0,Dry,1.0,0.0,0.9674698160545351,0.0,Normal,0.9674698160545351,0.7441518232958071,0.12792408835209643,0.0,Low,0.7441518232958071,0.0,0.9685649064905125,0.0,Normal,0.9685649064905125,1.0,0.0,0.0,Low,1.0,0.0,0.0,1.0,High,1.0,0.0,0.02562262757322971,0.9487547448535406,High,0.9487547448535406,3,Acceptable
0.0,0.0,1.0,Hot,1.0,0.0,0.4546793153746787,0.09064136925064235,Normal,0.4546793153746787,0.0,0.9204295641342686,0.0,Normal,0.9204295641342686,0.0,0.7276822664605643,0.0,Normal,0.7276822664605643,0.0,0.6352370960046338,0.0,Normal,0.6352370960046338,1.0,0.0,0.0,Low,1.0,0.0,0.6192875025689237,0.0,Normal,0.6192875025689237,1.0,0.0,0.0,Low,1.0,0.8199233716475094,0.09003831417624526,0.0,Low,0.8199233716475094,0.2852616366486077,0.3573691816756961,0.0,Normal,0.3573691816756961,0,Poor
0.0,0.5422002144030295,0.0,Normal,0.5422002144030295,0.0,0.7993464226977219,0.0,Normal,0.7993464226977219,0.0,0.8135313696312667,0.0,Normal,0.8135313696312667,0.0,0.8014346381519105,0.0,Normal,0.8014346381519105,0.0,0.7803894504119893,0.0,Normal,0.7803894504119893,0.0,0.6158730882902667,0.0,Normal,0.6158730882902667,0.0,0.5748974270911306,0.0,Normal,0.5748974270911306,0.6520975265069813,0.17395123674650934,0.0,Low,0.6520975265069813,0.0,0.7605363984674328,0.0,Normal,0.7605363984674328,0.0,0.537849790455871,0.0,Normal,0.537849790455871,0,Acceptable
0.14690533691553798,0.42654733154223123,0.0,Normal,0.42654733154223123,0.18890690172729938,0.4055465491363502,0.0,Normal,0.4055465491363502,0.0,0.842398845398585,0.0,Normal,0.842398845398585,0.0,0.42180834221852626,0.15638331556294785,Normal,0.42180834221852626,0.0,0.951029915950929,0.0,Normal,0.951029915950929,0.899631558545494,0.050184220727252954,0.0,Low,0.899631558545494,0.0,0.8387472377453103,0.0,Normal,0.8387472377453103,0.0,0.9275054670802294,0.0,Medium,0.9275054670802294,0.0,0.7605363984674328,0.0,Normal,0.7605363984674328,0.0,0.7647211035540332,0.0,Normal,0.7647211035540332,1,Acceptable
0.0,0.2058719912231588,0.588256017553682,Hot,0.588256017553682,0.0,0.0,1.0,Hot,1.0,0.0,0.6653687875034723,0.0,Normal,0.6653687875034723,0.0,0.7930373180640707,0.0,Normal,0.7930373180640707,0.0,0.8349279888182672,0.0,Normal,0.8349279888182672,0.0,0.6458876065333011,0.0,Normal,0.6458876065333011,0.0,0.43951456742673367,0.12097086514653291,Normal,0.43951456742673367,1.0,0.0,0.0,Low,1.0,0.0,0.0,1.0,High,1.0,0.0,0.9699370398440117,0.0,Normal,0.9699370398440117,0,Acceptable
0.0,0.24656766224227225,0.506864675515455,Hot,0.506864675515455,0.0,0.9566353362189943,0.0,Normal,0.9566353362189943,0.0,0.7461823948833798,0.0,Normal,0.7461823948833798,0.23831175130065488,0.3808441243496724,0.0,Normal,0.3808441243496724,0.0,0.5394142392640614,0.0,Normal,0.5394142392640614,0.23308351410757172,0.38345824294621406,0.0,Normal,0.38345824294621406,0.0,0.8466168434374978,0.0,Normal,0.8466168434374978,1.0,0.0,0.0,Low,1.0,0.0,0.4731800766283523,0.05363984674329525,Normal,0.4731800766283523,0.0,0.8853838941137647,0.0,Normal,0.8853838941137647,0,Acceptable
0.0,0.6260846824128182,0.0,Normal,0.6260846824128182,0.0,0.9444746384904139,0.0,Normal,0.9444746384904139,0.0,0.0,1.0,Wet,1.0,0.0,0.29281057985256576,0.4143788402948688,Wet,0.4143788402948688,0.5043243561113532,0.24783782194432333,0.0,Low,0.5043243561113532,0.0,0.9309471651350507,0.0,Normal,0.9309471651350507,0.0,0.0498054026717909,0.9003891946564182,High,0.9003891946564182,0.0,0.6581861753720495,0.0,Medium,0.6581861753720495,0.0,0.0,1.0,High,1.0,0.0,0.6833133973366922,0.0,Normal,0.6833133973366922,0,Acceptable
0.0,0.816276719288466,0.0,Normal,0.816276719288466,0.753116728043272,0.12344163597836395,0.0,Cold,0.753116728043272,0.0,0.7476813082167924,0.0,Normal,0.7476813082167924,0.0,0.8588388225484594,0.0,Normal,0.8588388225484594,0.0,0.9211269983544906,0.0,Normal,0.9211269983544906,0.0,0.5385289777268234,0.0,Normal,0.5385289777268234,0.0,0.7875631892982982,0.0,Normal,0.7875631892982982,0.0,0.5830540180656321,0.0,Medium,0.5830540180656321,0.0,0.37739463601532547,0.24521072796934892,Normal,0.37739463601532547,0.0,0.2867851573972589,0.4264296852054822,High,0.4264296852054822,0,Acceptable
0.45377373760650047,0.2731131311967499,0.0,Cold,0.45377373760650047,0.0,0.859739803698069,0.0,Normal,0.859739803698069,0.0,0.5639214973494105,0.0,Normal,0.5639214973494105,0.46589115738461506,0.2670544213076924,0.0,Dry,0.46589115738461506,0.0,0.8582172282078914,0.0,Normal,0.8582172282078914,0.0,0.6729317495781487,0.0,Normal,0.6729317495781487,0.0,0.5625237276336618,0.0,Normal,0.5625237276336618,0.7846151225886022,0.10769243870569889,0.0,Low,0.7846151225886022,0.0,0.8563218390804601,0.0,Normal,0.8563218390804601,0.1931252142305361,0.4034373928847319,0.0,Normal,0.4034373928847319,3,Acceptable
0.0,0.8001851302381094,0.0,Normal,0.8001851302381094,0.0,0.6465480005629675,0.0,Normal,0.6465480005629675,0.0,0.9459714098842403,0.0,Normal,0.9459714098842403,0.0,0.8317730585210866,0.0,Normal,0.8317730585210866,0.0,0.645296208905152,0.0,Normal,0.645296208905152,0.0,0.9747777085618855,0.0,Normal,0.9747777085618855,0.0,0.7016974086692904,0.0,Normal,0.7016974086692904,1.0,0.0,0.0,Low,1.0,0.0,0.7605363984674332,0.0,Normal,0.7605363984674332,0.20168921534426051,0.3991553923278697,0.0,Normal,0.3991553923278697,3,Good
0.0,0.7014254763519248,0.0,Normal,0.7014254763519248,0.0,0.5770497583738168,0.0,Normal,0.5770497583738168,0.0,0.8830439845825919,0.0,Normal,0.8830439845825919,0.0,0.9375373366879539,0.0,Normal,0.9375373366879539,0.41855076761561505,0.29072461619219236,0.0,Low,0.41855076761561505,0.0,0.9876222640070261,0.0,Normal,0.9876222640070261,0.0,0.7227677415069795,0.0,Normal,0.7227677415069795,0.0,0.7804248044598275,0.0,Medium,0.7804248044598275,0.0,0.952107279693487,0.0,Normal,0.952107279693487,0.0,0.7019614906209624,0.0,Normal,0.7019614906209624,0,Acceptable
0.47442183631304097,0.26278908184347965,0.0,Cold,0.47442183631304097,0.0,0.8475755455376883,0.0,Normal,0.8475755455376883,0.0,0.4455828127329278,0.10883437453414353,Normal,0.4455828127329278,0.0,0.02739912664205578,0.9452017467158884,Wet,0.9452017467158884,0.0,0.6680659143747734,0.0,Normal,0.6680659143747734,0.04378732823194352,0.4781063358840281,0.0,Normal,0.4781063358840281,0.0,0.5812303425861336,0.0,Normal,0.5812303425861336,0.14388595012773045,0.42805702493613473,0.0,Medium,0.42805702493613473,0.0,0.2816091954022987,0.4367816091954026,High,0.4367816091954026,0.0,0.6079693551549622,0.0,Normal,0.6079693551549622,1,Poor
0.0,0.05092134647811227,0.8981573070437754,Hot,0.8981573070437754,0.0,0.32858027054646594,0.342839458907068,Hot,0.342839458907068,0.0,0.287401393149594,0.42519721370081137,Wet,0.42519721370081137,0.0,0.08879542464466188,0.8224091507106763,Wet,0.8224091507106763,0.0,0.7953246392443868,0.0,Normal,0.7953246392443868,0.47489298698151744,0.2625535065092412,0.0,Low,0.47489298698151744,0.0,0.28185538381202,0.4362892323759602,High,0.4362892323759602,0.0,0.565950620780021,0.0,Medium,0.565950620780021,0.0,0.090038314176245,0.81992337164751,High,0.81992337164751,0.0,0.592558491968087,0.0,Normal,0.592558491968087,1,Poor
0.4606321570498404,0.26968392147507997,0.0,Cold,0.4606321570498404,0.6590868418031197,0.1704565790984401,0.0,Cold,0.6590868418031197,0.0,0.8215122979192333,0.0,Normal,0.8215122979192333,0.0,0.7755380112716066,0.0,Normal,0.7755380112716066,0.0,0.8724811093747098,0.0,Normal,0.8724811093747098,0.0,0.869266711680199,0.0,Normal,0.869266711680199,0.0,0.8309163469899662,0.0,Normal,0.8309163469899662,0.9295636699952612,0.035218165002369385,0.0,Low,0.9295636699952612,0.0,0.0,1.0,High,1.0,0.0,0.9747452672973111,0.0,Normal,0.9747452672973111,0,Acceptable
0.28151023935015906,0.3592448803249207,0.0,Normal,0.3592448803249207,0.4412445184337739,0.279377740783113,0.0,Cold,0.4412445184337739,0.0,0.5348388889410056,0.0,Normal,0.5348388889410056,0.197039928255329,0.40148003587233533,0.0,Normal,0.40148003587233533,0.0,0.646862790840488,0.0,Normal,0.646862790840488,0.0,0.5600014737122813,0.0,Normal,0.5600014737122813,0.0,0.6198058493849323,0.0,Normal,0.6198058493849323,0.037906792858513005,0.4810466035707434,0.0,Medium,0.4810466035707434,0.436781609195402,0.28160919540229895,0.0,Low,0.436781609195402,0.0,0.6577066019003378,0.0,Normal,0.6577066019003378,3,Acceptable
0.0,0.506152414134565,0.0,Normal,0.506152414134565,0.0,0.8143642474765119,0.0,Normal,0.8143642474765119,0.0,0.5709775736650191,0.0,Normal,0.5709775736650191,0.19972556720577472,0.4001372163971125,0.0,Normal,0.4001372163971125,0.0,0.5361437843725011,0.0,Normal,0.5361437843725011,0.0,0.45680672593683097,0.08638654812633804,Normal,0.45680672593683097,0.0,0.9777818776851085,0.0,Normal,0.9777818776851085,0.8746438602702599,0.06267806986487004,0.0,Low,0.8746438602702599,0.0,0.7605363984674332,0.0,Normal,0.7605363984674332,0.11008067719091363,0.4449596614045431,0.0,Normal,0.4449596614045431,3,Good
0.0,0.6032062442958058,0.0,Normal,0.6032062442958058,0.20241444501280462,0.3987927774935976,0.0,Normal,0.3987927774935976,0.0,0.7661960214217013,0.0,Normal,0.7661960214217013,0.0,0.8909802323835231,0.0,Normal,0.8909802323835231,1.0,0.0,0.0,Low,1.0,0.0,0.42883582586792257,0.1423283482641548,Normal,0.42883582586792257,0.5549409564850981,0.22252952175745094,0.0,Low,0.5549409564850981,0.6287027892823983,0.18564860535880082,0.0,Low,0.6287027892823983,0.0,0.952107279693487,0.0,Normal,0.952107279693487,0.0,0.4882161438100989,0.023567712379802135,Normal,0.4882161438100989,3,Acceptable
0.0,0.9036966057068149,0.0,Normal,0.9036966057068149,0.0,0.5822960138324748,0.0,Normal,0.5822960138324748,0.0,0.3364688767530881,0.3270622464938231,Normal,0.3364688767530881,0.0,0.5030583075640004,0.0,Normal,0.5030583075640004,0.0,0.02368999152036845,0.9526200169592631,High,0.9526200169592631,1.0,0.0,0.0,Low,1.0,0.0,0.7133015588219209,0.0,Normal,0.7133015588219209,0.0,0.7640740322351957,0.0,Medium,0.7640740322351957,0.0,0.0,1.0,High,1.0,0.0,0.7466553448836969,0.0,Normal,0.7466553448836969,1,Acceptable
0.0,0.8870338501555485,0.0,Normal,0.8870338501555485,0.0,0.0,1.0,Hot,1.0,0.0,0.9650320731151153,0.0,Normal,0.9650320731151153,0.0,0.7990523922174521,0.0,Normal,0.7990523922174521,0.0,0.7549987275727282,0.0,Normal,0.7549987275727282,0.0,0.5861794599973841,0.0,Normal,0.5861794599973841,0.0,0.700375946714183,0.0,Normal,0.700375946714183,0.0,0.7759856723302491,0.0,Medium,0.7759856723302491,0.0,0.4731800766283523,0.05363984674329525,Normal,0.4731800766283523,0.0,0.0908146459383539,0.8183707081232923,High,0.8183707081232923,0,Acceptable
0.0,0.6331771169263092,0.0,Normal,0.6331771169263092,0.0,0.8219535366420851,0.0,Normal,0.8219535366420851,0.0,0.028964552981770447,0.942070894036459,Wet,0.942070894036459,0.0,0.05525999336185107,0.8894800132762979,Wet,0.8894800132762979,1.0,0.0,0.0,Low,1.0,0.0,0.39647704439908305,0.20704591120183388,Normal,0.39647704439908305,0.0,0.8203970221455047,0.0,Normal,0.8203970221455047,1.0,0.0,0.0,Low,1.0,0.0,0.37739463601532547,0.24521072796934892,Normal,0.37739463601532547,0.0,0.5030830905883936,0.0,Normal,0.5030830905883936,3,Good
0.0,0.7555066711219275,0.0,Normal,0.7555066711219275,0.0,0.7767983741612687,0.0,Normal,0.7767983741612687,0.0,0.3023826142322634,0.39523477153547254,Wet,0.39523477153547254,0.0,0.4032666290500652,0.1934667418998699,Normal,0.4032666290500652,0.0,0.5601717521204719,0.0,Normal,0.5601717521204719,0.6833516378280258,0.15832418108598706,0.0,Low,0.6833516378280258,0.0,0.7729346984113913,0.0,Normal,0.7729346984113913,0.0,0.972265028685795,0.0,Medium,0.972265028685795,0.0,0.7605363984674328,0.0,Normal,0.7605363984674328,0.0,0.9009951642787971,0.0,Normal,0.9009951642787971,1,Acceptable
0.0,0.6139307690361483,0.0,Normal,0.6139307690361483,0.0,0.06506167388773643,0.8698766522245271,Hot,0.8698766522245271,0.0,0.587519623673493,0.0,Normal,0.587519623673493,0.0,0.950699251650612,0.0,Normal,0.950699251650612,0.25467972784846193,0.3726601360757689,0.0,Normal,0.3726601360757689,0.2519998654193693,0.37400006729031526,0.0,Normal,0.37400006729031526,0.0,0.7899982459481607,0.0,Normal,0.7899982459481607,0.051943617109635284,0.47402819144518227,0.0,Medium,0.47402819144518227,0.0,0.8563218390804601,0.0,Normal,0.8563218390804601,0.0,0.17348907643640474,0.6530218471271906,High,0.6530218471271906,0,Acceptable
0.0,0.30865405253361405,0.3826918949327713,Hot,0.3826918949327713,0.0,0.7808529260395088,0.0,Normal,0.7808529260395088,0.0,0.5106235711722419,0.0,Normal,0.5106235711722419,0.0,0.5913024794635282,0.0,Normal,0.5913024794635282,0.0,0.7206800453183263,0.0,Normal,0.7206800453183263,0.0,0.8747329252296588,0.0,Normal,0.8747329252296588,0.0,0.5222415752461618,0.0,Normal,0.5222415752461618,0.0,0.6823247051058184,0.0,Medium,0.6823247051058184,0.0,0.2816091954022987,0.4367816091954026,High,0.4367816091954026,0.0,0.5133232354478829,0.0,Normal,0.5133232354478829,3,Good
0.9273895805269302,0.03630520973653493,0.0,Cold,0.9273895805269302,0.0,0.5533903676931979,0.0,Normal,0.5533903676931979,0.23696659373908327,0.3815167031304585,0.0,Normal,0.3815167031304585,0.2118943186095129,0.39405284069524343,0.0,Normal,0.39405284069524343,0.0,0.4577625515206878,0.0844748969586244,Normal,0.4577625515206878,0.3935126862006753,0.30324365689966226,0.0,Low,0.3935126862006753,0.0,0.0,1.0,High,1.0,0.0,0.6732795762550574,0.0,Medium,0.6732795762550574,0.0,0.6647509578544063,0.0,Normal,0.6647509578544063,0.0,0.7594437661904127,0.0,Normal,0.7594437661904127,0,Poor
0.0,0.7272907710955167,0.0,Normal,0.7272907710955167,0.0,0.6672860332724814,0.0,Normal,0.6672860332724814,0.0,0.525588347702292,0.0,Normal,0.525588347702292,0.0,0.3013462064629467,0.39730758707410685,Wet,0.39730758707410685,0.0,0.7700382831286796,0.0,Normal,0.7700382831286796,0.4394559388627324,0.2802720305686337,0.0,Low,0.4394559388627324,0.0,0.9589136910091067,0.0,Normal,0.9589136910091067,0.10446392262145494,0.44776803868927245,0.0,Medium,0.44776803868927245,1.0,0.0,0.0,Low,1.0,0.2996991959260079,0.350150402036996,0.0,Normal,0.350150402036996,1,Acceptable
0.6037471437833773,0.1981264281083114,0.0,Cold,0.6037471437833773,0.0,0.7148720958021255,0.0,Normal,0.7148720958021255,0.6020930726468454,0.19895346367657735,0.0,Dry,0.6020930726468454,0.453727622846224,0.27313618857688793,0.0,Dry,0.453727622846224,1.0,0.0,0.0,Low,1.0,0.0,0.0,1.0,High,1.0,0.6238632074302528,0.18806839628487362,0.0,Low,0.6238632074302528,0.0,0.8674014033886827,0.0,Medium,0.8674014033886827,1.0,0.0,0.0,Low,1.0,0.0,0.5589526161392678,0.0,Normal,0.5589526161392678,3,Acceptable
0.31348811578979957,0.3432559421051004,0.0,Normal,0.3432559421051004,0.0,0.9960139912825403,0.0,Normal,0.9960139912825403,0.0,0.8595116591974605,0.0,Normal,0.8595116591974605,0.0,0.7786292819928,0.0,Normal,0.7786292819928,0.8857888210783896,0.05710558946080516,0.0,Low,0.8857888210783896,0.0,0.727437307998361,0.0,Normal,0.727437307998361,0.0,0.7384301989347541,0.0,Normal,0.7384301989347541,0.0,0.5653072277757831,0.0,Medium,0.5653072277757831,0.0,0.6647509578544063,0.0,Normal,0.6647509578544063,0.24191738880408942,0.37904130559795524,0.0,Normal,0.37904130559795524,0,Acceptable
0.0,0.8651799561949519,0.0,Normal,0.8651799561949519,0.5383751346382204,0.23081243268088975,0.0,Cold,0.5383751346382204,0.0,0.6411554684784601,0.0,Normal,0.6411554684784601,0.0,0.6279941246758609,0.0,Normal,0.6279941246758609,0.268082957482645,0.3659585212586774,0.0,Normal,0.3659585212586774,0.0,0.8838584420026012,0.0,Normal,0.8838584420026012,0.0,0.5264995713613143,0.0,Normal,0.5264995713613143,0.8376750967299995,0.08116245163500023,0.0,Low,0.8376750967299995,1.0,0.0,0.0,Low,1.0,0.0,0.8335302036560054,0.0,Normal,0.8335302036560054,3,Acceptable
0.0,0.7556022255259895,0.0,Normal,0.7556022255259895,0.35436716787457145,0.3228164160627142,0.0,Cold,0.35436716787457145,0.0,0.7040168453170352,0.0,Normal,0.7040168453170352,0.35874516936101836,0.32062741531949074,0.0,Dry,0.35874516936101836,0.0,0.5351744705692856,0.0,Normal,0.5351744705692856,0.0,0.8157907121361002,0.0,Normal,0.8157907121361002,0.0,0.43519657846981985,0.12960684306036055,Normal,0.43519657846981985,0.0,0.6749465058678926,0.0,Medium,0.6749465058678926,0.0,0.090038314176245,0.81992337164751,High,0.81992337164751,0.0,0.5635568022329455,0.0,Normal,0.5635568022329455,3,Acceptable
0.0,0.6250712381719313,0.0,Normal,0.6250712381719313,0.0,0.9355098752243547,0.0,Normal,0.9355098752243547,0.0,0.5400075695445518,0.0,Normal,0.5400075695445518,0.0,0.29464308938226486,0.41071382123547057,Wet,0.41071382123547057,0.15519889353652935,0.4224005532317352,0.0,Normal,0.4224005532317352,0.0,0.8228128730158262,0.0,Normal,0.8228128730158262,0.0,0.9351714450489738,0.0,Normal,0.9351714450489738,0.23977260918827673,0.3801136954058616,0.0,Medium,0.3801136954058616,0.0,0.952107279693487,0.0,Normal,0.952107279693487,0.151556070403126,0.42422196479843693,0.0,Normal,0.42422196479843693,0,Acceptable
0.0,0.9787720065034657,0.0,Normal,0.9787720065034657,0.0,0.11235833976935529,0.7752833204612893,Hot,0.7752833204612893,0.0,0.6026725601203513,0.0,Normal,0.6026725601203513,0.09089906699023542,0.4545504665048821,0.0,Normal,0.4545504665048821,1.0,0.0,0.0,Low,1.0,0.0,0.506962991276116,0.0,Normal,0.506962991276116,0.0,0.7611256269640705,0.0,Normal,0.7611256269640705,0.0,0.6462505762414963,0.0,Medium,0.6462505762414963,1.0,0.0,0.0,Low,1.0,0.0,0.9340439234543052,0.0,Normal,0.9340439234543052,3,Good
0.0,0.5250683513824589,0.0,Normal,0.5250683513824589,0.2205608862835526,0.38971955685822357,0.0,Normal,0.38971955685822357,0.0,0.9265566577997237,0.0,Normal,0.9265566577997237,0.0,0.5749293507854804,0.0,Normal,0.5749293507854804,0.0,0.8614682341358643,0.0,Normal,0.8614682341358643,0.0,0.5026865081501185,0.0,Normal,0.5026865081501185,0.0,0.37796990199315333,0.24406019601369358,Normal,0.37796990199315333,0.5817637928086196,0.2091181035956902,0.0,Low,0.5817637928086196,1.0,0.0,0.0,Low,1.0,0.0,0.40799305851142986,0.18401388297714025,Normal,0.40799305851142986,0,Acceptable
0.0,0.8514053102812161,0.0,Normal,0.8514053102812161,0.0,0.6465724931404578,0.0,Normal,0.6465724931404578,0.08804322198062128,0.4559783890096895,0.0,Normal,0.4559783890096895,0.0,0.712193374608855,0.0,Normal,0.712193374608855,0.0,0.6805529049151745,0.0,Normal,0.6805529049151745,0.0,0.9293852540570116,0.0,Normal,0.9293852540570116,0.0,0.9111230635861244,0.0,Normal,0.9111230635861244,0.0,0.5016368476310056,0.0,Medium,0.5016368476310056,1.0,0.0,0.0,Low,1.0,0.0,0.8559754346662077,0.0,Normal,0.8559754346662077,0,Acceptable
0.0,0.5272746040534244,0.0,Normal,0.5272746040534244,0.0,0.7148680470251834,0.0,Normal,0.7148680470251834,0.0,0.9545889178661099,0.0,Normal,0.9545889178661099,0.0,0.6052380288163373,0.0,Normal,0.6052380288163373,1.0,0.0,0.0,Low,1.0,0.0,0.3760452122305748,0.24790957553885035,Normal,0.3760452122305748,0.0,0.6563595082043031,0.0,Normal,0.6563595082043031,0.0,0.8286356249578921,0.0,Medium,0.8286356249578921,0.0,0.4731800766283523,0.05363984674329525,Normal,0.4731800766283523,0.0,0.5245765768289832,0.0,Normal,0.5245765768289832,3,Acceptable
0.8844046280156925,0.05779768599215379,0.0,Cold,0.8844046280156925,0.8473770095762215,0.0763114952118892,0.0,Cold,0.8473770095762215,0.0,0.7671101131443203,0.0,Normal,0.7671101131443203,0.0,0.4659510231010071,0.06809795379798618,Normal,0.4659510231010071,0.0,0.9969344698888883,0.0,Normal,0.9969344698888883,0.7119977742620974,0.14400111286895123,0.0,Low,0.7119977742620974,0.0,0.5834082560140531,0.0,Normal,0.5834082560140531,0.0,0.7344585266685495,0.0,Medium,0.7344585266685495,0.8199233716475094,0.09003831417624526,0.0,Low,0.8199233716475094,0.0,0.9428014438690395,0.0,Normal,0.9428014438690395,1,Poor
0.0,0.5694170753550597,0.0,Normal,0.5694170753550597,0.0,0.9678533180308391,0.0,Normal,0.9678533180308391,0.0,0.6729094013483264,0.0,Normal,0.6729094013483264,0.0,0.7200274964269108,0.0,Normal,0.7200274964269108,0.0,0.9991635670979981,0.0,Normal,0.9991635670979981,0.4507073944630395,0.2746463027684802,0.0,Low,0.4507073944630395,0.0,0.7470526814327574,0.0,Normal,0.7470526814327574,0.0,0.5590193553794788,0.0,Medium,0.5590193553794788,0.8199233716475094,0.09003831417624526,0.0,Low,0.8199233716475094,0.012716197803005789,0.49364190109849704,0.0,Normal,0.49364190109849704,0,Acceptable
0.5823521423780689,0.20882392881096568,0.0,Cold,0.5823521423780689,0.0,0.7914803059168503,0.0,Normal,0.7914803059168503,0.0,0.9785498355533069,0.0,Normal,0.9785498355533069,0.0,0.8040784635583643,0.0,Normal,0.8040784635583643,0.0,0.42558627688528106,0.1488274462294379,Normal,0.42558627688528106,0.6621818237659781,0.16890908811701089,0.0,Low,0.6621818237659781,0.0,0.9620314574419724,0.0,Normal,0.9620314574419724,0.0,0.9298061765609859,0.0,Medium,0.9298061765609859,0.8199233716475094,0.09003831417624526,0.0,Low,0.8199233716475094,0.0,0.6589624599017275,0.0,Normal,0.6589624599017275,1,Poor
0.0,0.8036292933781694,0.0,Normal,0.8036292933781694,0.0,0.5881228783270761,0.0,Normal,0.5881228783270761,0.0,0.3797572838830175,0.24048543223396426,Normal,0.3797572838830175,0.0,0.2850653649810415,0.42986927003791725,Wet,0.42986927003791725,0.0,0.6737433068280037,0.0,Normal,0.6737433068280037,0.6930784962448359,0.15346075187758204,0.0,Low,0.6930784962448359,0.0,0.8392340782176266,0.0,Normal,0.8392340782176266,0.8080197373571463,0.09599013132142688,0.0,Low,0.8080197373571463,0.0,0.5689655172413791,0.0,Normal,0.5689655172413791,0.0,0.5727803896447082,0.0,Normal,0.5727803896447082,1,Acceptable
0.0,0.8179579762461373,0.0,Normal,0.8179579762461373,0.0,0.91566053325831,0.0,Normal,0.91566053325831,0.0,0.9813428257933369,0.0,Normal,0.9813428257933369,0.0,0.9161815990501812,0.0,Normal,0.9161815990501812,0.0,0.8180768179283472,0.0,Normal,0.8180768179283472,0.0,0.9316772480921771,0.0,Normal,0.9316772480921771,0.0,0.07174685013796045,0.8565062997240791,High,0.8565062997240791,0.0,0.813394858607348,0.0,Medium,0.813394858607348,0.0,0.952107279693487,0.0,Normal,0.952107279693487,0.0,0.5156400007955728,0.0,Normal,0.5156400007955728,0,Acceptable
0.5644670762888719,0.21776646185556414,0.0,Cold,0.5644670762888719,0.3347710434196441,0.3326144782901779,0.0,Cold,0.3347710434196441,0.0,0.0,1.0,Wet,1.0,0.0,0.0,1.0,Wet,1.0,0.0,0.0,1.0,High,1.0,1.0,0.0,0.0,Low,1.0,0.0,0.5764239108191173,0.0,Normal,0.5764239108191173,0.249254828470553,0.37537258576472343,0.0,Medium,0.37537258576472343,0.0,0.7605363984674332,0.0,Normal,0.7605363984674332,0.0,0.8788215053196173,0.0,Normal,0.8788215053196173,1,Poor
0.0,0.7315765902813772,0.0,Normal,0.7315765902813772,0.0,0.6275865567801335,0.0,Normal,0.6275865567801335,0.32411776186720476,0.33794111906639773,0.0,Normal,0.33794111906639773,0.9295495871829227,0.03522520640853866,0.0,Dry,0.9295495871829227,0.0,0.9154357133078823,0.0,Normal,0.9154357133078823,0.5606580569597636,0.2196709715201182,0.0,Low,0.5606580569597636,0.5721064247735884,0.21394678761320582,0.0,Low,0.5721064247735884,0.30602368908389316,0.3469881554580534,0.0,Medium,0.3469881554580534,0.0,0.4731800766283523,0.05363984674329525,Normal,0.4731800766283523,0.0,0.9392124572511386,0.0,Normal,0.9392124572511386,3,Acceptable
0.0,0.15294018480282795,0.6941196303943438,Hot,0.6941196303943438,0.0,0.0,1.0,Hot,1.0,0.0,0.0,1.0,Wet,1.0,0.0,0.0015357745186457355,0.9969284509627085,Wet,0.9969284509627085,0.0,0.7262600470231815,0.0,Normal,0.7262600470231815,0.7190326803297433,0.1404836598351283,0.0,Low,0.7190326803297433,0.305678241184226,0.34716087940788704,0.0,Normal,0.34716087940788704,0.0,0.7669027873210486,0.0,Medium,0.7669027873210486,0.0,0.9521072796934864,0.0,Normal,0.9521072796934864,0.0,0.8794921498258765,0.0,Normal,0.8794921498258765,0,Poor
0.0,0.7197686756172151,0.0,Normal,0.7197686756172151,0.0,0.7978876519578818,0.0,Normal,0.7978876519578818,0.0,0.7808024247173107,0.0,Normal,0.7808024247173107,0.0,0.843561180409836,0.0,Normal,0.843561180409836,0.7310514301194142,0.13447428494029284,0.0,Low,0.7310514301194142,0.0,0.4465060926155944,0.1069878147688112,Normal,0.4465060926155944,0.0,0.5029276163669235,0.0,Normal,0.5029276163669235,1.0,0.0,0.0,Low,1.0,0.0,0.0,1.0,High,1.0,0.0,0.6737733495688374,0.0,Normal,0.6737733495688374,3,Good
0.0,0.48437664621136217,0.031246707577274588,Normal,0.48437664621136217,0.0,0.851025204541004,0.0,Normal,0.851025204541004,0.03336329863134244,0.48331835068432893,0.0,Normal,0.48331835068432893,0.0,0.6058960452482139,0.0,Normal,0.6058960452482139,0.0,0.07294551197192164,0.8541089760561568,High,0.8541089760561568,0.29197781903486264,0.35401109048256857,0.0,Normal,0.35401109048256857,0.0,0.5158111313151849,0.0,Normal,0.5158111313151849,0.4368577545946078,0.281571122702696,0.0,Low,0.4368577545946078,0.0,0.5689655172413794,0.0,Normal,0.5689655172413794,0.0,0.6674837977253975,0.0,Normal,0.6674837977253975,3,Good
0.0,0.9972681696818791,0.0,Normal,0.9972681696818791,0.0,0.26913991738584725,0.46172016522830533,Hot,0.46172016522830533,0.0,0.26775053040909697,0.4644989391818055,Wet,0.4644989391818055,0.0,0.5675254976099816,0.0,Normal,0.5675254976099816,0.0,0.8545051521559156,0.0,Normal,0.8545051521559156,0.4568067711366588,0.27159661443167055,0.0,Low,0.4568067711366588,0.0,0.6580101207768141,0.0,Normal,0.6580101207768141,0.0,0.8069712816155765,0.0,Medium,0.8069712816155765,0.0,0.18582375478927182,0.6283524904214562,High,0.6283524904214562,0.0,0.9723123728950708,0.0,Normal,0.9723123728950708,0,Acceptable
0.0,0.3535690508032413,0.2928618983935167,Normal,0.3535690508032413,0.0,0.8807357112830898,0.0,Normal,0.8807357112830898,0.0,0.4091039788155454,0.18179204236890842,Normal,0.4091039788155454,0.0,0.423391540824463,0.15321691835107443,Normal,0.423391540824463,0.0,0.8589867456176604,0.0,Normal,0.8589867456176604,0.0,0.9590866666189128,0.0,Normal,0.9590866666189128,0.0,0.7579068631216902,0.0,Normal,0.7579068631216902,0.0,0.1427532628040663,0.7144934743918675,High,0.7144934743918675,0.0,0.8563218390804601,0.0,Normal,0.8563218390804601,0.0,0.5631128332244394,0.0,Normal,0.5631128332244394,0,Acceptable
0.0,0.8467608611095145,0.0,Normal,0.8467608611095145,0.0,0.917251031254637,0.0,Normal,0.917251031254637,0.0,0.7196963756564676,0.0,Normal,0.7196963756564676,0.0,0.512745209951553,0.0,Normal,0.512745209951553,0.0,0.18837246669285165,0.6232550666142966,High,0.6232550666142966,0.9767269937850216,0.011636503107489204,0.0,Low,0.9767269937850216,0.0,0.7063512302283081,0.0,Normal,0.7063512302283081,0.0,0.8701801453986735,0.0,Medium,0.8701801453986735,0.0,0.952107279693487,0.0,Normal,0.952107279693487,0.0,0.5932634130513901,0.0,Normal,0.5932634130513901,1,Acceptable
0.0,0.7685736730163975,0.0,Normal,0.7685736730163975,0.8294334793779508,0.08528326031102461,0.0,Cold,0.8294334793779508,0.0,0.6099743776683489,0.0,Normal,0.6099743776683489,0.0,0.797604206651304,0.0,Normal,0.797604206651304,0.0,0.8206514538996831,0.0,Normal,0.8206514538996831,0.5315649728709305,0.23421751356453466,0.0,Low,0.5315649728709305,0.0,0.3111913893056661,0.377617221388668,High,0.377617221388668,0.18079669197284454,0.4096016540135777,0.0,Medium,0.4096016540135777,1.0,0.0,0.0,Low,1.0,0.0,0.0,1.0,High,1.0,0,Poor
0.0,0.8832760215405886,0.0,Normal,0.8832760215405886,0.0,0.6729949160218123,0.0,Normal,0.6729949160218123,0.0,0.5186024403664821,0.0,Normal,0.5186024403664821,0.0,0.9059468034269473,0.0,Normal,0.9059468034269473,1.0,0.0,0.0,Low,1.0,0.0,0.3368041940826974,0.3263916118346052,Normal,0.3368041940826974,0.5135655756428122,0.24321721217859388,0.0,Low,0.5135655756428122,0.6318490613225218,0.18407546933873908,0.0,Low,0.6318490613225218,0.0,0.2816091954022987,0.4367816091954026,High,0.4367816091954026,0.20849825017151824,0.3957508749142408,0.0,Normal,0.3957508749142408,3,Good
0.0,0.619884588549031,0.0,Normal,0.619884588549031,0.02020151382242941,0.4898992430887852,0.0,Normal,0.4898992430887852,0.0,0.8398256003042807,0.0,Normal,0.8398256003042807,0.08381444758726056,0.45809277620636957,0.0,Normal,0.45809277620636957,0.0,0.6345349922186491,0.0,Normal,0.6345349922186491,0.8311112489789025,0.08444437551054873,0.0,Low,0.8311112489789025,0.0,0.852109599146875,0.0,Normal,0.852109599146875,0.205362432883388,0.3973187835583059,0.0,Medium,0.3973187835583059,0.0,0.2816091954022987,0.4367816091954026,High,0.4367816091954026,0.0,0.6812005699233635,0.0,Normal,0.6812005699233635,0,Acceptable
0.0,0.7111497686344742,0.0,Normal,0.7111497686344742,0.0,0.1328555968496951,0.7342888063006097,Hot,0.7342888063006097,0.0,0.8140442665353876,0.0,Normal,0.8140442665353876,0.0,0.7401764809802363,0.0,Normal,0.7401764809802363,0.21376913460790944,0.39311543269604515,0.0,Normal,0.39311543269604515,0.0,0.7094827055183357,0.0,Normal,0.7094827055183357,0.0,0.9616305634094895,0.0,Normal,0.9616305634094895,0.0,0.7644270762123739,0.0,Medium,0.7644270762123739,0.0,0.5689655172413791,0.0,Normal,0.5689655172413791,0.0,0.796977577038682,0.0,Normal,0.796977577038682,3,Good
0.0925707544168319,0.4537146227915843,0.0,Normal,0.4537146227915843,0.0,0.6784170511141797,0.0,Normal,0.6784170511141797,0.0,0.6293174753355084,0.0,Normal,0.6293174753355084,0.13788356376964758,0.43105821811517603,0.0,Normal,0.43105821811517603,0.5181698531026177,0.2409150734486911,0.0,Low,0.5181698531026177,0.0,0.6906386724010021,0.0,Normal,0.6906386724010021,0.0,0.9283544965596687,0.0,Normal,0.9283544965596687,0.5734684932412143,0.21326575337939285,0.0,Low,0.5734684932412143,0.0,0.090038314176245,0.81992337164751,High,0.81992337164751,0.0,0.765467394658972,0.0,Normal,0.765467394658972,3,Good
0.0,0.9284146361880662,0.0,Normal,0.9284146361880662,0.911013697018467,0.04449315149076647,0.0,Cold,0.911013697018467,0.0,0.9691596711560324,0.0,Normal,0.9691596711560324,0.0,0.951249144535767,0.0,Normal,0.951249144535767,0.41237583983526743,0.2938120800823662,0.0,Low,0.41237583983526743,0.0,0.9492205909152397,0.0,Normal,0.9492205909152397,0.6891786760632944,0.15541066196835276,0.0,Low,0.6891786760632944,0.0,0.8958532593108878,0.0,Medium,0.8958532593108878,0.0,0.0,1.0,High,1.0,0.0,9.189349997356165e-05,0.9998162130000529,High,0.9998162130000529,3,Acceptable
0.21883466040203256,0.39058266979898393,0.0,Normal,0.39058266979898393,0.0,0.9425977059837398,0.0,Normal,0.9425977059837398,0.726542357591413,0.13672882120429358,0.0,Dry,0.726542357591413,0.6903311225868334,0.15483443870658323,0.0,Dry,0.6903311225868334,0.0,0.9697413342727845,0.0,Normal,0.9697413342727845,0.0,0.7189002366038848,0.0,Normal,0.7189002366038848,0.0,0.8566057965610412,0.0,Normal,0.8566057965610412,1.0,0.0,0.0,Low,1.0,0.0,0.7605363984674328,0.0,Normal,0.7605363984674328,0.2574152301272439,0.371292384936378,0.0,Normal,0.371292384936378,3,Acceptable
0.0,0.8961963919349534,0.0,Normal,0.8961963919349534,0.0,0.8313842566074283,0.0,Normal,0.8313842566074283,0.0,0.22574987603392266,0.5485002479321542,Wet,0.5485002479321542,0.0,0.0,1.0,Wet,1.0,0.0,0.1584066460895738,0.6831867078208524,High,0.6831867078208524,1.0,0.0,0.0,Low,1.0,0.0,0.2958674447490744,0.4082651105018514,High,0.4082651105018514,0.0,0.3335267266870433,0.3329465466259137,Medium,0.3335267266870433,0.0,0.5689655172413791,0.0,Normal,0.5689655172413791,0.0,0.7084030984991658,0.0,Normal,0.7084030984991658,2,Poor
0.0,0.8103678199391712,0.0,Normal,0.8103678199391712,0.0,0.6293007780649368,0.0,Normal,0.6293007780649368,0.0,0.7905802854847084,0.0,Normal,0.7905802854847084,0.0,0.9727518669535357,0.0,Normal,0.9727518669535357,0.9804374948254106,0.009781252587294686,0.0,Low,0.9804374948254106,0.0,0.13637615964556382,0.7272476807088724,High,0.7272476807088724,0.0,0.7539855829248512,0.0,Normal,0.7539855829248512,1.0,0.0,0.0,Low,1.0,0.8199233716475094,0.09003831417624526,0.0,Low,0.8199233716475094,0.12322572165449674,0.43838713917275157,0.0,Normal,0.43838713917275157,3,Good
0.0,0.900208852264705,0.0,Normal,0.900208852264705,0.32924817742224904,0.3353759112888754,0.0,Normal,0.3353759112888754,0.0,0.2677633684853323,0.46447326302933495,Wet,0.46447326302933495,0.0,0.16957421952315585,0.6608515609536885,Wet,0.6608515609536885,0.0,0.8919120044464209,0.0,Normal,0.8919120044464209,0.9868377206243477,0.006581139687826167,0.0,Low,0.9868377206243477,0.0,0.8347044913366644,0.0,Normal,0.8347044913366644,0.0,0.5705040835777042,0.0,Medium,0.5705040835777042,0.0,0.664750957854406,0.0,Normal,0.664750957854406,0.0,0.6030576364928002,0.0,Normal,0.6030576364928002,1,Acceptable
0.0,0.8588182186366708,0.0,Normal,0.8588182186366708,0.0,0.6129674865781101,0.0,Normal,0.6129674865781101,0.6996023501255093,0.1501988249372454,0.0,Dry,0.6996023501255093,0.39547471953047053,0.3022626402347646,0.0,Dry,0.39547471953047053,0.0,0.9379453964359424,0.0,Normal,0.9379453964359424,0.30001371504770113,0.3499931424761493,0.0,Normal,0.3499931424761493,0.0,0.7822245381287855,0.0,Normal,0.7822245381287855,0.5460119690091885,0.2269940154954057,0.0,Low,0.5460119690091885,0.0,0.7605363984674332,0.0,Normal,0.7605363984674332,0.0,0.8346757087246734,0.0,Normal,0.8346757087246734,3,Acceptable
0.27696556716916343,0.36151721641541845,0.0,Normal,0.36151721641541845,0.0,0.6275996705583347,0.0,Normal,0.6275996705583347,0.0,0.8917154430918192,0.0,Normal,0.8917154430918192,0.0,0.6726236871594521,0.0,Normal,0.6726236871594521,1.0,0.0,0.0,Low,1.0,0.0,0.08453482377466585,0.8309303524506683,High,0.8309303524506683,0.0,0.41690819913991467,0.1661836017201709,Normal,0.41690819913991467,0.0,0.9687473026205705,0.0,Medium,0.9687473026205705,1.0,0.0,0.0,Low,1.0,0.0,0.6607893481269899,0.0,Normal,0.6607893481269899,3,Acceptable
0.0,0.5162856212020485,0.0,Normal,0.5162856212020485,0.0,0.6659844933468918,0.0,Normal,0.6659844933468918,0.0,0.9050767445245235,0.0,Normal,0.9050767445245235,0.0,0.9090595544865291,0.0,Normal,0.9090595544865291,0.0,0.8417583983788939,0.0,Normal,0.8417583983788939,0.0,0.8119867254788365,0.0,Normal,0.8119867254788365,0.0,0.9754149545526329,0.0,Normal,0.9754149545526329,0.7815788820381259,0.10921055898093705,0.0,Low,0.7815788820381259,0.0,0.952107279693487,0.0,Normal,0.952107279693487,0.0,0.5918767270354414,0.0,Normal,0.5918767270354414,3,Good
0.0,0.9430099424045977,0.0,Normal,0.9430099424045977,0.0,0.9526069780502965,0.0,Normal,0.9526069780502965,1.0,0.0,0.0,Dry,1.0,0.9182152200672302,0.04089238996638486,0.0,Dry,0.9182152200672302,0.0,0.852854996606357,0.0,Normal,0.852854996606357,0.0,0.5787317769177504,0.0,Normal,0.5787317769177504,0.0,0.8821476509844502,0.0,Normal,0.8821476509844502,1.0,0.0,0.0,Low,1.0,0.0,0.7605363984674332,0.0,Normal,0.7605363984674332,0.3497721201686074,0.32511393991569626,0.0,Low,0.3497721201686074,3,Acceptable
0.0,0.8413923363507292,0.0,Normal,0.8413923363507292,0.0,0.6250581560927863,0.0,Normal,0.6250581560927863,0.0,0.30801651989183104,0.3839669602163373,Wet,0.3839669602163373,0.0,0.5021158678051632,0.0,Normal,0.5021158678051632,0.0,0.808523906680503,0.0,Normal,0.808523906680503,0.47213078909516504,0.2639346054524174,0.0,Low,0.47213078909516504,0.0,0.9717117269083207,0.0,Normal,0.9717117269083207,0.5330900949458007,0.23345495252709958,0.0,Low,0.5330900949458007,0.0,0.0,1.0,High,1.0,0.0,0.8141451537840546,0.0,Normal,0.8141451537840546,1,Acceptable
0.0,0.5396339012259862,0.0,Normal,0.5396339012259862,0.41917808688779157,0.29041095655610416,0.0,Cold,0.41917808688779157,0.0,0.9273735675077899,0.0,Normal,0.9273735675077899,0.0,0.8116994443352082,0.0,Normal,0.8116994443352082,0.0,0.8331915332469323,0.0,Normal,0.8331915332469323,0.7219334949644359,0.139033252517782,0.0,Low,0.7219334949644359,0.0,0.5190939446902219,0.0,Normal,0.5190939446902219,0.0,0.28291835279095,0.4341632944181003,High,0.4341632944181003,1.0,0.0,0.0,Low,1.0,0.0,0.0,1.0,High,1.0,1,Poor
0.0,0.4419582006449381,0.1160835987101228,Normal,0.4419582006449381,0.0,0.5303041960220338,0.0,Normal,0.5303041960220338,0.0,0.6679492234841339,0.0,Normal,0.6679492234841339,0.0,0.6803636512239826,0.0,Normal,0.6803636512239826,0.0,0.8763650828102477,0.0,Normal,0.8763650828102477,0.0,0.1474510745529545,0.7050978508940909,High,0.7050978508940909,0.0,0.33659412757873214,0.32681174484253595,Normal,0.33659412757873214,0.0,0.8284852394043708,0.0,Medium,0.8284852394043708,1.0,0.0,0.0,Low,1.0,0.0,0.8235778604519665,0.0,Normal,0.8235778604519665,3,Acceptable
0.0,0.7336290202394806,0.0,Normal,0.7336290202394806,0.0,0.49749537319638093,0.0050092536072379335,Normal,0.49749537319638093,0.0,0.9884088010087759,0.0,Normal,0.9884088010087759,0.0,0.7354392052065065,0.0,Normal,0.7354392052065065,0.19463219633398168,0.40268390183300906,0.0,Normal,0.40268390183300906,0.0,0.907520951613959,0.0,Normal,0.907520951613959,0.25761160096989744,0.3711941995150513,0.0,Normal,0.3711941995150513,1.0,0.0,0.0,Low,1.0,0.0,0.8563218390804596,0.0,Normal,0.8563218390804596,0.25009741007067626,0.37495129496466184,0.0,Normal,0.37495129496466184,3,Good
0.0,0.9517508119916721,0.0,Normal,0.9517508119916721,0.0,0.5926340754482524,0.0,Normal,0.5926340754482524,0.0,0.7632162127597654,0.0,Normal,0.7632162127597654,0.0,0.9578064261335569,0.0,Normal,0.9578064261335569,0.0,0.9434730053171388,0.0,Normal,0.9434730053171388,0.0,0.5442981895129,0.0,Normal,0.5442981895129,0.0,0.5051435119489108,0.0,Normal,0.5051435119489108,0.0,0.7494386577355591,0.0,Medium,0.7494386577355591,0.0,0.18582375478927182,0.6283524904214562,High,0.6283524904214562,0.0,0.5687101912867392,0.0,Normal,0.5687101912867392,3,Good
0.03551333228069947,0.4822433338596505,0.0,Normal,0.4822433338596505,0.0,0.0,1.0,Hot,1.0,1.0,0.0,0.0,Dry,1.0,1.0,0.0,0.0,Dry,1.0,0.30535022441550846,0.34732488779224563,0.0,Normal,0.34732488779224563,0.0,0.8629770176759303,0.0,Normal,0.8629770176759303,0.0,0.9996946450589065,0.0,Normal,0.9996946450589065,0.0,0.5188490534223362,0.0,Medium,0.5188490534223362,1.0,0.0,0.0,Low,1.0,0.0,0.09314667674570302,0.8137066465085939,High,0.8137066465085939,3,Poor
0.0,0.9698935761870987,0.0,Normal,0.9698935761870987,0.0,0.6925642017715059,0.0,Normal,0.6925642017715059,0.0,0.6143383839513155,0.0,Normal,0.6143383839513155,0.0,0.800042517191281,0.0,Normal,0.800042517191281,0.0,0.7577336351667704,0.0,Normal,0.7577336351667704,0.0,0.5289771335785601,0.0,Normal,0.5289771335785601,0.0,0.3606504799065168,0.2786990401869667,Normal,0.3606504799065168,0.0,0.8658575558888528,0.0,Medium,0.8658575558888528,1.0,0.0,0.0,Low,1.0,0.0,0.6020314288845315,0.0,Normal,0.6020314288845315,3,Good
0.0,0.5427207307691901,0.0,Normal,0.5427207307691901,0.0,0.6112715781591104,0.0,Normal,0.6112715781591104,0.0,0.7261763456396471,0.0,Normal,0.7261763456396471,0.0,0.6736819580633021,0.0,Normal,0.6736819580633021,0.0,0.7750903561225269,0.0,Normal,0.7750903561225269,1.0,0.0,0.0,Low,1.0,0.0,0.0,1.0,High,1.0,0.0,0.0,1.0,High,1.0,0.0,0.8563218390804601,0.0,Normal,0.8563218390804601,0.0110943908400677,0.4944528045799661,0.0,Normal,0.4944528045799661,0,Acceptable
0.3621595915888359,0.3189202042055822,0.0,Cold,0.3621595915888359,0.0,0.9902191041874409,0.0,Normal,0.9902191041874409,0.0,0.835337022644245,0.0,Normal,0.835337022644245,0.0,0.7794799570154327,0.0,Normal,0.7794799570154327,0.7394319780048348,0.13028401099758255,0.0,Low,0.7394319780048348,0.0,0.9931934264148097,0.0,Normal,0.9931934264148097,1.0,0.0,0.0,Low,1.0,0.6666576914368127,0.16667115428159363,0.0,Low,0.6666576914368127,0.0,0.18582375478927182,0.6283524904214562,High,0.6283524904214562,0.2919261869437712,0.35403690652811437,0.0,Normal,0.35403690652811437,3,Acceptable
0.2010370164105179,0.39948149179474124,0.0,Normal,0.39948149179474124,0.0,0.6745839577750391,0.0,Normal,0.6745839577750391,0.0,0.8301627902039345,0.0,Normal,0.8301627902039345,0.0,0.4678047885435222,0.064390422912956,Normal,0.4678047885435222,0.0,0.7820436929541207,0.0,Normal,0.7820436929541207,0.0,0.9035393342118728,0.0,Normal,0.9035393342118728,0.0,0.3117932852291109,0.3764134295417784,High,0.3764134295417784,0.0,0.9842728903453777,0.0,Medium,0.9842728903453777,0.6283524904214557,0.1858237547892721,0.0,Low,0.6283524904214557,0.2734492310397787,0.3632753844801106,0.0,Normal,0.3632753844801106,0,Acceptable
0.0,0.8210221444745673,0.0,Normal,0.8210221444745673,0.0,0.733143642183215,0.0,Normal,0.733143642183215,0.0,0.0,1.0,Wet,1.0,0.0,0.0,1.0,Wet,1.0,0.0,0.9554547216250727,0.0,Normal,0.9554547216250727,0.5999206367184782,0.20003968164076086,0.0,Low,0.5999206367184782,1.0,0.0,0.0,Low,1.0,0.8752551453283641,0.06237242733581793,0.0,Low,0.8752551453283641,0.0,0.4731800766283523,0.05363984674329525,Normal,0.4731800766283523,0.0,0.7959409517203517,0.0,Normal,0.7959409517203517,0,Poor
0.0,0.7614979621932654,0.0,Normal,0.7614979621932654,0.0,0.7494614628018377,0.0,Normal,0.7494614628018377,0.0,0.8211111940965801,0.0,Normal,0.8211111940965801,0.0,0.8484491310030347,0.0,Normal,0.8484491310030347,0.08497311817122363,0.45751344091438806,0.0,Normal,0.45751344091438806,0.0,0.5824197301774111,0.0,Normal,0.5824197301774111,0.0,0.6242457856882162,0.0,Normal,0.6242457856882162,0.0,0.630972209350911,0.0,Medium,0.630972209350911,0.0,0.9521072796934864,0.0,Normal,0.9521072796934864,0.257202121113152,0.37139893944342395,0.0,Normal,0.37139893944342395,3,Good
0.0,0.3940561928322934,0.21188761433541242,Normal,0.3940561928322934,0.0,0.8184680995683551,0.0,Normal,0.8184680995683551,0.0,0.6046749589534263,0.0,Normal,0.6046749589534263,0.3605267983129706,0.31973660084351463,0.0,Dry,0.3605267983129706,0.7849902208024631,0.10750488959876844,0.0,Low,0.7849902208024631,0.0,0.5736350804930846,0.0,Normal,0.5736350804930846,0.0,0.6054242764340902,0.0,Normal,0.6054242764340902,1.0,0.0,0.0,Low,1.0,0.0,0.0,1.0,High,1.0,0.012818963956107056,0.4935905180219464,0.0,Normal,0.4935905180219464,3,Good
0.0,0.7071465604831852,0.0,Normal,0.7071465604831852,0.0,0.386379653504197,0.22724069299160576,Normal,0.386379653504197,0.7303791348340906,0.13481043258295478,0.0,Dry,0.7303791348340906,1.0,0.0,0.0,Dry,1.0,0.0,0.8498365038113297,0.0,Normal,0.8498365038113297,0.0,0.8930083221075514,0.0,Normal,0.8930083221075514,0.0,0.6320543585380761,0.0,Normal,0.6320543585380761,0.0,0.5555223012233627,0.0,Medium,0.5555223012233627,0.0,0.7605363984674332,0.0,Normal,0.7605363984674332,0.0,0.9786116045855093,0.0,Normal,0.9786116045855093,0,Acceptable
0.0,0.01936041342814727,0.9612791731437054,Hot,0.9612791731437054,0.0,0.9772724790878132,0.0,Normal,0.9772724790878132,0.0,0.8010025473277647,0.0,Normal,0.8010025473277647,0.0,0.5185797093474438,0.0,Normal,0.5185797093474438,1.0,0.0,0.0,Low,1.0,0.0,0.5399598844143128,0.0,Normal,0.5399598844143128,0.0,0.9432968784078597,0.0,Normal,0.9432968784078597,0.07082350655183942,0.4645882467240802,0.0,Medium,0.4645882467240802,0.0,0.0,1.0,High,1.0,0.0,0.8253868057049837,0.0,Normal,0.8253868057049837,3,Acceptable
0.0,0.5161904767904476,0.0,Normal,0.5161904767904476,0.740100747955008,0.129949626022496,0.0,Cold,0.740100747955008,0.0,0.5710046526671516,0.0,Normal,0.5710046526671516,0.0,0.2778222257992728,0.4443555484014547,Wet,0.4443555484014547,0.0,0.995932232067654,0.0,Normal,0.995932232067654,0.650816265746688,0.17459186712665595,0.0,Low,0.650816265746688,0.0,0.5329119034022234,0.0,Normal,0.5329119034022234,0.0,0.8416453237748946,0.0,Medium,0.8416453237748946,1.0,0.0,0.0,Low,1.0,0.0,0.6791840900339386,0.0,Normal,0.6791840900339386,1,Acceptable
0.0,0.5105794430730245,0.0,Normal,0.5105794430730245,0.0,0.822384066190015,0.0,Normal,0.822384066190015,0.0,0.6990277548400783,0.0,Normal,0.6990277548400783,0.0,0.6815600441550034,0.0,Normal,0.6815600441550034,1.0,0.0,0.0,Low,1.0,0.0,0.10324532605425515,0.7935093478914896,High,0.7935093478914896,0.0,0.0,1.0,High,1.0,0.24569742370322742,0.3771512881483862,0.0,Medium,0.3771512881483862,0.0,0.0,1.0,High,1.0,0.873010129653886,0.06349493517305695,0.0,Low,0.873010129653886,3,Acceptable
0.0,0.510035801558056,0.0,Normal,0.510035801558056,0.17100936533649275,0.41449531733175354,0.0,Normal,0.41449531733175354,0.0,0.9987500476713048,0.0,Normal,0.9987500476713048,0.0,0.7305870580082001,0.0,Normal,0.7305870580082001,0.0,0.9015350430905144,0.0,Normal,0.9015350430905144,0.0,0.8843438753147278,0.0,Normal,0.8843438753147278,0.0,0.3143530015307097,0.37129399693858084,High,0.37129399693858084,1.0,0.0,0.0,Low,1.0,0.0,0.0,1.0,High,1.0,0.0,0.3259879319047735,0.348024136190453,High,0.348024136190453,3,Acceptable
0.0,0.5565924254878872,0.0,Normal,0.5565924254878872,0.5557884666496796,0.2221057666751601,0.0,Cold,0.5557884666496796,0.0,0.18711517734777489,0.6257696453044499,Wet,0.6257696453044499,0.0,0.39759331753800886,0.20481336492398267,Normal,0.39759331753800886,0.0,0.38501845572653853,0.22996308854692296,Normal,0.38501845572653853,1.0,0.0,0.0,Low,1.0,0.0,0.0,1.0,High,1.0,0.0,0.5234137012782608,0.0,Medium,0.5234137012782608,0.0,0.0,1.0,High,1.0,0.0,0.4288865501652621,0.1422268996694758,Normal,0.4288865501652621,2,Poor
0.868558117817565,0.06572094109121757,0.0,Cold,0.868558117817565,0.0,0.4279082258364604,0.14418354832707903,Normal,0.4279082258364604,0.0,0.6759912795366021,0.0,Normal,0.6759912795366021,0.0,0.7920000133401911,0.0,Normal,0.7920000133401911,0.0,0.9437047374197344,0.0,Normal,0.9437047374197344,0.0,0.9403081215218276,0.0,Normal,0.9403081215218276,0.0,0.7018339195313824,0.0,Normal,0.7018339195313824,1.0,0.0,0.0,Low,1.0,0.0,0.18582375478927182,0.6283524904214562,High,0.6283524904214562,0.0,0.5292106216233027,0.0,Normal,0.5292106216233027,3,Poor
0.0,0.9319769592956829,0.0,Normal,0.9319769592956829,0.0,0.6603058404362261,0.0,Normal,0.6603058404362261,0.0,0.3380039117080289,0.3239921765839416,Normal,0.3380039117080289,0.0,0.6115678923986073,0.0,Normal,0.6115678923986073,0.0,0.465552044612775,0.06889591077445002,Normal,0.465552044612775,1.0,0.0,0.0,Low,1.0,0.7411237881133833,0.12943810594330835,0.0,Low,0.7411237881133833,0.0,0.5456222123055816,0.0,Medium,0.5456222123055816,0.0,0.5689655172413791,0.0,Normal,0.5689655172413791,0.3459690808892379,0.327015459555381,0.0,Low,0.3459690808892379,3,Good
0.0,0.9755020183867815,0.0,Normal,0.9755020183867815,0.026310111321350044,0.48684494433932485,0.0,Normal,0.48684494433932485,0.0,0.0,1.0,Wet,1.0,0.0,0.0,1.0,Wet,1.0,0.0,0.8936040989522727,0.0,Normal,0.8936040989522727,0.8505155525859751,0.07474222370701243,0.0,Low,0.8505155525859751,0.0,0.0,1.0,High,1.0,0.0,0.7984713210800447,0.0,Medium,0.7984713210800447,0.436781609195402,0.28160919540229895,0.0,Low,0.436781609195402,0.0,0.9154171603840784,0.0,Normal,0.9154171603840784,1,Poor
0.14574795490083708,0.4271260225495817,0.0,Normal,0.4271260225495817,0.0,0.8829808571870307,0.0,Normal,0.8829808571870307,0.0,0.36873011004744854,0.26253977990510224,Normal,0.36873011004744854,0.0,0.42619237050129755,0.14761525899740535,Normal,0.42619237050129755,0.0,0.9326849237476323,0.0,Normal,0.9326849237476323,0.6625989062748606,0.16870054686256963,0.0,Low,0.6625989062748606,0.0,0.7312509980215484,0.0,Normal,0.7312509980215484,0.0,0.7685603508498314,0.0,Medium,0.7685603508498314,0.0,0.0,1.0,High,1.0,0.14089170946730706,0.4295541452663464,0.0,Normal,0.4295541452663464,0,Acceptable
0.0,0.8070163776361177,0.0,Normal,0.8070163776361177,0.0,0.8528355548570183,0.0,Normal,0.8528355548570183,0.0,0.2725151151662953,0.454969769667409,Wet,0.454969769667409,0.0,0.0910960361725527,0.8178079276548947,Wet,0.8178079276548947,0.0,0.9509021495002493,0.0,Normal,0.9509021495002493,0.0,0.8023275439014455,0.0,Normal,0.8023275439014455,0.0,0.4609824858056305,0.07803502838873931,Normal,0.4609824858056305,0.0,0.7198716336442854,0.0,Medium,0.7198716336442854,0.0,0.2816091954022987,0.4367816091954026,High,0.4367816091954026,0.11043092591509006,0.4447845370424549,0.0,Normal,0.4447845370424549,0,Acceptable
0.0,0.9601587951136106,0.0,Normal,0.9601587951136106,0.0,0.2594254283950535,0.4811491432098929,Hot,0.4811491432098929,0.0,0.8349756396688489,0.0,Normal,0.8349756396688489,0.0,0.6380656145008876,0.0,Normal,0.6380656145008876,0.0,0.7459601673951491,0.0,Normal,0.7459601673951491,0.0,0.8461371239934176,0.0,Normal,0.8461371239934176,0.0,0.7076697537426857,0.0,Normal,0.7076697537426857,1.0,0.0,0.0,Low,1.0,0.0,0.0,1.0,High,1.0,0.0,0.9331340218834557,0.0,Normal,0.9331340218834557,3,Good
0.0,0.10637387675979382,0.7872522464804121,Hot,0.7872522464804121,0.0,0.7103032228859009,0.0,Normal,0.7103032228859009,0.0,0.6708207604644381,0.0,Normal,0.6708207604644381,0.0,0.8023239516062222,0.0,Normal,0.8023239516062222,0.0,0.7933990703086565,0.0,Normal,0.7933990703086565,0.0,0.5077053456825301,0.0,Normal,0.5077053456825301,1.0,0.0,0.0,Low,1.0,0.07397561773392743,0.4630121911330362,0.0,Medium,0.4630121911330362,0.0,0.0,1.0,High,1.0,0.7116532078002533,0.14417339609987334,0.0,Low,0.7116532078002533,0,Poor
0.0,0.87700633026179,0.0,Normal,0.87700633026179,0.4440413828440543,0.27797930857797276,0.0,Cold,0.4440413828440543,0.0,0.09484691903050953,0.8103061619389808,Wet,0.8103061619389808,0.0,0.0,1.0,Wet,1.0,0.0,0.904398841010272,0.0,Normal,0.904398841010272,0.4404889547192053,0.27975552264039727,0.0,Low,0.4404889547192053,0.0,0.6933390337688281,0.0,Normal,0.6933390337688281,0.8483551596499669,0.07582242017501656,0.0,Low,0.8483551596499669,0.8199233716475094,0.09003831417624526,0.0,Low,0.8199233716475094,0.0,0.19535809118613187,0.6092838176277362,High,0.6092838176277362,1,Acceptable
0.0,0.44374223728377865,0.1125155254324417,Normal,0.44374223728377865,0.0,0.2861690017655077,0.42766199646898445,Hot,0.42766199646898445,0.0,0.5541173433527213,0.0,Normal,0.5541173433527213,0.0,0.6527181559759831,0.0,Normal,0.6527181559759831,0.0,0.7912926035756742,0.0,Normal,0.7912926035756742,0.0,0.5104554083331765,0.0,Normal,0.5104554083331765,0.0,0.7810773549140755,0.0,Normal,0.7810773549140755,0.7271682396575915,0.1364158801712042,0.0,Low,0.7271682396575915,0.6283524904214557,0.1858237547892721,0.0,Low,0.6283524904214557,0.0,0.5043942164034653,0.0,Normal,0.5043942164034653,0,Acceptable
0.0,0.624174166392027,0.0,Normal,0.624174166392027,0.0,0.9440779340074046,0.0,Normal,0.9440779340074046,0.20068898746311378,0.39965550626844326,0.0,Normal,0.39965550626844326,0.0,0.6724765262066119,0.0,Normal,0.6724765262066119,0.0,0.89087534064945,0.0,Normal,0.89087534064945,0.0,0.6171491812239486,0.0,Normal,0.6171491812239486,0.0,0.9485895049403392,0.0,Normal,0.9485895049403392,0.0,0.5551016071326776,0.0,Medium,0.5551016071326776,1.0,0.0,0.0,Low,1.0,0.3542103152896646,0.32289484235516763,0.0,Low,0.3542103152896646,0,Acceptable
0.0,0.7934773921112436,0.0,Normal,0.7934773921112436,0.0,0.915031850605317,0.0,Normal,0.915031850605317,0.18872127416890225,0.40563936291554903,0.0,Normal,0.40563936291554903,0.0707579990127272,0.46462100049363625,0.0,Normal,0.46462100049363625,0.0,0.3897486534682268,0.22050269306354645,Normal,0.3897486534682268,0.0921706759131127,0.45391466204344355,0.0,Normal,0.45391466204344355,0.0,0.35310113920566977,0.29379772158866074,Normal,0.35310113920566977,0.0,0.9826264158193875,0.0,Medium,0.9826264158193875,0.8199233716475094,0.09003831417624526,0.0,Low,0.8199233716475094,0.2465563729272086,0.37672181353639567,0.0,Normal,0.37672181353639567,0,Acceptable
0.0,0.5772727474182776,0.0,Normal,0.5772727474182776,0.0,0.8110198928859756,0.0,Normal,0.8110198928859756,0.0,0.9243412965911333,0.0,Normal,0.9243412965911333,0.0,0.8445874156664093,0.0,Normal,0.8445874156664093,0.0,0.39792875532474753,0.20414248935050497,Normal,0.39792875532474753,0.9348185280794885,0.03259073596025576,0.0,Low,0.9348185280794885,0.0,0.9238928053800133,0.0,Normal,0.9238928053800133,0.0,0.0,1.0,High,1.0,0.436781609195402,0.28160919540229895,0.0,Low,0.436781609195402,0.28518387248627036,0.3574080637568648,0.0,Normal,0.3574080637568648,1,Acceptable
0.1817776824024619,0.40911115879876925,0.0,Normal,0.40911115879876925,0.0,0.698800144072156,0.0,Normal,0.698800144072156,0.0,0.6357745291525655,0.0,Normal,0.6357745291525655,0.0,0.8719801239155249,0.0,Normal,0.8719801239155249,0.0,0.9945110052857884,0.0,Normal,0.9945110052857884,0.0,0.7294475666539505,0.0,Normal,0.7294475666539505,0.0,0.45603842353578955,0.08792315292842116,Normal,0.45603842353578955,0.0,0.9965702641104771,0.0,Medium,0.9965702641104771,0.0,0.37739463601532547,0.24521072796934892,Normal,0.37739463601532547,0.0,0.6386653381928172,0.0,Normal,0.6386653381928172,3,Acceptable
0.0,0.737529672218183,0.0,Normal,0.737529672218183,0.0,0.6941332316288799,0.0,Normal,0.6941332316288799,0.0,0.09916816961756819,0.8016636607648634,Wet,0.8016636607648634,0.0,0.0865968943413645,0.8268062113172711,Wet,0.8268062113172711,0.0,0.7634848109316542,0.0,Normal,0.7634848109316542,1.0,0.0,0.0,Low,1.0,0.0,0.3383019982469752,0.3233960035060498,Normal,0.3383019982469752,0.0,0.7239296089075329,0.0,Medium,0.7239296089075329,1.0,0.0,0.0,Low,1.0,0.0,0.5762990666394999,0.0,Normal,0.5762990666394999,2,Poor
0.23144329513981088,0.3842783524300948,0.0,Normal,0.3842783524300948,0.0,0.8789567282670231,0.0,Normal,0.8789567282670231,0.0,0.17292655763746448,0.6541468847250708,Wet,0.6541468847250708,0.0,0.0,1.0,Wet,1.0,0.0,0.9490594893647748,0.0,Normal,0.9490594893647748,0.8531530389975228,0.07342348050123855,0.0,Low,0.8531530389975228,0.0,0.7603356169724619,0.0,Normal,0.7603356169724619,0.0,0.9980817619125715,0.0,Medium,0.9980817619125715,0.8199233716475094,0.09003831417624526,0.0,Low,0.8199233716475094,0.0,0.5154254778453785,0.0,Normal,0.5154254778453785,1,Acceptable
0.0,0.6482432820651022,0.0,Normal,0.6482432820651022,0.0,0.14433708574847873,0.7113258285030425,Hot,0.7113258285030425,0.0,0.5301918511672596,0.0,Normal,0.5301918511672596,0.0,0.6461595416213557,0.0,Normal,0.6461595416213557,0.0,0.9818074889000026,0.0,Normal,0.9818074889000026,0.14101222089711007,0.42949388955144485,0.0,Normal,0.42949388955144485,0.0,0.6608428147348921,0.0,Normal,0.6608428147348921,1.0,0.0,0.0,Low,1.0,0.0,0.18582375478927182,0.6283524904214562,High,0.6283524904214562,0.0,0.903838297154764,0.0,Normal,0.903838297154764,0,Acceptable
0.0,0.5783094960434005,0.0,Normal,0.5783094960434005,0.0,0.7525681225455666,0.0,Normal,0.7525681225455666,0.0,0.8034419610111597,0.0,Normal,0.8034419610111597,0.25983410863423395,0.3700829456828829,0.0,Normal,0.3700829456828829,0.0,0.3842738964895693,0.23145220702086142,Normal,0.3842738964895693,0.4392684589496813,0.28036577052515926,0.0,Low,0.4392684589496813,0.0,0.5322756231671713,0.0,Normal,0.5322756231671713,0.0,0.9888391529720765,0.0,Medium,0.9888391529720765,0.0,0.0,1.0,High,1.0,0.0,0.5817032918802533,0.0,Normal,0.5817032918802533,1,Acceptable
0.49508186469478305,0.2524590676526086,0.0,Cold,0.49508186469478305,0.0,0.9619589487721805,0.0,Normal,0.9619589487721805,0.0,0.8441555132285483,0.0,Normal,0.8441555132285483,0.0,0.9984216002059679,0.0,Normal,0.9984216002059679,0.0,0.9624300132054969,0.0,Normal,0.9624300132054969,0.0,0.6885640764830762,0.0,Normal,0.6885640764830762,0.0,0.015894002009309644,0.9682119959813807,High,0.9682119959813807,0.7033121479000544,0.1483439260499728,0.0,Low,0.7033121479000544,0.0,0.8563218390804596,0.0,Normal,0.8563218390804596,0.11967729268069113,0.44016135365965436,0.0,Normal,0.44016135365965436,0,Poor
0.0,0.5167319472708768,0.0,Normal,0.5167319472708768,0.38999950826522767,0.3050002458673861,0.0,Cold,0.38999950826522767,0.0,0.0739355194475427,0.8521289611049144,Wet,0.8521289611049144,0.0,0.2944933801272502,0.4110132397454999,Wet,0.4110132397454999,1.0,0.0,0.0,Low,1.0,0.0,0.2726512126533023,0.4546975746933955,High,0.4546975746933955,0.0,0.7407915596227966,0.0,Normal,0.7407915596227966,0.0,0.6277737748843399,0.0,Medium,0.6277737748843399,0.0,0.0,1.0,High,1.0,0.0,0.4044465288770986,0.19110694224580288,Normal,0.4044465288770986,3,Acceptable
0.0,0.25386781841433564,0.4922643631713282,Hot,0.4922643631713282,0.0,0.5068357806678465,0.0,Normal,0.5068357806678465,0.0,0.5427955848289063,0.0,Normal,0.5427955848289063,0.0,0.5276963353444383,0.0,Normal,0.5276963353444383,0.0,0.4462909345872914,0.10741813082541721,Normal,0.4462909345872914,0.0,0.6271032722205795,0.0,Normal,0.6271032722205795,0.0,0.9308694106366728,0.0,Normal,0.9308694106366728,0.0,0.30421105971841894,0.3915778805631624,High,0.3915778805631624,0.0,0.7605363984674328,0.0,Normal,0.7605363984674328,0.0,0.13629077621304095,0.727418447573918,High,0.727418447573918,0,Poor
0.0,0.8681441751762156,0.0,Normal,0.8681441751762156,0.0,0.7038819133057339,0.0,Normal,0.7038819133057339,0.4585142647800233,0.27074286760998845,0.0,Dry,0.4585142647800233,0.0,0.7308673832424496,0.0,Normal,0.7308673832424496,1.0,0.0,0.0,Low,1.0,0.0,0.2782637955527915,0.4434724088944169,High,0.4434724088944169,0.0,0.6407656776572666,0.0,Normal,0.6407656776572666,0.0,0.6276257672583955,0.0,Medium,0.6276257672583955,0.0,0.5689655172413794,0.0,Normal,0.5689655172413794,0.46702137291414964,0.26648931354292515,0.0,Low,0.46702137291414964,3,Good
1.0,0.0,0.0,Cold,1.0,0.0,0.55961710773991,0.0,Normal,0.55961710773991,0.0,0.917965155467594,0.0,Normal,0.917965155467594,0.0,0.779828036833003,0.0,Normal,0.779828036833003,0.0,0.9189557760265477,0.0,Normal,0.9189557760265477,0.0,0.622153002037951,0.0,Normal,0.622153002037951,0.0,0.742150393093846,0.0,Normal,0.742150393093846,0.0,0.5112302547716071,0.0,Medium,0.5112302547716071,0.6283524904214557,0.1858237547892721,0.0,Low,0.6283524904214557,0.3338310759695884,0.33308446201520575,0.0,Low,0.3338310759695884,3,Poor
0.0,0.9873592108942011,0.0,Normal,0.9873592108942011,0.0,0.8276817678934717,0.0,Normal,0.8276817678934717,0.0,0.805922090783834,0.0,Normal,0.805922090783834,0.0,0.561874401151981,0.0,Normal,0.561874401151981,0.0,0.6766653556576373,0.0,Normal,0.6766653556576373,0.0,0.889046744190513,0.0,Normal,0.889046744190513,0.0,0.8209235622349246,0.0,Normal,0.8209235622349246,0.0,0.8170130462510764,0.0,Medium,0.8170130462510764,0.0,0.0,1.0,High,1.0,0.28814235735611465,0.3559288213219426,0.0,Normal,0.3559288213219426,3,Good
0.1879003574838991,0.40604982125805067,0.0,Normal,0.40604982125805067,0.0,0.3372539147787924,0.325492170442415,Normal,0.3372539147787924,0.0,0.6333331296635655,0.0,Normal,0.6333331296635655,0.0,0.4087796120868532,0.18244077582629392,Normal,0.4087796120868532,0.0,0.5062997609677017,0.0,Normal,0.5062997609677017,0.0,0.6833072081265354,0.0,Normal,0.6833072081265354,0.0,0.5322704782995445,0.0,Normal,0.5322704782995445,1.0,0.0,0.0,Low,1.0,0.0,0.9521072796934864,0.0,Normal,0.9521072796934864,0.0,0.680173516692488,0.0,Normal,0.680173516692488,0,Acceptable
0.0,0.8154512829332272,0.0,Normal,0.8154512829332272,0.0,0.6398081283609516,0.0,Normal,0.6398081283609516,0.0,0.8602923900672905,0.0,Normal,0.8602923900672905,0.0,0.6643561449459671,0.0,Normal,0.6643561449459671,0.0,0.826521208731389,0.0,Normal,0.826521208731389,0.0,0.7369850907423562,0.0,Normal,0.7369850907423562,0.0,0.3340486122810033,0.33190277543799357,Normal,0.3340486122810033,0.0,0.0,1.0,High,1.0,0.6283524904214557,0.1858237547892721,0.0,Low,0.6283524904214557,0.3803497734048819,0.309825113297559,0.0,Low,0.3803497734048819,3,Acceptable
0.0,0.6190740501626083,0.0,Normal,0.6190740501626083,0.6170380525865725,0.1914809737067137,0.0,Cold,0.6170380525865725,0.0,0.553948793514624,0.0,Normal,0.553948793514624,0.0,0.8578849031269709,0.0,Normal,0.8578849031269709,0.5499693246049298,0.22501533769753504,0.0,Low,0.5499693246049298,0.0,0.7956281774488505,0.0,Normal,0.7956281774488505,0.15915075227510384,0.42042462386244805,0.0,Normal,0.42042462386244805,1.0,0.0,0.0,Low,1.0,0.0,0.0,1.0,High,1.0,0.0,0.8773333288018391,0.0,Normal,0.8773333288018391,3,Good
0.0,0.5643452513653777,0.0,Normal,0.5643452513653777,0.04864764394000694,0.4756761780299964,0.0,Normal,0.4756761780299964,0.0,0.8999923739832236,0.0,Normal,0.8999923739832236,0.0,0.8596162295436391,0.0,Normal,0.8596162295436391,0.0,0.7310684452353688,0.0,Normal,0.7310684452353688,0.04209544357124648,0.47895227821437664,0.0,Normal,0.47895227821437664,0.0,0.47935820332582146,0.041283593348357336,Normal,0.47935820332582146,0.0,0.8339595586097682,0.0,Medium,0.8339595586097682,0.0,0.5689655172413794,0.0,Normal,0.5689655172413794,0.0,0.5156177029723751,0.0,Normal,0.5156177029723751,0,Acceptable
0.0,0.7460231743250378,0.0,Normal,0.7460231743250378,0.0,0.9392419321244357,0.0,Normal,0.9392419321244357,0.0,0.7661148306157454,0.0,Normal,0.7661148306157454,0.0,0.7126820960079062,0.0,Normal,0.7126820960079062,0.0,0.9125795410571657,0.0,Normal,0.9125795410571657,0.0,0.8622459694207184,0.0,Normal,0.8622459694207184,0.0,0.832165107193794,0.0,Normal,0.832165107193794,1.0,0.0,0.0,Low,1.0,0.0,0.8563218390804601,0.0,Normal,0.8563218390804601,0.3233630312526425,0.33831848437367873,0.0,Normal,0.33831848437367873,3,Good
0.0,0.788127904944177,0.0,Normal,0.788127904944177,0.0,0.4137262235081832,0.17254755298363333,Normal,0.4137262235081832,0.0,0.8184404876262749,0.0,Normal,0.8184404876262749,0.0,0.42394204835363203,0.15211590329273636,Normal,0.42394204835363203,0.0,0.8064309005169218,0.0,Normal,0.8064309005169218,0.5323970779280931,0.23380146103595342,0.0,Low,0.5323970779280931,0.0,0.47776036309510467,0.044479273809791,Normal,0.47776036309510467,0.0,0.6966582212701332,0.0,Medium,0.6966582212701332,1.0,0.0,0.0,Low,1.0,0.0,0.5534941694449927,0.0,Normal,0.5534941694449927,1,Acceptable
0.0,0.7976057073652266,0.0,Normal,0.7976057073652266,0.0,0.39063254496084704,0.21873491007830573,Normal,0.39063254496084704,0.0,0.7526079585556287,0.0,Normal,0.7526079585556287,0.0,0.8023377667901378,0.0,Normal,0.8023377667901378,0.0,0.5853605975617995,0.0,Normal,0.5853605975617995,0.0,0.8672668379541751,0.0,Normal,0.8672668379541751,0.0,0.6285688753445422,0.0,Normal,0.6285688753445422,0.0,0.6529113929937732,0.0,Medium,0.6529113929937732,0.0,0.8563218390804596,0.0,Normal,0.8563218390804596,0.0,0.8468050745244294,0.0,Normal,0.8468050745244294,3,Good
0.0,0.7539249745251332,0.0,Normal,0.7539249745251332,0.261510072567329,0.3692449637163354,0.0,Normal,0.3692449637163354,0.0,0.06248662092322943,0.875026758153541,Wet,0.875026758153541,0.0,0.5491394100147627,0.0,Normal,0.5491394100147627,0.0,0.7775765675266177,0.0,Normal,0.7775765675266177,0.0,0.9537698789519772,0.0,Normal,0.9537698789519772,0.0,0.852649782518439,0.0,Normal,0.852649782518439,0.0,0.9391490005695584,0.0,Medium,0.9391490005695584,0.0,0.0,1.0,High,1.0,0.0,0.9851543316375996,0.0,Normal,0.9851543316375996,3,Good
0.0,0.8620849822692123,0.0,Normal,0.8620849822692123,0.0,0.7006447657041521,0.0,Normal,0.7006447657041521,0.0,0.16521756545890684,0.669564869082186,Wet,0.669564869082186,0.0,0.009047597097613073,0.9819048058047739,Wet,0.9819048058047739,0.0,0.7492368428825995,0.0,Normal,0.7492368428825995,0.5469813011129565,0.2265093494435217,0.0,Low,0.5469813011129565,0.0,0.9082691553399107,0.0,Normal,0.9082691553399107,0.0,0.8070618468185894,0.0,Medium,0.8070618468185894,0.436781609195402,0.28160919540229895,0.0,Low,0.436781609195402,0.10746162066903987,0.44626918966548,0.0,Normal,0.44626918966548,1,Acceptable
0.0,0.7048638902900055,0.0,Normal,0.7048638902900055,0.0,0.9551943175515815,0.0,Normal,0.9551943175515815,0.0,0.9263974179901087,0.0,Normal,0.9263974179901087,0.0,0.7931787064554888,0.0,Normal,0.7931787064554888,0.0,0.0,1.0,High,1.0,1.0,0.0,0.0,Low,1.0,0.0,0.8278005353107893,0.0,Normal,0.8278005353107893,0.0,0.4910465534790316,0.01790689304193728,Medium,0.4910465534790316,0.0,0.9521072796934864,0.0,Normal,0.9521072796934864,0.0,0.5479627046544165,0.0,Normal,0.5479627046544165,1,Acceptable
0.0,0.5259597244267599,0.0,Normal,0.5259597244267599,0.5946334118739404,0.20268329406302976,0.0,Cold,0.5946334118739404,0.0,0.36769006348337563,0.2646198730332481,Normal,0.36769006348337563,0.0,0.533652839671515,0.0,Normal,0.533652839671515,0.15011711043027176,0.424941444784864,0.0,Normal,0.424941444784864,0.13215930094892195,0.43392034952553893,0.0,Normal,0.43392034952553893,0.40775989793443707,0.2961200510327815,0.0,Low,0.40775989793443707,0.0,0.5910497352336067,0.0,Medium,0.5910497352336067,0.0,0.0,1.0,High,1.0,0.0,0.7304055749770337,0.0,Normal,0.7304055749770337,0,Acceptable
0.0,0.9574146113297738,0.0,Normal,0.9574146113297738,0.0,0.6891713258684957,0.0,Normal,0.6891713258684957,0.0,0.8250267444775471,0.0,Normal,0.8250267444775471,0.0,0.6613064846810591,0.0,Normal,0.6613064846810591,1.0,0.0,0.0,Low,1.0,0.0,0.0,1.0,High,1.0,0.0,0.4653999659277428,0.06920006814451471,Normal,0.4653999659277428,1.0,0.0,0.0,Low,1.0,0.0,0.8563218390804596,0.0,Normal,0.8563218390804596,0.40965869675427974,0.2951706516228601,0.0,Low,0.40965869675427974,3,Good
0.0,0.8238441575684605,0.0,Normal,0.8238441575684605,0.0,0.7738469501736689,0.0,Normal,0.7738469501736689,0.14581724293888768,0.4270913785305563,0.0,Normal,0.4270913785305563,0.0,0.5328096843933124,0.0,Normal,0.5328096843933124,1.0,0.0,0.0,Low,1.0,0.0,0.3843453900380727,0.23130921992385453,Normal,0.3843453900380727,0.0,0.30944939059132043,0.3811012188173593,High,0.3811012188173593,0.0,0.7324641483963951,0.0,Medium,0.7324641483963951,0.0,0.7605363984674328,0.0,Normal,0.7605363984674328,0.2075905417935717,0.3962047291032141,0.0,Normal,0.3962047291032141,3,Acceptable
0.0,0.5560384258217164,0.0,Normal,0.5560384258217164,0.0,0.5877608409027346,0.0,Normal,0.5877608409027346,0.0,0.915288514391942,0.0,Normal,0.915288514391942,0.0,0.3667324601024276,0.2665350797951451,Normal,0.3667324601024276,0.0,0.47911625138764036,0.04176749722471923,Normal,0.47911625138764036,0.9535890308884521,0.023205484555773894,0.0,Low,0.9535890308884521,0.9299225956622685,0.03503870216886572,0.0,Low,0.9299225956622685,0.0,0.3942233628108336,0.21155327437833324,Medium,0.3942233628108336,1.0,0.0,0.0,Low,1.0,0.14728795169128167,0.4263560241543591,0.0,Normal,0.4263560241543591,1,Acceptable
0.0,0.0,1.0,Hot,1.0,0.0,0.6818666363440008,0.0,Normal,0.6818666363440008,0.0,0.40052278256892954,0.19895443486214018,Normal,0.40052278256892954,0.0,0.17305674702207335,0.6538865059558534,Wet,0.6538865059558534,1.0,0.0,0.0,Low,1.0,0.0,0.0,1.0,High,1.0,1.0,0.0,0.0,Low,1.0,0.14705127067583706,0.4264743646620814,0.0,Medium,0.4264743646620814,0.0,0.9521072796934864,0.0,Normal,0.9521072796934864,0.867609046614183,0.0661954766929085,0.0,Low,0.867609046614183,3,Poor
0.0,0.5894729228487432,0.0,Normal,0.5894729228487432,0.0,0.7981945007320944,0.0,Normal,0.7981945007320944,0.0,0.7833428838738448,0.0,Normal,0.7833428838738448,0.0,0.9837819750186972,0.0,Normal,0.9837819750186972,0.0,0.6047724804982972,0.0,Normal,0.6047724804982972,0.0,0.7121104536013476,0.0,Normal,0.7121104536013476,0.0,0.9447879821585206,0.0,Normal,0.9447879821585206,0.0,0.8696669184291096,0.0,Medium,0.8696669184291096,0.05363984674329458,0.47318007662835265,0.0,Normal,0.47318007662835265,0.0,0.768384592414045,0.0,Normal,0.768384592414045,0,Acceptable
0.0,0.7424794701444131,0.0,Normal,0.7424794701444131,0.0,0.5249671955537126,0.0,Normal,0.5249671955537126,0.0,0.96302529278894,0.0,Normal,0.96302529278894,0.0,0.9208919770438867,0.0,Normal,0.9208919770438867,0.0,0.8502605582330608,0.0,Normal,0.8502605582330608,0.0,0.984739223820228,0.0,Normal,0.984739223820228,0.0,0.7626658007713781,0.0,Normal,0.7626658007713781,0.0,0.9999954824682143,0.0,Medium,0.9999954824682143,0.0,0.0,1.0,High,1.0,0.06845724437090803,0.4657713778145459,0.0,Normal,0.4657713778145459,3,Good
0.0,0.5970220708271554,0.0,Normal,0.5970220708271554,0.0,0.5622733000606922,0.0,Normal,0.5622733000606922,0.0,0.9565099662871652,0.0,Normal,0.9565099662871652,0.0,0.9207920059151308,0.0,Normal,0.9207920059151308,0.0,0.579696361732602,0.0,Normal,0.579696361732602,0.5497225571572903,0.22513872142135477,0.0,Low,0.5497225571572903,0.32111071985334094,0.33944464007332953,0.0,Normal,0.33944464007332953,0.0,0.15128758483549887,0.6974248303290025,High,0.6974248303290025,1.0,0.0,0.0,Low,1.0,0.0,0.582515187587965,0.0,Normal,0.582515187587965,1,Acceptable
0.0,0.610104614286251,0.0,Normal,0.610104614286251,0.0,0.6525859701493386,0.0,Normal,0.6525859701493386,0.0,0.6865958491504219,0.0,Normal,0.6865958491504219,0.0,0.25838400006669343,0.48323199986661336,Wet,0.48323199986661336,0.0,0.5979018214852153,0.0,Normal,0.5979018214852153,1.0,0.0,0.0,Low,1.0,0.0,0.31724442666924624,0.3655111466615077,High,0.3655111466615077,0.0,0.7311803801120994,0.0,Medium,0.7311803801120994,1.0,0.0,0.0,Low,1.0,0.0,0.8458644776936585,0.0,Normal,0.8458644776936585,1,Acceptable
0.09698260208307648,0.451508698958462,0.0,Normal,0.451508698958462,0.0,0.8000340383378345,0.0,Normal,0.8000340383378345,0.0,0.8713560308815275,0.0,Normal,0.8713560308815275,0.0,0.8992942096916143,0.0,Normal,0.8992942096916143,0.0,0.8918242711273064,0.0,Normal,0.8918242711273064,0.7905533215609429,0.10472333921952848,0.0,Low,0.7905533215609429,0.0,0.6602991628598512,0.0,Normal,0.6602991628598512,0.0,0.7063616675709485,0.0,Medium,0.7063616675709485,0.0,0.090038314176245,0.81992337164751,High,0.81992337164751,0.0,0.6876170119498789,0.0,Normal,0.6876170119498789,1,Acceptable
0.0,0.5971772412743682,0.0,Normal,0.5971772412743682,0.0,0.6705399240069672,0.0,Normal,0.6705399240069672,0.0,0.9286491918832182,0.0,Normal,0.9286491918832182,0.0,0.9170584917928959,0.0,Normal,0.9170584917928959,1.0,0.0,0.0,Low,1.0,0.0,0.7397148932953885,0.0,Normal,0.7397148932953885,0.47168154992509126,0.26415922503745437,0.0,Low,0.47168154992509126,0.3364317508041222,0.3317841245979389,0.0,Low,0.3364317508041222,0.0,0.9521072796934864,0.0,Normal,0.9521072796934864,0.019966570288993304,0.4900167148555033,0.0,Normal,0.4900167148555033,3,Good
0.0,0.8303619353677845,0.0,Normal,0.8303619353677845,0.0,0.4594562813231374,0.08108743735372492,Normal,0.4594562813231374,0.0,0.8535491378012094,0.0,Normal,0.8535491378012094,0.0,0.6808597743278405,0.0,Normal,0.6808597743278405,0.0,0.6399388510334763,0.0,Normal,0.6399388510334763,0.7681376885548351,0.1159311557225824,0.0,Low,0.7681376885548351,0.0,0.5177383338993613,0.0,Normal,0.5177383338993613,0.0,0.8013301091998846,0.0,Medium,0.8013301091998846,0.0,0.4731800766283523,0.05363984674329525,Normal,0.4731800766283523,0.0,0.7074883445194434,0.0,Normal,0.7074883445194434,1,Acceptable
0.0,0.9626547008546644,0.0,Normal,0.9626547008546644,0.14566322526593659,0.4271683873670316,0.0,Normal,0.4271683873670316,0.0,0.7836595392136763,0.0,Normal,0.7836595392136763,0.0,0.8553569855473834,0.0,Normal,0.8553569855473834,0.0,0.8520953433628581,0.0,Normal,0.8520953433628581,0.0,0.9802414324806653,0.0,Normal,0.9802414324806653,0.0,0.9605678050396198,0.0,Normal,0.9605678050396198,0.10895078927757659,0.44552460536121163,0.0,Medium,0.44552460536121163,0.24521072796934829,0.3773946360153258,0.0,Normal,0.3773946360153258,0.0,0.9373136920074618,0.0,Normal,0.9373136920074618,3,Acceptable
0.0,0.8532831933879856,0.0,Normal,0.8532831933879856,0.0,0.8074404148934526,0.0,Normal,0.8074404148934526,0.0,0.2875725850407382,0.4248548299185231,Wet,0.4248548299185231,0.0,0.24881764019174013,0.50236471961652,Wet,0.50236471961652,0.0,0.5825637044769605,0.0,Normal,0.5825637044769605,1.0,0.0,0.0,Low,1.0,0.0,0.690844776868836,0.0,Normal,0.690844776868836,0.0,0.9873123231472579,0.0,Medium,0.9873123231472579,0.0,0.090038314176245,0.81992337164751,High,0.81992337164751,0.0,0.6981697382793736,0.0,Normal,0.6981697382793736,1,Acceptable
0.6009760778723866,0.1995119610638068,0.0,Cold,0.6009760778723866,0.0,0.4843167975340025,0.03136640493199482,Normal,0.4843167975340025,0.0,0.5608935607719949,0.0,Normal,0.5608935607719949,0.0,0.8970242831765818,0.0,Normal,0.8970242831765818,0.0,0.9833165349707509,0.0,Normal,0.9833165349707509,0.7474524315368589,0.12627378423157049,0.0,Low,0.7474524315368589,0.0,0.24335128224528485,0.5132974355094305,High,0.5132974355094305,0.0,0.4518898575128481,0.09622028497430425,Medium,0.4518898575128481,1.0,0.0,0.0,Low,1.0,0.0,0.692480548013888,0.0,Normal,0.692480548013888,1,Poor
0.0,0.7702422036398185,0.0,Normal,0.7702422036398185,0.0,0.8434506255539375,0.0,Normal,0.8434506255539375,0.0,0.2826298708459073,0.43474025830818486,Wet,0.43474025830818486,0.0,0.0,1.0,Wet,1.0,0.0,0.22979251798833217,0.5404149640233357,High,0.5404149640233357,0.6344809677151064,0.18275951614244676,0.0,Low,0.6344809677151064,0.0,0.7054758089850466,0.0,Normal,0.7054758089850466,0.0,0.6344272274639624,0.0,Medium,0.6344272274639624,0.0,0.9521072796934864,0.0,Normal,0.9521072796934864,0.0,0.615509723864767,0.0,Normal,0.615509723864767,1,Acceptable
0.0,0.7615772628947771,0.0,Normal,0.7615772628947771,0.0,0.07533656635705148,0.849326867285897,Hot,0.849326867285897,0.0,0.8472503614769313,0.0,Normal,0.8472503614769313,0.0,0.3334795817199466,0.3330408365601071,Normal,0.3334795817199466,0.0,0.9469893754624656,0.0,Normal,0.9469893754624656,0.0,0.741126369696886,0.0,Normal,0.741126369696886,0.0,0.9713664616102029,0.0,Normal,0.9713664616102029,1.0,0.0,0.0,Low,1.0,0.8199233716475094,0.09003831417624526,0.0,Low,0.8199233716475094,0.0,0.9416128428552571,0.0,Normal,0.9416128428552571,3,Good
0.3670128038378182,0.31649359808109107,0.0,Cold,0.3670128038378182,0.0,0.9615042278698384,0.0,Normal,0.9615042278698384,0.0,0.45900645107120586,0.08198709785758737,Normal,0.45900645107120586,0.0,0.8257991850387831,0.0,Normal,0.8257991850387831,0.0,0.6494054226955415,0.0,Normal,0.6494054226955415,0.31611199652073996,0.34194400173962997,0.0,Normal,0.34194400173962997,0.0,0.8801223418736054,0.0,Normal,0.8801223418736054,0.0,0.6025618564782731,0.0,Medium,0.6025618564782731,0.0,0.7605363984674332,0.0,Normal,0.7605363984674332,0.0,0.6305966330782069,0.0,Normal,0.6305966330782069,1,Poor
0.09562187837172599,0.45218906081413723,0.0,Normal,0.45218906081413723,0.0,0.7103584397449084,0.0,Normal,0.7103584397449084,0.0,0.7772644171334695,0.0,Normal,0.7772644171334695,0.0,0.7755115925680911,0.0,Normal,0.7755115925680911,0.0,0.36065539580545536,0.2786892083890893,Normal,0.36065539580545536,0.7633580132807695,0.11832099335961527,0.0,Low,0.7633580132807695,0.0,0.9947147430223251,0.0,Normal,0.9947147430223251,1.0,0.0,0.0,Low,1.0,0.0,0.0,1.0,High,1.0,0.0,0.6004417277670362,0.0,Normal,0.6004417277670362,1,Acceptable
0.0,0.29562211213314293,0.40875577573371347,Hot,0.40875577573371347,0.3802424814119467,0.30987875929402653,0.0,Cold,0.3802424814119467,0.0,0.9505459140111534,0.0,Normal,0.9505459140111534,0.0,0.8984145035062463,0.0,Normal,0.8984145035062463,0.0,0.5604541936412877,0.0,Normal,0.5604541936412877,0.0,0.828187893040925,0.0,Normal,0.828187893040925,0.0,0.3473852763623821,0.30522944727523604,Normal,0.3473852763623821,0.0,0.9208213426874532,0.0,Medium,0.9208213426874532,1.0,0.0,0.0,Low,1.0,0.0,0.0,1.0,High,1.0,3,Acceptable
0.0,0.4791652722457243,0.04166945550855038,Normal,0.4791652722457243,0.0,0.464011566827662,0.07197686634467576,Normal,0.464011566827662,0.6086501690276728,0.19567491548616367,0.0,Dry,0.6086501690276728,0.9409340424802733,0.029532978759863313,0.0,Dry,0.9409340424802733,0.0,0.6906211183862091,0.0,Normal,0.6906211183862091,0.0,0.7194553547706806,0.0,Normal,0.7194553547706806,0.0,0.8940024788340064,0.0,Normal,0.8940024788340064,0.18330902586377065,0.4083454870681146,0.0,Medium,0.4083454870681146,0.436781609195402,0.28160919540229895,0.0,Low,0.436781609195402,0.20892412743959007,0.3955379362802049,0.0,Normal,0.3955379362802049,3,Acceptable
0.04003402785138305,0.4799829860743087,0.0,Normal,0.4799829860743087,0.0,0.20082605556720548,0.598347888865589,Hot,0.598347888865589,0.0,0.6654295009239702,0.0,Normal,0.6654295009239702,0.0,0.5286207321062544,0.0,Normal,0.5286207321062544,0.0,0.9953496003679172,0.0,Normal,0.9953496003679172,0.29613437341251825,0.35193281329374076,0.0,Normal,0.35193281329374076,0.0,0.2239866049583513,0.5520267900832976,High,0.5520267900832976,0.926390860246275,0.03680456987686247,0.0,Low,0.926390860246275,0.0,0.664750957854406,0.0,Normal,0.664750957854406,0.0,0.3393243374015733,0.32135132519685344,Normal,0.3393243374015733,0,Acceptable
0.0,0.9607933411198505,0.0,Normal,0.9607933411198505,0.0,0.5070807471383421,0.0,Normal,0.5070807471383421,0.0,0.7659598418453678,0.0,Normal,0.7659598418453678,0.0,0.5268223305930412,0.0,Normal,0.5268223305930412,1.0,0.0,0.0,Low,1.0,0.0,0.3969364862269005,0.206127027546199,Normal,0.3969364862269005,0.9073372796468215,0.04633136017658925,0.0,Low,0.9073372796468215,0.0,0.828359461974479,0.0,Medium,0.828359461974479,0.0,0.7605363984674328,0.0,Normal,0.7605363984674328,0.0,0.6834929054239853,0.0,Normal,0.6834929054239853,3,Good
0.0,0.5868162945054024,0.0,Normal,0.5868162945054024,0.0,0.5063625837084765,0.0,Normal,0.5063625837084765,0.0,0.49735741495370117,0.0052851700925967224,Normal,0.49735741495370117,0.0,0.9021861033142708,0.0,Normal,0.9021861033142708,0.0,0.5145132055201176,0.0,Normal,0.5145132055201176,0.54941558118851,0.22529220940574496,0.0,Low,0.54941558118851,0.0,0.5459773454104746,0.0,Normal,0.5459773454104746,0.0,0.5329380841178357,0.0,Medium,0.5329380841178357,0.0,0.0,1.0,High,1.0,0.0,0.8734847902757487,0.0,Normal,0.8734847902757487,1,Acceptable
0.0,0.9162750356359176,0.0,Normal,0.9162750356359176,0.0,0.9044005714278623,0.0,Normal,0.9044005714278623,0.0,0.5899993641845205,0.0,Normal,0.5899993641845205,0.0,0.9099979738123144,0.0,Normal,0.9099979738123144,0.0,0.7160811556048557,0.0,Normal,0.7160811556048557,0.0,0.5717166330418458,0.0,Normal,0.5717166330418458,0.0,0.39331185788980594,0.21337628422038837,Normal,0.39331185788980594,0.0,0.8776513584783514,0.0,Medium,0.8776513584783514,0.0,0.8563218390804596,0.0,Normal,0.8563218390804596,0.19397185316477947,0.4030140734176102,0.0,Normal,0.4030140734176102,0,Acceptable
0.231707836180583,0.3841460819097087,0.0,Normal,0.3841460819097087,0.0,0.8084649954468912,0.0,Normal,0.8084649954468912,0.0,0.8279885950372671,0.0,Normal,0.8279885950372671,0.0,0.40510209444302886,0.1897958111139427,Normal,0.40510209444302886,0.0,0.7500256694652564,0.0,Normal,0.7500256694652564,0.4214802580164715,0.2892598709917642,0.0,Low,0.4214802580164715,0.0,0.6563422584421438,0.0,Normal,0.6563422584421438,0.0,0.2953043116931367,0.40939137661372693,High,0.40939137661372693,0.8199233716475094,0.09003831417624526,0.0,Low,0.8199233716475094,0.48032630910656354,0.2598368454467182,0.0,Low,0.48032630910656354,1,Poor
0.0,0.37258210705822736,0.25483578588354444,Normal,0.37258210705822736,0.0,0.22685931548858454,0.5462813690228309,Hot,0.5462813690228309,0.0,0.6584560244550836,0.0,Normal,0.6584560244550836,0.0,0.680007692723439,0.0,Normal,0.680007692723439,0.0,0.6310284129614622,0.0,Normal,0.6310284129614622,0.8840080132610487,0.05799599336947565,0.0,Low,0.8840080132610487,0.0,0.8316540528842561,0.0,Normal,0.8316540528842561,0.0,0.7923312388799972,0.0,Medium,0.7923312388799972,0.0,0.0,1.0,High,1.0,0.0,0.806289786056466,0.0,Normal,0.806289786056466,1,Acceptable
0.0,0.5625950061836633,0.0,Normal,0.5625950061836633,0.0,0.42445418131093837,0.15109163737812306,Normal,0.42445418131093837,0.0,0.5213917075583796,0.0,Normal,0.5213917075583796,0.0,0.5145663142119579,0.0,Normal,0.5145663142119579,0.0,0.8714696353350859,0.0,Normal,0.8714696353350859,0.0,0.999548161083366,0.0,Normal,0.999548161083366,0.5500184902244581,0.22499075488777096,0.0,Low,0.5500184902244581,0.0,0.8617408235853914,0.0,Medium,0.8617408235853914,0.0,0.952107279693487,0.0,Normal,0.952107279693487,0.0,0.5467627105092479,0.0,Normal,0.5467627105092479,3,Good
0.0,0.4342448362608432,0.13151032747831265,Normal,0.4342448362608432,0.0,0.7208418505643192,0.0,Normal,0.7208418505643192,0.05630751357124464,0.47184624321437785,0.0,Normal,0.47184624321437785,0.0757781756208826,0.4621109121895585,0.0,Normal,0.4621109121895585,0.0,0.7554827433381739,0.0,Normal,0.7554827433381739,0.0,0.6496050602710839,0.0,Normal,0.6496050602710839,0.3096114033923003,0.34519429830384984,0.0,Normal,0.34519429830384984,0.1523844711522304,0.42380776442388474,0.0,Medium,0.42380776442388474,0.0,0.2816091954022987,0.4367816091954026,High,0.4367816091954026,0.0,0.9338230282458057,0.0,Normal,0.9338230282458057,3,Good
0.0,0.25750440969628186,0.4849911806074358,Hot,0.4849911806074358,0.0,0.5012643354507362,0.0,Normal,0.5012643354507362,0.0,0.5272375969584586,0.0,Normal,0.5272375969584586,0.299291113532133,0.3503544432339334,0.0,Normal,0.3503544432339334,1.0,0.0,0.0,Low,1.0,0.0,0.20207956402535465,0.5958408719492907,High,0.5958408719492907,0.0,0.7505541088909544,0.0,Normal,0.7505541088909544,0.0,0.11785338018966537,0.7642932396206693,High,0.7642932396206693,0.0,0.5689655172413794,0.0,Normal,0.5689655172413794,0.4535675686434939,0.273216215678253,0.0,Low,0.4535675686434939,3,Acceptable
0.0,0.7643882729077466,0.0,Normal,0.7643882729077466,0.0,0.68266639730991,0.0,Normal,0.68266639730991,0.0,0.5636746486353159,0.0,Normal,0.5636746486353159,0.0,0.4522048794681994,0.09559024106360157,Normal,0.4522048794681994,0.0,0.6108204378785503,0.0,Normal,0.6108204378785503,1.0,0.0,0.0,Low,1.0,0.0,0.24614002460210357,0.507719950795793,High,0.507719950795793,0.0,0.2768430500944707,0.44631389981105885,High,0.44631389981105885,0.24521072796934829,0.3773946360153258,0.0,Normal,0.3773946360153258,0.0,0.926570195188377,0.0,Normal,0.926570195188377,2,Poor
0.0,0.9173695562390691,0.0,Normal,0.9173695562390691,0.0,0.9934167890216768,0.0,Normal,0.9934167890216768,0.0,0.9355584394271029,0.0,Normal,0.9355584394271029,0.0,0.9246524203198428,0.0,Normal,0.9246524203198428,0.0,0.9506700257441323,0.0,Normal,0.9506700257441323,0.0,0.9574579238359541,0.0,Normal,0.9574579238359541,0.0,0.6933869052272871,0.0,Normal,0.6933869052272871,1.0,0.0,0.0,Low,1.0,1.0,0.0,0.0,Low,1.0,0.5503197781942217,0.2248401109028891,0.0,Low,0.5503197781942217,3,Good
0.0,0.9634293901692224,0.0,Normal,0.9634293901692224,0.0,0.8204214068423227,0.0,Normal,0.8204214068423227,0.0,0.6118868474557835,0.0,Normal,0.6118868474557835,0.0,0.6238266945025713,0.0,Normal,0.6238266945025713,1.0,0.0,0.0,Low,1.0,0.0,0.0,1.0,High,1.0,0.0,0.5611433978553325,0.0,Normal,0.5611433978553325,0.15784998574029832,0.4210750071298508,0.0,Medium,0.4210750071298508,0.05363984674329458,0.47318007662835265,0.0,Normal,0.47318007662835265,0.4305277813656705,0.2847361093171647,0.0,Low,0.4305277813656705,3,Good
0.0,0.5618446282759805,0.0,Normal,0.5618446282759805,0.0,0.9314292224431479,0.0,Normal,0.9314292224431479,0.0,0.4414793350666007,0.11704132986679779,Normal,0.4414793350666007,0.0,0.599752732899434,0.0,Normal,0.599752732899434,1.0,0.0,0.0,Low,1.0,0.0,0.09992499437817402,0.8001500112436519,High,0.8001500112436519,0.0,0.7504255752407878,0.0,Normal,0.7504255752407878,1.0,0.0,0.0,Low,1.0,1.0,0.0,0.0,Low,1.0,0.4151215321757957,0.2924392339121021,0.0,Low,0.4151215321757957,3,Good
0.0,0.46462960363630135,0.07074079272739629,Normal,0.46462960363630135,0.0,0.6823072342698819,0.0,Normal,0.6823072342698819,0.0,0.7028147662936882,0.0,Normal,0.7028147662936882,0.0,0.8687201013722323,0.0,Normal,0.8687201013722323,0.14286369263214685,0.4285681536839264,0.0,Normal,0.4285681536839264,0.0,0.6099514914235475,0.0,Normal,0.6099514914235475,0.0,0.5154883728042781,0.0,Normal,0.5154883728042781,0.0,0.8433131850263833,0.0,Medium,0.8433131850263833,0.0,0.0,1.0,High,1.0,0.0,0.5241414667155019,0.0,Normal,0.5241414667155019,0,Acceptable
0.0,0.8196806704865912,0.0,Normal,0.8196806704865912,0.0,0.8201765993398491,0.0,Normal,0.8201765993398491,0.0,0.7578582228176052,0.0,Normal,0.7578582228176052,0.0,0.9796180731890894,0.0,Normal,0.9796180731890894,0.0,0.9925305008766183,0.0,Normal,0.9925305008766183,0.0,0.553059860478154,0.0,Normal,0.553059860478154,0.0,0.8952370755924985,0.0,Normal,0.8952370755924985,0.0,0.6854173981463295,0.0,Medium,0.6854173981463295,0.0,0.7605363984674332,0.0,Normal,0.7605363984674332,0.0,0.5734209018677991,0.0,Normal,0.5734209018677991,0,Acceptable
0.013660504925630167,0.4931697475371852,0.0,Normal,0.4931697475371852,0.0,0.9108012906522,0.0,Normal,0.9108012906522,0.0,0.8552316643086485,0.0,Normal,0.8552316643086485,0.0,0.8724304694431293,0.0,Normal,0.8724304694431293,0.0,0.6741832658090302,0.0,Normal,0.6741832658090302,1.0,0.0,0.0,Low,1.0,0.0,0.8328519802385124,0.0,Normal,0.8328519802385124,0.0,0.9953310069379623,0.0,Medium,0.9953310069379623,1.0,0.0,0.0,Low,1.0,0.6178401218488014,0.19107993907559925,0.0,Low,0.6178401218488014,0,Acceptable
0.0,0.14087381498629908,0.7182523700274015,Hot,0.7182523700274015,0.0,0.5449844484893934,0.0,Normal,0.5449844484893934,0.0,0.6918421148612293,0.0,Normal,0.6918421148612293,0.0,0.9613480719164054,0.0,Normal,0.9613480719164054,1.0,0.0,0.0,Low,1.0,0.0,0.4051474275605263,0.18970514487894738,Normal,0.4051474275605263,0.300209784678895,0.3498951076605525,0.0,Normal,0.3498951076605525,1.0,0.0,0.0,Low,1.0,0.0,0.090038314176245,0.81992337164751,High,0.81992337164751,0.0,0.422670518638292,0.15465896272341592,Normal,0.422670518638292,3,Acceptable
0.0,0.7973973514789963,0.0,Normal,0.7973973514789963,0.0,0.8576142575561845,0.0,Normal,0.8576142575561845,0.0,0.5439882005356144,0.0,Normal,0.5439882005356144,0.0,0.575129278662047,0.0,Normal,0.575129278662047,0.0,0.7017513717656019,0.0,Normal,0.7017513717656019,0.44659350158842165,0.2767032492057891,0.0,Low,0.44659350158842165,0.43012655814853507,0.28493672092573247,0.0,Low,0.43012655814853507,1.0,0.0,0.0,Low,1.0,0.0,0.5689655172413791,0.0,Normal,0.5689655172413791,0.0633967214265337,0.4683016392867331,0.0,Normal,0.4683016392867331,3,Good
0.220400511887692,0.3897997440561542,0.0,Normal,0.3897997440561542,0.0,0.7826617112170671,0.0,Normal,0.7826617112170671,0.0,0.41990986720388784,0.16018026559222348,Normal,0.41990986720388784,0.0,0.582031618084266,0.0,Normal,0.582031618084266,1.0,0.0,0.0,Low,1.0,0.0,0.0,1.0,High,1.0,0.0,0.9148669318594558,0.0,Normal,0.9148669318594558,0.0,0.7952473748994361,0.0,Medium,0.7952473748994361,0.0,0.664750957854406,0.0,Normal,0.664750957854406,0.5249656686198493,0.23751716569007533,0.0,Low,0.5249656686198493,3,Acceptable
0.0,0.8033239309716222,0.0,Normal,0.8033239309716222,0.0,0.8862000487647713,0.0,Normal,0.8862000487647713,0.07155391030263435,0.464223044848683,0.0,Normal,0.464223044848683,0.0,0.6256775269826306,0.0,Normal,0.6256775269826306,0.0,0.7538216893036298,0.0,Normal,0.7538216893036298,0.6640062530435309,0.16799687347823447,0.0,Low,0.6640062530435309,0.0,0.9181716955523151,0.0,Normal,0.9181716955523151,0.0,0.7045323769743922,0.0,Medium,0.7045323769743922,0.436781609195402,0.28160919540229895,0.0,Low,0.436781609195402,0.1636822923997066,0.41815885380014667,0.0,Normal,0.41815885380014667,0,Acceptable
0.0,0.6147483814628003,0.0,Normal,0.6147483814628003,0.0,0.769690235110297,0.0,Normal,0.769690235110297,0.10257742663807788,0.4487112866809612,0.0,Normal,0.4487112866809612,0.0,0.8637726747553351,0.0,Normal,0.8637726747553351,0.0,0.7756970928816147,0.0,Normal,0.7756970928816147,0.0,0.5129871251447248,0.0,Normal,0.5129871251447248,0.0,0.7396929593241107,0.0,Normal,0.7396929593241107,0.0,0.7034694647717281,0.0,Medium,0.7034694647717281,0.0,0.9521072796934864,0.0,Normal,0.9521072796934864,0.050925514383537575,0.4745372428082312,0.0,Normal,0.4745372428082312,0,Acceptable
0.0,0.6287295147071271,0.0,Normal,0.6287295147071271,0.0,0.23683435512917447,0.5263312897416509,Hot,0.5263312897416509,0.0,0.9939379051355275,0.0,Normal,0.9939379051355275,0.0,0.9424521355721045,0.0,Normal,0.9424521355721045,1.0,0.0,0.0,Low,1.0,0.0,0.0,1.0,High,1.0,0.0,0.5679837025224127,0.0,Normal,0.5679837025224127,1.0,0.0,0.0,Low,1.0,0.0,0.0,1.0,High,1.0,0.0,0.7712128064184312,0.0,Normal,0.7712128064184312,3,Good
0.0,0.6114078306972394,0.0,Normal,0.6114078306972394,0.0,0.22909390882284936,0.5418121823543012,Hot,0.5418121823543012,0.0,0.8391812360666625,0.0,Normal,0.8391812360666625,0.0,0.6768297356684713,0.0,Normal,0.6768297356684713,0.0,0.52559352874138,0.0,Normal,0.52559352874138,0.0,0.4008927607014954,0.19821447859700925,Normal,0.4008927607014954,0.0,0.6027773457127998,0.0,Normal,0.6027773457127998,0.0,0.9719909254726522,0.0,Medium,0.9719909254726522,0.05363984674329458,0.47318007662835265,0.0,Normal,0.47318007662835265,0.0,0.787610870100659,0.0,Normal,0.787610870100659,3,Good
0.0,0.7457991302091673,0.0,Normal,0.7457991302091673,0.2953134659777303,0.3523432670111348,0.0,Normal,0.3523432670111348,0.0,0.9822543771953812,0.0,Normal,0.9822543771953812,0.0,0.9905798734443447,0.0,Normal,0.9905798734443447,0.0,0.046487400955151345,0.9070251980896973,High,0.9070251980896973,0.9177577150668422,0.04112114246657886,0.0,Low,0.9177577150668422,0.0,0.7556483279690904,0.0,Normal,0.7556483279690904,0.0,0.3387793191400172,0.32244136171996596,Medium,0.3387793191400172,0.0,0.5689655172413794,0.0,Normal,0.5689655172413794,0.0,0.7140823910708015,0.0,Normal,0.7140823910708015,2,Poor
0.0,0.9208250244066021,0.0,Normal,0.9208250244066021,0.0,0.9610525052117092,0.0,Normal,0.9610525052117092,0.0,0.505258859927034,0.0,Normal,0.505258859927034,0.0,0.9781038234078527,0.0,Normal,0.9781038234078527,0.0,0.9699106460242382,0.0,Normal,0.9699106460242382,0.0,0.8425577478480953,0.0,Normal,0.8425577478480953,0.0,0.9381281588051558,0.0,Normal,0.9381281588051558,0.0,0.8798841726226051,0.0,Medium,0.8798841726226051,0.0,0.0,1.0,High,1.0,0.0,0.5710679643452445,0.0,Normal,0.5710679643452445,0,Acceptable
0.69131559720413,0.15434220139793506,0.0,Cold,0.69131559720413,0.0,0.9535788699317396,0.0,Normal,0.9535788699317396,0.0,0.8827406254344412,0.0,Normal,0.8827406254344412,0.0,0.6119410573778407,0.0,Normal,0.6119410573778407,0.0,0.5053241036244478,0.0,Normal,0.5053241036244478,1.0,0.0,0.0,Low,1.0,0.0,0.33649299020894735,0.3270140195821055,Normal,0.33649299020894735,0.0,0.6030399657082275,0.0,Medium,0.6030399657082275,0.05363984674329458,0.47318007662835265,0.0,Normal,0.47318007662835265,0.0,0.6547911666173086,0.0,Normal,0.6547911666173086,2,Poor
0.0,0.5292464816559468,0.0,Normal,0.5292464816559468,0.4925042263744207,0.2537478868127896,0.0,Cold,0.4925042263744207,0.0,0.9451468406829413,0.0,Normal,0.9451468406829413,0.0,0.9493922712695948,0.0,Normal,0.9493922712695948,0.0,0.7124031566559211,0.0,Normal,0.7124031566559211,0.0,0.6083035849342537,0.0,Normal,0.6083035849342537,0.0,0.8499529156440883,0.0,Normal,0.8499529156440883,0.0,0.21349381808545184,0.5730123638290965,High,0.5730123638290965,0.0,0.0,1.0,High,1.0,0.0,0.9294462890856111,0.0,Normal,0.9294462890856111,3,Good
0.0,0.883352244423541,0.0,Normal,0.883352244423541,0.0,0.47139276216194226,0.05721447567611521,Normal,0.47139276216194226,0.0,0.9920891699639031,0.0,Normal,0.9920891699639031,0.0,0.9025140009490679,0.0,Normal,0.9025140009490679,0.0,0.9196052735569571,0.0,Normal,0.9196052735569571,0.0,0.7348609634794786,0.0,Normal,0.7348609634794786,0.0,0.0,1.0,High,1.0,0.0,0.4622363417604603,0.07552731647907984,Medium,0.4622363417604603,0.0,0.5689655172413794,0.0,Normal,0.5689655172413794,0.0,0.6361820803922376,0.0,Normal,0.6361820803922376,3,Acceptable
0.0,0.04427496677399306,0.9114500664520138,Hot,0.9114500664520138,0.0,0.8736381924172585,0.0,Normal,0.8736381924172585,0.0,0.8865592180402285,0.0,Normal,0.8865592180402285,0.0,0.9992571539699115,0.0,Normal,0.9992571539699115,0.0,0.8763414422470094,0.0,Normal,0.8763414422470094,0.0,0.9798229917579467,0.0,Normal,0.9798229917579467,0.6077622602820835,0.1961188698589583,0.0,Low,0.6077622602820835,0.0,0.07154928471773064,0.8569014305645388,High,0.8569014305645388,0.0,0.5689655172413791,0.0,Normal,0.5689655172413791,0.0,0.8424837950232006,0.0,Normal,0.8424837950232006,3,Poor
0.0,0.38252624217238185,0.23494751565523553,Normal,0.38252624217238185,0.30540951355635876,0.34729524322182054,0.0,Normal,0.34729524322182054,0.0,0.9364605646666466,0.0,Normal,0.9364605646666466,0.0,0.9569284287572372,0.0,Normal,0.9569284287572372,0.0,0.8590213445913772,0.0,Normal,0.8590213445913772,0.2316080453239241,0.38419597733803784,0.0,Normal,0.38419597733803784,0.0,0.8834235373554732,0.0,Normal,0.8834235373554732,0.0,0.5887306638069134,0.0,Medium,0.5887306638069134,0.0,0.0,1.0,High,1.0,0.0,0.0,1.0,High,1.0,0,Poor
0.0,0.5851662947086279,0.0,Normal,0.5851662947086279,0.0,0.3326588780893233,0.33468224382135314,Hot,0.33468224382135314,0.0,0.8639488738985599,0.0,Normal,0.8639488738985599,0.0,0.6050064029752308,0.0,Normal,0.6050064029752308,0.5936728797133983,0.20316356014330078,0.0,Low,0.5936728797133983,0.0,0.5080698202711823,0.0,Normal,0.5080698202711823,0.11825806410548322,0.4408709679472584,0.0,Normal,0.4408709679472584,0.8839353120311415,0.05803234398442921,0.0,Low,0.8839353120311415,0.0,0.0,1.0,High,1.0,0.0,0.5609096307332895,0.0,Normal,0.5609096307332895,3,Good
0.5776667526716752,0.2111666236641625,0.0,Cold,0.5776667526716752,1.0,0.0,0.0,Cold,1.0,0.0,0.7242678694499347,0.0,Normal,0.7242678694499347,0.0,0.6387867840829345,0.0,Normal,0.6387867840829345,0.0,0.6539211415903244,0.0,Normal,0.6539211415903244,0.0,0.8624291185980313,0.0,Normal,0.8624291185980313,0.0,0.3053683036702673,0.38926339265946563,High,0.38926339265946563,0.0,0.6192188397132788,0.0,Medium,0.6192188397132788,0.0,0.5689655172413791,0.0,Normal,0.5689655172413791,0.0,0.44036339861634394,0.11927320276731213,Normal,0.44036339861634394,3,Poor
0.0,0.5453753827645783,0.0,Normal,0.5453753827645783,0.0,0.4727343354447986,0.05453132911040255,Normal,0.4727343354447986,0.0,0.9609381028719135,0.0,Normal,0.9609381028719135,0.0,0.7395594521799199,0.0,Normal,0.7395594521799199,1.0,0.0,0.0,Low,1.0,0.0,0.0,1.0,High,1.0,0.5469165970450183,0.22654170147749086,0.0,Low,0.5469165970450183,0.0,0.7433686622895019,0.0,Medium,0.7433686622895019,1.0,0.0,0.0,Low,1.0,0.4915374528136672,0.2542312735931664,0.0,Low,0.4915374528136672,3,Good
0.0,0.891553545543618,0.0,Normal,0.891553545543618,0.0,0.7427399525030947,0.0,Normal,0.7427399525030947,0.0,0.4705233029007297,0.05895339419853972,Normal,0.4705233029007297,0.0,0.4981489335483245,0.0037021329033513958,Normal,0.4981489335483245,0.0,0.7058676867737925,0.0,Normal,0.7058676867737925,0.0,0.37152204724070126,0.2569559055185974,Normal,0.37152204724070126,0.0,0.426583136573005,0.14683372685399032,Normal,0.426583136573005,0.0,0.9404910822786946,0.0,Medium,0.9404910822786946,0.0,0.37739463601532547,0.24521072796934892,Normal,0.37739463601532547,0.07162867746952704,0.4641856612652364,0.0,Normal,0.4641856612652364,3,Good
0.0,0.43032737829140905,0.13934524341718094,Normal,0.43032737829140905,0.0,0.6653997775792563,0.0,Normal,0.6653997775792563,0.0,0.5892014959313363,0.0,Normal,0.5892014959313363,0.0,0.1801776542487385,0.6396446915025231,Wet,0.6396446915025231,0.0,0.5980377418709576,0.0,Normal,0.5980377418709576,0.24075346822912655,0.3796232658854366,0.0,Normal,0.3796232658854366,0.7946293412209783,0.10268532938951087,0.0,Low,0.7946293412209783,0.5673243961579161,0.21633780192104193,0.0,Low,0.5673243961579161,0.0,0.7605363984674332,0.0,Normal,0.7605363984674332,0.05064595494051388,0.474677022529743,0.0,Normal,0.474677022529743,1,Acceptable
0.0,0.5177981319676435,0.0,Normal,0.5177981319676435,0.0,0.8439608358813934,0.0,Normal,0.8439608358813934,0.0,0.8989349285510357,0.0,Normal,0.8989349285510357,0.051325589644274146,0.47433720517786276,0.0,Normal,0.47433720517786276,0.0,0.5723762383013299,0.0,Normal,0.5723762383013299,0.24588966319984845,0.3770551684000757,0.0,Normal,0.3770551684000757,0.0,0.7540875038252606,0.0,Normal,0.7540875038252606,0.0,0.8359310338431691,0.0,Medium,0.8359310338431691,0.0,0.18582375478927182,0.6283524904214562,High,0.6283524904214562,0.0,0.7023715408864949,0.0,Normal,0.7023715408864949,0,Acceptable
0.0,0.9400077740849262,0.0,Normal,0.9400077740849262,0.0,0.6255889051620578,0.0,Normal,0.6255889051620578,0.634362058293871,0.18281897085306453,0.0,Dry,0.634362058293871,1.0,0.0,0.0,Dry,1.0,0.0,0.9840345736451861,0.0,Normal,0.9840345736451861,0.0,0.7424978058679467,0.0,Normal,0.7424978058679467,0.0,0.6313578285687141,0.0,Normal,0.6313578285687141,0.40203957175507976,0.29898021412246006,0.0,Low,0.40203957175507976,0.0,0.18582375478927182,0.6283524904214562,High,0.6283524904214562,0.0,0.8212179491633826,0.0,Normal,0.8212179491633826,3,Acceptable
0.0,0.9493508086061079,0.0,Normal,0.9493508086061079,0.0,0.8730459532054382,0.0,Normal,0.8730459532054382,1.0,0.0,0.0,Dry,1.0,0.46121708729976574,0.269391456350117,0.0,Dry,0.46121708729976574,0.236335987244729,0.38183200637763537,0.0,Normal,0.38183200637763537,0.0,0.769776866785376,0.0,Normal,0.769776866785376,0.0,0.6362890641170053,0.0,Normal,0.6362890641170053,0.24988088465244324,0.3750595576737783,0.0,Medium,0.3750595576737783,1.0,0.0,0.0,Low,1.0,0.20606430450447494,0.39696784774776245,0.0,Normal,0.39696784774776245,3,Acceptable
0.0,0.8079441616687347,0.0,Normal,0.8079441616687347,0.1690224479836957,0.41548877600815204,0.0,Normal,0.41548877600815204,0.0,0.0,1.0,Wet,1.0,0.0,0.036105532451761804,0.9277889350964764,Wet,0.9277889350964764,0.0,0.4034095196912837,0.19318096061743262,Normal,0.4034095196912837,0.6227732044657859,0.18861339776710703,0.0,Low,0.6227732044657859,0.0,0.5020801666524503,0.0,Normal,0.5020801666524503,0.0,0.8442577695618415,0.0,Medium,0.8442577695618415,0.0,0.7605363984674332,0.0,Normal,0.7605363984674332,0.0,0.3847416352157077,0.23051672956858457,Normal,0.3847416352157077,1,Poor
0.0,0.6493307157722407,0.0,Normal,0.6493307157722407,0.0,0.12632241146246212,0.7473551770750757,Hot,0.7473551770750757,0.0,0.8432329265291617,0.0,Normal,0.8432329265291617,0.0,0.5355760407909164,0.0,Normal,0.5355760407909164,0.0,0.9245886736779775,0.0,Normal,0.9245886736779775,0.38036393488708187,0.309818032556459,0.0,Low,0.38036393488708187,0.0,0.769188147325024,0.0,Normal,0.769188147325024,0.0,0.674174170084867,0.0,Medium,0.674174170084867,0.0,0.18582375478927182,0.6283524904214562,High,0.6283524904214562,0.0,0.9455325891547053,0.0,Normal,0.9455325891547053,0,Acceptable
0.0,0.5738217957881264,0.0,Normal,0.5738217957881264,0.0,0.0,1.0,Hot,1.0,0.0,0.9283108033604223,0.0,Normal,0.9283108033604223,0.0,0.7278874685023278,0.0,Normal,0.7278874685023278,0.40367731623697894,0.29816134188151044,0.0,Low,0.40367731623697894,0.0,0.264655771173349,0.47068845765330203,High,0.47068845765330203,0.0,0.9767678475014392,0.0,Normal,0.9767678475014392,0.8384496186262974,0.08077519068685127,0.0,Low,0.8384496186262974,0.0,0.37739463601532547,0.24521072796934892,Normal,0.37739463601532547,0.0,0.06294682418299646,0.8741063516340071,High,0.8741063516340071,3,Acceptable
1.0,0.0,0.0,Cold,1.0,0.6629355520924125,0.1685322239537937,0.0,Cold,0.6629355520924125,0.029229347944497962,0.4853853260277512,0.0,Normal,0.4853853260277512,0.0,0.8157550932454308,0.0,Normal,0.8157550932454308,0.0,0.4448261135674538,0.11034777286509248,Normal,0.4448261135674538,0.8928068479831932,0.05359657600840336,0.0,Low,0.8928068479831932,0.0,0.9300684668143729,0.0,Normal,0.9300684668143729,0.0,0.7154494990208903,0.0,Medium,0.7154494990208903,0.0,0.9521072796934864,0.0,Normal,0.9521072796934864,0.0,0.8352866724605496,0.0,Normal,0.8352866724605496,1,Poor
0.0,0.2726672551637755,0.4546654896724484,Hot,0.4546654896724484,0.0,0.6639048453709214,0.0,Normal,0.6639048453709214,0.0,0.9785227047839127,0.0,Normal,0.9785227047839127,0.0,0.81493883029137,0.0,Normal,0.81493883029137,0.5010145648043741,0.24949271759781286,0.0,Low,0.5010145648043741,0.0,0.06554007790374257,0.8689198441925149,High,0.8689198441925149,0.0,0.82485994496661,0.0,Normal,0.82485994496661,1.0,0.0,0.0,Low,1.0,0.0,0.664750957854406,0.0,Normal,0.664750957854406,0.12194167242825939,0.43902916378587026,0.0,Normal,0.43902916378587026,3,Acceptable
0.5034567795071047,0.24827161024644778,0.0,Cold,0.5034567795071047,0.0,0.8491889061666956,0.0,Normal,0.8491889061666956,0.6717278551078,0.16413607244610004,0.0,Dry,0.6717278551078,0.9726909110638392,0.013654544468080407,0.0,Dry,0.9726909110638392,1.0,0.0,0.0,Low,1.0,0.0,0.18292504545933339,0.6341499090813332,High,0.6341499090813332,0.8344379627873247,0.08278101860633762,0.0,Low,0.8344379627873247,1.0,0.0,0.0,Low,1.0,0.0,0.5689655172413794,0.0,Normal,0.5689655172413794,0.3468352275488481,0.3265823862255759,0.0,Low,0.3468352275488481,3,Acceptable
0.4335708554733171,0.2832145722633416,0.0,Cold,0.4335708554733171,0.4276714366801584,0.2861642816599207,0.0,Cold,0.4276714366801584,0.0,0.37858638067522693,0.24282723864954536,Normal,0.37858638067522693,0.0,0.1846289638652546,0.630742072269491,Wet,0.630742072269491,0.0,0.7103169316065435,0.0,Normal,0.7103169316065435,0.29426489291413355,0.35286755354293314,0.0,Normal,0.35286755354293314,0.0,0.744669204499331,0.0,Normal,0.744669204499331,0.0,0.7749867905046558,0.0,Medium,0.7749867905046558,0.0,0.8563218390804596,0.0,Normal,0.8563218390804596,0.0,0.9535170453970212,0.0,Normal,0.9535170453970212,1,Poor
0.0,0.7162949003685037,0.0,Normal,0.7162949003685037,0.0,0.8510593558680596,0.0,Normal,0.8510593558680596,0.0,0.6408592132471167,0.0,Normal,0.6408592132471167,0.0,0.9884290826359304,0.0,Normal,0.9884290826359304,0.0,0.0,1.0,High,1.0,1.0,0.0,0.0,Low,1.0,0.0,0.8352279142307292,0.0,Normal,0.8352279142307292,0.0,0.5767027427291377,0.0,Medium,0.5767027427291377,1.0,0.0,0.0,Low,1.0,0.5549280122948326,0.2225359938525837,0.0,Low,0.5549280122948326,1,Acceptable
0.0,0.03430992813062701,0.9313801437387459,Hot,0.9313801437387459,0.0,0.3947708285271596,0.21045834294568053,Normal,0.3947708285271596,0.0,0.523849437309976,0.0,Normal,0.523849437309976,0.0,0.5192131419302708,0.0,Normal,0.5192131419302708,0.0,0.946238678418119,0.0,Normal,0.946238678418119,0.0,0.5680135403681741,0.0,Normal,0.5680135403681741,0.0,0.9192281823216476,0.0,Normal,0.9192281823216476,0.0,0.924842203215921,0.0,Medium,0.924842203215921,0.0,0.4731800766283523,0.05363984674329525,Normal,0.4731800766283523,0.0,0.5512478409468553,0.0,Normal,0.5512478409468553,0,Poor
0.0,0.5619527302896506,0.0,Normal,0.5619527302896506,0.0,0.5569960344684586,0.0,Normal,0.5569960344684586,0.0,0.6854755376377906,0.0,Normal,0.6854755376377906,0.0,0.9146838176052092,0.0,Normal,0.9146838176052092,0.0,0.904679667558353,0.0,Normal,0.904679667558353,0.28083779294420746,0.3595811035278962,0.0,Normal,0.3595811035278962,0.0,0.8620404017496366,0.0,Normal,0.8620404017496366,0.0,0.0,1.0,High,1.0,0.0,0.0,1.0,High,1.0,0.0,0.5682433956285667,0.0,Normal,0.5682433956285667,1,Acceptable
0.0,0.9335311664638843,0.0,Normal,0.9335311664638843,0.0,0.7313580319016133,0.0,Normal,0.7313580319016133,0.0,0.7498113337263546,0.0,Normal,0.7498113337263546,0.0,0.7255257330339607,0.0,Normal,0.7255257330339607,0.0,0.28757457049262797,0.42485085901474406,High,0.42485085901474406,0.0,0.7261181146694611,0.0,Normal,0.7261181146694611,0.0,0.8232075850890666,0.0,Normal,0.8232075850890666,1.0,0.0,0.0,Low,1.0,0.0,0.18582375478927182,0.6283524904214562,High,0.6283524904214562,0.0,0.6231393773848611,0.0,Normal,0.6231393773848611,0,Acceptable
0.6316788452778606,0.1841605773610698,0.0,Cold,0.6316788452778606,0.0,0.826806284036618,0.0,Normal,0.826806284036618,0.0,0.8021248679254699,0.0,Normal,0.8021248679254699,0.0,0.7875567999680787,0.0,Normal,0.7875567999680787,0.0,0.7021667769012084,0.0,Normal,0.7021667769012084,0.0,0.7387762325733592,0.0,Normal,0.7387762325733592,0.0,0.523689858210454,0.0,Normal,0.523689858210454,0.0,0.9416667739606929,0.0,Medium,0.9416667739606929,0.0,0.7605363984674332,0.0,Normal,0.7605363984674332,0.12117747606386282,0.4394112619680685,0.0,Normal,0.4394112619680685,0,Poor
0.2320851401496706,0.3839574299251649,0.0,Normal,0.3839574299251649,0.225030957676919,0.3874845211615404,0.0,Normal,0.3874845211615404,0.0,0.2268391353898921,0.5463217292202154,Wet,0.5463217292202154,0.0,0.131213041592375,0.7375739168152501,Wet,0.7375739168152501,0.0,0.6031859335568673,0.0,Normal,0.6031859335568673,0.5842640868906116,0.20786795655469414,0.0,Low,0.5842640868906116,0.0,0.7893239375484752,0.0,Normal,0.7893239375484752,0.0,0.8012984899566835,0.0,Medium,0.8012984899566835,0.0,0.9521072796934864,0.0,Normal,0.9521072796934864,0.0,0.8757187879303201,0.0,Normal,0.8757187879303201,1,Poor
0.0,0.7489443380935398,0.0,Normal,0.7489443380935398,0.0,0.7682310046721887,0.0,Normal,0.7682310046721887,0.0,0.6160709320435324,0.0,Normal,0.6160709320435324,0.0,0.564911483025082,0.0,Normal,0.564911483025082,0.0,0.9929488136801681,0.0,Normal,0.9929488136801681,0.6674982587040307,0.16625087064798463,0.0,Low,0.6674982587040307,0.0,0.0012030806637856515,0.9975938386724287,High,0.9975938386724287,0.0,0.0,1.0,High,1.0,1.0,0.0,0.0,Low,1.0,0.019048873850211978,0.4904755630748939,0.0,Normal,0.4904755630748939,0,Acceptable
0.0,0.8701814860996692,0.0,Normal,0.8701814860996692,0.0,0.3509605001386142,0.2980789997227715,Normal,0.3509605001386142,0.0,0.498537642183144,0.002924715633710985,Normal,0.498537642183144,0.0,0.26481389484782314,0.47037221030435394,Wet,0.47037221030435394,0.0,0.581543213610557,0.0,Normal,0.581543213610557,0.0,0.6316667871275965,0.0,Normal,0.6316667871275965,0.6292044666070048,0.1853977666964976,0.0,Low,0.6292044666070048,0.0,0.779512480498437,0.0,Medium,0.779512480498437,0.0,0.7605363984674332,0.0,Normal,0.7605363984674332,0.0,0.8706572959684725,0.0,Normal,0.8706572959684725,0,Acceptable
0.0,0.7607840621766249,0.0,Normal,0.7607840621766249,0.0,0.5707154251891977,0.0,Normal,0.5707154251891977,0.0,0.2539881730231035,0.49202365395379244,Wet,0.49202365395379244,0.0,0.5664401110456919,0.0,Normal,0.5664401110456919,1.0,0.0,0.0,Low,1.0,0.0,0.6684966112241703,0.0,Normal,0.6684966112241703,0.0,0.7013753643003855,0.0,Normal,0.7013753643003855,1.0,0.0,0.0,Low,1.0,0.0,0.7605363984674328,0.0,Normal,0.7605363984674328,0.07124608943171701,0.4643769552841414,0.0,Normal,0.4643769552841414,3,Good
0.0,0.6224842803545103,0.0,Normal,0.6224842803545103,0.0,0.7889053912483676,0.0,Normal,0.7889053912483676,0.15642180280164708,0.4217890985991766,0.0,Normal,0.4217890985991766,0.042284441909825596,0.47885777904508703,0.0,Normal,0.47885777904508703,0.0,0.5556125172510589,0.0,Normal,0.5556125172510589,0.6980433067894996,0.1509783466052502,0.0,Low,0.6980433067894996,0.0,0.9060204495556607,0.0,Normal,0.9060204495556607,0.0,0.5930022478436957,0.0,Medium,0.5930022478436957,0.0,0.7605363984674328,0.0,Normal,0.7605363984674328,0.02684820051455876,0.48657589974272053,0.0,Normal,0.48657589974272053,0,Good
0.0,0.5844876828880572,0.0,Normal,0.5844876828880572,0.0,0.7773837439742394,0.0,Normal,0.7773837439742394,0.0,0.9056549978955227,0.0,Normal,0.9056549978955227,0.0,0.7856871385912302,0.0,Normal,0.7856871385912302,0.0,0.5959321003442314,0.0,Normal,0.5959321003442314,0.0,0.9765744062701537,0.0,Normal,0.9765744062701537,0.0,0.7178850023429842,0.0,Normal,0.7178850023429842,0.3278992118771113,0.33605039406144427,0.0,Medium,0.33605039406144427,0.0,0.18582375478927182,0.6283524904214562,High,0.6283524904214562,0.0,0.9719016633783363,0.0,Normal,0.9719016633783363,0,Acceptable
0.4828365525133234,0.25858172374333843,0.0,Cold,0.4828365525133234,0.0,0.7396799212755722,0.0,Normal,0.7396799212755722,0.0,0.5411734321660534,0.0,Normal,0.5411734321660534,0.029944943427704967,0.48502752828614737,0.0,Normal,0.48502752828614737,0.5150392476138402,0.24248037619307983,0.0,Low,0.5150392476138402,0.0,0.6730512496785628,0.0,Normal,0.6730512496785628,0.0,0.8496813616473996,0.0,Normal,0.8496813616473996,0.16040223264333894,0.41979888367833046,0.0,Medium,0.41979888367833046,0.0,0.8563218390804596,0.0,Normal,0.8563218390804596,0.19779611195505573,0.40110194402247207,0.0,Normal,0.40110194402247207,3,Acceptable
0.21829399784870962,0.3908530010756454,0.0,Normal,0.3908530010756454,0.0,0.9459458482909088,0.0,Normal,0.9459458482909088,0.0,0.6928049065477038,0.0,Normal,0.6928049065477038,0.0,0.8193942116646733,0.0,Normal,0.8193942116646733,0.0,0.8488590316071876,0.0,Normal,0.8488590316071876,0.0,0.6334426715048955,0.0,Normal,0.6334426715048955,0.0,0.15459100321794975,0.6908179935641006,High,0.6908179935641006,0.9158371537070129,0.04208142314649355,0.0,Low,0.9158371537070129,0.24521072796934829,0.3773946360153258,0.0,Normal,0.3773946360153258,0.09551820560096864,0.4522408971995156,0.0,Normal,0.4522408971995156,3,Acceptable
0.0,0.5406487581469973,0.0,Normal,0.5406487581469973,0.2936361303799229,0.35318193481003846,0.0,Normal,0.35318193481003846,0.0,0.675079281882614,0.0,Normal,0.675079281882614,0.0,0.35815751670202634,0.28368496659594766,Normal,0.35815751670202634,0.0,0.8446159457276172,0.0,Normal,0.8446159457276172,0.9293741274711714,0.03531293626441428,0.0,Low,0.9293741274711714,0.0,0.14297425060165778,0.7140514987966845,High,0.7140514987966845,0.0,0.8569829642884662,0.0,Medium,0.8569829642884662,1.0,0.0,0.0,Low,1.0,0.0,0.7501133643986926,0.0,Normal,0.7501133643986926,1,Acceptable
0.0,0.5263732273285754,0.0,Normal,0.5263732273285754,0.0,0.8224042410502728,0.0,Normal,0.8224042410502728,0.0,0.8151245376167586,0.0,Normal,0.8151245376167586,0.0,0.8775892115170687,0.0,Normal,0.8775892115170687,1.0,0.0,0.0,Low,1.0,0.0,0.10578994329455643,0.7884201134108871,High,0.7884201134108871,0.09485084909417915,0.4525745754529104,0.0,Normal,0.4525745754529104,1.0,0.0,0.0,Low,1.0,0.0,0.0,1.0,High,1.0,0.5631606143128838,0.2184196928435581,0.0,Low,0.5631606143128838,3,Good
0.0,0.7573207929275153,0.0,Normal,0.7573207929275153,0.609841973851134,0.19507901307443293,0.0,Cold,0.609841973851134,0.0,0.5014521611310401,0.0,Normal,0.5014521611310401,0.0,0.6318655965948786,0.0,Normal,0.6318655965948786,0.0,0.7946152963903228,0.0,Normal,0.7946152963903228,0.0,0.7341173312550882,0.0,Normal,0.7341173312550882,0.0,0.21518162013684475,0.5696367597263107,High,0.5696367597263107,0.198725839027817,0.4006370804860914,0.0,Medium,0.4006370804860914,0.436781609195402,0.28160919540229895,0.0,Low,0.436781609195402,0.0,0.24578632755210011,0.5084273448957998,High,0.5084273448957998,3,Acceptable
0.0,0.19312912224769385,0.6137417555046119,Hot,0.6137417555046119,0.0,0.5900073921537856,0.0,Normal,0.5900073921537856,0.0,0.8011571349194714,0.0,Normal,0.8011571349194714,0.0,0.7919892028037787,0.0,Normal,0.7919892028037787,0.126273040084707,0.43686347995764635,0.0,Normal,0.43686347995764635,0.023161282390773343,0.4884193588046132,0.0,Normal,0.4884193588046132,0.0,0.8438194474867947,0.0,Normal,0.8438194474867947,0.0,0.9780721751841812,0.0,Medium,0.9780721751841812,0.0,0.0,1.0,High,1.0,0.0,0.40892442853065175,0.1821511429386965,Normal,0.40892442853065175,0,Acceptable
1.0,0.0,0.0,Cold,1.0,0.0,0.781275048168299,0.0,Normal,0.781275048168299,0.0,0.0,1.0,Wet,1.0,0.0,0.0,1.0,Wet,1.0,0.0,0.3573498236157388,0.2853003527685224,Normal,0.3573498236157388,1.0,0.0,0.0,Low,1.0,0.0,0.9577252642500288,0.0,Normal,0.9577252642500288,0.0,0.08877960925260238,0.8224407814947954,High,0.8224407814947954,0.6283524904214557,0.1858237547892721,0.0,Low,0.6283524904214557,0.0,0.3623636060947896,0.27527278781042075,Normal,0.3623636060947896,2,Poor
0.0,0.9589603025541228,0.0,Normal,0.9589603025541228,0.0,0.8379746863251902,0.0,Normal,0.8379746863251902,0.0,0.43636629011185324,0.1272674197762927,Normal,0.43636629011185324,0.0,0.583204188093835,0.0,Normal,0.583204188093835,0.0,0.5699388669113155,0.0,Normal,0.5699388669113155,0.2236359379272068,0.38818203103639654,0.0,Normal,0.38818203103639654,0.0,0.6778255330388214,0.0,Normal,0.6778255330388214,0.432563803759908,0.28371809812004595,0.0,Low,0.432563803759908,0.0,0.0,1.0,High,1.0,0.0,0.6425680967901916,0.0,Normal,0.6425680967901916,0,Acceptable
0.0,0.6885962140254427,0.0,Normal,0.6885962140254427,0.5278760254340492,0.2360619872829753,0.0,Cold,0.5278760254340492,0.0,0.7151306721414902,0.0,Normal,0.7151306721414902,0.0,0.9701757054688475,0.0,Normal,0.9701757054688475,0.0,0.6810815615409712,0.0,Normal,0.6810815615409712,0.0,0.6333771805894869,0.0,Normal,0.6333771805894869,0.0,0.20947513402673354,0.5810497319465331,High,0.5810497319465331,0.0,0.8455653324955487,0.0,Medium,0.8455653324955487,1.0,0.0,0.0,Low,1.0,0.0,0.2208127548220809,0.5583744903558382,High,0.5583744903558382,0,Acceptable
0.0,0.5447498822542987,0.0,Normal,0.5447498822542987,0.0,0.8981969213250082,0.0,Normal,0.8981969213250082,0.0,0.5655769634336039,0.0,Normal,0.5655769634336039,0.0,0.6007207540002388,0.0,Normal,0.6007207540002388,0.0,0.6534282440253504,0.0,Normal,0.6534282440253504,0.0,0.5952214634423633,0.0,Normal,0.5952214634423633,0.0,0.5383735194370919,0.0,Normal,0.5383735194370919,0.0,0.9085989671896829,0.0,Medium,0.9085989671896829,0.8199233716475094,0.09003831417624526,0.0,Low,0.8199233716475094,0.00824775416602511,0.49587612291698735,0.0,Normal,0.49587612291698735,3,Good
0.08395308354602413,0.4580234582269882,0.0,Normal,0.4580234582269882,0.7097790416798336,0.14511047916008313,0.0,Cold,0.7097790416798336,0.0,0.7343816432382002,0.0,Normal,0.7343816432382002,0.0,0.3441228095847664,0.3117543808304676,Normal,0.3441228095847664,0.0,0.6011486509965343,0.0,Normal,0.6011486509965343,1.0,0.0,0.0,Low,1.0,0.0,0.5157678199847191,0.0,Normal,0.5157678199847191,0.0,0.8275171614040341,0.0,Medium,0.8275171614040341,0.0,0.8563218390804596,0.0,Normal,0.8563218390804596,0.0,0.620764267082197,0.0,Normal,0.620764267082197,2,Poor
0.0,0.9814491131301611,0.0,Normal,0.9814491131301611,0.0,0.6693516967959229,0.0,Normal,0.6693516967959229,0.0,0.8853918686069059,0.0,Normal,0.8853918686069059,0.0,0.9815034060194742,0.0,Normal,0.9815034060194742,0.0,0.48120225202851097,0.037595495942978015,Normal,0.48120225202851097,1.0,0.0,0.0,Low,1.0,0.0,0.7417334366808249,0.0,Normal,0.7417334366808249,0.09321456513499644,0.4533927174325017,0.0,Medium,0.4533927174325017,0.8199233716475094,0.09003831417624526,0.0,Low,0.8199233716475094,0.32844413336502487,0.3357779333174875,0.0,Normal,0.3357779333174875,1,Acceptable
0.0,0.5645980973634427,0.0,Normal,0.5645980973634427,0.0,0.7735686704525035,0.0,Normal,0.7735686704525035,0.0,0.7440098803172736,0.0,Normal,0.7440098803172736,0.0,0.9559931430827843,0.0,Normal,0.9559931430827843,0.0,0.9317107290815528,0.0,Normal,0.9317107290815528,0.0,0.8646084753761095,0.0,Normal,0.8646084753761095,0.0,0.8861425494180465,0.0,Normal,0.8861425494180465,0.0,0.5360635755501356,0.0,Medium,0.5360635755501356,0.05363984674329458,0.47318007662835265,0.0,Normal,0.47318007662835265,0.0,0.5299402309906531,0.0,Normal,0.5299402309906531,3,Good
0.0,0.5862209785835033,0.0,Normal,0.5862209785835033,0.0,0.7602642033104691,0.0,Normal,0.7602642033104691,0.0,0.7423814594064143,0.0,Normal,0.7423814594064143,0.0,0.7511019389755049,0.0,Normal,0.7511019389755049,0.0,0.41529308920788566,0.16941382158422863,Normal,0.41529308920788566,0.36475046698495484,0.31762476650752247,0.0,Low,0.36475046698495484,0.0,0.6182081423129228,0.0,Normal,0.6182081423129228,1.0,0.0,0.0,Low,1.0,1.0,0.0,0.0,Low,1.0,0.6160576306155059,0.19197118469224703,0.0,Low,0.6160576306155059,0,Acceptable
0.0,0.9402833634766847,0.0,Normal,0.9402833634766847,0.0,0.8387836606137649,0.0,Normal,0.8387836606137649,1.0,0.0,0.0,Dry,1.0,0.0,0.5346083736177178,0.0,Normal,0.5346083736177178,0.0,0.9889250762073196,0.0,Normal,0.9889250762073196,0.0,0.5024546159834901,0.0,Normal,0.5024546159834901,0.0,0.9941326699071179,0.0,Normal,0.9941326699071179,0.6510315296277982,0.17448423518610087,0.0,Low,0.6510315296277982,0.24521072796934829,0.3773946360153258,0.0,Normal,0.3773946360153258,0.15519813635280447,0.4224009318235977,0.0,Normal,0.4224009318235977,0,Acceptable
0.0,0.5167566282272605,0.0,Normal,0.5167566282272605,0.0,0.6571575651784912,0.0,Normal,0.6571575651784912,0.23540065821074238,0.3822996708946289,0.0,Normal,0.3822996708946289,0.0,0.6413794449590214,0.0,Normal,0.6413794449590214,0.4643744998597549,0.2678127500701225,0.0,Low,0.4643744998597549,0.0,0.9288911385899573,0.0,Normal,0.9288911385899573,0.0,0.46758476811126903,0.06483046377746227,Normal,0.46758476811126903,0.605433607119854,0.197283196440073,0.0,Low,0.605433607119854,1.0,0.0,0.0,Low,1.0,0.0,0.8310126290412174,0.0,Normal,0.8310126290412174,3,Good
0.0,0.5463888233619647,0.0,Normal,0.5463888233619647,0.2620623798708929,0.36896881006455345,0.0,Normal,0.36896881006455345,0.6583911589942419,0.1708044205028791,0.0,Dry,0.6583911589942419,0.27439912445232945,0.36280043777383514,0.0,Normal,0.36280043777383514,0.0,0.8656658960715605,0.0,Normal,0.8656658960715605,0.29866661785021154,0.3506666910748941,0.0,Normal,0.3506666910748941,0.0,0.7893587348193943,0.0,Normal,0.7893587348193943,0.0,0.2125528106935132,0.5748943786129739,High,0.5748943786129739,0.0,0.4731800766283523,0.05363984674329525,Normal,0.4731800766283523,0.0,0.9612319947382287,0.0,Normal,0.9612319947382287,1,Acceptable
0.0,0.3240348982495467,0.351930203500906,Hot,0.351930203500906,0.2340663654222161,0.38296681728889187,0.0,Normal,0.38296681728889187,0.0,0.3350354670182199,0.32992906596355953,Normal,0.3350354670182199,0.0,0.35802510286694245,0.2839497942661154,Normal,0.35802510286694245,0.0,0.2250049153156387,0.5499901693687226,High,0.5499901693687226,0.8306178880231339,0.08469105598843304,0.0,Low,0.8306178880231339,0.55003836192977,0.22498081903511502,0.0,Low,0.55003836192977,0.0,0.0,1.0,High,1.0,1.0,0.0,0.0,Low,1.0,0.0,0.0,1.0,High,1.0,1,Poor
0.0,0.0,1.0,Hot,1.0,0.0,0.998784664983811,0.0,Normal,0.998784664983811,0.0,0.9986160344304805,0.0,Normal,0.9986160344304805,0.0,0.8576587197779033,0.0,Normal,0.8576587197779033,0.0,0.6825309953969589,0.0,Normal,0.6825309953969589,0.6473691445872388,0.17631542770638053,0.0,Low,0.6473691445872388,0.0,0.6904175019579446,0.0,Normal,0.6904175019579446,0.0,0.6465407374670755,0.0,Medium,0.6465407374670755,0.0,0.090038314176245,0.81992337164751,High,0.81992337164751,0.0,0.7114407433333539,0.0,Normal,0.7114407433333539,1,Poor
0.0,0.7024181332732913,0.0,Normal,0.7024181332732913,0.0,0.9719008367465436,0.0,Normal,0.9719008367465436,0.0,0.0,1.0,Wet,1.0,0.0,0.2211429480746318,0.5577141038507366,Wet,0.5577141038507366,0.0,0.5997303525076303,0.0,Normal,0.5997303525076303,0.5202400313450991,0.23987998432745042,0.0,Low,0.5202400313450991,0.0,0.4184120395792023,0.1631759208415957,Normal,0.4184120395792023,0.0,0.5496426718566682,0.0,Medium,0.5496426718566682,0.0,0.37739463601532547,0.24521072796934892,Normal,0.37739463601532547,0.0,0.696858273454671,0.0,Normal,0.696858273454671,0,Acceptable
0.0,0.6030077202749484,0.0,Normal,0.6030077202749484,0.22127334217412462,0.38936332891293757,0.0,Normal,0.38936332891293757,0.4635939311041296,0.26820303444793525,0.0,Dry,0.4635939311041296,0.7577179459651765,0.12114102701741174,0.0,Dry,0.7577179459651765,0.0,0.7949261376526197,0.0,Normal,0.7949261376526197,0.0,0.9361407959111472,0.0,Normal,0.9361407959111472,0.0,0.4131648141503768,0.17367037169924665,Normal,0.4131648141503768,0.2623722944921436,0.36881385275392814,0.0,Medium,0.36881385275392814,0.8199233716475094,0.09003831417624526,0.0,Low,0.8199233716475094,0.0,0.48279974800483727,0.03440050399032542,Normal,0.48279974800483727,3,Acceptable
1.0,0.0,0.0,Cold,1.0,0.0,0.6007773931357826,0.0,Normal,0.6007773931357826,0.6143322349933928,0.19283388250330363,0.0,Dry,0.6143322349933928,0.3425659044170823,0.3287170477914587,0.0,Dry,0.3425659044170823,0.0,0.9329635957103295,0.0,Normal,0.9329635957103295,0.0,0.9184376096753587,0.0,Normal,0.9184376096753587,0.0,0.8497684913762861,0.0,Normal,0.8497684913762861,1.0,0.0,0.0,Low,1.0,0.8199233716475094,0.09003831417624526,0.0,Low,0.8199233716475094,0.5029997291864532,0.24850013540677335,0.0,Low,0.5029997291864532,3,Poor
0.0,0.989361284243886,0.0,Normal,0.989361284243886,0.0,0.5875453208787439,0.0,Normal,0.5875453208787439,0.0,0.4419544612934345,0.11609107741313013,Normal,0.4419544612934345,0.0,0.5270302350737678,0.0,Normal,0.5270302350737678,1.0,0.0,0.0,Low,1.0,0.0,0.0,1.0,High,1.0,0.0,0.9203846679642325,0.0,Normal,0.9203846679642325,0.0,0.6436572764680659,0.0,Medium,0.6436572764680659,0.0,0.664750957854406,0.0,Normal,0.664750957854406,0.4464337041052706,0.27678314794736464,0.0,Low,0.4464337041052706,3,Good
0.44189254358554697,0.2790537282072267,0.0,Cold,0.44189254358554697,0.0,0.5871518844592991,0.0,Normal,0.5871518844592991,0.0,0.9565515856863954,0.0,Normal,0.9565515856863954,0.02647389958218797,0.48676305020890587,0.0,Normal,0.48676305020890587,0.0,0.6571478021912532,0.0,Normal,0.6571478021912532,0.6982674484845515,0.15086627575772424,0.0,Low,0.6982674484845515,0.5445298201559726,0.22773508992201372,0.0,Low,0.5445298201559726,0.6391235286704302,0.18043823566478487,0.0,Low,0.6391235286704302,0.0,0.2816091954022987,0.4367816091954026,High,0.4367816091954026,0.0,0.6169170239163534,0.0,Normal,0.6169170239163534,1,Acceptable
0.0,0.6931879337834109,0.0,Normal,0.6931879337834109,0.0,0.6289261316245168,0.0,Normal,0.6289261316245168,0.0,0.6562975945555605,0.0,Normal,0.6562975945555605,0.0,0.2748610695643479,0.45027786087130445,Wet,0.45027786087130445,0.0,0.8691104743916568,0.0,Normal,0.8691104743916568,0.0,0.8803636942256703,0.0,Normal,0.8803636942256703,0.0,0.6615111412584884,0.0,Normal,0.6615111412584884,0.0,0.03261816971785453,0.9347636605642909,High,0.9347636605642909,0.0,0.5689655172413794,0.0,Normal,0.5689655172413794,0.1598678855765453,0.4200660572117273,0.0,Normal,0.4200660572117273,3,Good
0.0,0.7130808070360398,0.0,Normal,0.7130808070360398,0.0,0.6642258003621628,0.0,Normal,0.6642258003621628,0.0,0.821251861393773,0.0,Normal,0.821251861393773,0.0,0.5823041506361484,0.0,Normal,0.5823041506361484,0.0,0.9575260861076716,0.0,Normal,0.9575260861076716,0.0,0.5554657992938828,0.0,Normal,0.5554657992938828,0.0,0.9973717708601638,0.0,Normal,0.9973717708601638,0.0,0.8157916805495906,0.0,Medium,0.8157916805495906,0.05363984674329458,0.47318007662835265,0.0,Normal,0.47318007662835265,0.0,0.558120317109073,0.0,Normal,0.558120317109073,0,Acceptable
0.3035594649553818,0.3482202675223093,0.0,Normal,0.3482202675223093,0.0,0.5112449295525037,0.0,Normal,0.5112449295525037,0.0,0.579251936110721,0.0,Normal,0.579251936110721,0.0,0.7543060231377197,0.0,Normal,0.7543060231377197,1.0,0.0,0.0,Low,1.0,0.0,0.8513145199715076,0.0,Normal,0.8513145199715076,0.0,0.8794429920096286,0.0,Normal,0.8794429920096286,0.9561999730121409,0.021900013493929567,0.0,Low,0.9561999730121409,0.0,0.9521072796934864,0.0,Normal,0.9521072796934864,0.0,0.9259209575968309,0.0,Normal,0.9259209575968309,3,Acceptable
0.0,0.5146095799010101,0.0,Normal,0.5146095799010101,0.0,0.4468655674760446,0.10626886504791055,Normal,0.4468655674760446,0.7281376791007265,0.13593116044963682,0.0,Dry,0.7281376791007265,0.5920070460119211,0.2039964769940394,0.0,Dry,0.5920070460119211,0.0,0.9853525753071269,0.0,Normal,0.9853525753071269,0.0,0.7920932071599941,0.0,Normal,0.7920932071599941,0.0,0.7664800527322068,0.0,Normal,0.7664800527322068,0.0,0.6223122087990534,0.0,Medium,0.6223122087990534,0.0,0.7605363984674328,0.0,Normal,0.7605363984674328,0.17608156280085718,0.41195921859957135,0.0,Normal,0.41195921859957135,3,Acceptable
0.008151940697996251,0.49592402965100213,0.0,Normal,0.49592402965100213,0.0,0.5083957272432178,0.0,Normal,0.5083957272432178,0.0,0.1551304222223579,0.6897391555552839,Wet,0.6897391555552839,0.0,0.7984920183376374,0.0,Normal,0.7984920183376374,0.1117089162579782,0.44414554187101074,0.0,Normal,0.44414554187101074,0.0,0.9065694166531492,0.0,Normal,0.9065694166531492,1.0,0.0,0.0,Low,1.0,0.0,0.7067239646433281,0.0,Medium,0.7067239646433281,0.0,0.2816091954022987,0.4367816091954026,High,0.4367816091954026,0.0,0.6795037325280632,0.0,Normal,0.6795037325280632,3,Acceptable
0.0,0.8606555463031949,0.0,Normal,0.8606555463031949,0.0,0.9658534689815551,0.0,Normal,0.9658534689815551,0.47439717927922564,0.2628014103603873,0.0,Dry,0.47439717927922564,0.0,0.5138583853538575,0.0,Normal,0.5138583853538575,0.23723165217976216,0.3813841739101188,0.0,Normal,0.3813841739101188,0.0,0.5974446769598059,0.0,Normal,0.5974446769598059,0.0,0.661860948847938,0.0,Normal,0.661860948847938,0.0,0.8903338340910842,0.0,Medium,0.8903338340910842,1.0,0.0,0.0,Low,1.0,0.521731196607524,0.23913440169623798,0.0,Low,0.521731196607524,0,Acceptable
0.0,0.7209622393766199,0.0,Normal,0.7209622393766199,0.6160314676971765,0.19198426615141168,0.0,Cold,0.6160314676971765,0.8309736801953825,0.08451315990230879,0.0,Dry,0.8309736801953825,0.761201365385393,0.11939931730730348,0.0,Dry,0.761201365385393,0.6300753785985301,0.18496231070073488,0.0,Low,0.6300753785985301,0.0,0.4467861918854097,0.10642761622918065,Normal,0.4467861918854097,0.0,0.8851514298558782,0.0,Normal,0.8851514298558782,0.7128019922913376,0.14359900385433122,0.0,Low,0.7128019922913376,0.8199233716475094,0.09003831417624526,0.0,Low,0.8199233716475094,0.0,0.16555332178843404,0.6688933564231319,High,0.6688933564231319,3,Acceptable
0.0,0.8294061563996924,0.0,Normal,0.8294061563996924,0.0,0.6137559547311903,0.0,Normal,0.6137559547311903,0.0,0.7207629512063296,0.0,Normal,0.7207629512063296,0.0,0.5168310115670659,0.0,Normal,0.5168310115670659,0.0,0.9674484465210937,0.0,Normal,0.9674484465210937,0.6641725393290411,0.16791373033547943,0.0,Low,0.6641725393290411,0.0,0.5585022952364755,0.0,Normal,0.5585022952364755,0.0,0.7886955221209795,0.0,Medium,0.7886955221209795,0.0,0.18582375478927182,0.6283524904214562,High,0.6283524904214562,0.0,0.780389434716836,0.0,Normal,0.780389434716836,1,Acceptable
0.0,0.7268402361925822,0.0,Normal,0.7268402361925822,0.0,0.8557620503740476,0.0,Normal,0.8557620503740476,0.0,0.9824873981961109,0.0,Normal,0.9824873981961109,0.0,0.5558262608970205,0.0,Normal,0.5558262608970205,0.0,0.8588232026008124,0.0,Normal,0.8588232026008124,0.0,0.8823201077748716,0.0,Normal,0.8823201077748716,0.0,0.7195240837014423,0.0,Normal,0.7195240837014423,0.0,0.9221910067587579,0.0,Medium,0.9221910067587579,0.0,0.0,1.0,High,1.0,0.0,0.5796842338646062,0.0,Normal,0.5796842338646062,3,Acceptable
0.0,0.8734076729910858,0.0,Normal,0.8734076729910858,0.08210146979348705,0.45894926510325634,0.0,Normal,0.45894926510325634,0.0,0.8287139412989898,0.0,Normal,0.8287139412989898,0.0,0.8599468514513029,0.0,Normal,0.8599468514513029,0.0,0.5666423020800642,0.0,Normal,0.5666423020800642,0.0,0.8178468611038854,0.0,Normal,0.8178468611038854,0.0,0.7826298121799469,0.0,Normal,0.7826298121799469,0.5268212441407472,0.23658937792962637,0.0,Low,0.5268212441407472,0.0,0.8563218390804596,0.0,Normal,0.8563218390804596,0.0,0.9374596088253453,0.0,Normal,0.9374596088253453,3,Good
0.0,0.38505945368433037,0.22988109263133838,Normal,0.38505945368433037,0.0,0.40492541591820985,0.19014916816358002,Normal,0.40492541591820985,0.0,0.807930106871054,0.0,Normal,0.807930106871054,0.0,0.9577512271833974,0.0,Normal,0.9577512271833974,0.0,0.7358537893049645,0.0,Normal,0.7358537893049645,0.0,0.9380759069379221,0.0,Normal,0.9380759069379221,0.0,0.8150728949802353,0.0,Normal,0.8150728949802353,0.0,0.5779967240766438,0.0,Medium,0.5779967240766438,0.0,0.0,1.0,High,1.0,0.0,0.5831559399075354,0.0,Normal,0.5831559399075354,3,Good
0.0,0.8333346328764067,0.0,Normal,0.8333346328764067,0.0,0.49860555572225285,0.002788888555494081,Normal,0.49860555572225285,0.0,0.7206836566380623,0.0,Normal,0.7206836566380623,0.0,0.638522774619305,0.0,Normal,0.638522774619305,0.0,0.8856533875845226,0.0,Normal,0.8856533875845226,0.18041646622266083,0.4097917668886695,0.0,Normal,0.4097917668886695,0.0,0.8077079736452769,0.0,Normal,0.8077079736452769,0.0,0.531728344779888,0.0,Medium,0.531728344779888,0.0,0.8563218390804596,0.0,Normal,0.8563218390804596,0.0,0.92005459928473,0.0,Normal,0.92005459928473,1,Acceptable
0.0,0.2226905695530465,0.5546188608939066,Hot,0.5546188608939066,0.3174900580671243,0.34125497096643775,0.0,Normal,0.34125497096643775,0.9340888624497395,0.03295556877513026,0.0,Dry,0.9340888624497395,1.0,0.0,0.0,Dry,1.0,0.0,0.5181941313358892,0.0,Normal,0.5181941313358892,0.0,0.5757555915483334,0.0,Normal,0.5757555915483334,0.0,0.9786961509492985,0.0,Normal,0.9786961509492985,0.0,0.6223201203331922,0.0,Medium,0.6223201203331922,0.0,0.7605363984674328,0.0,Normal,0.7605363984674328,0.0,0.0,1.0,High,1.0,3,Poor
0.0,0.8967954658078202,0.0,Normal,0.8967954658078202,0.7146845968766388,0.14265770156168056,0.0,Cold,0.7146845968766388,0.0,0.43601116255866057,0.127977674882678,Normal,0.43601116255866057,0.0,0.3146019355027348,0.3707961289945307,Wet,0.3707961289945307,0.0,0.5105880079560073,0.0,Normal,0.5105880079560073,0.0,0.8446866584803443,0.0,Normal,0.8446866584803443,0.0,0.7409053786790193,0.0,Normal,0.7409053786790193,0.9015366069973157,0.04923169650134212,0.0,Low,0.9015366069973157,1.0,0.0,0.0,Low,1.0,0.0,0.5355920520316826,0.0,Normal,0.5355920520316826,0,Acceptable
0.5017535790179437,0.24912321049102829,0.0,Cold,0.5017535790179437,0.0,0.8483169414851679,0.0,Normal,0.8483169414851679,0.9181399268745747,0.04093003656271269,0.0,Dry,0.9181399268745747,1.0,0.0,0.0,Dry,1.0,0.0,0.5352882325615935,0.0,Normal,0.5352882325615935,0.0,0.8275246670343569,0.0,Normal,0.8275246670343569,0.0,0.5603623327754981,0.0,Normal,0.5603623327754981,0.0,0.6581409123521123,0.0,Medium,0.6581409123521123,0.436781609195402,0.28160919540229895,0.0,Low,0.436781609195402,0.35477967871132365,0.3226101606443381,0.0,Low,0.35477967871132365,0,Poor
0.0,0.5074702794568562,0.0,Normal,0.5074702794568562,0.0,0.9131202422116464,0.0,Normal,0.9131202422116464,0.0,0.8585451547788087,0.0,Normal,0.8585451547788087,0.0,0.638411297176685,0.0,Normal,0.638411297176685,0.0,0.9211834448275159,0.0,Normal,0.9211834448275159,0.32801414228285125,0.3359929288585743,0.0,Normal,0.3359929288585743,0.0,0.6208662426641718,0.0,Normal,0.6208662426641718,0.0,0.6892455981759482,0.0,Medium,0.6892455981759482,0.0,0.9521072796934864,0.0,Normal,0.9521072796934864,0.3040759591101502,0.34796202044492486,0.0,Normal,0.34796202044492486,0,Good
0.00231049818480339,0.49884475090759856,0.0,Normal,0.49884475090759856,0.048161037154084756,0.4759194814229575,0.0,Normal,0.4759194814229575,0.0,0.9157601143560409,0.0,Normal,0.9157601143560409,0.0,0.5857536231416457,0.0,Normal,0.5857536231416457,0.0,0.5756164088961847,0.0,Normal,0.5756164088961847,0.5950230177081416,0.20248849114592915,0.0,Low,0.5950230177081416,0.0,0.7230243957812468,0.0,Normal,0.7230243957812468,0.396856404221475,0.30157179788926247,0.0,Low,0.396856404221475,1.0,0.0,0.0,Low,1.0,0.0,0.6535942097211098,0.0,Normal,0.6535942097211098,1,Acceptable
0.0,0.9943370036861632,0.0,Normal,0.9943370036861632,0.0,0.3960441780645615,0.20791164387087685,Normal,0.3960441780645615,0.0,0.7668878317788244,0.0,Normal,0.7668878317788244,0.0,0.6189070827094536,0.0,Normal,0.6189070827094536,1.0,0.0,0.0,Low,1.0,0.0,0.0,1.0,High,1.0,0.08557012223837675,0.4572149388808116,0.0,Normal,0.4572149388808116,0.0,0.5702412539680558,0.0,Medium,0.5702412539680558,0.0,0.18582375478927182,0.6283524904214562,High,0.6283524904214562,0.0,0.5339526373666087,0.0,Normal,0.5339526373666087,3,Good
0.0,0.6674584009866056,0.0,Normal,0.6674584009866056,0.0,0.9689687807222166,0.0,Normal,0.9689687807222166,0.0,0.4194468533819058,0.16110629323618764,Normal,0.4194468533819058,0.0,0.7252618718823974,0.0,Normal,0.7252618718823974,0.0,0.7813600636729972,0.0,Normal,0.7813600636729972,0.0,0.9870719094028215,0.0,Normal,0.9870719094028215,0.0,0.6605486894536293,0.0,Normal,0.6605486894536293,1.0,0.0,0.0,Low,1.0,0.436781609195402,0.28160919540229895,0.0,Low,0.436781609195402,0.40088809471312925,0.2995559526434353,0.0,Low,0.40088809471312925,0,Acceptable
0.3246405611653223,0.33767971941733904,0.0,Normal,0.33767971941733904,0.0,0.5635421139180332,0.0,Normal,0.5635421139180332,0.0,0.7094912682478927,0.0,Normal,0.7094912682478927,0.0,0.8752725668494147,0.0,Normal,0.8752725668494147,0.0,0.28524980755516344,0.4295003848896731,High,0.4295003848896731,0.7356470273899556,0.13217648630502218,0.0,Low,0.7356470273899556,0.887594942344462,0.05620252882776897,0.0,Low,0.887594942344462,0.0,0.640522641994931,0.0,Medium,0.640522641994931,0.0,0.9521072796934864,0.0,Normal,0.9521072796934864,0.0,0.8525697925777561,0.0,Normal,0.8525697925777561,1,Poor
0.0,0.7440235936721438,0.0,Normal,0.7440235936721438,0.5409052120406106,0.22954739397969462,0.0,Cold,0.5409052120406106,0.0,0.8198039623551922,0.0,Normal,0.8198039623551922,0.0,0.9092026593435527,0.0,Normal,0.9092026593435527,0.0,0.9163424972869424,0.0,Normal,0.9163424972869424,0.42156841637151427,0.2892157918142428,0.0,Low,0.42156841637151427,0.0,0.9165534033605128,0.0,Normal,0.9165534033605128,1.0,0.0,0.0,Low,1.0,0.0,0.4731800766283523,0.05363984674329525,Normal,0.4731800766283523,0.0,0.14855950604914422,0.7028809879017115,High,0.7028809879017115,0,Acceptable
0.0,0.5381168947339274,0.0,Normal,0.5381168947339274,0.0,0.9851716123627954,0.0,Normal,0.9851716123627954,0.0,0.5626090940017291,0.0,Normal,0.5626090940017291,0.0,0.650619120857126,0.0,Normal,0.650619120857126,0.0,0.5615617266737302,0.0,Normal,0.5615617266737302,0.0,0.8535046081907196,0.0,Normal,0.8535046081907196,0.0,0.01562587788790583,0.9687482442241884,High,0.9687482442241884,0.0,0.9526340493356644,0.0,Medium,0.9526340493356644,1.0,0.0,0.0,Low,1.0,0.2064396413068068,0.39678017934659654,0.0,Normal,0.39678017934659654,3,Good
0.0,0.7059831212756263,0.0,Normal,0.7059831212756263,0.4222141584941931,0.2888929207529034,0.0,Cold,0.4222141584941931,0.0,0.5668831424752534,0.0,Normal,0.5668831424752534,0.10116694515312497,0.44941652742343735,0.0,Normal,0.44941652742343735,0.8714982887109513,0.06425085564452436,0.0,Low,0.8714982887109513,0.0,0.3411570796938829,0.31768584061223415,Normal,0.3411570796938829,0.0,0.48503744375462804,0.029925112490744265,Normal,0.48503744375462804,0.0,0.5830101052795694,0.0,Medium,0.5830101052795694,0.0,0.4731800766283523,0.05363984674329525,Normal,0.4731800766283523,0.0,0.33284894624862293,0.3343021075027541,High,0.3343021075027541,3,Acceptable
0.33960406357841816,0.3301979682107911,0.0,Cold,0.33960406357841816,0.0,0.6481957219662057,0.0,Normal,0.6481957219662057,0.0,0.63494975873973,0.0,Normal,0.63494975873973,0.0,0.7239876880221014,0.0,Normal,0.7239876880221014,0.0,0.6988180453692409,0.0,Normal,0.6988180453692409,0.0,0.8367543985699142,0.0,Normal,0.8367543985699142,0.0,0.7177872258746109,0.0,Normal,0.7177872258746109,0.0,0.9992773885166043,0.0,Medium,0.9992773885166043,0.0,0.4731800766283523,0.05363984674329525,Normal,0.4731800766283523,0.0,0.5154960055382818,0.0,Normal,0.5154960055382818,0,Acceptable
0.0,0.8646200053063331,0.0,Normal,0.8646200053063331,0.0,0.9208410760057691,0.0,Normal,0.9208410760057691,0.0,0.922379927375401,0.0,Normal,0.922379927375401,0.0,0.9167145718996884,0.0,Normal,0.9167145718996884,0.0,0.8549847830283931,0.0,Normal,0.8549847830283931,0.0,0.9934299036768556,0.0,Normal,0.9934299036768556,0.0,0.9776578455483261,0.0,Normal,0.9776578455483261,1.0,0.0,0.0,Low,1.0,0.0,0.37739463601532547,0.24521072796934892,Normal,0.37739463601532547,0.007759169425560985,0.49612041528721945,0.0,Normal,0.49612041528721945,3,Good
0.0,0.5787142800764604,0.0,Normal,0.5787142800764604,0.0,0.0,1.0,Hot,1.0,0.0,0.7166717203103312,0.0,Normal,0.7166717203103312,0.0,0.8429568095011398,0.0,Normal,0.8429568095011398,1.0,0.0,0.0,Low,1.0,0.0,0.7395968019466497,0.0,Normal,0.7395968019466497,0.0,0.7320419679683539,0.0,Normal,0.7320419679683539,1.0,0.0,0.0,Low,1.0,0.0,0.8563218390804596,0.0,Normal,0.8563218390804596,0.0,0.06433271354484313,0.8713345729103137,High,0.8713345729103137,3,Acceptable
0.0,0.533337193571901,0.0,Normal,0.533337193571901,0.0,0.636073338395797,0.0,Normal,0.636073338395797,0.08774560893802412,0.45612719553098807,0.0,Normal,0.45612719553098807,0.02575724059159815,0.4871213797042008,0.0,Normal,0.4871213797042008,1.0,0.0,0.0,Low,1.0,0.0,0.392435448983234,0.21512910203353194,Normal,0.392435448983234,0.0,0.440161536036679,0.11967692792664225,Normal,0.440161536036679,0.0,0.8435493450118586,0.0,Medium,0.8435493450118586,0.24521072796934829,0.3773946360153258,0.0,Normal,0.3773946360153258,0.3019908513999249,0.3490045743000375,0.0,Normal,0.3490045743000375,3,Good
0.0,0.9018072736389151,0.0,Normal,0.9018072736389151,0.0,0.605043840838927,0.0,Normal,0.605043840838927,0.0,0.7932357135667705,0.0,Normal,0.7932357135667705,0.0,0.9137424165859421,0.0,Normal,0.9137424165859421,0.0,0.8774275921337465,0.0,Normal,0.8774275921337465,0.0,0.7277927441826477,0.0,Normal,0.7277927441826477,0.0,0.7336060136818199,0.0,Normal,0.7336060136818199,0.38450528618353635,0.30774735690823174,0.0,Low,0.38450528618353635,0.436781609195402,0.28160919540229895,0.0,Low,0.436781609195402,0.0,0.6836171041534067,0.0,Normal,0.6836171041534067,0,Acceptable
0.0,0.5017967651795864,0.0,Normal,0.5017967651795864,0.0,0.5465062171834812,0.0,Normal,0.5465062171834812,0.0,0.48270517686760595,0.03458964626478717,Normal,0.48270517686760595,0.0,0.7400663037637254,0.0,Normal,0.7400663037637254,0.0,0.7175780289335603,0.0,Normal,0.7175780289335603,0.4306028094556781,0.2846985952721609,0.0,Low,0.4306028094556781,0.0,0.5939523221165394,0.0,Normal,0.5939523221165394,0.18009768731505288,0.4099511563424735,0.0,Medium,0.4099511563424735,0.0,0.0,1.0,High,1.0,0.0,0.6041645497116328,0.0,Normal,0.6041645497116328,0,Good
