T_in,T_out,H_in,H_out,L,Solar,CO2,Wind,N,W,E,W_encoded,status
20.93465983675069,18.8490531460319,58.54307422679307,60.08751440372936,142.35537533608266,645.7445077331764,1069.8720021844083,2.8343215875437013,8,sunny,64.88788324442905,3,Good
24.5730257657964,21.86692498602329,44.572440708824494,45.99680701691658,659.2002205570586,243.37679468888783,817.7535927901885,4.636358309924905,18,rainy,91.92445609197148,1,Acceptable
26.11958547455402,24.9142345639536,55.72464146575806,51.48579705706295,0.0,1199.687321367024,1003.7504650877996,0.8543869953735799,17,sunny,35.54398124818313,3,Good
29.321070915837343,26.053324217447617,69.38143367694252,79.7605358018114,417.285287113831,365.190839283204,787.7201457637343,1.587345565009456,28,cloudy,108.4397718430868,0,Poor
18.421069468207925,20.811940920398005,45.82060486709537,33.65854757957602,351.0948419536173,822.0803556771585,710.13662318603,5.865309401584627,20,sunny,96.85105841969876,3,Acceptable
23.410578621930178,14.227811041701614,49.80540790992269,37.84513415677109,130.92902070303222,997.225777708416,760.808042133742,5.685943856129226,21,sunny,139.4517431396832,3,Good
22.922565395307423,26.193642352770155,54.03580915842923,49.31776726009247,490.2549916855852,235.58151913159668,1148.6010733052372,4.192323240442285,13,rainy,93.00645886774518,1,Acceptable
28.137412544865036,28.234642422559705,59.86661254109679,55.44681937983539,221.3540815471406,575.8683363737216,1173.4576581933454,3.588225940806994,28,cloudy,89.543347314666,0,Acceptable
25.82336221362322,15.58010851544224,51.52563120598984,44.40195608515221,473.3184618047387,566.5317114154022,874.2504446967347,1.4414118175377224,26,sunny,163.32760358776258,3,Acceptable
22.896570650210368,20.25317163889322,36.7229867391612,31.514874849048567,25.810469575796475,1055.208009256054,797.8186953211805,0.1930216769069681,18,sunny,68.61972866153468,3,Good
22.4244730271118,23.386185868585063,65.11326230615838,59.98968064974467,518.8037537502787,356.11953795702044,948.8853577242658,2.201495166589985,20,sunny,89.64557717573241,3,Good
19.67376194561932,11.212226276861315,32.52658607727433,20.62511292298927,356.4677360787936,501.26944727155154,984.6314869765764,3.3093888619039835,13,cloudy,132.53638798537926,0,Acceptable
21.921720966381024,28.80773953000788,54.72496943580696,51.33039898691084,527.4190884623553,314.47043101319645,830.1297394706143,5.261750358976502,22,cloudy,126.3958032272486,0,Acceptable
27.22041454326144,21.960066561510327,59.6075642566604,51.41233999664831,0.0,992.7257758292948,878.2926864276637,3.38572444096679,28,sunny,71.4672240693123,3,Good
20.63580836074472,29.193363940692,42.262816658716446,41.9120474560942,561.0725741780697,325.08536737615424,710.6696393314755,2.173480833608525,2,cloudy,123.6472691620246,0,Acceptable
22.788924168857868,30.30544517571153,44.43086391989477,49.74187823994524,389.2781159824347,531.7028975324157,690.2942318630089,1.0931931797629182,19,cloudy,137.09042490470972,0,Acceptable
19.460539336174037,30.87005027057716,52.235184552368366,60.04008526696701,939.1002831207026,209.10413154883807,730.0606300509753,4.174730329930975,8,cloudy,184.62618950111715,0,Acceptable
24.36450114649281,26.056482807478453,58.42664913457229,61.91028216097728,648.4243927367665,319.1608167796513,1212.5334170647304,0.0,12,cloudy,90.5722190693724,0,Acceptable
30.270685257833385,20.0175926373054,70.37192112446866,80.36872273810306,301.73311013301907,583.5310526939247,924.5809093991552,3.937074956890136,14,cloudy,163.714382866848,0,Poor
32.26958843549583,21.258972534984203,54.48409160636042,54.581675300508095,710.5158051097228,177.27221736729666,919.1377045696164,5.796029687928447,29,stormy,224.7686857644956,2,Poor
21.937188910404423,13.678384104869371,71.21993946643914,79.95201843165721,703.1083135486313,124.58391384464883,1211.7151445175475,3.365560036232929,9,rainy,158.83376088980793,1,Acceptable
19.298410760390556,10.758038976396758,74.86120989636797,90.63452917513304,614.4842851095792,247.5709081060868,529.2091555301638,4.428221335139199,7,rainy,159.746009935807,1,Poor
23.067041267944862,26.774145569034637,53.39933206672669,49.920621300375664,108.86106852336984,841.2394391658884,927.52987717559,0.3310227170260673,5,sunny,75.14653219277278,3,Good
21.96078682269028,26.63585311323574,46.53370250079516,45.324644168628,182.92485488405387,623.7945807797993,823.9319828339151,3.127951180947346,9,sunny,87.61238499503911,3,Good
29.721331631417243,15.869066690923216,46.900341523511,43.24545694266138,458.42778529509593,402.65680624119295,505.130200777552,0.3275800996983,12,cloudy,237.03797238132256,0,Poor
25.48842869924985,27.254621221073062,59.54291505389703,71.19722917256047,781.1735614874314,249.89679036664143,1306.1424626084238,1.6566664698311395,10,rainy,88.1347438117866,1,Acceptable
22.80433402939324,17.330556664375187,63.73981461001681,46.0669522046958,191.59895488956977,713.218721326851,729.9757190645332,4.133555456419211,28,sunny,101.2515135619853,3,Good
21.47759875900145,28.29456659392622,60.253041050216886,56.53278616020157,867.0853275483022,138.67498204114793,849.8280468858222,5.5460293477724765,20,stormy,147.78778289764395,2,Poor
23.865534897317698,22.17578005038609,45.95182571834757,50.50017686224075,0.0,1200.0,794.737391357896,2.7698840084122605,2,sunny,21.483180220068995,3,Good
20.24424598962536,7.828741869454287,47.16458872544806,47.37516492986134,730.5754867204555,388.0766081167443,953.0152788839852,5.778983392725935,19,cloudy,208.4823610852398,0,Acceptable
26.653486536858644,24.58465393423439,48.1554445416932,36.06112788162277,0.0,1200.0,957.3298590982944,0.0,29,sunny,52.59034779743321,3,Good
18.481303800346268,13.8264945896472,31.88357154874497,45.98798150658849,499.1141932137255,246.4408669764386,1361.823647038823,4.86957120375323,6,cloudy,90.1060113811993,0,Poor
24.89639790246124,26.3776220283824,62.26783342395692,78.42315014024005,370.887046773482,732.2405493489844,1077.3927962281189,3.777579050212431,14,sunny,83.96015520690565,3,Good
23.36163719215234,26.408201051405666,66.56971913151345,74.2463358016077,272.27619945665776,913.602759661278,876.531009373379,1.6548059602563718,26,sunny,108.12815288220116,3,Good
24.254622499842867,25.995022158014056,27.97429818944675,35.283425499059206,112.54369207378213,759.5116797270488,1001.815954883848,1.4975957888126228,5,sunny,61.08612245538072,3,Acceptable
22.43655104723782,22.9620384277446,50.80401228922836,49.264015740672285,374.54694356910034,512.157816924875,806.3540550227914,0.0,3,cloudy,64.19561493099124,0,Acceptable
20.413310069908416,29.507041318265426,62.89894392178538,55.83643553129716,829.800268224286,9.508414533614268,893.0427190323443,1.6583640710250984,21,sunny,146.90011395536163,3,Acceptable
20.27734191340697,24.07869441816352,45.97426160911001,50.63522974490843,400.7683690335435,530.2089725928083,935.1801765533928,3.6307667197150426,11,sunny,77.5925929974141,3,Good
24.34858489906358,18.740557731473977,48.07050934682398,39.66929349200847,84.0443804972833,716.3335775495085,1028.4664839066477,1.8907738586503573,30,sunny,105.12363757503562,3,Good
26.53377370926648,34.87128988932792,64.47374945449792,62.47572699336301,42.14799862836304,898.7043209084408,928.9139824552872,0.8548142107617052,12,sunny,118.0928475466322,3,Good
21.54119576971674,34.48146230552966,47.31010522097828,40.66708682854883,463.60810085245794,536.9751673834102,1012.9938033609128,3.522048121129192,27,sunny,199.21909297169515,3,Acceptable
24.06308474328069,26.755471531957888,45.060643735508,35.110597541568524,650.8691739608953,298.46056005934054,1223.9835524987536,3.568690215408472,23,cloudy,88.84444429964672,0,Acceptable
28.756819657535747,26.914476586263945,56.91211149948024,60.89475393860547,333.937281444598,794.5211305960789,983.847131730166,2.087097833044264,21,sunny,81.76051058688867,3,Acceptable
18.472423380161025,15.879900018480926,54.85579090628127,53.25637599856893,681.1203474615431,341.7562901959545,843.4803020768219,1.7447505820048157,3,sunny,72.19512434891926,3,Acceptable
18.86571044135745,19.09251927735276,63.14786839441878,70.17232603547936,563.0876672839496,184.77256377543688,990.5220045037704,4.18950571210598,2,stormy,72.30027400731758,2,Poor
23.41319578046999,29.36446886304577,55.55420645607536,54.69210716479133,193.51022543546136,920.8012923188672,1027.748653166724,3.858352505531906,6,sunny,86.38432709404636,3,Good
21.938416220577167,16.194450642453756,60.28808373322011,77.09811782313587,735.151702920898,320.1091458226107,749.3435527429581,4.379953648288128,6,sunny,86.85541187538243,3,Good
26.348913052980382,21.824920710777604,35.9565290159599,21.838184494305345,239.4569793528104,833.4154365370149,946.1455031539564,5.210013278220929,21,sunny,94.12035075571798,3,Good
25.20168035579736,13.896624665352066,45.43660194440548,32.62852316270833,631.1610157942516,414.063670531913,747.0049382699276,2.3522000643671848,3,cloudy,172.65787334385814,0,Acceptable
25.95652876576077,19.528293288569973,62.925173594284345,61.04963063629815,631.371942788372,277.62314837786647,948.2089888753846,1.6528631112827377,13,sunny,104.1601850576568,3,Good
21.681363220934266,25.82581536124272,44.68340661376976,57.66495676917892,380.0807062884929,411.3888432467608,983.48048512284,6.169348374734685,11,cloudy,81.19700539781397,0,Acceptable
21.38984271121066,28.811835770733325,61.37843952225481,61.09234544027804,316.4740228501639,863.7265752492882,663.6668272078776,1.4635491805852414,4,sunny,106.16640306960988,3,Good
23.191335418143645,21.46087972002182,66.89582019180719,57.150765218805816,679.7818231000898,290.3576557256387,589.4969636134981,4.107609203447431,30,rainy,101.74171136234943,1,Acceptable
23.16047234994227,24.611187916444628,78.88411961545063,95.0,552.4590664209412,476.5810734582452,1179.718790808265,4.36667421800483,15,sunny,83.84118082301292,3,Acceptable
28.831414413558708,26.589490373516544,41.143785289250175,39.29127042251768,106.81597661391014,942.17095900577,881.1485882370307,2.8730970462883456,16,sunny,79.63405365582342,3,Acceptable
22.129280855303858,19.44736736727266,51.859782981278855,48.59644454738927,692.7531237813273,193.45585664436308,960.0759452393472,2.088209890093178,29,sunny,91.77874600398415,3,Good
27.383354621674204,18.752423641760025,44.83701269669878,43.7381206837043,0.0,1060.811303070738,1063.8277871553823,1.873761342052819,13,sunny,96.23287065020897,3,Good
25.15889796298888,23.62186758942855,39.394866032492175,37.85858317096168,262.1954206410248,833.265957956819,829.5845716641212,3.946879058052114,10,sunny,62.81083298326522,3,Good
20.90852057670332,22.0980807344686,50.780872572676,52.012441508921135,418.9488282538305,334.4336051332041,1009.7010223668584,5.143762576452406,9,rainy,75.96299557104075,1,Acceptable
23.01180494968858,18.096393274764296,53.68895271710587,53.223035167645925,85.38703686830814,1110.3844900467552,873.5534593797321,4.950486342110905,26,sunny,89.09379906389822,3,Good
21.55442108192718,8.676954938048507,58.58462528338903,47.12202222986759,324.0908709674799,688.5901270051735,951.0762531147265,3.382842768557897,21,sunny,191.48918837330376,3,Acceptable
25.558418615857004,14.9652249487246,65.88731337820629,76.46148693771741,863.462142290017,74.35742181540701,853.508008421404,6.067133556732372,30,stormy,207.82284436774768,2,Poor
24.188730982934423,19.8640573784801,48.201753257393534,44.4021073512279,268.00951842653046,433.105479421651,962.2914475001132,0.0,18,cloudy,90.39845484409604,0,Acceptable
26.27265305054257,33.41866125710271,57.91149877577359,57.76092923958661,363.4918869385429,550.7966970537996,622.2449674476632,3.1668999701172176,26,cloudy,138.58254436147843,0,Acceptable
27.057345696393643,21.516099354736777,36.392308834090535,42.16967524101965,293.2897270293859,964.4532244442488,1029.6664440884442,4.498573109037929,26,sunny,99.12502561129808,3,Acceptable
18.69370211552896,18.044426650352868,57.87001532944185,78.64375554658733,281.567371146482,425.0059969816045,1101.579688910997,3.0417141543185315,6,cloudy,70.82156746924247,0,Acceptable
25.693881702038933,12.933574790873465,49.656155860755554,52.67326810215739,131.007125333931,731.2000067004826,1258.3553569847925,3.089188562358836,6,sunny,181.2621162957927,3,Acceptable
25.817477694533963,22.069730903518657,64.57977581276523,64.32267375156769,129.09656422779713,628.5889952867293,1181.2227982416496,1.766407577907077,25,sunny,86.74353392909224,3,Good
21.31257959196599,13.007138108385126,58.57902411188994,43.87324423853317,0.0,1169.7587766822578,1040.054052542681,2.069544293998951,20,sunny,96.44059249557374,3,Good
25.0139150462521,27.72510409319155,34.00216362533293,38.05029920114994,91.14233209140474,641.2455636674587,622.5553531153572,1.179198522751749,12,sunny,76.02513108906119,3,Acceptable
19.53863650552733,3.843099987161022,65.268578742406,61.28860438381896,624.6434719532916,422.5957466931387,781.6160846842215,2.7125821877747907,21,cloudy,273.6745705581254,0,Acceptable
27.08364367686776,29.87470085665269,51.493816076172095,25.027235021734988,136.85326156605726,816.1844013167682,1153.7525370181254,1.2055108582541507,28,sunny,79.2585996816133,3,Good
24.78265092725944,29.085553337465303,81.06906115475006,95.0,573.106220084908,195.83322139850583,1111.6767515253316,1.2393162702147331,25,rainy,123.596786489851,1,Acceptable
24.918110900453748,23.763152474537428,65.10509316055462,70.42937727880599,104.27274306578572,912.7709226965106,1114.1287825659483,3.54936961359844,16,sunny,77.07662393903384,3,Good
16.293491164760592,23.52525541967457,56.364247015053074,55.5634855885436,693.4445568721034,365.735369133517,892.0939174256846,5.812248185114008,11,sunny,113.6293708407737,3,Poor
27.547177350349653,19.28397281065639,66.17133862450149,57.04063440515769,384.3258920686662,549.1863951420212,1127.1293123990365,1.149588428370325,28,cloudy,148.65956831442892,0,Acceptable
24.568182555085208,17.737442083356054,52.530491059339845,57.49326185692445,200.92195244250053,671.9518342341274,834.6274733143499,2.074166246995918,4,sunny,93.00615534401558,3,Good
23.87189452896904,27.64078265722119,34.80470648198505,34.698928358147896,361.79690408377087,589.5063311812913,833.811266910083,2.7553631700670023,3,sunny,77.08660874801055,3,Good
25.64884368208658,23.02875561441239,53.92633043235476,39.245323149515215,184.78113642490075,723.4768594649883,915.4852378599724,1.245538018563955,23,sunny,86.86066653369953,3,Good
21.600210532029685,23.533874253403106,61.072675169671584,54.879102373422576,354.5659535162516,436.55920351967023,756.475400840556,2.4524623624253703,27,cloudy,92.77169114932428,0,Acceptable
27.894145400969503,15.104601865976983,47.75713240313627,44.24330397515784,866.3053580477479,211.95565929853075,957.3703390440828,3.007447382101483,18,rainy,246.3060607891092,1,Poor
25.85379528323297,40.31938328537141,56.8432435593018,40.04024100370992,307.6822698728287,654.6876167007977,765.6798640662216,1.6699465251188652,20,sunny,230.8169743458095,3,Acceptable
20.025056766553377,23.53301771833748,50.26960150531391,53.71737415004206,635.8606286409494,373.7702859286794,1014.93648726964,3.245730585199064,5,cloudy,78.50743237636226,0,Acceptable
21.196894831906565,24.434825198183844,55.31984728141586,53.85150708758934,207.6943417786506,689.8138963369933,969.4625371297132,5.398477136956911,20,sunny,79.54573684228102,3,Good
17.12901534353629,23.36816868945176,55.20092304971379,49.55895560127079,454.303529586616,394.4583032674279,989.4264209271336,2.762196717973031,5,sunny,99.05216590166827,3,Poor
22.234685349511963,18.816234780343947,67.71446258166308,75.83749654275952,358.2439231827658,327.32330540886323,646.0192777122529,3.365779181763483,22,rainy,112.77289337978983,1,Acceptable
19.214042746628376,15.677683890758871,67.43695917955304,56.25798454147129,345.672907243528,570.8575941827738,1008.5422270895436,3.7321333661686897,17,sunny,90.2271074463874,3,Acceptable
19.106700557078323,22.90322519375244,65.61581543219995,80.92071616518533,607.3347339079439,355.9720219576052,869.8594262956533,3.1637991022303784,11,rainy,91.55289773184296,1,Acceptable
26.38679241363397,22.31981934211275,47.38660817430097,41.14483255501406,175.93008592336713,728.39428881855,680.0439421660803,1.9971252774620067,30,sunny,56.797249992272114,3,Good
27.148276309136445,13.684963706538811,57.98309842061559,64.41196709613406,656.2516625342222,609.3576141603413,1114.2225933182924,2.5646533631148194,10,sunny,211.5412291759579,3,Acceptable
22.58060580288928,19.57713000635321,25.288086949725283,21.21675282262127,269.7514267141645,640.2039128189389,1223.386246409259,3.612646018513307,8,sunny,88.24094167213795,3,Acceptable
24.59759555402787,21.8279453512756,58.72548704933656,55.4046772077659,690.1830666432878,270.71367759396645,929.949522025093,2.871982398639428,15,sunny,91.99123480350994,3,Good
25.306170827916212,9.275707590672672,40.11253298714316,30.745899363649137,339.80204377612097,802.4164459785791,1004.0148246971464,1.8421796893354416,23,sunny,206.7380869186119,3,Acceptable
17.971374107060495,24.19283253479761,64.09091563391114,72.04312366525106,474.73623853645137,463.9636645335616,1220.8280776531085,3.1901470719114404,18,cloudy,109.96556128015338,0,Poor
22.96004910837757,19.696986046455944,52.66960540477864,58.84989870719248,493.099289350077,597.5637917377455,804.5978474132698,0.7514824382387886,9,cloudy,83.27573565580467,0,Acceptable
16.563557975485818,16.635087856933946,42.78249714290887,39.69841059286376,276.6952977943663,675.5490289885358,953.2172050581954,2.2523510767464847,2,sunny,65.3485641138772,3,Poor
25.000706802477605,18.994687926261136,69.24707014427385,72.22188193458001,684.9554128774555,335.3253863043533,838.6959190509713,6.129500808290821,7,rainy,114.94811744976248,1,Acceptable
22.974140058675573,25.294617152488325,50.67453616401916,40.05648191344218,396.9757148636991,698.5961643717329,1048.403957868163,0.3551490497804934,8,sunny,70.52316355501031,3,Good
19.21849554958158,22.87998130810356,44.335220220877744,34.35800945727796,517.6711737398041,447.74951626587057,842.5931613282045,5.63943987203575,28,sunny,105.24671509194802,3,Acceptable
20.76207631703804,24.86140197292608,62.17817310734941,66.74729865349305,134.80496851829628,928.7868324063902,1071.7039471600708,2.219609142412478,26,sunny,96.5621772932633,3,Good
27.79592763880225,31.475610223988447,69.96210836636807,73.59210354318077,545.3836065627798,344.9755235142326,727.6663805040744,2.134548421030706,28,cloudy,104.44390158921262,0,Acceptable
26.62384405322253,20.109424240208483,58.93686646441746,71.4372698405282,450.8612567561722,441.83355480572806,846.0887303929482,0.6573162497016729,20,cloudy,120.72680784673128,0,Acceptable
18.82149643470376,32.56046703447021,54.43018203305845,61.61050892798673,500.1495510363802,601.9199253334009,1054.2006315163997,4.110317966762197,11,cloudy,222.86066541736088,0,Poor
23.937240406373743,19.300503614122427,55.169556938873285,59.02151732936756,181.5723986773768,641.5046161800424,738.6083976481962,2.761680298494492,29,cloudy,110.61676451733484,0,Acceptable
20.22239250164007,5.138241076765574,56.52449447823712,55.1359874513243,493.7149687166422,566.5360516442253,987.5572478688472,2.0895172336629804,19,cloudy,268.76741060388264,0,Poor
20.52537564698293,26.1317093270392,56.49400863598297,50.73592343935148,145.77837696591857,685.1308290220628,824.5129980622596,3.978777281271708,6,sunny,99.46311916046206,3,Good
26.24003936202889,31.116795311642303,43.95663575508237,35.49559521677122,357.7336722108767,427.66022541589774,947.447878008497,1.867735421168978,16,sunny,101.17845070101224,3,Good
19.599010946091727,26.990763483504,69.83662864980623,77.20582714218297,147.96596508791353,881.6548148119394,666.3126889414017,1.5258548082542722,29,sunny,112.87339886572518,3,Acceptable
22.283667457710227,22.87917634081277,54.962355031699246,57.56840983381729,505.341335605667,414.97303401249496,822.2799106248211,4.707391122730497,13,rainy,93.766250382103,1,Acceptable
19.996828247352216,21.83445648529761,51.92319600185362,49.68834174065828,143.32617312917367,970.9152307689184,659.707439316562,2.663880495144157,8,sunny,62.02968819333723,3,Acceptable
24.97082964322786,17.02281435731273,49.4396838365591,47.73575626630203,489.3755761145504,476.09004824459294,706.5204138544226,4.066747690098927,18,cloudy,126.86405021097946,0,Acceptable
20.55323945827111,27.66940452592545,42.38173614800021,47.45205385238303,235.31745933374413,790.9083812636993,623.5054000594432,0.7241635087114262,5,sunny,105.24168110883356,3,Good
24.072438564961097,25.391298522843364,60.10833347612415,58.60782465296315,683.7164412601812,351.191022282442,1180.0820756660137,2.6780828795620417,2,cloudy,68.88566565564673,0,Acceptable
26.29792298105921,9.090565422270773,42.33807540344743,38.99477787788624,99.36943923089297,747.4331666197598,810.644166123002,4.470709783476296,21,sunny,283.92033730847754,3,Acceptable
21.640019947562905,26.367529997778988,54.9707076564565,66.09716334994673,254.09601198443403,700.1794780320923,1056.220663515227,4.468326773668149,21,sunny,96.44842190685388,3,Good
22.570243485276684,26.80327377853192,78.73099554205531,75.58278300415898,98.73084656536464,939.2236321528874,1053.584717128445,2.4359844506659325,19,sunny,92.8564790757418,3,Good
17.751051973572757,26.850143477247315,65.43917440242618,75.2389207622087,529.8615888084491,374.2077003220434,1027.8138521081653,2.989704100475798,10,cloudy,140.32197900141003,0,Poor
20.28523525831188,14.63726095674253,51.3064882025424,50.60573208549732,722.049452118604,426.0348336625249,969.6114921774052,1.774746889822529,25,cloudy,114.51683758897724,0,Acceptable
20.73364603477785,11.507799641439329,64.15633575236329,72.83061488011961,759.8828442878445,307.5660284587169,899.3116461989931,0.0,5,cloudy,149.5326785166512,0,Acceptable
20.435826361265555,22.35604677779157,61.71006814081716,55.4093815084805,451.96392578929954,671.7434124455634,1013.9617928073636,3.506100166025215,27,cloudy,92.4500004937536,0,Acceptable
25.853270747022133,38.06218289248875,54.7690753058577,42.72554668319506,188.41779528037404,804.1749184647907,978.5108101615658,2.266167127338996,14,sunny,174.96236143484094,3,Acceptable
22.61230784504008,19.2945155764568,38.36752911221468,25.394665196286724,0.0,846.2286533500506,844.2636960143452,1.0546297003439846,17,sunny,52.22461902150167,3,Good
27.273586418169508,27.845199772045,51.06549123725894,37.95454029718147,211.41294837815232,724.4141593891887,977.6543011167112,4.769539069758135,23,sunny,72.49208786770187,3,Good
15.502614589047772,31.939568920360955,60.27985823223107,58.33603093605466,445.80290036085967,413.43315014457926,893.6176641486154,3.0642896309837746,18,cloudy,286.09513965987264,0,Poor
17.268815843351963,18.26361563037057,44.94836682231167,35.281636203234726,354.39156480012497,679.0073983900273,1041.6059288114486,6.017091195423107,14,sunny,85.53312949959941,3,Poor
25.27381125578108,24.826505680395417,55.27260910567539,51.60186287652921,349.1596566741602,577.590684572718,1064.2280700204649,0.6978634341480747,8,sunny,70.84031301119042,3,Good
18.53675676000208,22.67125317182941,67.73695559625837,69.24077170485691,327.63078142491315,404.2502821077288,858.9994415944467,2.426390180527384,24,cloudy,104.86298548139573,0,Acceptable
17.44893224799649,13.794137698141386,33.02374580624545,40.85610336004807,481.2340526947111,765.1237053568079,1145.7718057819245,2.858476816866142,10,sunny,82.62160348680365,3,Poor
22.70228470099621,11.748222342076382,56.55511810794242,59.22301346921625,487.2730783214365,752.9669012913956,616.408272439385,4.242100794944752,28,cloudy,199.44081798425023,0,Acceptable
22.513493654031567,30.22794049564741,41.27968570682589,33.15400484878369,564.2537536239757,374.60068115243234,741.0138802238442,1.413792605006419,17,sunny,161.8824576523596,3,Good
24.674793358197395,17.952401772578547,57.34284871603512,66.1315469978943,0.0,1200.0,1059.487489165359,4.474946797147275,11,sunny,66.64033854336671,3,Good
19.984982317780204,9.624793352471803,64.39517322970933,71.45502225176006,524.9793395260535,172.0007661167691,1082.540010053585,6.870321028663417,1,rainy,156.35982337954152,1,Acceptable
28.911264200331196,16.334145521060783,44.537887035745385,49.509977608152994,565.2318056255784,307.8976750009434,892.1694774312286,4.342968268838897,1,cloudy,178.34560122756386,0,Poor
19.98237643717561,7.1378220593261865,53.56217637456958,56.38261244855963,779.5222584923371,131.83151379525725,1046.794655480636,4.1535222406618,27,stormy,274.593793328447,2,Poor
25.197547954528847,14.329988000410648,60.71021616431932,58.96512246532848,719.9153074137492,249.93412558017428,1280.3283268284122,3.3121951528721016,27,rainy,211.7812349693277,1,Poor
20.11172525224144,13.568444200218469,49.568603024580426,45.53593492704593,931.5344322865792,177.4260384453858,866.185239185081,5.804022480930179,13,rainy,133.4385159226313,1,Acceptable
24.37060193312618,12.26812949782266,44.85765353131527,47.33367601282925,448.77107984578737,462.7005722752058,1009.0118345547256,5.469480206706797,10,cloudy,186.35115042334323,0,Acceptable
20.823171210309283,20.26067356868361,32.96499009032728,21.123717898589923,128.340139728406,1133.6233049480877,824.0237358629827,2.6350833659715325,19,sunny,77.47544745497179,3,Acceptable
23.45628427061309,18.32397022729425,60.75345583430824,64.96223010032763,616.7121709249875,416.75418813456,909.046111163284,0.0,2,cloudy,91.50280593964796,0,Acceptable
27.741748462302912,10.372647630571214,48.80865531551299,55.269848339445545,0.0,1138.5021428798048,944.4451158469216,0.0,12,sunny,257.55789708045523,3,Acceptable
23.86640239183011,22.82264938605192,39.95799906057843,32.38942976180297,220.8218310017276,833.0681983971796,694.5528939723417,4.6651533570642965,26,sunny,80.57542849207132,3,Good
20.58465756099328,29.49648997444461,25.38145380966771,24.0618408147841,786.8989171988164,267.1319167468564,1003.494283547418,1.247797644241592,4,cloudy,137.72859299193195,0,Poor
23.789764225628826,28.39846044925901,63.347995078657846,75.96672768009347,559.0818562182495,301.0226630329278,935.071758294299,1.6379449583812054,16,cloudy,108.23534340006698,0,Acceptable
25.128910666908897,20.77821873636318,42.26620235915981,52.530856873342046,257.12345022423733,702.9121885816468,947.3833553471472,4.038538576749154,1,sunny,70.500918650033,3,Good
23.723321084953422,22.51145711772448,55.63463903657646,41.411020126785104,397.3395905796579,481.8966564233108,1077.5971953575506,3.5233320305953644,19,sunny,86.24585133168486,3,Good
20.42702984585764,32.75693637066487,48.496822102572594,49.50021335982695,0.0,1200.0,761.30813245454,0.5872998411986334,14,sunny,172.01358473827452,3,Acceptable
27.11189714538224,19.08079527865792,38.21430530716369,36.1481274974665,296.22752917396474,608.839142792452,635.341187565693,5.056757743890652,30,sunny,137.1852184981732,3,Acceptable
23.07883593644909,31.74933607904192,55.95994652779624,57.77405433247544,427.34961199215536,302.0610515546017,1005.8142563730398,3.129109997716208,22,cloudy,150.1848420866499,0,Acceptable
27.647940089564116,22.14894838034195,58.12723164639184,49.85628779232412,263.40519490214706,819.2783925076998,1313.772262529507,0.7770103783675761,24,sunny,101.53144375505804,3,Acceptable
25.10647473460919,21.149796851249263,36.186160357874286,29.47457601093965,218.0524482104655,888.477949895299,1110.1268570063935,2.610572382069932,6,sunny,67.51532877781482,3,Good
21.75455722692075,20.643404726014516,62.34824631848952,49.174442441124064,426.7730568876667,207.8283608170979,741.9888369613988,3.220605252984826,22,rainy,89.72981079865367,1,Acceptable
21.488139209480096,16.988103844816305,51.34143441396295,49.47539488945118,514.6393301357375,304.48934802812784,1017.6388247850048,0.8841947071626484,10,cloudy,97.49265098286988,0,Good
17.986929030038226,13.481748062862197,75.28687849728145,86.45274972960965,432.4709967853017,527.3009663132276,1017.1480989599404,2.495893760110161,27,sunny,95.85506239826005,3,Acceptable
23.44270565170541,14.390552602241105,62.67466987469249,72.3160913301678,657.3577260528358,113.7209830852254,966.3566518606704,6.787832747391548,25,stormy,189.054364742539,2,Poor
24.749028437664656,30.27924145830277,42.47209873956801,29.04341238745937,331.967732125651,756.6491486919854,913.0041824534404,1.8108742822801749,22,sunny,105.69150105862342,3,Good
20.27024550403559,21.407287385398483,45.574518671585096,45.07007696372079,130.650551412197,986.0767700901216,1195.136091972719,2.143523564953937,7,sunny,73.10710128064129,3,Good
27.05975922167681,26.989808241915835,48.61159817066375,34.56589230830076,409.73024287601663,561.8633395108459,883.3529645887049,1.4513312111121697,18,sunny,12.937611189314268,3,Good
24.985876126322268,8.28459627223261,41.45698061942132,34.27984788585471,133.05789142116515,492.445058145492,956.28269139794,2.782260571578189,14,sunny,267.11501360849724,3,Acceptable
19.53883881978641,6.89843977683096,64.15050086523212,77.75318094002266,820.5480988574129,129.86098917982295,1169.3063685602474,4.340614899998931,5,rainy,237.89425821261068,1,Poor
21.634909516463143,23.437914372867645,73.62931297562888,76.94981105944042,526.3489693821012,321.33984663799663,705.6460972469464,3.609682948433425,21,cloudy,101.00358671551848,0,Acceptable
25.656774538564537,15.55723504309205,50.72527628410531,41.21837299316839,234.40944241225804,706.9009327365502,948.3243180844784,4.842918413780817,16,sunny,160.20959443407486,3,Acceptable
26.089245468405498,30.102888407524603,39.71817597439848,25.474817014975304,289.2541226653465,517.855291855888,1009.0381178949848,5.852104196550984,8,cloudy,100.83562219297278,0,Acceptable
20.520569967497003,24.39702080513265,54.39667276421473,51.59311586208731,280.7015837391809,657.4517997850511,1065.0457453316717,3.772314832497883,24,sunny,102.2613922903135,3,Good
18.89014047739393,27.15157218646441,64.33910302908069,57.1201340697815,321.4630507423809,567.292291100751,1004.0491359027192,3.0312693855644866,5,sunny,125.80185593925188,3,Acceptable
25.06692410574117,37.13895233359104,44.90513067007135,36.90236051521738,168.84773761384122,810.3039904307699,914.3106108710368,2.439928523348493,24,sunny,187.6067131966444,3,Acceptable
19.82981814086504,3.5619140313567463,26.306075199208784,20.98846274742583,0.0,867.0770658741686,997.6760419273676,0.0,4,sunny,218.3160822067537,3,Acceptable
21.890734537151843,21.36980273462966,51.43285167726627,44.59202315853415,645.7460091616892,475.1611006117598,989.6678158948694,3.963712168066977,8,cloudy,76.07470911004313,0,Acceptable
27.09142494295546,34.158166035348096,42.06374952784303,31.27883679364969,323.8030438508881,696.7988933155355,1230.266335018335,1.5079013253258968,5,sunny,98.00987908238996,3,Acceptable
19.820468697251567,15.139571491670008,65.32691340106648,72.68462661121265,411.7567158434787,711.7009389640607,1078.3747768975722,2.8350016323383205,1,sunny,67.31927419361033,3,Good
26.00547705061489,29.174144804281006,50.54731638851126,53.67808234537136,543.5498158537861,313.3539380135317,1040.9340966236632,2.361007337509474,15,cloudy,88.96598278255006,0,Acceptable
20.50567329241622,18.963414830135243,62.97229142082194,56.60821832670959,106.90792089684663,1017.4546363740264,1078.2563192730463,2.405896703986014,10,sunny,67.11552000560852,3,Good
22.86142634068608,15.534048064483766,42.413728696586496,35.603449866779705,356.7646150722682,561.792668446473,716.1470226799074,0.815062199914371,18,sunny,118.42956581494828,3,Good
26.54827414567738,22.501871247786426,57.654333459566566,55.14765598279237,207.3958443305307,714.7426545600372,698.3672500834795,4.706836484895177,19,sunny,91.55087709929995,3,Good
19.845525158468096,22.118459401263216,41.830996438318486,33.76446298484275,689.7761401001537,252.63466454891488,1138.3624065933798,2.847632005525015,24,sunny,94.82585829779264,3,Good
20.01863650722889,12.386414037583725,54.78037718683167,55.64077728221088,407.8637756157392,515.382382476378,1079.3793919186992,4.953881128129856,5,cloudy,116.850735713592,0,Acceptable
19.678280122688893,8.388454971665757,63.132452721697135,67.66471933936928,509.0791865829869,296.2484822188551,890.5908916359213,4.903655356329036,29,rainy,208.33145617351624,1,Acceptable
19.948808567816062,20.06769416617725,56.38649937438791,57.64037905264973,420.84572679603,562.5552040841475,1058.0371020814157,3.040971769551033,12,cloudy,72.96061801015956,0,Acceptable
25.21007785006869,24.98108248238188,46.55507105665599,50.55220290833407,294.0597769955137,766.6013561126252,842.7539245804517,2.296468134755248,7,sunny,65.08503720317469,3,Good
21.395086650212257,14.509960150813631,60.42563591704789,53.10939962600767,351.2422726823357,663.2438095007095,956.4828354805009,0.0,30,sunny,115.57625201114702,3,Good
24.45744604708031,19.251789409678743,60.07322631632137,47.981492080203886,572.1963814051047,143.8756341846168,780.695940718557,5.639801856245212,17,stormy,132.10842928425274,2,Poor
16.548895791168267,17.019101365919557,43.02513963320624,43.28037914967349,778.1824765710165,205.8953860319341,788.9395632381464,1.3081261988694084,14,cloudy,80.3581527311735,0,Poor
22.85961165935401,12.909707750127016,47.70627680388595,52.67625494752753,500.6431122476439,213.42642676262852,801.9651402800948,5.753115882713832,14,rainy,180.9740701197221,1,Acceptable
19.62512536760792,21.88088080318269,62.92103977809631,64.20134435715016,592.7483457016147,456.6727281743267,1078.016294032898,1.827144626502368,22,cloudy,89.49293313942559,0,Acceptable
24.28287543267624,10.91963117522392,49.4015485104358,31.30324469543327,154.3424835187937,735.677745707762,854.145657948326,2.8995452924872325,21,cloudy,213.8319639286902,0,Acceptable
26.34648512721441,20.859964645775,56.19504699496888,61.54325491942335,541.372579152408,250.24970392333907,945.6325458195367,3.8265578777064135,10,cloudy,106.36953847861923,0,Acceptable
23.325521137831025,24.98158070314487,44.22807233911626,56.52534969496885,532.4721197144279,413.9024524586768,909.4161963752418,4.030962667590126,5,rainy,79.25050489424096,1,Acceptable
23.45334664970989,14.931981171783956,46.81311902282437,53.62216914256285,555.2830995215635,300.1338313704025,755.0473302926517,1.968857934388779,24,cloudy,148.25051510334035,0,Acceptable
28.030505045619627,16.801239274133984,50.64668763499195,50.778563608231146,275.2941714761389,846.216480316453,931.3682753112976,3.09807241672126,11,sunny,161.75844310792152,3,Acceptable
24.449435253069304,26.81530657663183,63.8862332094958,71.52052604819956,553.9517508489593,196.50364449012025,937.6591608515896,4.131672931164627,29,stormy,107.59742875289096,2,Acceptable
22.39159211757985,25.54883437075567,55.71789142293483,53.82566338873295,506.113945991916,493.20015366605367,839.3170349926908,3.3437491645459363,23,cloudy,107.23793848960835,0,Acceptable
19.32088073242644,11.903207809188292,54.309663234198666,50.176668448468426,641.489713130234,254.4021603953776,836.7077061858236,4.0576129830568215,7,cloudy,112.61121361227984,0,Acceptable
24.0984398727029,16.17793611497436,67.03116921768874,69.2071118143478,749.0263638395511,105.68425203497648,1078.7834933026213,3.81777198189936,7,stormy,149.99305242419646,2,Poor
16.834450698350096,12.721182952245012,60.44591574263295,65.56894136478233,633.6165018421838,167.80961668430572,948.3574406328728,6.561679513603422,19,stormy,118.96816650225232,2,Poor
20.40484133978204,22.19271626037997,53.91013206982275,47.39326079296286,289.6768129272989,640.1096771439844,916.6510571946726,2.2649352579074704,7,sunny,73.84490340859136,3,Good
26.58662298735523,21.56504965236789,69.59504900189783,82.53011966604963,826.9560101582725,109.1276866370508,791.8355142298972,4.586267749786027,5,rainy,95.6369302896342,1,Acceptable
20.14421824901868,23.59998586738716,66.15670041856353,75.75838977919348,527.9147447504296,241.696935431388,818.5032172313208,3.309392246853204,18,cloudy,100.18434735526807,0,Acceptable
16.946829200689102,20.061582176423915,47.42195140493197,55.40210730164396,436.59405788300046,484.98691730962565,1258.687544056932,5.3836604799144645,4,sunny,68.40363467153139,3,Poor
24.593106306817823,14.67516692032007,58.25779036838316,62.00678610090986,329.6586380519801,669.7195505305572,974.2933723929672,1.9177416871180388,19,sunny,143.09113366126766,3,Good
26.919144935551333,22.43591356571019,52.43964345281258,41.17069920508851,386.4651222439097,459.0037593881684,913.8431981804388,2.60716056599512,25,cloudy,111.34621550357409,0,Acceptable
23.146000546055145,16.609094352821653,49.07475899658566,36.60907056237697,0.0,1180.648072872256,980.8635161112064,6.66038077365235,19,sunny,74.55458148055335,3,Good
27.47420223371837,32.08929907704082,42.29960286198754,33.127456291344984,841.1276328177756,148.32437820880045,805.5005814292414,0.3885817159882094,6,rainy,93.81423715989555,1,Acceptable
21.35222002417714,31.64922508310313,66.0554214703404,83.38402266401059,594.9512284459527,333.9013504828902,593.5001857321055,4.006296706952734,16,rainy,178.56106420675025,1,Acceptable
20.864497071549117,18.15744948859247,50.924600129571495,55.10967214757683,622.3075635645814,295.0027296124027,866.0102548597073,1.366118803580615,16,cloudy,82.75438228390611,0,Acceptable
17.581246035727943,18.38111234260571,53.19225518899429,60.7723702659638,637.2129520545217,422.6304188411633,1038.964059046216,4.22403939846519,10,sunny,77.92436038648886,3,Acceptable
26.38626882190861,20.890897009021533,58.49652977146575,68.14485922289992,718.2706952074705,130.92687291911042,821.3016543136905,4.486653563511885,6,rainy,104.5842078738879,1,Acceptable
20.624682947500258,26.22183131380452,26.61208087714309,14.515257081235228,203.7703839399617,603.732818960326,727.0116661497726,2.2917372987431746,24,sunny,97.7891937149757,3,Acceptable
25.405844178573982,16.419302370731938,49.46351042066038,47.29171832502681,438.490071787098,426.9877037077259,1090.7152255798635,3.11176707360057,1,cloudy,120.22124970402622,0,Acceptable
25.098088709174736,31.792982705801663,60.802904919245584,54.076818541698906,687.3103264057526,298.9746147524147,1258.7711113098708,3.6651853472314153,20,cloudy,135.23779263238788,0,Acceptable
26.67139607108705,18.49209945490979,60.40474717956805,66.65696045267455,535.6783305128014,300.22686666843146,1128.3704892727635,2.9992257998755063,2,rainy,138.1444390275359,1,Acceptable
25.64870151362076,21.87440185916316,41.03904175556655,32.20606470851863,401.1323961598067,739.9807308792966,1243.8075869052452,3.048468413040365,25,sunny,86.70638635139605,3,Good
22.5038768329713,25.898500328040345,44.263018879124,53.40755914289102,542.4544411119822,231.4218114595773,848.2236294825573,3.702575636050759,11,rainy,98.26087125869331,1,Acceptable
24.27479102780384,20.716908675566646,53.282381578132096,49.55598533989433,732.7867768088761,161.37658127934947,741.8723686421503,4.224635555872391,26,rainy,108.89822788088108,1,Acceptable
23.13369322083325,33.46082589903676,58.080599203011246,40.92060878447331,452.890084116662,563.2258625835874,1228.2473033966644,3.780344469382411,28,sunny,162.62322184514218,3,Acceptable
22.57234652314281,29.07098907778263,62.99162916108945,55.03937318099536,108.61047794144542,997.2895477694096,910.3373219910706,1.3041708462188697,18,sunny,113.50978103999452,3,Good
20.14756021774877,19.366791986437235,47.20759238806583,37.78797450638903,377.9551929498938,582.146206870518,920.2116336540372,2.2346067075610745,23,sunny,89.69526838658946,3,Good
23.238223381876978,29.029510444066005,48.45125181959956,34.39756141312468,135.5526092011689,910.9728617247484,920.4372337904776,2.2783801764466327,30,sunny,94.17833896711426,3,Good
19.08140232488224,33.54091603304511,45.14579253733135,36.8011847716614,597.1724389356685,356.406515432483,888.7177267972877,4.240405328538698,2,sunny,220.4456520312281,3,Acceptable
22.355207398785407,12.00067822176911,47.23367576794963,40.08071388859169,804.793240811308,292.5809079249668,832.401364521625,6.168942468963371,26,rainy,192.8755919549588,1,Acceptable
20.577201554328184,20.953468585455383,53.27587207154687,58.5115234887806,414.8646940033749,530.5156086661428,927.0108438996572,3.1641197144734634,24,cloudy,79.50318280357797,0,Acceptable
24.4135875155309,32.79587136671751,63.18816281668575,69.63894413054226,315.0757493135309,745.4319299163138,956.6807443838616,4.208632051586391,24,sunny,137.24183357409572,3,Acceptable
27.38228210472278,28.262944182064945,71.8610071653131,74.87600700042871,746.4290797785188,189.4935380258688,878.5911474518005,0.5015759414460952,4,cloudy,74.64901806479283,0,Acceptable
16.308024297694512,19.43094452767672,72.19659720697607,62.50861377167819,555.7266884138272,377.4891704203824,1216.4272829656247,4.108411102438988,22,rainy,105.32196467010004,1,Poor
17.160747944353997,21.355715929230406,49.339548057689136,54.2479846238155,785.9379953111048,55.17212291160781,1036.5766086402698,0.805490313061221,22,sunny,102.18294075737256,3,Poor
23.91471050939099,23.497598630786943,40.44521232192358,35.03811776396846,84.38105584405831,940.2505045671932,1300.637465681555,1.8531122545798588,5,sunny,65.54834585971084,3,Acceptable
28.432858945159666,26.22661246116532,55.60616129749309,47.44597557551889,753.0209687777872,33.69226346277151,1099.8063437216451,1.9626473471644912,13,sunny,84.33327823902565,3,Acceptable
18.494156261321663,25.96086865238016,77.34527734559813,95.0,65.81025272630077,936.1353205043732,993.8205646216546,3.129687026491936,13,sunny,108.15053772386035,3,Acceptable
25.26345910668235,18.76194192751105,63.79308148721209,52.520215126096446,260.67404837177395,787.5758300191604,639.4559338281014,0.0,25,sunny,104.94268695917094,3,Good
26.16841346724633,29.23002111287085,57.67836293140853,61.68432748939923,461.81704297227,340.2924617220912,972.3047428525248,2.687965289143789,18,cloudy,84.8708531473907,0,Good
19.60804729101148,21.807982302720923,45.085750843948496,34.58994309414157,146.56116535940612,719.7472428703717,1234.1586834525056,1.9505148632817864,25,sunny,77.36044152155404,3,Acceptable
26.14349631264093,13.428179958172732,77.6504099203779,62.52101409713418,355.7038266747571,585.7174967048388,689.1057102321707,2.429864402660416,30,cloudy,212.64640391226817,0,Acceptable
22.50685766854971,38.76784312910347,51.125687182986304,42.21957943734357,0.0,841.8321527426531,874.0286910125832,0.4212500040706275,1,sunny,203.491884694558,3,Acceptable
20.235933777367222,17.202312078008983,67.02088381106458,71.82386535912737,74.70276284281074,1044.9419045233244,884.11408279922,4.793980035116147,26,sunny,86.58584451640009,3,Good
24.717442040365608,22.46961363596025,47.74688573373129,37.034022119578,223.0780887463765,1033.7248747335527,763.4763768301566,0.0,27,sunny,76.52554768162297,3,Good
25.876742152307543,10.063073129389418,55.80965902793229,64.99336906372072,642.9454278548935,425.4671268802143,823.2649730495771,5.380298738838309,3,cloudy,266.14344170145586,0,Poor
27.177697419776557,29.470284785657785,40.30606145409856,18.11882104444908,630.8207297073802,236.25822382420685,765.9052427547432,5.219649580722289,24,cloudy,97.28190529843376,0,Acceptable
23.131456267436366,20.828633458606333,82.16950014216346,95.0,596.652129532859,215.12344169337595,705.1996974492728,4.676194225618374,24,rainy,106.45642557768144,1,Acceptable
25.337139857985527,23.87619445545888,52.93317402431385,51.79716802595884,255.1055699898868,668.7927267771903,776.6282614401325,3.304163622155782,2,cloudy,129.5063254574696,0,Acceptable
21.90284498667604,16.171589664179034,66.33231343848091,82.66211724076157,532.9979685433275,438.2449989998853,1129.405695184237,3.207165383453704,7,cloudy,101.04290340697123,0,Good
18.547069695788988,25.67573948790988,68.21560746778812,80.98788658716028,764.9738268008656,150.74674099333737,853.7969319763146,6.742325232210375,1,stormy,115.71423430028072,2,Poor
22.11804523279093,25.16787123040373,65.27028928923562,75.9637529522249,481.6424014081177,185.08766834708567,944.916082164144,5.686810637056088,12,rainy,95.04015144442802,1,Acceptable
16.93488149600963,8.374148985266416,42.2108384595617,39.159022785663,345.54427215326274,680.3702301967082,1009.9041654234338,4.144170361106632,9,sunny,125.4786894228794,3,Poor
23.267549573899704,13.63309300123148,25.40126754510709,15.56834771532722,293.7211893072746,819.8193441512768,1104.5418747655217,2.283359574625018,2,sunny,120.07813155940744,3,Acceptable
25.97583965196204,24.508745266171697,34.43960660500749,32.06337772886538,481.4615738751786,533.766899039113,1071.9504999415694,4.580176351681047,5,sunny,66.77965320033961,3,Good
17.52443975203988,23.509308332315637,56.203181218072,51.168851977281335,601.6266078060227,180.87385235006923,712.1334048360814,2.4967766060327907,7,rainy,123.21598661942978,1,Poor
27.30967942170117,15.41837239030224,60.225949235353774,61.825812683600205,580.701850831414,581.3583738751679,1281.791892256428,3.1797658817071177,10,cloudy,183.41354719422705,0,Acceptable
27.200575198451325,20.658730329679532,62.63866066910048,53.649374773893705,642.9074398433144,84.91390866847104,663.9323342609862,6.064709908568666,29,stormy,146.35533689339033,2,Poor
21.09461825250763,31.904278446936544,50.92387168095451,43.55257031757824,598.8711164250308,427.0294254310428,684.409810675834,1.8015863587344527,6,sunny,161.67014913292908,3,Good
18.992039432493897,24.776238242239984,49.34756951793785,44.342520164989466,131.64426250285396,1025.7166530753968,1174.968305901635,2.687619534685031,23,sunny,103.67844192729568,3,Acceptable
18.99096009744379,22.620402180012185,59.16686726560904,68.19184036573374,232.72387620105536,547.2385883002565,1035.9420953001395,2.6860637252001407,13,cloudy,80.41779201854433,0,Acceptable
19.569196882214705,7.82647724635963,61.842603488185176,71.0320571953902,686.7695694419275,148.50860202844586,1195.8359671012358,3.528911338048399,7,stormy,228.54055690395475,2,Poor
28.2112212519674,17.702738085674245,73.6966748561935,80.14533040595688,499.9227429918103,366.2882002797289,1126.0099246530224,0.5249646840660223,24,sunny,175.63656841011294,3,Acceptable
24.84847836133374,20.89851991710752,74.45016752145051,95.0,809.2555063482089,241.69540089647876,752.7123560951247,4.36500239575541,5,rainy,91.51036856811724,1,Acceptable
25.786751119692468,19.200967243106437,51.91986008503882,67.97525824466895,701.738835019106,245.6401069322565,866.5812128006344,5.781936797050549,11,rainy,124.91244970044254,1,Acceptable
18.01712824660882,11.81886688160439,57.30046904133256,57.13722928818131,601.3054969091107,300.37804641231764,1295.910649273147,2.638583909319291,12,cloudy,121.87821542349118,0,Poor
23.4094078608648,17.09488506324391,52.84347004111218,52.613109839895486,216.91278130949368,586.355650370967,824.24663424942,2.33895167728694,7,cloudy,101.9355501277966,0,Acceptable
21.331980455748944,18.92737114506034,54.45534185518164,36.94316757452836,400.2247551883845,244.83697212436616,872.8911703023376,2.2857151943363343,29,sunny,85.72963035123013,3,Good
20.37914326502545,27.970071570659464,50.87883908529475,42.957517654585736,13.365112854112668,957.8675870978526,791.3018671395395,4.625502747012083,28,sunny,106.8296126598236,3,Good
22.1341701810392,27.54065520891642,45.298045479963335,46.98852091663891,202.87769242509995,746.6823495007933,872.3879289492548,0.0,13,sunny,82.86083609815444,3,Good
27.38467441698956,29.538223728194755,58.6727484747675,56.168550964088766,838.3740499088767,292.5293608141744,802.478173226501,3.969278209285706,7,cloudy,88.79803135459439,0,Acceptable
20.60280571434061,14.212700473700624,52.1642573167,46.17963203095909,255.97222750088025,694.2293191907753,767.0535736729626,2.5190539098599647,24,cloudy,123.10920099611572,0,Acceptable
19.33922477741246,28.03726292449413,41.92491382453473,34.79844778272456,429.2246158725764,444.4216202856961,835.6106946649353,1.7341726832880588,14,cloudy,144.00653285028355,0,Acceptable
22.16532977510079,17.916500163816515,64.35738368925456,73.8884375493414,428.3316049629663,660.4974334242929,714.6923690608659,3.2366369443212544,26,cloudy,98.02814201485803,0,Acceptable
22.098581429719925,31.05172897415784,77.0510235024686,80.8077393975872,0.0,1200.0,664.9442279251133,5.101557608186491,6,sunny,88.56577816430966,3,Good
14.86662709011395,22.11337126279843,35.42326295033522,36.38539156822148,512.6417977806025,437.6476479810423,1176.164892165541,2.0297118054680534,5,sunny,110.24292515104584,3,Poor
18.400185751159675,15.963137178399435,40.29983684077022,45.36451278312524,415.4237413754721,390.3058289675729,459.2538082319839,2.547427692713888,9,cloudy,86.8904807818877,0,Poor
16.757594581072837,23.66144012637102,70.14041065085846,71.29491485606306,262.95638154221945,326.4759359888572,771.60884814174,2.8170333694797844,27,rainy,145.40631024756152,1,Poor
26.8057900541778,30.47689558770139,38.58242360355205,26.112133662541524,294.30501113647864,376.1100106417572,916.0145748768866,4.532906146071361,10,sunny,77.56871585786853,3,Acceptable
24.88180032500689,28.57626516890264,47.028216352358506,41.36722115885419,284.7929744356027,991.5558718006786,895.1709350033319,1.6409663822510203,21,sunny,93.23727933874288,3,Good
19.32770237919033,20.744940870166623,47.14021669084416,48.330831143870256,438.05075989449006,193.1904189950864,1147.5474551832922,4.557609593676072,10,cloudy,82.35579699621589,0,Acceptable
24.610219981833065,23.166692148930508,56.98476244714841,49.01634571989101,562.004919123991,484.5319962883143,949.8738197411366,4.850707295621552,29,cloudy,86.57759821970045,0,Acceptable
23.750931952653183,32.6919684644591,67.37895274852521,65.72582148840638,48.31208937541321,1158.151384769617,650.3403581596152,0.3843301029013606,21,sunny,129.5094103986541,3,Good
24.04848324188686,14.172194219721032,84.66788802193406,88.91871834326301,424.0700602972205,503.94142440354335,956.9988860318604,0.0,23,cloudy,173.0821065867558,0,Acceptable
17.79681317453851,29.09911559631937,50.9798643909557,35.72439930154508,350.4146478206151,637.9141463278943,1156.229454084082,4.386431009389552,26,cloudy,179.83920648628336,0,Poor
21.15994361677086,28.78617104443227,57.12001748410174,54.11043313630595,314.7723989763613,811.4446732689202,980.6902609739084,2.7831053504736283,23,sunny,127.3108866862187,3,Good
23.56921301635186,15.390203629102375,40.36535302415962,31.70111896430978,609.2529714531494,412.91464182326666,823.7270666462761,5.236541082021446,14,cloudy,143.0799229233981,0,Acceptable
20.75039010940391,10.121836180639953,49.079277020127,51.1704229302634,573.6460772005033,400.8964383853258,869.9482477328597,4.617580043245445,13,cloudy,167.63427237389092,0,Acceptable
18.15831032294712,19.38501718629326,80.03134477312003,87.94594144439968,527.1435338548672,267.829110857833,468.0715671529945,5.306918641855159,17,rainy,109.21179256267044,1,Poor
23.384711278173988,14.829707408292723,56.63947021449744,64.49213912729502,0.0,1094.9288458977596,1014.001354404912,3.3549177120052627,21,sunny,100.01788652450936,3,Good
20.578858547358543,25.687961532698843,75.80031056277532,88.93061375523821,637.1877454157997,70.93552436502523,864.6343813343146,6.355213625552119,28,rainy,126.27917318754388,1,Acceptable
23.90602143827996,12.490928621388605,36.95373085577947,32.128260820154686,122.01387757276702,962.6236762277192,798.1373066815545,3.003972385604309,3,sunny,141.2171901275445,3,Good
25.41036557425421,13.645046415163012,60.98534623304408,53.33383794550775,560.0919210758159,310.3979598726187,733.0480696310635,3.760157250161985,18,rainy,219.5004848064535,1,Acceptable
20.20133548990833,16.207227813292846,81.29599793958239,95.0,453.94441241998913,431.78064549948897,842.6529092358307,5.065463146262401,24,rainy,112.95120388140184,1,Acceptable
23.26496124140173,26.09534422608945,55.26197048275791,42.38983097833607,301.2684946400081,687.751146834376,791.1613054987308,2.978568605064227,21,sunny,72.60955515467064,3,Good
21.911091169268538,30.97078514037264,45.20875457235497,39.47978223276692,561.1439006040256,569.8741538816553,797.8762244854199,4.682863712271429,5,sunny,120.9405570728726,3,Good
22.97894579084768,17.36565897852202,58.3558408046081,68.3298940874266,747.2261411722923,173.61457538069675,787.6268123352951,5.891794615075309,16,stormy,127.60839456625013,2,Acceptable
24.3447115483701,16.23262798509466,50.70078852606134,40.58746853760387,500.80398916481465,407.10403121335406,637.4531550070259,1.5954141100469734,14,cloudy,132.59813837958615,0,Acceptable
27.096133703723293,21.881490709144785,53.328328331933456,55.96776042907436,424.9722816377487,642.4577070747771,1111.881427752641,0.2670084120151159,9,sunny,89.34167157330204,3,Acceptable
27.318518924108528,14.473019671342472,47.35827666050985,57.180095102920816,320.81264870596414,838.0163465407476,882.1646378027392,0.0,12,sunny,192.95428039431744,3,Acceptable
25.513480880769944,22.897873001140557,49.12809300487908,48.905256696462445,574.7698155739189,321.5768178291486,939.3692328420412,1.4705804869518897,2,cloudy,76.83799656389658,0,Good
17.782169518107413,27.792455028043623,60.53014596425117,66.64136348937255,552.5551572123261,199.4066794585075,1058.8598590262145,3.8492586624917866,15,sunny,157.37502400109585,3,Acceptable
24.943112285284737,17.955652675167084,58.19296898587525,62.38119279404336,261.6006031224895,617.4097203236514,923.2816895243676,5.956902499089996,11,cloudy,114.45118863599426,0,Acceptable
21.13551854300121,15.372988359321283,60.21805427463022,51.35345955989825,374.21075273156936,619.3596375002825,937.280171517968,1.7623384792660572,22,sunny,99.8232242238996,3,Good
22.27439464749309,19.48225481141808,66.82290158819471,65.35288685572266,326.04659499512445,487.37175713506144,1042.6903683226894,6.010677515459415,22,cloudy,103.5800989348648,0,Acceptable
25.23551632279532,26.872493525078177,63.28431628177176,73.37617787348911,563.7684980726519,414.8831569062505,1011.3337433867,2.8441486544113443,11,sunny,80.21096278191554,3,Good
19.750990956876343,32.067631084594595,57.7251365026768,56.84962949727392,453.1838664516095,297.56066787280923,970.9266343816312,5.661809608776535,23,rainy,231.83459894864248,1,Poor
18.51868790314647,26.4711872990873,43.2433243049336,32.04865647726892,300.7714700263396,578.6464472788159,993.8999861018016,4.017463415164684,22,sunny,125.98857207570715,3,Acceptable
28.096965067250995,19.46910229241266,48.82512121945465,45.346242449042,518.1527192389668,470.1993202546599,699.2541726686406,3.2875999071416766,24,sunny,137.85795271315658,3,Acceptable
27.29457837008735,20.478136719608067,47.97121792231643,48.41657518225242,552.0907153491164,459.93782969532185,1228.725665729865,0.0,16,cloudy,121.73123645148574,0,Acceptable
21.831076276572475,14.879089482655605,59.9122610237265,63.82675690981476,596.9435710780931,357.4708211381919,1152.426604092626,4.182877285605349,8,cloudy,112.21643098612596,0,Acceptable
23.36864537010451,12.104193100091113,48.04023388041996,44.083187047168494,384.3511660231463,455.5578886842382,773.0452694982051,4.241113722155375,9,cloudy,227.44976164821543,0,Acceptable
22.555595611135058,24.289317524488222,39.1756410481065,30.135054159381067,693.375702645916,183.81683553974372,781.4117905769681,0.756747202826098,18,cloudy,79.28895244177257,0,Acceptable
29.433037755711165,21.038181917618843,71.34907468329548,79.01295716845989,411.3894396533294,522.3904380782889,855.8023209382909,2.821199752367766,29,cloudy,154.05948769133687,0,Poor
25.063826849201845,31.71330400902761,48.307299953950114,41.02894635023493,525.8479283001358,683.8242269177041,1044.20952458746,3.0532132328229107,3,sunny,95.41124949088324,3,Good
18.322860100423657,26.083665360425467,52.38678831626715,49.83261392958696,449.5605467309294,495.4229808495923,1023.6207767228864,4.357684112821831,14,cloudy,136.49753455179342,0,Acceptable
19.52769254550947,18.52497834247777,45.106556385423296,46.054182507802125,541.3989000722011,517.6285699070761,839.4034160614527,4.154551396949217,15,cloudy,89.54958558555936,0,Acceptable
20.249448331133088,17.957896341535754,37.380307268111736,25.649007573552097,311.2567435762384,689.1751782088919,883.6326334160938,2.4247574617043592,21,sunny,89.7768871813339,3,Good
22.340045037060307,19.77659425114036,53.69452002392998,56.44912849275418,475.5952093899495,387.5969357043715,1183.8129245200523,4.176585024922495,9,cloudy,79.65744408048047,0,Acceptable
17.709862775177776,20.21267568411381,54.15723462290802,59.66028118250237,756.5279179918899,526.6004693920338,810.8494888105016,0.5608880984564037,3,cloudy,79.72658329497658,0,Poor
17.861056087382952,16.015681424032216,52.46154587850662,57.21182527504134,559.0934187548023,297.15710649127965,1129.6916885197506,5.909558565865776,10,rainy,93.53819558512268,1,Poor
27.34976867019996,22.799623911572503,46.93891129773272,38.00746493707933,459.81081033665794,347.8257530794264,1021.6701115684214,2.6114826331679253,24,sunny,99.09976731888972,3,Good
18.466301612986005,30.3727984059912,44.131173692822784,34.17604316540617,324.1214821005034,758.9506921098239,1002.5525749671522,3.276765806396624,16,sunny,181.8670089411792,3,Acceptable
15.878036746426211,12.955109764810071,62.12562139249,73.76951055481716,355.2380502448265,180.54767839861512,903.3566967151216,7.00373542443739,12,rainy,105.16504085450468,1,Poor
27.249986773776804,24.63644757884744,65.6107902689539,72.0746465779392,518.9554974167789,617.1481473637853,836.6699408414004,2.371028076792702,10,cloudy,95.07193109701412,0,Acceptable
18.180554606307517,18.690846292389207,65.20352606412445,87.39890838791854,242.38073178040992,572.6912732798248,1108.804564301065,0.7863545087238262,1,sunny,51.773989031323815,3,Acceptable
25.685346580863893,15.25384648811788,36.14964008756719,32.55741705549244,3.872433907225659,1149.365255801676,1120.1369452605356,4.701785968385449,3,sunny,115.64292492587316,3,Good
23.6553682938161,10.940568016818254,47.00293736233662,34.33005325682399,350.24289953605955,732.2206802963279,1054.5604070462448,3.773164813369701,21,sunny,202.0919234912975,3,Acceptable
23.56680279263865,28.537730114245072,64.18928123799222,74.55792203491573,672.630462407883,134.70073955276766,719.9324147650074,3.830936651629389,16,rainy,109.67305117156656,1,Acceptable
21.33388214496025,19.85335398147432,58.65463566894606,48.567215787927424,379.65855517018986,318.6538987925313,968.3414500324031,3.463934508114177,14,cloudy,87.06871916439805,0,Acceptable
14.688935667105987,19.26772359809836,59.96987086714499,58.70659280727311,150.56940828380334,804.8647153867539,803.8594483543366,4.826257133042629,14,sunny,114.58958035746416,3,Poor
27.23628240573142,10.415381733492133,44.75230677828817,32.1234151244879,954.4637998374036,0.0,884.3970062258473,4.79564475086399,17,sunny,286.6619031535945,3,Acceptable
18.42717733202373,12.468002420091237,51.82025635345951,38.77004171627899,482.7882297051017,473.63472065535706,1003.4858530010227,1.883814805921781,19,sunny,106.89170910637836,3,Acceptable
18.3401959895192,22.732911329065978,60.46163725683903,54.7228813215393,605.133267531514,397.373339798809,957.9409734991084,6.713318903830296,30,cloudy,103.72049771496788,0,Acceptable
20.875865253139068,27.36600832551441,59.68968915500717,70.20439538568141,595.0343467170145,222.90190523539647,763.2727571943066,4.04576811221729,4,rainy,106.54015844936072,1,Acceptable
25.75796226386185,34.21297149849837,58.050270991358936,71.20162863035094,849.137918168966,126.0688863767392,814.5314160860371,0.7340114418293799,5,cloudy,130.08292644249187,0,Acceptable
25.922430599228186,28.01146603474957,57.97256140016196,49.95145969965869,369.99557767605694,480.24037022797,1044.5576283521125,2.0634286641260275,26,sunny,91.10822306190808,3,Good
23.062209733948784,17.293948867756228,50.72265764410077,43.41962410188092,197.7344455134512,892.7981648268188,741.3382937866397,2.3819556077114585,15,sunny,104.3273180549991,3,Good
25.395731856498724,12.89941382081394,53.22490660446664,58.438402337315296,0.0,1177.7510511067903,786.1159837221668,1.1002494860671472,4,sunny,140.01530865736635,3,Good
22.04705542443331,11.678871927978443,64.97024559191095,67.36618418625723,752.7941581024533,260.5387167537211,510.8458224469619,0.7829396613548916,18,cloudy,172.86968162863414,0,Acceptable
25.546306203881475,25.015056912170664,50.4500335105851,62.33959994276428,787.9089150287364,468.69715895671817,1175.51649986313,4.813852425308378,3,cloudy,76.23010321122868,0,Acceptable
21.22953414846883,24.852337849514548,55.25969705041116,59.35286314864349,543.6682612028899,678.239622251765,1011.0052113316162,3.084464262618533,9,sunny,86.07831297058169,3,Good
24.0501575630318,20.52347337792367,44.34540614044489,43.87039210842936,90.35805704076763,996.485034137566,1068.324658763043,4.5338955737907245,1,sunny,51.95129308268103,3,Good
18.57375354360003,22.106517892619493,47.60070513504028,34.09256954451689,354.06630802122675,507.48080238684327,777.5904409389074,2.274278703314966,13,cloudy,87.81864033761825,0,Acceptable
17.327296244257504,22.02856513641045,62.7663955808222,78.53065758481405,328.87292723271366,450.3731911846069,1106.868865022596,2.1286734116726675,5,sunny,82.85235891188971,3,Poor
22.83819440079548,32.28356498582254,55.93254514649594,75.0691333969622,670.9201730615412,198.65891713796168,944.0018817827496,4.082519836743273,5,rainy,175.3040837837162,1,Acceptable
20.378651052726298,13.451228601491206,54.22385392681798,48.76370312172804,620.3281500997532,407.8906092663392,921.2851027976794,3.281418209683918,20,cloudy,121.45393525145332,0,Acceptable
16.76718525362094,11.14586247413476,53.41827764705611,49.23189187164456,135.41658309670265,548.243037932497,966.3305869667532,0.549866107780191,9,sunny,97.8309290986198,3,Poor
23.11664821634837,21.128841596259253,59.30882976713797,55.28150641558748,159.49710246833848,802.1061612607103,1040.763361261913,2.1557369394667383,11,sunny,71.31147960632866,3,Good
23.84134472324373,8.785206994747492,45.43733377607572,43.86026621729108,203.3792858667082,681.1741497797076,1178.131307370843,2.167711798253608,20,sunny,242.1012083482711,3,Acceptable
19.05749252176018,21.307463970045937,47.09497230325644,34.990479121981885,391.6898201047616,495.42574231172034,853.5457492712386,2.1257637711135207,13,cloudy,97.8600461638733,0,Acceptable
21.882381446836145,9.13874021785162,51.50128802570043,44.47774973827954,334.3061739924065,500.3637218425096,955.3859852138962,3.8386662543999335,24,cloudy,221.5888588589622,0,Acceptable
27.09430103448564,19.8068478661958,58.52194956350257,51.69056443867417,671.9063683611172,190.02616071088937,888.6300864342245,0.0,30,rainy,154.57286313397975,1,Acceptable
24.666210217494637,27.94155110313388,54.725783120204646,47.33563732246607,150.34442970193612,768.5184160357671,882.2456273662474,4.337156009376591,26,sunny,87.37206973496676,3,Good
26.661742815833687,15.690933064045971,66.66752554177017,68.41684510406213,525.4670227557536,453.8492692521399,894.837655691187,5.950583063782359,12,cloudy,176.5458219564947,0,Acceptable
21.040958242160077,22.46111172359396,49.41595916041616,42.35836231023089,471.44571497326,196.91514724787623,825.6583645289664,2.103240595138833,10,cloudy,79.29630250627271,0,Acceptable
18.718955728530933,27.191550394270728,57.10635849608837,58.24119804719872,941.775521279359,237.88602575699693,1284.0723148748127,2.238480754254013,4,rainy,141.00737220196598,1,Poor
22.44379489998528,21.336297107504077,39.00617978275845,19.50630485782284,0.0,945.5001397766896,512.3549862537594,3.4892451819169823,15,sunny,48.26403152143788,3,Acceptable
21.579749319801063,18.285897134897315,59.8373676820031,62.23721086946702,156.43996090617009,758.7725447613278,1177.2980254881013,3.3219482210545737,14,sunny,81.66006193489689,3,Good
23.6599793286892,18.91964783401188,61.67402297983698,69.98811009629009,463.6807028435336,525.7294694962643,855.1312116928589,1.782297820717754,18,cloudy,114.808879851634,0,Acceptable
26.50736330863532,19.906857123825542,47.76522430161268,42.75898307886192,351.3043495204955,504.1239148647715,923.9119825383048,1.7783598573110848,30,sunny,119.09502962799536,3,Good
23.6502109859516,17.962119725392615,68.03783779154185,69.98245182614305,458.061973085216,460.8840031490286,1016.1353551762164,6.0444192005921895,13,cloudy,113.07309920535911,0,Acceptable
23.527077798151648,23.652415747584858,64.8477374813782,66.13357275810459,319.5191378807372,694.2076955574177,949.2958020610488,1.5032500397442243,13,sunny,69.94600375627506,3,Good
25.94208541264525,19.669598448530227,58.4553506655621,63.1224639141912,241.34027399149176,820.4055210029987,1058.2652350088154,2.2862565117545617,20,sunny,106.2646081357788,3,Good
21.080430883260437,30.17861927717688,50.1505619363197,51.68886696154289,424.2308992368237,446.84240309382267,1057.2225749706563,2.657283686103217,15,cloudy,153.6348704512413,0,Acceptable
20.956471389451547,16.521325714028393,67.04312765494011,64.39010408375532,536.8847291992593,296.45438338583625,1145.145707140149,4.893866636294468,7,cloudy,90.89397174079208,0,Acceptable
21.26240113177959,25.96733856584113,32.39160679720417,22.220429926361124,473.9582868397257,620.6560385346609,778.1787729578243,5.165162761396971,29,sunny,103.89124449066814,3,Acceptable
22.9818536105742,14.691416747654536,46.93243437407916,45.0331243257257,417.17686638255736,424.3048610882942,1262.7108901818185,3.222655687227342,15,cloudy,136.131909157182,0,Acceptable
19.72126977248404,29.457205139574786,46.411305080873056,39.74995665590445,40.0153869561785,782.6709732674892,1233.2101593812206,2.636145216095906,6,sunny,121.17623567701946,3,Acceptable
26.481351977758536,20.03757577902279,47.42881357877568,47.05762315485941,237.3528384538837,491.6533996915013,813.3564072111255,1.5737625383215486,26,sunny,112.56945458289653,3,Good
22.76802083299839,27.377863946609125,44.46671191828968,27.966849644511072,517.0270059860076,688.4900998550323,777.2727106730722,1.6000544403957062,17,sunny,107.61862446453148,3,Good
22.94579015607217,23.30108313885459,60.19712786826652,56.72451124106863,229.23480394554252,768.5570374396337,1112.8364847335215,4.124849601656605,24,sunny,88.49955222504057,3,Good
18.959675051177893,20.156223864646023,33.13235863571569,47.81599410443021,0.0,1114.9368626319178,1170.0698876539018,0.5158556648705681,3,sunny,33.3982727450895,3,Acceptable
20.25340828990849,21.802406629520902,33.99705869955358,20.99533683204446,143.33565029078983,1041.6590074533135,948.0038511809084,4.082901611451546,11,sunny,70.91053220236336,3,Acceptable
19.315180352866378,22.08640852723776,53.59724154919991,46.68744519657821,229.80903661780945,1005.9442444257094,1157.4319968914224,4.948235678546551,1,sunny,68.27541276844173,3,Good
16.409960316109277,13.493909676494308,55.77533802492588,54.27441137577096,654.6807064861337,123.50961995384242,871.8885300390366,7.019371287785122,21,stormy,111.92069839266892,2,Poor
23.708296677398373,19.165607906611744,67.14316200704451,67.12652768490241,967.5482500650156,193.3841851813344,786.9630808845837,6.202915159414375,27,rainy,116.23382664450344,1,Acceptable
28.332006853065096,22.499127145420143,58.95677226890284,67.87018206863505,488.25753185518056,200.3473247435278,1109.3412031731432,5.32824741691064,10,rainy,120.42040510531146,1,Poor
25.436754078550607,29.404147782852416,53.35319602344243,48.2389743085732,367.4495198085589,788.5488280588465,1058.636171398757,4.262963328833205,12,sunny,90.2921523481268,3,Good
19.494168986322784,29.357007310488907,67.20348533927583,68.70460863742808,276.91868435707187,819.4127220018606,868.7652970200088,1.5451113444936588,28,sunny,153.2211971423252,3,Acceptable
17.958300745850458,16.16895908017633,43.40752899762683,50.70623184727184,495.61837454539904,190.4569080950388,971.2286219883198,2.09523475680289,3,cloudy,76.03979626295892,0,Acceptable
19.367663131623186,26.10070741771012,41.26500044237075,39.756783458246986,429.1597105688921,478.5158715665448,1155.8381382438763,3.404078178283309,3,cloudy,102.61328242614891,0,Acceptable
18.63645268650586,26.26471759134466,41.52193758377928,35.236772522842045,386.4833463259958,540.9598613038535,996.3868923246912,1.3597363727861078,20,cloudy,120.44561317693604,0,Acceptable
25.90012349965,28.41539275279738,62.97499462899698,79.02661431009251,314.00547397757606,697.6800409866305,1111.9406538642534,2.0729657324079565,7,sunny,71.53287376664848,3,Good
26.001853454777656,20.99966523750767,38.743747967766616,28.053438808213805,769.3068618208372,154.8480325446002,900.4789610335317,1.3733842927005075,26,rainy,128.46292273291988,1,Acceptable
21.30333440199572,24.68426282403847,68.75196394652802,78.62457376982877,664.6034253974351,238.00449961901143,837.6776173098542,4.255711902638449,14,rainy,103.05878110375752,1,Acceptable
21.2581167235292,26.19190799713755,57.08876504907865,61.27629337113657,777.5603190034172,231.3843644617841,978.7488337794168,3.988877115419972,20,rainy,116.14047612693398,1,Acceptable
21.593805829292723,27.339587558478424,62.603802324360494,62.11613249004118,525.3082931219991,376.815529910452,940.3933766674788,5.898699493754809,25,cloudy,128.11404829353944,0,Acceptable
23.97319520667625,18.08746091891153,67.95007244499585,70.04413602734553,598.9752485207773,423.0542139124669,834.1965322928404,4.944107351625146,23,cloudy,114.6909718182482,0,Acceptable
19.95355619879142,20.24646992261159,53.91234345835512,49.8346120609868,468.8595763900852,524.7557477491904,1328.0505018076344,6.45621142540667,11,sunny,85.49028414486679,3,Acceptable
23.336945687365777,24.50708232700264,70.72186517270463,77.15341421288645,263.44009351302475,798.5563425250525,808.7070260163088,2.2813484482902915,15,sunny,80.65052697115507,3,Good
26.22855630188702,23.60001586140905,47.83356358881113,48.28255393993348,390.7714208911504,539.7667643802127,1058.8377202699785,2.593387352802457,2,sunny,61.36524635259728,3,Good
20.94668074025451,22.017487823663284,63.42157444285152,65.94882180952467,423.89978765520834,450.38380567413634,852.554633366344,0.3899938575398214,19,sunny,87.33656466565388,3,Good
18.435065682068178,27.834145013571188,28.496000608580115,10.236357233143444,374.5209286480327,584.7075420768515,779.4333725335637,1.902231208141021,14,sunny,147.8798693699129,3,Poor
17.584415324680535,16.839323064981716,65.603194777413,75.63839091580955,762.8504568762078,285.2204508002186,1117.406056760898,5.713814491143896,2,rainy,77.02843355258592,1,Poor
23.50190553752582,17.59079054284013,43.21215720015259,46.376862954419465,620.0434102971726,518.9287187005342,1011.2446353838036,2.7627047603650428,6,cloudy,99.26567276892128,0,Acceptable
28.26822048296784,23.780040856124185,59.5133621950085,46.734564179178,591.9807249068042,401.5351423265973,808.0332120879639,3.0906145566766914,13,cloudy,99.53248890716478,0,Acceptable
23.1520245645378,19.58837477246132,66.59548936332486,65.37977663719798,503.89707037833614,516.8993702182273,971.8091684511996,2.9491657386776544,6,cloudy,86.01244510050724,0,Acceptable
18.19130194586839,33.15534977810502,43.24301847042933,37.63336677805183,645.9076911548964,409.6984133533998,681.2366662118357,0.0,14,sunny,242.969616001762,3,Poor
21.799648007370475,5.898492517373697,41.911408077989,36.18500700314012,191.28905683913868,814.4242887612932,708.5759386077087,4.167910257679512,30,sunny,253.82788281755728,3,Acceptable
18.123662286850944,14.310627670140647,56.91865082223903,64.40367391000433,554.6332619952233,328.1346966130636,876.9335327695757,4.364077282941556,23,rainy,106.9958012499015,1,Poor
26.050613564830652,31.152239363258172,59.99279638343921,49.92953712101004,128.82828581046215,889.0805332052693,806.3362992237,1.4208230428803756,27,sunny,97.48582951544851,3,Good
21.292755117072883,28.569241649903205,31.760854715247778,32.79762301687248,399.2596394705207,579.970123118207,875.399923982955,1.211715932819884,9,cloudy,120.18930907847952,0,Acceptable
21.57810768571423,21.022646291042903,76.09679213047909,79.97607716129176,494.293884845966,266.36200955821994,682.8301470549823,4.823156309777061,18,rainy,85.7441714610884,1,Acceptable
25.06637772186476,20.74706296707708,54.0897686138934,58.931920435736856,464.9358133222361,322.6826444286088,1080.68832123142,3.919227460961146,17,rainy,112.84119846927004,1,Acceptable
22.63420667274796,32.717500921640024,56.61927201995025,60.169994188594494,1028.0081544842903,183.87634075086683,1299.6818481520158,6.601889723653688,16,rainy,185.444770608592,1,Poor
21.877628251629098,38.70984275965262,43.21205936134166,45.41937161591972,671.279435440572,377.01523240996784,726.7038045444355,2.057067793576017,4,sunny,271.1937524795776,3,Acceptable
20.727095294976785,13.792822179769493,41.465082315668944,42.973613507592624,425.4803152290612,372.8475480374815,900.8609372356876,3.638475208815967,26,sunny,123.87240607329736,3,Good
21.204998229556427,31.811562390008863,59.49589263294622,61.838676638243214,138.77362697108262,669.2840423593036,832.7256821974096,1.7506430656366274,19,sunny,157.59454240115866,3,Good
24.194460642694008,20.925481406604963,44.91072211385847,35.78958229686193,157.9564558091262,860.3462426143167,871.6125460116474,4.825260519428458,7,sunny,78.63482871076906,3,Good
19.935278161853116,10.30518487351556,54.12131602985093,47.02456993158005,530.3743406830926,455.9775776444369,891.7255872070276,4.05090129396868,18,sunny,88.2442009251277,3,Good
26.806567483487104,14.631457897341823,68.34739504963366,72.5532964356558,433.1242943957336,244.64404491180665,658.3533551119793,3.8524788779565697,20,rainy,222.88412791514708,1,Poor
27.60064157083142,18.07395135979504,57.53525875974685,56.93561807926682,685.0751268484296,219.3482720997768,863.5518489325563,3.151112900787819,29,rainy,194.92085958750204,1,Poor
19.96034998977259,18.816341393971992,71.4921997103815,79.68576495842494,573.4964312463869,381.0225737827549,932.4740601186672,5.610851563410071,5,rainy,83.13902027364288,1,Acceptable
24.242228079005244,28.53420153299649,48.1701796045162,51.35755194046505,587.4044124155229,217.32043609934087,1104.7916310062374,4.550116685773991,1,cloudy,75.96657713227899,0,Good
26.15435438860011,17.7615950907563,44.67606731792151,43.23855820716515,422.1998481164008,824.4394331188116,878.259810400897,0.6889410310590498,16,sunny,128.60053139767638,3,Good
23.955678552048347,16.225756656947958,57.70423991106525,53.7772701036819,476.15027835478816,488.63945326362256,1009.63541667406,3.7880873612162977,10,sunny,117.42780953047092,3,Good
27.863089478785632,27.850983623706597,67.09832041986472,70.47532754318888,367.676286006756,344.8736348457072,676.9813542694031,3.747836208382111,26,rainy,101.52832384261288,1,Acceptable
26.438400134126876,31.141012361425148,42.40770717025199,45.62785323012494,209.35906305850312,495.2220076741506,825.528330232933,3.522325969255046,21,cloudy,96.07222599084628,0,Acceptable
19.55509203338233,23.94443889575536,38.45255932299116,34.75442977618079,438.8503384730288,709.3741942959782,1059.9570605607746,1.5867495574237953,5,sunny,78.99999040006277,3,Acceptable
27.391233833491548,10.930393896691603,31.14063618469488,22.93820610068604,235.44173031878023,591.646726929644,952.5518668949207,2.456992829492646,18,sunny,280.7273244941408,3,Poor
26.055129492178395,28.865744915326097,60.20599570319607,51.58002471074583,0.0,994.9693651202736,788.4707876787409,1.9445970983327203,21,sunny,47.3676944445223,3,Good
24.61828381726715,13.997035638360328,57.11086781820307,49.89007856660592,0.0,977.3091558104172,980.9054133391828,1.2820125812190322,8,sunny,120.926418852402,3,Good
16.633889731502876,21.810943407855525,73.00205286648578,94.86986701646364,657.1809416273812,200.22284768609163,703.4861959042777,3.9039032530401903,9,stormy,117.98411924399484,2,Poor
25.43200146867356,15.907236633693298,43.31689411536218,33.61353121017208,855.4222332632883,269.6692134740181,985.3359952110692,6.243155323850578,8,rainy,158.48766912009793,1,Acceptable
20.842509056850385,33.023397577011885,32.15957865687127,32.987871324421285,393.7569949930495,463.6264798287839,1049.4407996913485,3.4618012593304224,7,sunny,182.62107005933672,3,Acceptable
27.846861846221447,31.29361298866185,48.76754387519906,42.81004934573436,592.7332025924021,318.87993241434674,764.6118349564398,2.593729828737801,11,cloudy,101.61407835419836,0,Acceptable
19.512530548026447,24.67026649842193,51.852921752677446,53.7772709133698,113.26465206850244,970.2989638362936,980.02541308178,0.904592097463644,9,sunny,73.3753555843532,3,Good
18.38593286826037,17.146407663154193,55.21115660317689,53.78668857196264,298.6724974280902,622.6929083545066,868.9456312655054,6.893673878869701,20,sunny,77.73671570754982,3,Acceptable
20.220296821115507,32.38925570856442,47.05430969986117,52.01016577473789,526.288721764869,651.8310558027606,982.0403285621236,3.195950866591424,2,sunny,173.39429825734467,3,Acceptable
19.973709714590203,25.807764096387555,46.67708772092728,50.62045754921225,0.0,1200.0,1063.39266651002,1.0167733119425573,3,sunny,60.93031218801459,3,Acceptable
22.92384252698552,11.77259725256848,44.76240802692044,28.775513506374377,766.0218365957103,251.624252694192,1101.9014039199578,3.6795013475963714,22,cloudy,181.45733613188096,0,Acceptable
27.48598998370253,12.292296087928564,48.76749144301815,49.21870260592556,322.26693329221155,613.9751911166221,1098.537210452031,2.9044745407056025,22,sunny,257.00164490542494,3,Acceptable
22.836157685266627,29.46324444543178,60.692530628703366,71.39294702581178,491.1028954817589,537.148185214014,1148.560937958464,4.41398717960174,8,sunny,112.63803810333852,3,Good
27.039291138564423,20.55367197505532,45.70272303104786,57.12659347334525,177.20029247005047,933.53648780431,618.9354111839223,1.9618707224861625,4,sunny,89.49153025122277,3,Good
24.682990599945565,17.172398070749423,42.34219976933928,37.81877472026414,278.7913166404064,780.7263336490691,923.4645265211208,6.135382988483082,22,sunny,106.67414880220062,3,Good
18.907129913906346,23.792252639711155,53.85231810599517,50.32840972459893,465.3320511073702,267.0194702699246,1053.706237461823,3.968924195254051,1,rainy,69.70071699570019,1,Acceptable
24.402938248321146,25.69114101108857,43.192977544796776,35.39847494587632,164.93641745382558,790.0645526492909,761.5079464641799,2.1709331296064605,16,sunny,84.54269005477616,3,Good
16.490503792015673,13.874035458997776,36.64368333839556,22.619094426139505,404.2211652181074,408.8348833100035,926.369495364758,2.531098671023929,6,sunny,77.2608625375332,3,Poor
26.42237244399614,20.947818769608688,48.86241075622436,54.64849667195165,328.59631733005733,706.9109691362036,692.933737227335,2.195968949912082,11,sunny,101.89074430614784,3,Good
20.651232029943444,22.033950047505,46.91959261547146,46.05101256564527,292.3091572965776,679.6374186342714,809.1421496988581,2.0718712958818197,17,sunny,84.52164071656561,3,Good
25.04138660635707,28.73041075839764,42.12137205611566,49.30332821995923,449.6456294666147,448.4712838212367,1008.6980453458592,4.611124045185669,2,sunny,68.28756111727158,3,Good
22.58161657183116,22.06974959551312,49.195220270472944,34.76821199210315,588.0612925395483,306.74003594233767,890.3645561980189,2.249728180571948,20,cloudy,90.5141555442922,0,Acceptable
22.45746820241866,15.928960423547736,65.73331803806933,73.94725759049811,264.44278845627537,250.6284855714997,918.723510096826,4.505900304584762,14,rainy,123.84740243242952,1,Acceptable
19.814145603681872,19.53831238194877,42.27612140448909,38.73425200398944,0.0,941.0450896467552,1026.2517325741946,4.238428301454752,4,sunny,20.527938848821247,3,Good
24.021701337155207,25.904009456310888,55.62063481276768,49.478206224645504,205.3502624175411,899.9605138151528,753.0567376050333,2.179055774482749,19,sunny,82.11603991157348,3,Good
18.33645566635111,16.912065734753597,67.07054264030492,68.10585658327938,514.0807840624469,222.31441109919092,899.6710311333883,2.2102023283166377,8,cloudy,77.7711980055282,0,Acceptable
28.972657366157872,18.14790585848848,54.10988660252959,47.96422639004464,381.8495408709171,502.11906866191737,725.8313019752976,0.5783501838228264,18,sunny,163.28513590610694,3,Acceptable
16.889374940065753,21.67198872674909,51.38860385017824,49.73021145919233,264.1395819161125,879.5121248092031,765.2262026183406,0.8210883181569426,14,sunny,93.2077185310558,3,Poor
24.252036225847807,18.44319829569384,50.851092159853486,49.65811234696329,389.9865713697864,167.81933840611646,785.3628097902214,4.966529146555915,24,stormy,86.87152681868153,2,Poor
20.49005426295468,21.892619063573683,54.2909222102693,51.72665423822957,0.0,946.6947691849134,843.9198688720807,2.4277472379892817,3,sunny,30.409486312812,3,Good
27.2048564860345,19.893422708073267,55.87281668066476,39.48952555899488,415.77760384270886,981.9423234142578,581.3300101285944,1.294970686023238,30,sunny,114.45238365593214,3,Acceptable
24.53804425646989,24.02000462282594,55.07642411290881,67.82413150336109,221.6005153800681,536.6932335665717,825.8543360628012,3.3393677680137728,22,sunny,75.30148008854,3,Good
22.50753513768053,22.897924717741382,50.748354335789095,44.57567236663027,541.6777570723028,471.1202100725072,886.460223020941,2.909133498703276,19,cloudy,85.00489980770169,0,Acceptable
22.306803562331982,33.009142923215656,57.94291984846358,62.143728363130414,859.4914961775621,317.15498472496546,832.403107555836,3.7450951477137377,11,cloudy,182.53745668297785,0,Acceptable
19.8966193077292,14.05139503719112,58.85279365106869,64.1094981590758,0.0,960.6889458102168,1218.53669255843,3.6938263645045537,11,sunny,68.88907276107079,3,Acceptable
17.616609199997992,8.88459438907468,46.90339855646789,50.90076424727346,473.5007445583649,528.3580430544342,1020.9613318456755,3.1700493156785887,9,cloudy,142.40936007480605,0,Poor
25.04050179602755,25.40951008515597,71.84019263170458,78.51376974260972,462.9741840901231,360.40573836767055,928.8462553751164,5.527145945128225,24,rainy,125.47064336073916,1,Acceptable
17.725234926431458,10.661956046729063,35.48100988860459,43.15465315763285,524.4931132044369,636.3905613572103,1170.1077198020853,4.715698960942182,1,sunny,103.8408608815483,3,Acceptable
23.890601796577062,26.11102374706538,53.06287644701754,70.6225552115904,749.8049741710836,352.0050280981214,1062.5310023549084,4.359422272046604,2,rainy,73.31883955289726,1,Acceptable
29.81603298617439,20.77232220625637,65.54045210232428,61.34665284308977,691.9483293518497,213.61997869949133,856.6576867863286,5.525756948855605,20,cloudy,157.9354385639856,0,Poor
25.513078168373088,23.39631157649164,78.6041808609325,84.27441964482499,562.6481936091146,297.68333709327874,832.4507730162256,7.16278036283652,25,rainy,107.60450479168084,1,Acceptable
20.19151551037978,15.436498713137285,64.45338368893566,56.41204329214881,540.6410262621107,295.8979392960166,628.3344794626197,6.308960193726184,12,cloudy,105.01627598744923,0,Acceptable
26.1679212549278,20.16893056019855,58.43026823168486,43.38119314046672,663.7782206860198,442.40104768284993,968.8436403870862,2.19808044867397,14,cloudy,102.39470097231792,0,Acceptable
27.44329103197625,22.699139304998663,77.32761596113197,85.85402542094927,544.5106679662688,463.5636324841048,1013.1230300515448,1.9088883840460125,18,sunny,98.2350082928546,3,Acceptable
21.125736519776552,23.2734935714361,51.49478436267627,51.85018253884217,364.66222042107415,770.0101863934818,675.7340532139515,3.792331023762044,9,sunny,77.57196882264918,3,Good
21.211704177860103,33.97453236593347,46.85524320593149,45.15723027887445,191.9776404392116,911.8767154924872,1054.0011400548292,3.3010849652668544,19,sunny,186.0350025628316,3,Acceptable
22.082390330332338,10.226453778149477,59.807582004284136,59.98699266069144,556.1735375084693,338.0466008941174,1045.8140368340955,2.7831801811419528,7,rainy,208.77044176262945,1,Acceptable
22.704591373329205,31.96889850188382,30.47240919853293,23.303262244682717,364.1161648209131,433.0079067581223,1124.8086664993025,3.794103608432165,19,sunny,136.24742185715996,3,Acceptable
27.93389675932866,16.06490337450039,70.6890781534265,79.85125639646859,505.7252739977949,182.65504947364096,1207.5406967280385,6.771314721834025,29,rainy,232.247433832496,1,Poor
23.61906508147213,23.018021428764083,58.24071386291117,59.187453841558,651.0331928888896,260.5113591305958,1108.243572358348,1.404936870593125,24,cloudy,94.3947244445828,0,Acceptable
23.364207573191543,23.735141476215013,62.43570494384777,62.24507049798894,251.0894275282724,359.4092920693637,865.9053298108066,3.0975234586779794,17,cloudy,78.19731926013613,0,Acceptable
22.090391938856797,15.061652368232082,45.97248580114603,51.8974577585448,440.0125121056306,146.37893791805888,698.4395206686864,3.5614736229087933,2,rainy,122.70102947076752,1,Acceptable
22.06691418862444,9.577671235343448,53.02854356589165,62.6244731082607,503.378399695895,473.0606217458732,1042.9085335117627,3.410174448145461,17,cloudy,207.1719206500934,0,Acceptable
23.804515098153317,38.72481379437005,45.31855750092641,57.583755491514246,271.9905949379213,521.238502227119,1090.1435082699293,2.281579163201408,11,cloudy,255.09512286167976,0,Acceptable
26.801030160587057,27.60582450519702,37.88889570896042,38.74436902811264,256.3057981439497,685.7208643789677,951.443314393816,1.3020479256807056,13,sunny,81.20902182176165,3,Good
23.27646451526453,13.609204699333068,58.52566689006179,57.735756269023554,465.8494614922032,458.1563049820468,832.771887150885,6.351775055390888,11,rainy,170.76927330947666,1,Acceptable
17.717260608361627,16.478600952062823,44.35604997311972,35.78984877035137,575.8536034206069,616.5268054279161,910.2431043482444,3.220516527090548,4,sunny,80.24221278428816,3,Acceptable
26.129887000752777,29.4208082648271,46.188695294188136,49.586555429291714,367.3847951574752,693.0334388238434,1150.9862243221648,2.87215445731906,7,sunny,67.28877206757026,3,Good
25.155347728495144,21.848201636164656,55.92302098538519,54.79174478261693,221.52292159738167,794.7836410682281,1034.9054947711868,0.3094518897624083,27,sunny,83.78592714511734,3,Good
28.18131087587012,24.9902812343346,37.77788618125061,31.08635821680103,297.14041366284414,1043.5593155841457,916.3249086711774,0.021225446791623,10,sunny,78.21368621085922,3,Acceptable
24.016409597968384,29.56087205510125,65.72103718435741,72.25120193546013,369.1528244440323,677.4877851145936,1086.1160760938585,2.1187995469787344,15,cloudy,114.49278404410332,0,Acceptable
27.70939146635088,31.145593520114268,75.20076138596603,95.0,172.05845643534158,919.9426959345956,1090.876943719278,3.375275049715585,12,sunny,84.41420542511293,3,Good
19.004209915240978,17.738629702242992,62.967748715343575,58.84775149882695,777.3316463781026,164.74882806837485,910.0422400129684,4.428576285091124,15,rainy,90.5809459554446,1,Acceptable
25.506977951429167,13.86360199233538,51.87305586488256,41.56225995123287,358.1568420507246,749.7598173810769,917.4724394253452,5.351901653352117,22,sunny,187.09520262893747,3,Acceptable
18.321620641802404,9.087591638093745,31.78695813259845,16.194364697566602,289.83218139265625,618.5794787273886,753.9815412338718,3.4442529207860373,30,sunny,148.83641573400396,3,Poor
26.740830120238257,26.110585608217416,43.73814020864839,40.98967309357707,466.1452057342413,637.9548703119049,946.034684120093,1.624358777193748,14,sunny,86.82436413140078,3,Good
24.40463465204206,12.92172302555127,50.038045361164606,39.50160209392294,174.47171332700154,773.5797752106014,826.7351718470038,2.9897747355508626,10,sunny,178.68751080582325,3,Good
28.205268221629467,20.146591701459226,50.93688771719401,51.392245349990205,473.15191573178345,437.569896951421,1097.1606326033127,1.2185548335868632,11,cloudy,137.8453892168596,0,Acceptable
24.19278484129969,32.21308613809815,53.26664342999065,40.768307749289306,377.1669800963669,621.1828374387455,749.9349332443101,2.127419407896928,29,sunny,129.75008799758425,3,Good
25.687185642969258,17.469698161837023,55.31232842004987,38.92104367901483,13.198881566132542,839.6333319726151,686.4629244545687,2.293020542330047,26,sunny,100.91995987018645,3,Good
19.07473800098718,15.59843179189744,73.30108353101365,82.65953997091437,728.8963980011857,237.24211803708977,747.6281905788339,4.1430218151582165,12,rainy,107.08457090832836,1,Acceptable
27.677262659169447,25.557029914412706,57.85314387315396,66.76443736112577,389.3225039489191,469.8733832395433,1086.6125006637328,3.1715931908454777,1,cloudy,60.121372601497015,0,Acceptable
26.906784655990528,20.7054622955903,74.01538722332353,76.83893447369448,567.7319201815311,663.6955817642747,762.6696516239879,1.7589784318629202,15,cloudy,131.2729193018268,0,Acceptable
21.72460296389513,16.457935387693862,55.42677410284247,61.68726471013278,479.3986411329474,318.3057419470468,768.0716800045557,5.595413687304265,24,rainy,126.21458559746222,1,Acceptable
27.52536546748713,29.77988543709712,68.86985398504389,71.07292113552975,525.9653579913028,135.344089880245,914.9611729538342,2.1650547768484847,25,cloudy,102.62809820495023,0,Acceptable
23.96444601458642,24.341211137178018,57.8707123886426,48.830089024299,104.73969437479384,706.2916505753957,1034.903058993318,0.0,10,sunny,64.9385222045203,3,Good
21.27716173325945,26.52923365012116,25.04201805017906,14.757124997503825,543.0651879963001,184.49291218277057,1010.585111482055,5.538572292208928,13,rainy,108.83185706430574,1,Poor
20.92004089592096,23.66665944885668,46.77144286679501,47.2771149747017,412.6427710032266,528.950363716375,1117.945630526577,4.181643511093318,14,sunny,75.40612816971857,3,Good
22.081843033721466,9.23827152584,49.63041072692133,35.30733302722484,461.8546433231217,455.9395864757227,621.479046015825,1.3865350956768472,5,cloudy,193.24497959652035,0,Acceptable
20.92206936778824,16.257653479556343,64.2037481409782,65.36681706773041,503.161489269376,302.8084576626701,1038.4151131215422,1.743451089008477,6,cloudy,96.68968227236932,0,Good
21.40464209768472,19.183776205689245,43.2109139170628,49.81576177880384,654.8736976060603,460.94120028566977,828.807280295018,1.2776322766462602,6,cloudy,70.22949735947236,0,Acceptable
21.98875762532898,20.927461111032272,40.15668535729036,21.374020747777404,473.4811256844685,619.2322704999671,969.2243647522076,1.479938115815707,19,sunny,17.280624901353093,3,Good
19.14629033929121,15.2389544165522,58.53100679689839,71.55144337286227,618.1179467049533,371.937656647792,784.5643469754008,3.409493576484924,6,cloudy,82.54061215079915,0,Acceptable
24.85540884477911,18.360390563845105,57.0837145055124,69.35522677685947,476.5206601707834,413.20762483438494,1182.5104318653002,4.348463783653477,6,sunny,105.85508687489713,3,Good
19.734914731819696,14.447457848722609,57.97915528631797,53.48180192123896,609.3892067612246,334.50242581236506,1192.6199843922473,6.780773158543151,21,sunny,107.12834350044788,3,Good
20.616954516939405,18.16349693491011,45.28018729283975,39.47668919324707,228.45487826127024,872.1188283612533,946.8039741051766,4.104144908317078,3,sunny,71.52287308999732,3,Good
20.955715699052217,7.817725847455145,62.554202518960665,54.19994333128703,326.8531495491172,668.7311456226245,637.0627883303623,0.3847116167161388,9,cloudy,211.3677084275376,0,Acceptable
20.51904530615403,14.016814252425617,32.950325265019075,34.77375123363418,670.619835218144,98.8654255820028,901.1882545914704,6.799453553362582,2,cloudy,104.09323694318776,0,Acceptable
24.26960739476125,23.943915215786344,45.62841570090885,21.00185952708096,692.6328017678335,289.393538994046,813.965522112021,1.7082406952256517,26,cloudy,95.94274992162744,0,Acceptable
24.203205575397853,32.60385394336406,51.66916680259311,56.02696185673752,148.98649354487543,744.4061778195213,1070.987179552148,5.046887012178966,18,sunny,124.44370715412568,3,Good
22.07408442648249,34.00543279231543,50.777759688141614,54.593547079917,399.4592554708728,389.2745226500491,966.442310878282,3.5817598565942914,29,cloudy,210.852362113812,0,Acceptable
17.669990242322903,12.744195508893815,53.40702427686299,48.1639501833054,717.3914390222507,157.05007132524676,785.0425252507416,2.385256601233405,5,rainy,102.68023978852644,1,Poor
24.438352736505003,16.538805088705463,56.19936144927956,58.320284419917726,588.0277081190186,504.00988490769737,1000.6746250062702,4.424455792791621,28,sunny,141.3385450171054,3,Good
21.72451616134389,17.133065622306496,66.41412904738033,81.92768832870354,411.4024070139227,302.9441701578817,694.874805024221,5.578173757227075,11,rainy,105.11684072664796,1,Acceptable
22.76957352941191,20.44505455364056,39.06890246038532,31.560176280654403,0.0,1200.0,849.925550684085,5.782309536965605,19,sunny,51.59994613650922,3,Acceptable
22.385723086150616,24.16056837567076,66.83252660595895,71.71509752928672,658.9895930409875,243.72817406049472,1351.6698825358665,4.831877240598556,30,rainy,103.62973254576096,1,Poor
28.06657004179374,29.138183622644476,67.1350549008465,68.21708925806641,227.0079686521818,614.1362010898262,842.3199862311858,3.297657844052229,17,sunny,60.28645281725539,3,Acceptable
18.315617398317222,16.040849206890098,23.85811319462932,11.65245364551403,827.3528785260878,26.20160113914936,818.3859550644867,1.3710704704725258,11,cloudy,86.55271108427317,0,Poor
19.412822105822567,14.395277004990668,54.20697715832335,59.01638087771131,652.4492861244755,208.01274544914887,772.2903924757707,4.327224123010605,10,rainy,108.52937596017432,1,Acceptable
25.58730927987229,22.618668063252755,45.48137830627403,36.48643346863135,214.00950170209887,703.2710703231168,822.3396393186707,2.772842301803995,30,sunny,83.67550833026245,3,Good
24.792928226356644,16.94919173574858,56.92773815975601,54.87853667161168,630.052280806916,231.07955245204684,1108.0501986258591,3.531078797447536,16,cloudy,146.19120419319222,0,Acceptable
26.878147646558396,13.028799730343565,50.24104016043282,49.4004220828885,470.92019390662654,837.1535838497165,1117.150334945838,2.9578187249067507,16,sunny,220.6652484769744,3,Acceptable
26.292146014076536,26.042125443115022,54.25953092332532,61.54619745153425,413.00072976185487,514.9587644380416,892.6456231501904,5.184874365857098,14,cloudy,76.40467842786624,0,Acceptable
21.570992452971048,27.22755820956984,50.62134718608668,46.27459614962262,440.2536972581906,462.9540721677354,879.8128434810974,0.0,9,sunny,95.9862817070094,3,Good
16.534615073467492,17.328883062834425,63.70367381555457,57.977928940981656,202.312727603954,614.2531294638727,988.2865629871012,0.945629808529221,11,sunny,69.91970637654825,3,Poor
25.00340122186432,22.342130957994957,45.04440205718652,42.05931097643455,157.99927619951285,821.2748445501032,692.5165150001567,1.752811921460851,4,sunny,66.47458057489511,3,Good
25.61762463676765,26.157607172179524,45.22911555947158,40.42612283597899,117.69645482612242,728.6589315098659,1043.5356838815187,2.7084777823408643,16,sunny,79.62717097149576,3,Good
25.423223066914996,18.75894709881064,59.23123584825491,52.92440104508008,338.7506713615013,521.1363796180082,968.0287985797348,5.45424634071572,28,cloudy,117.65403707291848,0,Acceptable
22.8798423229914,34.230200298673594,56.76143984641281,47.41870052154077,0.0,1200.0,1138.7688624555233,5.304843849379148,16,sunny,140.91972038574872,3,Good
24.433068520645488,26.96290171132893,78.11974415986545,92.43779208387268,606.1535861228303,341.0569240100284,969.5438221472256,3.546799322533169,22,rainy,115.14083129159714,1,Acceptable
26.975337552938026,18.89924706251361,72.42018725699293,74.69853756169367,74.36047780897309,793.8915063067542,1104.5985755869026,0.0,20,sunny,125.15258414004508,3,Good
24.4738818297347,16.248310898840728,76.59056751962216,75.28874529899902,536.7112838188307,377.8182428203372,806.6853349248862,2.440815600423379,25,rainy,170.45636806377914,1,Acceptable
23.98749115142935,20.050431838722737,68.0993043140105,91.19812739754956,632.4156967379962,273.28662548069246,705.5955062036461,4.323803517427384,5,rainy,89.99175316969033,1,Acceptable
26.26935002028564,13.698269299723384,68.87018937174216,65.4341251601588,48.05961588116898,826.4726420186752,842.1332437702501,2.592140845341284,9,sunny,181.05269141680049,3,Good
26.11652975790467,18.014310214170653,52.91882666115852,51.619114925565896,164.23652147157367,906.1898875783286,600.9145722658272,0.4425635854275667,13,sunny,112.7313536732833,3,Good
27.455194275903096,20.28739287908284,53.541422257151886,50.5030667495882,311.6574295755515,829.6160419565077,1082.9508585046633,1.9282345476559604,15,sunny,118.0977026487438,3,Good
21.615169244591677,27.60776618026447,53.42902797801438,52.23233657491867,677.4120412259246,226.67695665968927,632.194609092379,3.5577621902990955,26,rainy,131.74642538258087,1,Acceptable
22.70733595061453,24.024918062226607,38.55804144740228,45.28665399197843,539.553067091031,432.3375658884456,804.9968153629322,3.516457430455125,3,sunny,73.39494370169324,3,Good
20.081028240509703,21.34446921049885,48.08403634547565,48.52358241217256,717.0232620239673,153.01147044156974,575.6651674995567,3.559420535836209,11,stormy,96.92469706755952,2,Poor
20.350257950812715,10.184387747605877,72.13546157607077,66.59832166346104,319.73575787198206,666.2452228699549,1006.7622428503096,3.3800771542970462,29,sunny,156.59626312511946,3,Acceptable
21.007988093828093,22.909906317144824,37.64572746379701,21.578373382432066,447.6979585745624,493.2377921824234,955.2448773583236,3.849079098202002,13,sunny,78.18374414673866,3,Good
19.962900120857004,18.153160750360403,50.299179994626925,51.038571241572114,652.2068087890352,334.1914065582265,922.9995317983696,2.8146519105098844,17,sunny,100.02321929349566,3,Good
17.716075313523252,14.262636227401083,62.197874625632416,64.12368658765271,687.0004012590852,270.3298460040107,817.7401054727816,4.572350483599227,20,rainy,109.14174354176986,1,Poor
16.594122926189605,5.565942767254134,37.13227600913184,32.299668571247125,430.1610470446932,471.1104921255139,1023.256210953408,3.3028420087065973,7,cloudy,173.53106320329053,0,Poor
22.28660494217357,29.984759401936643,54.93911362317308,56.28420165462761,0.0,1200.0,804.3783166525664,2.7122745850505603,28,sunny,79.93844851611004,3,Good
17.95651781438417,17.751644071586135,45.43390340788144,50.49819230802379,339.235362138691,944.5841212605008,1043.922789789482,2.045571244613427,14,sunny,83.44193785229548,3,Acceptable
27.472056439746552,23.470495180801,56.03539009212519,49.35163430955042,93.57520419061063,637.6682059359138,793.7947456005195,1.1419861783404217,26,cloudy,86.05566665746754,0,Acceptable
19.756870747813824,14.90203917054299,69.95535723585469,74.11870282501401,582.1886354400917,451.0983189675801,939.1385453821434,5.614730036260653,22,cloudy,107.39502909905517,0,Acceptable
27.586205952635467,24.728105638279946,58.96480314161524,56.39392140563677,466.34251205406537,451.17138154613633,693.2020690863602,3.1100057039086977,21,cloudy,90.86035364705504,0,Acceptable
19.7428611649319,33.136816580379644,42.23692660895863,49.27634790998114,254.0121427611268,965.816373439603,811.5507973484679,3.387011271333514,2,sunny,188.10142831787613,3,Acceptable
23.82536524463506,10.891632646398264,56.7486276728672,60.07659522884651,519.537731034762,224.1122703534087,942.7706922525506,4.663778471006296,4,rainy,230.48216906427916,1,Poor
20.990140767147405,13.82440732466399,33.57107357112041,29.55514902894476,199.5757362973721,619.9809779680922,901.8044591174156,2.677698957273296,9,sunny,98.10811025118284,3,Good
21.251716809645263,17.968899418612107,56.40817009107526,54.435163626320815,427.0241400970539,506.6951185112951,1068.7926288164754,3.805488792822001,9,cloudy,78.42632374317239,0,Acceptable
23.35239745089504,10.411486204454398,57.384212725333306,59.03057872891127,421.3854303087453,817.5313814937728,971.5099843354876,3.902092643769159,23,sunny,215.26321573119412,3,Acceptable
20.885973203988875,23.88020226563644,44.31038307335216,31.16506501311512,118.45636131271633,1200.0,903.737811423475,4.738704910883284,22,sunny,78.53251584841126,3,Good
19.41691535473657,8.334238430148957,55.22915099824593,62.94263852655756,0.0,1105.8804948395257,998.4442199685104,0.7725196884040615,9,sunny,123.8636688770146,3,Good
21.616230789714447,23.099475733549607,56.79949764262382,59.867485195423455,847.9996498335106,399.493184464935,943.774022439974,1.4844854563801373,9,cloudy,90.64143105273406,0,Acceptable
22.28124072413429,22.484838518519982,41.322391778895664,44.05067403578458,313.661466354154,634.1429539343259,971.415076913052,4.084569727749236,12,sunny,69.40181469068591,3,Good
20.81655881178625,33.8858193155001,53.39367058300546,56.76209319219397,420.801126308362,547.9887984502147,698.4911562567829,3.8680021208031454,22,cloudy,231.0559002940276,0,Acceptable
23.723928939397595,25.44145869647895,56.56360424409727,50.72832700702449,521.4068153635462,636.1072028736043,1168.676376567177,5.6687578716030735,26,sunny,92.73666015073768,3,Good
24.227578149277093,22.609128482896903,44.29341257818334,60.10766257713367,196.2115566181808,718.7513139413602,758.4325121031147,0.9374284520096764,6,sunny,67.90435253976185,3,Good
26.03188532646468,19.39248708215495,64.32427551544535,49.9039203138913,651.6161457753477,224.36584749326465,1057.380046313344,2.9384582148786773,28,rainy,140.4402653550729,1,Acceptable
18.69482964373832,21.765884265523727,56.31904482536365,47.784316009237386,583.3901320119198,182.98668284722447,924.0346098140628,3.399339038151825,12,cloudy,83.8696090228216,0,Acceptable
27.16378320830605,19.12239775884246,51.40817237901441,63.3072083561834,684.7236627672976,239.68184564761648,992.4082236135088,4.309953248155604,7,cloudy,125.98217193604448,0,Acceptable
26.28815504805413,21.178684951624504,59.11616590191782,51.85813118870087,487.4644743304028,221.69155945418544,1077.4683016592448,6.273728635973866,15,rainy,108.2998220270148,1,Acceptable
19.363962420116607,14.062752613983886,43.28350420459566,44.53219379883056,630.6621179005841,404.4616573122283,839.1956073208783,5.476683103098536,4,cloudy,82.18017651747351,0,Acceptable
19.730459107506423,10.27188697037742,73.27753788602577,86.13138334141522,762.7012658668868,224.875181092428,993.9950325722988,3.7740035061050943,21,rainy,175.38443430810003,1,Acceptable
18.84851261279645,22.20025376821897,39.27162913840504,37.95878525113635,747.0775330131489,151.12265289979177,1017.0082035585624,6.023526879878935,2,rainy,78.5075556229144,1,Poor
26.951091091026548,13.424725209071129,43.8930099813471,28.452857637324115,263.34562201894295,639.6038636957429,792.5361865662674,0.0,6,sunny,203.0754597111257,3,Acceptable
26.967623570385868,13.855312152898062,45.445190399196335,54.5879342129192,836.8998944476815,93.50825069806834,903.8954539922717,3.0949642677494165,9,stormy,260.2267396852869,2,Poor
18.88256206799528,13.063425090877388,33.9542701246158,28.893469490552786,216.06566936721305,1000.9372251011192,974.4832594898082,3.979292864904085,4,sunny,91.3904800257718,3,Acceptable
21.863532726744207,8.04401087350098,49.41888964669586,55.34152281465409,519.3430752224554,449.81932993509184,1127.0433983917062,5.143245271420069,13,cloudy,236.2216886407776,0,Acceptable
18.58052684971774,22.50735568957316,57.3327488894094,60.08029463283055,472.000072624047,490.6900503615232,872.7915813292875,3.719280866860368,2,cloudy,78.92464201046154,0,Acceptable
25.860512922928507,18.121641743917024,44.374964106677766,21.78868290159783,219.0711996949879,727.0372781542055,1040.321866881576,2.556308603737389,24,sunny,128.4472531469422,3,Good
18.356571443106365,13.413873717445483,38.88913886523117,31.55812106360952,571.5186088480501,586.667443185903,1033.2242736565756,0.0,15,sunny,108.4128643715168,3,Acceptable
27.395674971456597,16.27889897582122,56.48748611349939,62.28485733724456,667.9754019932822,261.81916968686426,1289.4028080534144,3.170166739927589,3,cloudy,165.9535161735398,0,Acceptable
17.796439512286593,29.539070898042212,63.09305058146749,55.22998315593762,566.4288485323337,393.8928230068352,931.3558244529006,4.934839950510501,17,cloudy,197.91467859269605,0,Poor
21.015313651193512,35.052338722787454,44.373857126313055,38.49074368371154,107.00855184579795,728.2506901473489,1000.8522830957348,2.321669947488044,17,sunny,190.96114427302464,3,Acceptable
21.777575175042205,10.72100357023761,62.15577405731753,46.72280941741808,475.40820248280295,340.51585851558514,879.120643918183,3.1384766205337056,22,rainy,211.29094087910585,1,Poor
18.24763983907937,20.933959444086856,71.77901440710977,78.51704035918685,681.1098151733277,285.1039162758637,1028.8777221529342,1.3546740331955929,26,cloudy,97.45930284602656,0,Acceptable
21.153700457974477,23.48652676397573,59.14399910220634,57.84312518258282,308.4337673119144,674.7756669703613,946.3947640142858,0.0,1,cloudy,50.15483152471702,0,Acceptable
26.47135911314519,8.542819190825739,59.32070029489608,53.45045561649829,0.0,1169.3042145808088,947.1423165217489,1.4674599953999787,15,sunny,277.94241861451434,3,Acceptable
21.33711716546982,19.30826863949559,49.15855652483751,56.9232704703337,744.0262588991027,404.3469668855122,1315.4999919734198,2.925248522800445,9,cloudy,86.1667938720426,0,Acceptable
23.903999848840257,33.61491575309276,65.85751668241588,56.87119579833252,558.0439985622736,436.4652564522219,656.6285029540715,0.0,21,sunny,100.77734653605754,3,Good
23.49622463108907,18.03309933855234,64.53846448882611,54.78421654409884,791.4960313995225,404.3139665808766,1137.5914481876036,4.451331666903188,23,cloudy,106.07453061254525,0,Acceptable
24.31963598996877,16.508364599752092,48.63005549634606,46.18776646865816,409.6821098766327,490.4188329935505,1124.1912009159214,5.13327655520466,15,cloudy,127.91248360320763,0,Acceptable
22.04784668550701,19.522014773615,48.08769574430293,44.74012355616589,443.6254363932196,549.2018961978846,1156.115625607729,4.007564805174117,2,sunny,55.654321027691125,3,Good
23.62565036838148,12.409043024809352,48.74537473724622,47.82035829921411,566.8886267503866,405.7435714662049,883.3561282848418,1.254038112224968,24,cloudy,205.99126878977967,0,Acceptable
24.757857887069363,15.869148347523073,79.18479099435253,92.27719788788434,595.8238777523925,385.0591108403903,1172.1397276256423,3.666299536146617,9,rainy,165.1177992585348,1,Poor
23.932739057564763,17.827256760373032,31.70748445239238,27.44953329081289,456.5979754493725,318.72755146965864,883.2955541991824,3.0878859963234326,3,sunny,77.17656398754865,3,Acceptable
24.560965844088567,38.598800236887215,70.7457053198332,74.8651197470316,237.550504348886,874.5085611821906,971.4750190522924,4.44551442946811,27,sunny,220.93340332297052,3,Acceptable
24.49806461142335,14.384418497515211,62.75942418131241,58.15758977278212,366.6297739743943,748.5111000214331,1137.5038348329276,1.3733975501492446,24,sunny,159.48442279113297,3,Good
21.342660260319143,10.276715153699076,63.48274911097284,68.45453181208893,676.6680007900153,117.11782353548728,945.7634432848088,4.031792015616658,26,stormy,213.2185853556115,2,Poor
24.50828930637509,16.550196473722583,67.10620332130978,70.2850252963855,247.99513185877385,824.3969875337149,878.2771672563381,2.78860787350325,1,sunny,100.22876790829228,3,Good
21.141137394026227,18.23220095237703,62.98318575752579,64.23722350318305,288.6085539140498,519.3886236706157,680.5283754333188,4.3334549637413815,9,cloudy,82.21983137838615,0,Acceptable
21.643696491410868,8.592820451504313,57.0113992262796,45.889697859583706,412.9492656866363,695.2391404419084,1203.4202284706796,3.112190038877922,20,sunny,215.6152959566064,3,Acceptable
19.989139466423826,22.19835368048367,58.82368849026013,51.44902732020271,373.0754418318712,539.2428187394722,866.9722607595867,1.4071410494955785,16,sunny,83.86842460922563,3,Good
20.015081889745407,6.382967331527386,58.40491894700501,58.43526640471172,594.4318591702547,443.83668602960734,968.4061349225718,0.0741795941955367,14,cloudy,239.14176455032916,0,Acceptable
27.200682351474057,22.2647735000272,77.14100000487402,79.82707743885751,676.2708179565236,278.0487883140949,790.0784176631487,4.723287285792207,24,rainy,126.13020409122866,1,Acceptable
20.59318847761849,21.15866121345548,65.87135392158625,80.09065665580798,255.37176263911005,945.9948929799768,930.577878329959,1.9816177214917143,5,sunny,65.15807461467642,3,Good
27.151942131543297,17.174618520369204,40.03379202918308,33.90890510401942,479.4649473614903,318.4695058989848,1018.3769651712162,3.1146503230004634,26,cloudy,170.57502779973498,0,Acceptable
22.81177916061816,18.25015820619291,60.14825302444922,67.96245044647883,714.2433193756251,213.65387504465937,989.9145017162468,7.290425730198094,11,stormy,121.3708334213922,2,Acceptable
27.865845800534817,29.598145584302284,50.43119047767309,43.42257472816577,296.85683104431496,924.6433775192226,891.7276929565662,3.101918131503646,15,sunny,82.8673615820533,3,Acceptable
22.59142593824985,25.3018820068761,54.20409427174811,59.49912476587923,380.4580698197857,591.3578194207864,997.3475868453844,4.46367119539589,19,cloudy,85.06456573163744,0,Acceptable
17.645972608285287,26.113206520813463,35.207160147907686,24.07871983756188,89.64731880852395,785.0782898322534,1017.6815683885778,3.1245024331943103,10,sunny,117.01697772980786,3,Poor
25.77049014373528,12.113050477624348,49.34311927167124,42.37603865814064,544.5586411282939,251.54035884767663,1092.1141193884532,2.476965914645744,28,cloudy,252.34718259767192,0,Acceptable
21.757533623958217,15.369064901855474,62.43601382008614,71.62674682071916,460.2919208982044,643.6119077484499,703.7262654857598,1.931181676393051,5,sunny,95.70011228826044,3,Good
28.806489505777908,23.14509646704923,45.64750505440075,44.74759187028237,535.7176476530744,270.8816997333378,708.8265566573632,3.091981514079161,24,rainy,122.48924750027123,1,Poor
22.326956819392304,17.76837006646856,41.43871152378882,40.757149301575126,289.05934085533914,867.7764044524445,1383.5651809846124,4.6641606018010044,6,sunny,92.00812198070024,3,Acceptable
25.709277383353093,13.263205361731302,46.76909153308341,45.07014695964949,687.8783284048718,262.5312819306014,954.8393079607268,2.32515141552406,5,cloudy,196.39301297538137,0,Acceptable
19.3247496430602,14.683922865023174,39.598884227247936,50.63284756332376,679.9690639022263,132.38410152641993,949.143252777458,4.299749169004643,2,rainy,81.79936358878986,1,Acceptable
25.27678664685073,30.35990259097787,43.46379067558556,36.71779206324316,515.1203982942444,392.0889392411507,942.4696187573136,5.050456143658449,22,sunny,96.25026412953368,3,Good
23.30918336850954,25.02760059345959,74.99393096588129,95.0,761.4270758701787,242.3009745252924,1093.9718613753246,5.798687969661968,22,rainy,100.17283754342652,1,Acceptable
25.974255817126107,27.454749860500165,47.630430969933926,50.10023998718884,487.1287234515431,641.203330682649,832.4898924504766,0.0,2,sunny,58.67867262606076,3,Good
28.473484297237636,27.245572832556675,59.91610962491341,66.58048553164294,360.6159202220959,490.7046820589888,734.7118056636859,2.3561781125214005,11,cloudy,80.95979598513507,0,Acceptable
26.97509873964723,21.38869290088961,46.35764615530518,50.27924336477442,392.47393011760994,332.64611410817673,994.4714614525764,2.0586508126412717,1,sunny,80.60411663238489,3,Good
20.04634608927262,12.87789201269818,59.67260254364562,61.33479015577307,457.4597167951655,573.06655941551,1102.939467629442,3.250927716286977,18,cloudy,127.16967054249784,0,Acceptable
25.961130637146976,18.95628454017216,41.26889378393364,32.35246207171298,211.80136533879977,672.7692574113202,853.4224543929535,3.5866340527022365,28,sunny,128.98007188363516,3,Good
19.54485202282964,22.500748906988683,73.7906564050533,63.69104653497156,494.0234587143797,224.7369823803702,842.0864331727497,4.172391865076467,27,rainy,113.2573754459776,1,Acceptable
24.91307322005099,24.11976162707108,53.17446824596912,59.58256397649697,667.0465711971813,288.6595901699615,963.9413154353464,5.958571925171243,10,rainy,70.62869454573774,1,Acceptable
20.19499926992359,13.232290719124954,55.02407408188016,65.241931033365,579.1581250766277,319.53600463435987,866.471277445962,4.454996781605843,4,cloudy,106.8914929369251,0,Good
25.32143339886116,17.763422749986468,63.754126280780746,74.38731077138263,276.51725978107754,234.09957440512312,859.5757749515225,6.030504372394137,1,stormy,112.71256427057638,2,Poor
20.426882674156992,19.289634692752617,64.23618722137746,66.1421780796817,130.23198953124466,852.8855090190464,823.2739912386123,3.5934195431800893,16,sunny,66.51076646721765,3,Good
22.82157862880471,28.812276740967132,60.81997619710928,65.7798700974545,493.7358018498255,346.799994388355,818.7149405369055,4.437590688052175,26,cloudy,180.8943220079363,0,Acceptable
26.056954055264224,30.246063223812328,61.81126273257914,63.173758903041445,426.6579660979577,579.9699072302157,691.5021195756633,4.138744463554838,21,cloudy,97.8029680140765,0,Acceptable
23.40678743643014,17.032475001043235,48.17424870728933,50.5950428447478,503.4601655849374,594.0897710670897,1141.9204197179824,2.650887769434734,30,cloudy,122.69353303601277,0,Acceptable
28.157324387138218,20.694538398056995,48.54031075105986,44.77499557556656,66.34404844942186,1200.0,477.66381911583153,2.486792484872292,15,sunny,97.73346764170668,3,Acceptable
19.762253114023142,30.30370604840485,68.60337833786193,71.6117545131644,769.4220949123969,231.52814160891137,901.0814710893322,6.940936914346555,24,stormy,208.09039737198177,2,Poor
28.78801299427593,14.711845137143415,47.8689059871517,70.09843662213629,287.9958993920894,557.9483629206613,1119.8653156856503,1.6755026648690237,5,cloudy,236.4484376990578,0,Poor
28.75271420547448,18.68604834176887,59.83896753671908,49.10336132858007,437.8819189203269,670.3512937366885,1050.139212248862,0.0,22,sunny,157.6120013278615,3,Acceptable
21.68425609976963,18.208307733188384,36.14843216919812,26.91513697437108,73.95719960534007,836.8729346329875,959.5794115132852,2.9629134394903023,7,sunny,63.12215897228767,3,Good
24.623450083448283,13.06694256964652,56.54479094505932,55.16469809726435,221.094236498063,664.0128116668783,1212.8525888996962,2.9649525249747883,18,sunny,172.85990126824404,3,Acceptable
22.195465148236732,35.87717026927575,53.31715481743054,40.3653092105406,281.73783347008964,911.5776877163984,825.6315647820508,2.1953155323414704,19,sunny,219.79177580597133,3,Acceptable
24.943334303135824,16.664403551621287,54.31013652395961,60.8783022190492,73.47600067611246,1144.5414299311617,784.178520420292,1.9858705640063787,13,sunny,122.6640204054716,3,Good
20.576700916143,28.025758610224624,45.12452063973831,41.04871091531687,268.02885645923084,609.805515780931,1139.796136440711,2.676391805518305,14,sunny,118.80964249098167,3,Good
22.411219105950277,22.18867648452853,53.02676241088094,39.58186852950541,325.55729257956926,721.5843006611226,860.2805639911018,1.3348497002736497,5,sunny,80.29188204644265,3,Good
27.92152840724138,21.659907258522207,49.72261168359134,41.64715800800668,575.5718818930607,608.0291601041489,1208.2629859943436,2.2486163364112004,25,sunny,120.90522026101208,3,Good
21.73169457094203,37.21663365638069,59.57949492356371,53.44861215269373,336.24639264000456,601.0385088193824,758.9473288685684,4.215236859764426,22,cloudy,280.8046505046336,0,Acceptable
23.28220199321228,24.58957884733051,46.82003906570077,48.17784086050177,523.3174793241028,276.8793571944133,871.2278614723159,3.868963530619063,3,rainy,66.02960579691894,1,Acceptable
21.8154112952639,11.37025284787824,65.59685048523114,75.31104766623478,178.2779040799214,1032.5484827161436,963.2464631470208,2.4549486315182287,20,sunny,161.1643462561951,3,Good
19.199597484181204,8.989670685983397,45.60112978182891,38.89529490087724,786.3491718693859,401.0183284389286,775.7887353041464,3.276387306911977,28,cloudy,173.48792199422823,0,Acceptable
21.76308118456698,13.10209238296663,45.00530541728425,38.99399730188172,306.5054827141809,588.3766193276869,1045.3512876122734,2.9628599976702183,7,sunny,115.89244570680144,3,Good
18.417924863709946,17.59424850025652,59.58177359275547,64.12413984805062,256.8826079776608,482.46453902660767,926.9578363971526,4.458233732762958,27,cloudy,92.33499208795462,0,Acceptable
19.91243638752163,27.006170351965675,59.62232470206389,59.22494069791691,664.5581161246153,322.2375367070175,1053.978078994692,5.2365899007757095,6,cloudy,115.12295477254226,0,Acceptable
21.91494017143921,17.12493103886579,56.13364488808705,59.44594314512838,313.5151326704984,558.4556249690879,1029.600820011347,0.0,17,cloudy,109.27646783870657,0,Acceptable
17.579281923854108,15.369083605573312,59.16203277040218,62.085683312661736,619.3511964850275,179.0092512536535,769.6637356404133,7.629343033695525,16,stormy,107.39484820701924,2,Poor
20.601132728622623,29.95928023203374,43.12868847838581,43.1840147549738,258.3822780411224,507.7549395835002,1138.266911953078,0.3224353516966922,8,cloudy,151.1653979398057,0,Acceptable
20.77924991801788,12.18134922783199,50.64288957602992,61.05116834496246,354.3032724140587,575.8654301902595,883.6287847941516,2.2416348085226288,5,sunny,121.2569123019101,3,Good
22.91187834323404,18.814799907238253,63.69782440437065,67.0656304690366,737.0558229384533,175.2172406973246,1117.05806576115,1.2543401765933284,7,cloudy,94.30656612486425,0,Acceptable
22.063160402544387,30.11455212263557,43.57198279198733,26.60797739966494,339.7765962276018,924.4232796421488,1222.2650208564953,3.2862539279902494,29,sunny,130.63469738066664,3,Good
25.82035858904252,26.332734297295715,62.53737359604871,69.89721477930667,158.5270894114026,1029.3107640598107,833.7630061919514,0.3270685038133143,11,sunny,68.34519522276459,3,Good
17.872783485165836,13.987896507374916,40.07787530283588,50.53934181488961,469.5282223228196,711.4122831617697,1045.421239963494,4.482139259773241,8,sunny,98.68187988720672,3,Acceptable
24.638982742124483,24.208255151740676,60.205168790204254,60.01510659858069,730.0614685931016,146.38747656895433,984.5622229585532,3.0642917439008857,26,rainy,94.30192616509312,1,Acceptable
20.13177231667334,27.78110406043266,69.17677329305151,79.77469685949687,485.3007825810574,146.2508719989101,1130.9528356275275,5.9440563316699135,4,stormy,136.7198480071797,2,Poor
18.905958538729458,13.045472452489422,72.36343492050428,77.18815832164637,709.7119613300831,239.11078951820852,798.305800513846,1.7861745340437052,22,sunny,121.4917370413754,3,Acceptable
24.40005168284468,22.7891403208466,66.94737226763561,53.64852557092651,532.4563420583298,352.1135939502079,869.8194151125052,1.1441917287958647,21,cloudy,98.2576429958064,0,Acceptable
21.834481290354653,11.064683765671257,68.47757118901364,64.66937328231552,0.0,1068.0905100321168,756.5380238465161,2.949091427924692,25,sunny,134.47167608308266,3,Good
26.100133544832698,27.57312822197464,71.47452733179928,69.44865644597076,617.8942351927461,366.4756287188754,1055.1168298339048,5.385859435356762,29,rainy,98.36078571281716,1,Acceptable
21.071385453788096,17.05813029560253,55.713035051558094,58.578913284262754,572.0364606812254,283.31555670770445,867.4279725428943,2.7383123373316227,6,cloudy,86.53091421767229,0,Good
18.4578154588106,29.34007730572697,62.84522178569848,79.26245796017965,678.3763419435184,165.22546725124312,877.6839981334416,5.26253956442388,18,rainy,210.25479246278172,1,Poor
25.227297995725607,39.02549085819804,52.83001951754508,48.290742393098206,245.34745745020388,663.0767946709302,803.2453833498291,2.039978287609942,10,sunny,205.32462363472183,3,Acceptable
18.76249777501159,6.724009507688381,38.99086330103957,38.45353084022548,326.61940590105576,283.7377343918286,1102.1468018950152,5.249881970378424,22,rainy,225.5443968533792,1,Poor
21.996734043503885,19.37259444983576,74.99090221606106,75.63410261272638,418.8179428221418,306.9969513171059,877.9201149187736,4.739425095997779,24,cloudy,100.44184186116212,0,Acceptable
29.213993129448,14.656366370967,45.758605040187234,13.429267171699102,228.12435328358828,733.4826722986703,1014.4986064399062,1.965711291748928,17,sunny,219.2279613848072,3,Poor
22.60506217157028,21.5637098274402,71.46812900671911,61.604314595985656,329.16185177291067,620.804273076792,1157.5877154153932,4.033379027701599,12,cloudy,80.78515419930827,0,Acceptable
24.39712287803327,36.55026111522824,54.63109097822414,52.16986210833053,585.5959725914405,387.5762932523893,818.701558756506,2.7016196708160827,13,cloudy,200.0160481350673,0,Acceptable
28.16694452803384,22.522811820787155,51.11461699075351,47.70203559152578,575.1521965077706,455.03033528491466,587.2640178306183,1.789326140624162,15,sunny,93.0975860709529,3,Acceptable
24.404948641960573,9.106283152114642,54.9390135047832,55.26273975697978,0.0,1179.4834130292545,717.8045063843153,1.6080361200149125,15,sunny,219.22833552445883,3,Acceptable
26.73647483911296,37.19478441292693,40.20083608985348,33.80390891023697,145.0313647019994,808.7690707407023,1136.765762252203,1.5017344705564697,3,sunny,129.11158786194684,3,Good
21.437726648732504,29.170091215013777,65.40635501253072,80.5769817518033,872.734908035769,119.77395021872616,788.7418130892602,6.252770026547743,20,rainy,159.86291196764944,1,Acceptable
23.263293941912163,14.522813958403392,66.54950884928057,72.90067850787025,736.0896527901548,217.88974844111308,912.9030982318852,5.890032951923508,22,rainy,165.86262926251823,1,Acceptable
26.96166509097947,25.91549232111748,44.75819281890785,26.845116246416964,338.610925420854,739.4215870478625,1231.8116909240136,3.775545040065005,21,sunny,86.81320186124084,3,Good
18.069710456382555,13.50302353241335,51.01984981446407,48.13874161252406,260.83235338812494,625.0178545447941,1049.3739732906884,0.0920391427918523,14,cloudy,101.17557404468936,0,Acceptable
20.24739188712755,31.614098292064806,48.0563589310173,46.620989326741736,402.2261682477774,575.6787597368516,1124.4653783852564,1.9828047891101583,3,cloudy,161.41846495814218,0,Acceptable
19.27945959620121,28.137064378877625,50.92403065848144,50.58113474954508,530.7392975739289,652.5756283802142,832.1480581502614,2.071379677003792,13,sunny,132.96517553754023,3,Acceptable
21.82233982861755,19.97686139512292,48.70254468444896,31.1733082572335,0.0,959.6969517870012,967.1713259004346,4.049324906434151,9,sunny,51.94229011887741,3,Good
25.27048172182076,13.121725545156988,66.38585378442197,79.77856560691365,128.00015411873466,919.337621528824,747.5598972412488,0.5323079228444789,16,sunny,179.89548366724148,3,Good
18.028469082350465,25.44889480844765,44.69161885225535,45.84578799653128,523.1027395717656,404.7397443340186,844.0921330578723,3.8311134662809705,15,sunny,124.84840619785928,3,Acceptable
20.847682787630145,13.285770572052398,53.03503554383578,62.92337239172017,728.4847120665668,218.3436633586909,1040.5656221601666,4.533979054011449,23,cloudy,122.29229312599014,0,Acceptable
18.90035083432585,22.342224086778327,57.896945335173406,59.123137533648894,577.3872000877103,262.7535509943837,836.9572638400299,2.512977428684882,6,cloudy,87.57894914109679,0,Acceptable
18.57060370229241,19.399064298042013,49.91449692396193,70.2721341004192,500.0414744786145,316.2110774751063,1233.2010669987037,3.173982410913599,5,cloudy,86.58491453045623,0,Acceptable
25.61247861046504,22.43255835038083,67.42698749938168,80.20049502337432,601.3012059599235,358.779197420252,1104.043495411843,3.136590175101752,9,rainy,97.3688348722026,1,Acceptable
26.32095141331905,22.70952151218874,50.41784831096795,62.68683183187015,146.03869835107386,614.0819480767128,910.093992658632,3.428744274349625,5,cloudy,75.17053678813411,0,Acceptable
19.383124913925844,16.998010600958825,57.6892618346328,63.98456349898771,384.86075118405154,762.0778661087373,1332.042000192799,1.0972370144142805,25,sunny,92.93103147406558,3,Acceptable
26.372480356351907,24.59559195076742,51.46972387755751,48.44693334798435,710.4598820919185,398.1869949839263,996.6391381125586,1.2189707897353983,14,sunny,82.72943323165902,3,Good
25.127057344038885,8.28536872801931,40.06507143818542,26.45895447846104,52.67754052119042,1200.0,895.5201132243502,3.190374062600079,21,sunny,275.336180077723,3,Acceptable
20.617730684212013,32.81787017100761,69.30795329599195,72.51650540546235,0.0,1073.6561354797643,1044.636185859764,2.7083659518075693,26,sunny,155.60729022921967,3,Good
24.2352166860294,24.721882414601584,58.43935417103755,46.6190737859776,301.6146514110929,770.5536445789534,748.1509691273628,3.535467177298874,23,sunny,90.76013848412676,3,Good
20.621459656498992,15.674496277180282,57.81871488230673,40.82948012073992,156.42991783462045,843.8254000547083,1018.76232878762,1.3719106984716545,25,sunny,95.80303172000156,3,Good
23.64414453363376,15.191708742981843,61.38100006363353,56.29891027036415,119.85525019574906,1087.1298342574582,906.7376154928156,3.8380642572396257,21,sunny,124.66588291796204,3,Good
24.24854012913449,18.43419761591379,75.01868377366272,65.14433900887047,387.1655204321841,538.8768923877907,710.1008906886228,2.538119384978041,29,cloudy,127.2315064793022,0,Acceptable
18.533911354239205,14.2869996039346,60.5271295378276,57.51196755256967,473.6291363144084,430.9501866784029,751.6190618554691,2.230811425533221,21,sunny,89.1089911815584,3,Acceptable
26.30800612551505,21.383093914021018,49.15304784300813,42.14027819555905,546.5700985167739,584.2261206557505,950.6524857010628,3.419284227506333,15,sunny,103.43562773655368,3,Good
27.50980109877092,27.42704780262211,36.76672796353052,49.06752680643007,253.53796870049692,742.468643008178,1225.5020771928807,1.5683063583539862,8,sunny,73.62963874044152,3,Acceptable
19.41853760798512,25.796993082350777,43.39954807662606,48.17977792136844,372.7053000493364,586.3889121211905,874.4640072103853,0.546159401180148,12,cloudy,106.7515753082254,0,Acceptable
28.504219627257225,14.820788439035944,70.9756042551153,81.21684374691776,868.6186912343784,111.28087806181624,1138.799927838361,6.9249012264196335,7,stormy,285.2988297541754,2,Poor
26.723308536609785,25.982807083106785,57.26596528091727,61.60289668135252,338.71492606555915,727.9621463084834,1083.3489971490358,3.168031726232301,23,sunny,80.55008456555613,3,Good
27.538980239435087,21.86386418712033,51.70289996434244,60.24506960842171,525.289919694565,596.4541614824067,684.1453254346216,2.7102068851162446,17,sunny,108.16871352667596,3,Acceptable
19.3462316703894,20.20514764305544,66.97445182533922,68.07988949370662,27.54920968899713,1039.1490271045095,1052.1056284467145,2.1211601048246225,17,sunny,64.60878161721504,3,Acceptable
26.9810268553587,22.491335328493086,54.33272038325787,49.88600329632574,25.86408987977416,1170.813826019427,971.5663521769244,4.685180257939001,21,sunny,83.39020920401683,3,Good
26.70736559078839,27.59948011175932,64.70344133015998,79.56220285541713,461.2337125666395,358.755914581988,1082.512092156096,3.539038994155626,19,rainy,84.20937289292337,1,Acceptable
18.562213488423644,9.15157479564801,47.7733807945174,47.56783244854874,454.3832940836599,654.7535497262603,1025.20664739163,3.585968061501318,6,sunny,134.66848681967872,3,Acceptable
26.041601936047133,16.762532357101062,49.630995229784666,54.84956646159474,240.25583140927807,974.3577004499772,930.4336310917868,5.116707346722735,18,sunny,133.8447878903381,3,Good
21.28231000307457,24.935604486676446,74.74208846421834,75.4081804106194,449.1605052430673,362.8196808360819,1106.3594962791756,4.877244438948195,23,cloudy,110.02405339527871,0,Acceptable
20.07057466646853,21.13849082439475,37.87121424709783,45.487429798411895,642.0816482750552,422.5661353667951,1013.81429341113,3.2591271094612435,5,cloudy,77.41514370790763,0,Acceptable
28.256381730259108,16.927385622514812,50.92347412399951,51.17576001305799,280.0214021820602,694.5533152913152,1017.0202353391276,4.013705145295214,23,sunny,178.27405468157124,3,Acceptable
25.18849062065425,16.951717042514698,72.24400572696166,74.1284216325923,402.6231680282023,556.5980822203463,857.234631306052,1.772910735146944,30,cloudy,147.5915750196779,0,Acceptable
19.60112085032041,24.769608525986825,60.68951655509639,48.9298423534248,476.1283286886305,821.5644593498031,915.3783724110752,3.760713767056541,22,sunny,104.40918790578704,3,Good
24.59137800900676,32.43260462497777,44.80057036110429,45.60590578950349,560.8512955580156,155.46569142074512,892.5080365792764,3.906345059036714,25,cloudy,136.18912194916606,0,Acceptable
23.818875975902618,14.36604606083695,26.932227649367377,15.946087677544307,138.5761265459525,815.5182467368451,953.640315659636,2.3358371935008555,1,sunny,118.23976840686164,3,Acceptable
27.6419862334396,22.3970746640614,62.03577440301127,64.81786156677241,398.4688894992579,718.6101206451757,935.613466652595,4.590897391790605,20,sunny,104.95348991659849,3,Good
23.94207643113699,32.71128364961432,48.89693321071431,58.06674304579076,236.08989336918464,765.5882982291971,915.9676149276148,3.029469755698724,2,sunny,107.8583610418262,3,Good
23.053689597767058,19.219486742452144,71.98782082956664,81.552706733016,450.6693295938717,194.7471219734219,895.6929758628755,3.292853413525267,28,rainy,113.34763621287712,1,Acceptable
24.131368240193176,10.982693408493784,58.02991794771022,67.05016628527079,521.7671439211299,278.9447005860775,1046.6447814464118,4.695612931732306,1,rainy,213.0080914431408,1,Poor
21.569612572639706,19.19690138628974,46.68747009072167,44.59617855440801,528.7398927466327,356.53266014680435,954.7213639188332,0.0,14,cloudy,93.71741972235012,0,Acceptable
21.82643630706708,31.60369067961744,39.80261070026509,39.60903776920108,481.8140713370333,545.2685655758484,854.6850865413213,1.506298599141283,19,sunny,150.42869101807926,3,Acceptable
23.407847534611523,17.824048545030625,56.937763736615565,58.43073303807708,503.75547020386847,639.9671842854539,1125.5804183289067,3.1174581256863805,24,cloudy,112.13228358694708,0,Good
20.388275262862848,16.384698503282,54.87944138374307,39.31122768684628,714.5416930852895,393.6491210440714,1099.2592776267857,3.9248378255377263,28,cloudy,102.19736092154837,0,Acceptable
22.37787449868919,15.836839408007185,66.931795617756,88.07241237349164,369.59221988172646,192.775980748168,852.643840372008,4.967118482530257,25,stormy,144.12463739265536,2,Poor
26.156347870890897,16.389310603381265,52.04501445414915,47.63414822919229,1.099430337656372,988.7466705307648,734.2829693191691,2.474710442528732,12,sunny,119.43861885354856,3,Good
21.11499678689155,27.68357951328871,34.679885309002884,36.17402296461239,174.5073798100516,580.32170538402,915.2695991237504,1.087587541821797,4,sunny,102.17631355791043,3,Acceptable
20.730603198597297,22.12407502481929,49.34953186585314,50.588767277811264,396.54948506301406,573.7851872678244,833.7191429492385,3.5572155938674035,19,cloudy,94.65382408945456,0,Acceptable
18.65378920789704,32.89708891925836,51.410620673783065,46.56973088303914,254.7695912499777,782.2058016329478,935.523011068692,3.525297511138003,21,sunny,249.9073363405614,3,Acceptable
24.77542400244585,24.746719761669446,44.08928685172836,44.71348435755554,222.8897798491222,590.7297895701496,1054.8683030229097,1.203486486433619,10,cloudy,76.47255773768693,0,Acceptable
22.61337716663417,11.69497817244456,66.13149044669835,71.10340053964993,722.6091475665525,278.606966559111,817.3007672967424,4.124574806724894,2,rainy,185.8051970033658,1,Acceptable
20.873256874708147,18.626938544627656,57.941259611865696,54.41727818494995,234.3259543345548,769.1551651144356,681.2909143886789,2.554593571043969,28,sunny,103.76663041886356,3,Good
18.49472379051639,18.62207394805072,64.94334237037313,79.1213336426294,421.454115591977,355.43121621364946,983.6911710859682,3.2391136041472635,10,rainy,78.99757919003758,1,Poor
19.96153622775148,18.489100727061423,54.00893171445623,54.06184121354302,720.0198355583977,171.68360029240586,1034.8053889169585,7.069524870492163,6,stormy,74.88850521651648,2,Poor
24.65985890458498,19.107185254434626,62.979195134579065,77.30913859832415,821.6700617170458,60.249774301008536,838.3569499061954,5.057380155655252,6,cloudy,100.47750176349888,0,Acceptable
22.528959804519488,15.192431641545372,55.20169228711508,50.197211785128346,705.1142509563251,133.49549768622288,864.5904466895764,5.035314937754928,12,stormy,149.7489095920452,2,Poor
25.890030429432905,21.866235770307146,49.19640227339367,55.58042140883443,626.5552461063876,594.9840493242544,903.4327114601584,2.9599957517143896,11,cloudy,93.57998607022262,0,Good
20.761877500903942,9.593456457947669,55.78384274289675,56.891621365877725,474.7784332819134,276.5436525567857,1230.0821037731737,1.665058693318107,17,sunny,172.0924427850386,3,Acceptable
23.737995447988567,33.09911729192041,53.088221880448685,41.28519432407103,131.66988071956612,994.8147742897692,968.8422786529404,4.098303135946271,29,sunny,148.32058006202098,3,Good
19.338169450424548,17.832255523942457,50.96866924582033,38.69767457865269,534.7183849392486,484.4898980758472,916.3273899016274,4.120693129649023,17,sunny,144.47607417410575,3,Acceptable
23.44645700995257,20.70935370508228,43.94179209445578,39.54308329982778,391.9831556175087,459.9730676464699,855.3690789029987,0.5450676685775777,16,cloudy,86.29352098028626,0,Acceptable
28.07322720067432,14.389943711669185,66.90848875031377,79.60003217180136,544.0220956079411,420.4252500325971,807.006040759717,1.4832094596533263,16,rainy,264.70048608682737,1,Poor
19.195564341481816,5.606844584297903,53.53247621956576,67.17786128672844,358.4047448922155,575.4853033875794,902.7072373704528,1.152769064533913,15,sunny,209.48113529342305,3,Acceptable
23.85257807283785,9.975804628504507,71.10689120165767,76.11847370399965,436.394434589972,319.399396266914,1113.3812785420364,3.480621448340582,4,rainy,251.6508685218174,1,Poor
22.19853728510568,8.339254670992029,63.768891826693775,66.01204406413905,459.9231805881184,589.7114730375577,899.607681058678,4.403604393989579,24,sunny,219.553818997051,3,Acceptable
19.936913809434262,20.981472541407413,65.3950197838496,62.0388656171902,578.9496051242979,580.9812233396678,758.6834042275593,4.728792983285572,23,sunny,74.98611361852977,3,Good
20.83318170520709,21.17163046660615,58.04425381151693,46.55886946715974,473.52430226569743,591.0363983989298,995.2734386935068,0.223314562444548,11,cloudy,87.48730067805903,0,Acceptable
19.435058079894524,21.05303397469381,24.210604158159253,10.149515123941155,62.7472831182766,1034.2714058978086,1248.5416062861016,2.941168633880703,12,sunny,66.70684764528019,3,Poor
20.981281317576617,8.715785982063847,47.22531806679719,41.89559017364002,329.43314080064266,722.910713414429,925.5795785293856,3.6633774068531535,25,sunny,199.16954775283227,3,Acceptable
22.464015385227448,18.327199710579546,50.74711876345062,44.24197039521567,0.0,1200.0,1108.493282618162,2.518053770960404,9,sunny,52.63919055675085,3,Good
17.647353202992843,33.66325542617119,50.70929796458866,47.765068866637534,539.1559582840522,592.2371229562673,845.6984110677668,2.410991735392765,7,sunny,268.3849571830413,3,Poor
24.441363259687076,26.409968896638667,71.60259060542027,66.32356945827112,397.6819754294806,309.05659571812595,487.5390533004603,1.7168911890108989,30,rainy,97.2032436758094,1,Acceptable
23.593115991016404,31.65453467644076,34.93485566037472,22.17429063048857,148.85431159133094,992.2928074664932,606.648253081004,4.8412049467982206,18,sunny,124.4622121416201,3,Acceptable
17.338958006650724,23.810966364984203,51.7686249071525,43.97949639814633,550.6973239912033,314.2524292726401,1009.9542145508248,3.489778984295792,8,rainy,115.88867198664352,1,Poor
19.49378922164788,15.544473717884523,70.99321767561717,65.35674052691847,347.01079786347987,234.6544216616595,835.7715034919718,5.78451891658383,22,rainy,106.69356637508048,1,Acceptable
29.78247121079523,17.476486854547872,57.79823087388223,68.79393921124635,613.8799669024502,261.6612156967256,958.7452417936804,4.168489286682133,6,rainy,211.21728438621892,1,Poor
26.579398146357697,13.153563138219118,50.36952634880197,71.4420232053292,855.5487554467686,244.26972603737272,684.9688323722653,2.601999139426174,3,rainy,242.21741229635492,1,Poor
23.603182890632947,33.81942994469732,57.4908448628039,60.412226589221945,865.3011884249283,75.48731797741065,825.3778416791981,4.197240738220118,17,cloudy,164.28698669373986,0,Acceptable
19.261055047730416,12.352643346247971,39.90717275148021,27.524151595840163,637.7798130762193,354.907440174196,726.8827328050361,6.294680633179287,6,cloudy,108.65461049253574,0,Acceptable
21.542924401628937,16.99834805323401,51.228202235206986,65.23020027932941,612.2361455434717,585.7117301169562,804.0277573652745,2.0569013077495057,8,cloudy,89.71743027783403,0,Good
20.871126841202685,14.327111433316976,49.44451291377267,51.22631952829693,335.8750388835325,436.4956015321234,929.8355192960162,0.5901466886298432,9,sunny,111.1168247473916,3,Good
21.74881958244028,20.407978528514956,52.30619777344067,53.98453924158161,243.48633764018263,508.9232367118022,1101.7962972965502,0.7967072756588922,15,sunny,75.15830483573552,3,Good
27.40974318654884,15.283806632764456,62.4486615727988,66.99354832305903,464.9245276714957,265.24059813478965,962.5274921823813,3.764095930176091,24,rainy,238.6986924857175,1,Poor
22.44618265875569,22.81615001844815,46.838361772011154,33.79924348140188,248.6821753363733,843.4513918727456,713.5655122858873,1.6495630549692328,13,sunny,67.12803739625708,3,Good
21.438753332544245,24.184371834048743,43.41975991625745,45.17917236333428,529.5565377850927,677.8609457731942,1008.152343496782,2.6672289485402514,13,sunny,71.18741552739503,3,Good
23.535260524918947,23.043445149641887,43.85568548209427,48.96867154697608,587.0445273759555,478.2940834958061,1198.1272863671245,0.0,23,sunny,86.08940007355034,3,Good
26.52467813212464,25.265031749724937,33.40142605559989,23.9544416839472,570.5751698446709,312.38999390360925,887.5727827556851,2.4832543401048373,22,sunny,87.87921038400728,3,Acceptable
26.44842293496893,15.376682797165724,54.90250752638341,46.18624119322152,463.49503708705686,605.3951968713079,909.7582274916105,1.4902873598333568,29,sunny,181.46650737792527,3,Acceptable
25.39122698217077,20.25245678352212,43.76226012226079,26.428872539431552,294.58773414802994,507.8535354379469,877.6432271249973,4.170386905644178,18,cloudy,104.3561249348294,0,Acceptable
26.932038923098297,38.26473642974823,45.84996894931779,22.12227184479999,368.6627587315886,686.69257646656,824.2394432551166,2.281770402377305,16,sunny,167.5845526907679,3,Acceptable
19.09944670941212,19.80358375515801,44.40147913279142,31.37857954274819,44.56242800685749,783.2660729354583,715.046290857056,1.775840894615207,13,sunny,60.57752966306195,3,Acceptable
18.59046126527676,11.904090618996506,48.82881898103384,51.42135634944944,770.2004063505477,156.04184931467222,979.6442791699596,4.113052363979097,8,cloudy,109.57834921518618,0,Acceptable
18.57009715381795,16.68567597059163,55.72332049984824,46.23083558411894,509.3736899633776,578.1400578150209,977.932005026604,0.0717367867711131,19,sunny,90.94568407460638,3,Acceptable
25.64238681084562,19.279962844307303,53.36364215710133,37.35611016318142,4.17678780422396,1121.406880339693,1037.0988133621638,2.7914958904276057,22,sunny,90.94486606232822,3,Good
19.86569408474582,25.48806324160472,54.68720175212458,57.32923540784275,651.0004008949161,334.61672444805174,1039.706665842647,1.6228817554035266,17,cloudy,111.46269822721833,0,Acceptable
26.435114994115416,28.47294413389188,46.45898098436672,37.33177967563887,160.465106377877,1163.9971404207138,880.0346557900167,1.0828709930588136,12,sunny,70.20871353989082,3,Good
28.966703750163116,15.00778610019378,60.80022641752857,64.35741933756378,580.7474770656235,392.2114774090667,859.628743239845,1.0918887702328264,30,cloudy,252.78143541419269,0,Poor
23.99679680836294,21.56665353303323,56.258103593427485,50.568429736219926,257.5361962631224,742.6588601611752,854.8213666401263,0.1135093377998601,21,sunny,81.96811547591676,3,Good
20.974234117229862,20.34235859770791,50.442342069035554,55.18954243978366,650.9625234596674,270.8938839392791,619.2210735836156,5.79504252111678,16,cloudy,88.30214603397509,0,Acceptable
18.632185347920306,16.220267420479384,56.1017861033659,60.070998247029095,741.2357448339952,417.3534306208701,697.0736435220664,1.9160935953970777,16,rainy,96.49826071715437,1,Poor
23.590221114520844,20.845804872003992,52.76920007655454,53.10430907868745,211.6484566770455,664.718496011146,884.3158784542532,6.386097133762238,12,sunny,74.65612652668398,3,Good
26.88291993897132,12.789614915636523,43.61687363342152,25.097085706407448,427.6913249871885,677.5375253348585,699.6040386428134,2.506504712327476,20,sunny,231.32242784972644,3,Acceptable
23.91322503917415,27.4372417870168,68.71256143779352,67.78514610804149,666.4265760492351,261.67738550430903,882.4742999581213,5.656809046306067,22,rainy,111.0739805533888,1,Acceptable
24.67480664118904,22.174340341029243,60.79099343843092,58.34256573061279,778.9136939897516,200.7366537253463,665.2628158607765,3.31676413505891,23,cloudy,103.76086112519806,0,Acceptable
26.14228473749969,11.021313916103676,34.86297410186037,30.879576713084987,37.7341953597241,966.7977159176684,900.5036397018578,0.0790348865052052,14,sunny,235.21245721708652,3,Acceptable
21.66772156081762,32.70814219690148,47.38887234224627,58.21213434974821,492.2131282429963,122.18986381109374,1142.9517511253346,5.26590266576991,7,stormy,195.25528399517864,2,Poor
30.343423060083307,27.037169496834995,69.10338523853397,74.51577248969592,599.4319797074791,355.213909035798,951.5921022259838,6.951691249905387,23,rainy,96.58490218854722,1,Poor
22.06602018468891,29.04965817096528,65.16977414888358,59.78202266184955,865.303295885123,155.84869687588684,1224.8445609109815,2.4956938452159365,27,rainy,152.59250765644208,1,Acceptable
24.7636828264835,16.989959768293446,49.92675345162967,54.13324558855732,460.8685476452465,516.6393880901796,1080.5397510540574,4.110022810147234,13,cloudy,128.53061003683683,0,Good
25.485754504290743,29.31241655258117,42.419781645864525,25.49614575233809,72.96628524118054,1068.0641046163717,924.081637110688,0.1806850056797353,14,sunny,69.54112008900032,3,Good
22.972830200478715,22.748546467466817,68.61060576858377,68.61106013198017,322.511100265403,587.4742132582295,1122.3073713839062,2.741462636619683,12,cloudy,80.99558819678884,0,Acceptable
26.280599509349123,26.911836978048637,44.195877188827566,47.76748285613486,193.96524729615948,699.7383504425017,993.4257130125866,2.3735889898184364,2,sunny,39.73941178730599,3,Good
22.25303345407016,36.351285564410105,51.05348515962937,42.89641338863197,559.152994014644,456.95802732369367,968.7308733521148,3.515419510173615,20,sunny,228.6847999795074,3,Acceptable
25.496428979974283,31.96782639701331,50.01492616046426,52.888047262178034,532.874751464704,260.23668023616995,803.7776565407505,3.73052285498793,12,rainy,129.66830093875868,1,Acceptable
20.749350679222903,30.536796407042463,53.64039859417675,52.65655522170918,177.35720881714502,708.1416499894924,824.4826395067563,2.3833160271798923,5,sunny,137.4682409526,3,Good
27.85587711141541,21.38635636609945,46.72093303408634,55.01866595917481,300.1162990802927,953.0091292494724,992.0223170334896,0.0,22,sunny,116.98019593157318,3,Acceptable
27.72592478869393,11.925608196174544,49.11253838887667,44.49978977353535,207.79003607301487,1070.9991349768152,713.4262594663726,3.2594753358289053,25,sunny,266.9818268649074,3,Acceptable
19.531898798261427,22.827389732198043,58.2452659841032,63.017019609519735,231.798642292613,880.2228393947765,1149.825288827724,3.537282886564068,27,sunny,104.5358825653324,3,Good
21.372911589382618,10.646606056350146,53.57496323740926,36.72605444700828,0.0,1075.2775299394216,785.1483608536992,0.0597497262619142,20,sunny,129.33161640817758,3,Good
23.80976382150226,29.04182517500962,61.21877597912619,60.8386537845162,397.0747520165354,770.3983035624824,733.7163839477909,3.3740578082385357,13,cloudy,107.18298195353606,0,Acceptable
22.14430010403561,14.40177117773693,68.91475740597691,91.47287580478748,632.3702688265494,142.99700277340244,1268.5803320419484,3.1233013452683807,3,rainy,125.98707741216502,1,Poor
20.89602250644803,16.392017244548168,65.24797961512658,69.92885835259503,660.4419636490259,195.5076913375999,1084.2073145898748,6.543166949604445,15,stormy,120.03932602525984,2,Poor
23.310981955963104,21.753771630806384,51.381940315694685,51.11399198766208,704.527994728985,153.94400902936985,1236.8390716510485,1.5999044075656712,30,cloudy,93.04648263049236,0,Acceptable
22.74595722989879,35.32123978323199,46.14443406142392,47.84760542895792,0.0,1200.0,1094.053427303204,1.543178995452542,18,sunny,150.01434853232362,3,Good
20.796541041882435,20.65857060896245,66.38399316213001,63.168824223175335,174.0086467986772,876.9726044255448,664.4095884553515,4.594900558043066,20,sunny,94.23319360726924,3,Good
19.44892978462348,18.22883671492725,46.039631244714776,36.0605949503705,588.5345359242099,285.34820009242407,948.526872477548,2.5808258731734863,9,sunny,76.29931096368466,3,Good
27.87651951865597,37.24709090655867,74.48608151549358,82.71537892658881,79.08027975712484,1037.9881464153386,779.5681465068683,3.3062938233026298,24,sunny,140.68835384216754,3,Acceptable
27.17409199627895,19.512665799433183,54.75073674460861,63.33572345671082,762.8351911063253,116.33664610644078,998.298798640628,5.959553995600351,22,rainy,160.5432803934023,1,Acceptable
27.18104667976933,25.61909708436327,52.13242000430489,45.85715291737797,389.0375988676783,620.4979812563961,917.4073230990138,1.9414998232354337,23,sunny,85.87670069997475,3,Good
23.785395502471545,12.141577355770098,43.59944285906255,31.814315973470823,299.8538531066207,792.1191927937741,1298.0468750579123,5.193203849502872,12,sunny,162.8033983924218,3,Acceptable
26.374869192018597,16.327154244643364,59.02484528416231,48.30713290706218,193.34820479997904,600.7331518303472,967.987603029948,3.256238539293811,3,cloudy,143.829550774192,0,Acceptable
25.010560739876475,14.681916118222304,51.81054868250971,43.6397809000772,836.3486360099237,275.6701261548921,508.7744088744531,2.79060097665924,22,rainy,185.6259006177152,1,Poor
26.57650374040735,16.74446725636411,52.93889825381274,44.84295209623318,353.16415692426654,593.9824305734957,969.7357481959666,4.628133424268949,24,cloudy,167.26384090878798,0,Acceptable
28.516774599487448,14.162543174870326,61.54994352630859,66.15627760277194,584.5335781242783,383.9189541769039,902.2908254471438,2.39319174887576,13,cloudy,242.7407843598608,0,Poor
26.128441441188347,18.867681274616707,70.85491623922766,71.86323754493166,509.960363717423,283.8464306869724,1404.805219056307,3.916381158206719,23,cloudy,134.0008054934865,0,Acceptable
20.819934443226163,27.108255993262905,50.06911204853313,41.64356692051858,307.5349369050346,501.005655864882,785.7148662614094,3.1642769403544944,27,cloudy,122.55452541174468,0,Good
22.41019268151868,22.44612527252985,51.56509836627074,51.79643874263171,146.70297433558625,764.5665245257977,1005.578605213175,1.7241999014396798,15,sunny,78.01715214826106,3,Good
30.65763346174361,24.120377949022316,49.52394408367241,40.37871469827278,833.8877497141093,111.43123698903624,549.9231832551104,1.8656835423033031,25,cloudy,127.45083521096043,0,Poor
15.45400924231156,10.275053477076316,64.25631874527109,69.23645736034553,673.2362613497011,235.2088619121604,715.9444157067444,1.5121436316568904,28,cloudy,110.1709045257776,0,Poor
21.13342240272422,12.76822812237167,60.30057636718353,46.95141875393579,600.531526688216,444.9693921280345,1104.1788807621542,3.440843591128109,27,cloudy,153.30570446387367,0,Acceptable
21.02624287810384,36.6938935659093,42.3161388096387,38.978196013981766,7.29517665583672,1107.8164667094486,1095.4245086331962,2.121168762827817,7,sunny,218.72741254000968,3,Acceptable
25.251595922392493,34.88332044275985,35.73555737845623,27.451341388093457,255.64715467775395,805.8275071259442,1108.0476310700058,2.049929980162273,11,sunny,125.3026270147332,3,Good
24.08448400745411,25.650121573291237,43.65502348117818,51.39676235476054,634.1923904844512,276.3816441046571,1104.519518882536,0.9825783817779176,15,sunny,82.22028416555096,3,Good
20.8927098871327,20.7169786966016,60.01281050948317,61.47695944614104,529.4898342528841,760.3145979887058,889.2819843519246,1.2517256005734878,12,sunny,75.65862095940095,3,Good
23.483951694284933,23.555530112641343,37.92056803546532,39.67312898789124,388.1234202330967,561.3269203131954,749.4859658254425,2.707522858264737,10,sunny,67.18068526262107,3,Good
23.53366350032468,23.824126228720324,42.52568709307303,38.99806344857167,541.8247251717444,512.5838089385591,900.9371969882308,1.6078045680957809,3,sunny,59.03660459968614,3,Good
23.106270241197343,22.99065460550676,72.12087275979104,74.9520184652973,800.3385090327719,154.25809786463003,1097.8322836160676,5.166256490477644,10,rainy,87.85318436395147,1,Acceptable
23.820853518931848,9.618978488418726,50.421312395578205,49.839289924426,363.5869984368401,433.9153081235816,1132.3590824177256,0.9993636512163926,21,sunny,229.756195149937,3,Acceptable
17.559213699535782,19.328543139419978,63.95231677481253,53.53329938462631,542.1803979222076,447.5657255765045,983.1297143737992,1.9634930654529343,23,cloudy,89.82436662918914,0,Poor
18.930973117447845,22.70151466844181,40.98363136414162,24.770327037761653,167.54215366890273,830.310420406183,1000.6164545667766,2.210318857451338,25,sunny,84.14016499565595,3,Acceptable
22.48758409023637,17.261258405051088,54.23310153730301,56.38968037112887,578.3247875500831,640.9185754603753,681.5069250003958,2.075879806127743,12,cloudy,110.14831148613754,0,Acceptable
26.070919707683245,29.017531091880805,45.6256094074968,25.482548600379943,531.814803140649,275.4126735734184,935.7641197971652,3.1663865061750043,30,cloudy,101.57227760361953,0,Acceptable
25.04401485842436,33.74697133675832,49.76586967180411,45.08733523640407,192.4829901349833,783.6363709852351,1281.06145819611,1.847109159727204,1,sunny,102.83115879951058,3,Good
24.32350959487362,17.28244583910475,57.83124591937275,43.86461866112897,550.879439205235,314.8030629568723,536.3171519349949,4.048173079653932,25,cloudy,132.1912024503704,0,Acceptable
24.55973417303639,17.13486043437428,64.39902450033611,88.24619925216396,688.0629596082185,256.85365745045044,848.4064962018018,5.884424851409535,11,rainy,132.81756177814512,1,Acceptable
21.785824901496348,25.62388166187509,35.91568353807176,23.472485434127805,510.33532182341526,397.420272838035,865.6423562562354,2.81602238998047,22,cloudy,109.6763550471024,0,Acceptable
22.68058159278628,13.886205598495856,58.73783699044713,48.4895472646595,246.43297413367875,855.6790178187493,1270.1440616576576,2.838950161397877,11,sunny,137.63648243578427,3,Acceptable
22.58592182637112,29.02603916180162,47.9684015590528,54.18313153450568,54.70914862306046,733.3824062698609,1054.7241936718376,2.459852608140043,26,sunny,112.48529020327086,3,Good
21.389741298144557,18.28966306826173,42.18536420138854,33.76049409355917,262.76794164851384,835.4766171898674,894.4014984025432,2.536064948541086,4,sunny,69.64965284455349,3,Good
21.90065069823888,27.49068929708781,50.23572022665645,67.35451317715321,558.949734779959,189.1480728337156,819.1317022261368,5.627907959382342,3,rainy,89.84647357822047,1,Acceptable
17.73156250606018,18.273498250728007,33.16036534987147,21.68912455906661,73.9372431578595,957.5919558178545,953.6473206530308,1.748129731565918,13,sunny,74.86795088998176,3,Poor
27.01987956147591,19.460470264721582,56.241567838898064,57.70441435296006,331.9695043052868,690.2134681010718,953.2532571179818,2.3816596843490214,19,sunny,126.02884066608944,3,Acceptable
16.60748620647333,14.268724032392292,76.91320312269897,89.73167463837308,874.9396824365145,102.22194546427596,1036.5840573975142,3.10444112803096,7,rainy,95.50125208625488,1,Poor
18.167847868796024,15.344515752093736,50.6301728689202,49.62265191374817,396.0764571118577,842.2751104434616,1182.2905972572505,0.7347211942331207,2,sunny,65.49170837416821,3,Acceptable
18.61905335994193,22.286831365267773,62.61207642254141,62.067154185890445,491.9688860465191,411.404150489889,1066.2735381098732,0.0,10,sunny,91.18391904649236,3,Acceptable
16.987602395207873,4.082528468174898,54.976831676764775,63.57430750184804,940.5873305535424,150.29794642365147,903.5712431311129,4.626241371135082,1,rainy,218.8121784951879,1,Poor
25.73331632899328,26.26506627500549,79.20378567231849,74.28026864569588,86.28290263382273,838.4013253329465,897.2446699113062,2.949729740127378,30,sunny,78.19726402978742,3,Good
26.22099116271188,20.456269641609527,48.99978735764868,56.11155561401616,686.7981862940495,265.4109462693465,1142.195170594115,3.271570919532482,10,rainy,117.41097918036026,1,Acceptable
29.019785903639946,26.77952852733572,55.11679886785659,62.69145081061046,514.7699307048058,684.0240833101724,614.4638994034588,1.5484398030539,17,sunny,94.234712427432,3,Acceptable
21.18753034894776,17.00548348999506,51.28478743667381,49.07062490395132,409.7392527738568,590.514660559079,876.8974531594612,2.1103017471228864,22,sunny,95.1008939789752,3,Good
16.514897738482045,23.08227333820808,64.7308231704293,63.12311678226161,603.0711938069576,455.3159983513145,1407.7952201436328,5.165396017180578,10,cloudy,108.43581426224408,0,Poor
28.770872492291257,21.405693436497376,77.15802407844387,74.54049210502124,529.1617469700814,203.39358552519565,1014.9336019629252,6.45044373275916,29,rainy,153.52465925838587,1,Poor
24.70023824345615,19.2163983933815,37.78597750418203,30.02758790628097,369.1092958213739,351.9402853377484,925.1994185558916,0.0,26,cloudy,105.37331424672554,0,Acceptable
20.99492498880045,18.49996790022369,44.42652220420499,47.54609337012167,682.1624797280332,353.1570298396957,916.9009859352992,3.1619250916236097,30,cloudy,94.82501613914616,0,Acceptable
16.817313848256493,14.091414172579174,44.01721534269374,41.21605302947298,556.5398891606955,575.0214864135053,1281.1332276053297,2.6678039351732457,11,sunny,82.55588134627523,3,Poor
25.82728051288664,37.65379796640482,48.10804069202917,49.87184651937823,582.5883040120874,322.85548758359994,762.9695259161134,3.4553228882629328,28,cloudy,198.6634227616668,0,Acceptable
24.494229790401047,27.757811846271743,55.38198568426318,46.65652381515279,197.61024260272123,845.2686981375499,724.8424514812343,0.0,25,sunny,85.04481551683597,3,Good
25.178314764481463,13.360262111406644,39.57930985961631,41.79941352144138,428.4021419753643,529.7838098710295,1256.2217206763642,4.185705320905203,18,cloudy,192.3312746041768,0,Acceptable
21.87604411423048,30.77069290453973,49.85008075752116,47.62231841914973,0.0,1179.0178858118834,970.1739357590428,2.4728524085107555,22,sunny,101.24043756531933,3,Good
22.58181389178308,19.674177063737677,61.84947189023022,56.76922426321411,423.9937653175837,482.19247630741233,956.1887919041968,2.6503980248707686,13,sunny,86.64375488972436,3,Good
18.72887821505722,21.953669482575645,67.58530743692403,66.63699502935113,521.5395047171843,354.71446993986507,665.7865884454563,1.1939009789107942,25,cloudy,90.83677868526254,0,Acceptable
21.683873581978,20.24852896240684,45.503623741330486,43.17932347479885,239.3628663952146,964.5022221629152,788.1071856819499,0.5077467062719083,30,sunny,94.87811780946625,3,Good
20.59597720443837,18.05482840065825,57.49858013491819,55.76096021228912,641.8729826568447,332.4110359253491,842.9233952292418,5.680059833585726,24,rainy,104.79874790687526,1,Acceptable
22.503738027503363,25.72938345805884,59.90947600408429,54.0594550833478,343.04369957922813,567.7088179697772,754.1594336874928,2.1839995545061623,18,sunny,81.91112084350527,3,Good
16.655121048894983,21.7564569023088,31.40913477549046,27.1142669988912,328.63539432929053,450.17794646778367,927.2873608111012,2.088167186354052,4,sunny,76.91225821384567,3,Poor
29.22435638632293,20.03662557379124,55.472410839864594,49.85211131639947,582.5999458415317,424.72992119489953,945.5732860303152,4.040865402377479,27,cloudy,167.8776137608453,0,Poor
25.05041971338143,21.30381414125148,26.8393758049294,31.209871791449643,318.83818712325336,541.394088975506,1044.4708312727998,2.095398853920397,7,sunny,77.3602724243102,3,Acceptable
27.208616578192597,11.92608709530426,64.13903019585486,76.2575161499341,526.2335250156806,265.52515677467005,676.5766270136423,2.613231722614099,14,cloudy,262.0090241245188,0,Poor
18.203336307723184,16.68049992319393,61.678098080469546,64.46462987619132,568.1366896014422,340.0523202966474,1242.1696329506328,2.241206099893556,22,cloudy,94.39395886348636,0,Acceptable
17.846512481889757,24.68135792677851,62.55473023192115,70.00310308052312,537.027548720383,606.1788994466609,1239.860829710986,1.6006359302044115,5,sunny,110.04764998582095,3,Acceptable
23.537525999918383,9.383943424873982,48.21314732772295,37.32470765886632,237.8116128511637,750.9886052984529,915.8445642060308,3.344946752212944,21,sunny,227.5804367024892,3,Acceptable
28.39975616560035,26.98125405743293,39.00644143988208,24.251231475956978,296.34464640705585,758.4544602118182,1074.184950101583,2.70781910154037,28,sunny,86.53742349045824,3,Acceptable
23.497768736269997,24.31598648935516,54.95534877782315,57.67425575328576,415.73945732272114,686.5250380252687,825.8067695681709,2.931556636381573,4,cloudy,72.11039365003994,0,Acceptable
24.26927236373239,35.70440720562712,64.26862298771469,62.59131233131069,578.878271978828,264.90851275173105,860.9095782580684,1.3924121617288985,24,sunny,180.98888818185912,3,Acceptable
27.91560923799871,25.328739361067985,66.10453636745382,67.00259064884193,323.39733134544633,630.0079977495112,965.9749121485954,1.7655895064798068,28,sunny,101.3793204325467,3,Good
21.695479354638337,31.794316537163457,37.7085085147421,30.97608690293568,173.65622752126768,773.5060903470838,838.2421195076711,1.3908592428072666,11,sunny,146.38026286139268,3,Good
21.05641243190616,26.4812478139349,42.00973883199155,42.08508944083496,0.0,1200.0,1064.3260897187488,1.6139947054675043,26,sunny,71.11531756543478,3,Good
25.54781961180655,24.513166486581213,66.83499109490742,67.78340807219968,586.9459933449978,286.4640610458041,730.9560984333544,5.217168331408363,30,rainy,101.55596852813744,1,Acceptable
18.60835800963218,9.116935312282529,54.20389938467751,54.5148342600661,739.815002420135,151.95409052015904,917.858700497103,5.556109029069637,9,rainy,180.14213070215618,1,Poor
22.27170657152033,35.546790930277226,62.77025303649081,48.41254398701012,0.0,1169.046656327115,813.5905036779617,3.733577980975734,25,sunny,176.86136026657954,3,Acceptable
22.65777741914918,11.174266847148743,60.11280376505848,70.09896160855384,870.8526925874274,104.21384734655967,911.0668206423444,5.817910305165933,5,stormy,221.38373820885903,2,Poor
22.7661067960605,10.920301822808854,68.68368255088532,73.27045760693326,432.1234955103443,609.9631249431504,1346.8007170134724,2.1212217722632207,22,sunny,200.7044386864981,3,Acceptable
23.10465000353173,19.19441213546451,44.86886259390155,53.53916725472891,354.4420092424556,661.6932110622512,1230.7700981338294,2.2532266275841444,2,sunny,66.32065657669011,3,Good
17.831286883204314,19.641016435664536,37.13394059429208,29.42684570723744,278.2241029625236,745.0858350348758,1001.2047790307064,1.0553810174841898,5,sunny,69.73033716866527,3,Acceptable
23.895340907307013,22.55849909705312,51.18085341708221,61.47737321112291,568.7861426998403,462.9236652710939,1011.2258640443378,0.4615992619139581,7,sunny,76.18699705139615,3,Good
21.15562598315821,15.56681902116911,30.67032014392948,23.65082208133238,501.58896014731806,493.6299685390264,1242.2709773798035,2.211797770901034,28,sunny,108.70369449798189,3,Acceptable
19.158956184041056,15.845542420329808,49.242409106093454,54.74803050650106,321.44657453596005,615.9750263583622,1218.851906007443,2.300216556523554,4,cloudy,77.09073493748372,0,Acceptable
18.758584508500075,18.728472403968333,58.309366636173806,61.904476307965766,176.83743204762334,1004.7776542564734,1022.3872978040416,2.055574725245177,1,sunny,48.05346742456931,3,Good
24.25810370877958,13.424017828824638,37.80292382197511,36.71620538479368,659.1621389559467,316.39317135712184,1235.3075325452814,4.388299647997406,5,sunny,158.49727467864733,3,Acceptable
19.250876783504275,16.476824025644756,69.07724807024489,76.02163508397263,521.6082827903257,353.67931443622984,1092.1856842622014,4.77745556752202,22,rainy,52.858375666258425,1,Acceptable
20.795584970477783,20.05054544103824,28.382242708241243,34.40992081365613,321.73892431808804,858.4651060438273,1032.5210702877373,2.8735794301041087,1,sunny,48.54925937486185,3,Acceptable
21.77724022166524,24.46464107814807,37.912141775339855,24.496132038486508,536.1392738497805,579.8827607652975,879.5176927168657,0.0,9,sunny,84.92079215082765,3,Good
17.18906647115103,15.966854577856267,58.03766231212179,54.53873662192948,143.01760325098945,581.4844604061328,1022.5052716796245,3.109556898162677,7,cloudy,63.7200231862099,0,Poor
18.63695285986468,21.59377766469045,46.539362771158494,44.21651771143502,414.4103780148864,729.9285861854457,845.8512024581414,0.2567419189832405,8,sunny,82.35097627634117,3,Acceptable
18.68057841606652,21.84293404465873,31.995494831514087,21.790319608898827,71.875611848463,466.6301620089742,1238.3397566246877,1.9956745307905488,11,sunny,79.40825671784152,3,Acceptable
17.703510621571724,25.484656870642564,45.259676834584965,54.445982684983925,573.6079022742671,360.6191196931941,817.2272580923426,2.241062842505633,2,cloudy,119.29157419397832,0,Poor
20.894469299813785,23.84130264348753,41.544825294403736,39.31039416116343,226.09544155299324,581.9703841773317,991.4735290842104,0.5758346638287177,25,sunny,87.03767204601829,3,Good
19.520378484381105,14.059367235138057,55.15797836239697,51.74528751395502,684.4600900267621,275.7731003081486,1073.7509528139055,5.194978194458632,30,rainy,142.17534301652807,1,Acceptable
28.887246063821863,18.61526185573828,51.96862330770188,56.47571804875171,655.0369124452025,351.0147445063792,773.0488664864956,4.458163821683476,16,rainy,189.9450273036429,1,Poor
26.53761615261824,23.14320301673257,49.26832213943731,39.86492132394149,251.82175688811472,673.6118604905824,790.5461087404832,1.4452525985766278,16,sunny,84.01287398994101,3,Good
24.38384740288725,15.550658920527791,72.40963853986986,75.09134961732892,199.46069736728805,448.1379140797585,1050.524218029956,5.106539201055048,23,cloudy,143.3750553167887,0,Acceptable
22.09394702368645,11.163618737628973,63.9739585551679,81.75734765802338,689.6694195143518,286.03368800892423,1129.407971322571,1.910485633344332,13,rainy,191.26217086576125,1,Acceptable
21.611067446454346,19.979098231040258,80.22306970608412,76.93635141932988,673.4875549379959,180.12435832097628,910.258915460596,2.3529465170623194,25,rainy,112.56009175093288,1,Acceptable
20.61439697129073,33.4503549251648,50.08334462473372,37.49351430054983,345.4616486391743,648.1062880719882,697.7983659981464,0.0696986072996406,15,sunny,193.18952055778456,3,Acceptable
19.798846829686266,19.73324290583474,34.22293648997453,23.98130301786877,496.1486282229226,461.7514208114731,967.2295986970408,1.071659735426023,14,cloudy,79.39486237792741,0,Acceptable
26.71799716864914,27.370416724534373,53.60192678614702,56.24668983450052,224.07050299261303,922.0311557297856,920.8426520178846,1.4571484744054657,13,sunny,88.19847166141571,3,Good
20.859225324830003,17.828087601149157,79.77438314220385,95.0,554.30128027863,174.4645903025094,871.3539203561752,4.1974552519273765,18,stormy,128.13135960700615,2,Poor
20.570378492720927,19.883089299341304,46.60298436046494,43.20994752400698,546.2462608011433,570.3702624266514,863.4223628332688,0.1509162476643091,16,cloudy,83.3938835559759,0,Acceptable
23.931079836345752,18.015824421224917,36.54835100559834,35.16907631669228,502.1610467710194,555.7154756965367,764.4164013320353,4.384288961422529,1,cloudy,81.31537054511045,0,Acceptable
24.213313537374447,24.77755804227997,48.084324484181984,58.70944923189908,258.1251255135688,400.6091760551106,917.6654831717254,2.485117390357285,9,rainy,65.54479145413887,1,Acceptable
24.142743544625063,25.099270894175465,58.884415141634825,58.088491504426266,405.5086643899248,699.7945655074053,902.6571169413056,5.496668626564438,15,cloudy,80.04541459302202,0,Acceptable
25.073785616509763,28.815513921169632,54.4827859064496,43.96391092863051,29.638156083432776,1200.0,998.4427563806904,3.787926695933198,25,sunny,85.8814607536256,3,Good
22.36077541551104,13.472691353757714,52.64404188596176,51.14593266412745,626.5323580840285,467.7264576407976,939.1174899295396,0.0,27,cloudy,163.30481315100525,0,Acceptable
26.45923151647998,19.569019764589168,49.51651183040669,42.97226143686114,692.6824708619283,364.2559123076969,956.839516909957,0.2887229126573252,28,sunny,106.96550151374322,3,Good
19.38071484472128,25.28263099296352,49.52756624818959,52.38822407820018,176.09102832090025,1096.3933539800516,1081.2293735715916,1.0529332224097347,4,sunny,89.29078826431139,3,Good
25.38060029998122,25.579866769199747,54.33698126762798,57.10820440783594,638.7269780780122,354.5558879752454,1002.8940297974672,3.201153539649819,25,cloudy,82.86264255604715,0,Good
26.35307823053958,22.367538019913145,68.18990458867057,77.73282565476458,743.3736417505897,110.01099650786595,855.2991055733753,5.795559134368634,23,stormy,114.82573014176748,2,Poor
26.14018339748155,17.080602220503668,65.33948448958076,73.1321001354902,526.8069292165467,516.1679740020612,852.3640282920478,3.490173458567537,19,cloudy,153.22817144420807,0,Acceptable
22.6990375493654,8.140126951918687,47.059026633778416,44.66117215617398,159.68116967386675,873.2310034486981,1176.341113642866,2.977748916641112,7,sunny,215.1383749219877,3,Acceptable
21.802044359843546,16.228725439196843,66.31825953710575,79.62721162925766,515.740023426833,164.9636608962333,994.7003096467824,3.3822350457470405,25,rainy,4.37930408588484,1,Acceptable
23.46129345553448,27.05706727712832,54.8032796784134,50.1884127478039,605.1847150749039,302.4706965265389,836.2890484071495,5.014398666215346,18,rainy,102.65302570147456,1,Acceptable
19.22046098707005,17.88766795858518,54.544253178397554,45.20369669404654,651.3210011397433,222.7647259571327,910.431066476729,2.7285629536255103,27,cloudy,93.2467765846158,0,Acceptable
21.3697451211052,22.645990592619004,53.70324361817234,61.35865654893631,346.5470451037376,425.8692463016045,727.3658037842272,2.43441564833036,15,cloudy,73.86692841384138,0,Acceptable
20.61134758506154,18.463708528583226,56.47506099091492,58.07587930178343,313.76778699093376,463.6383496467023,799.2472994971085,3.96870174236605,6,cloudy,76.48589716200271,0,Good
25.09945523360409,16.46324198712995,60.45608459634799,56.29345696583462,689.5003878514779,543.0889283499414,1103.687298804032,2.369362688061421,30,sunny,132.41929025804757,3,Good
20.553602911451733,28.53574593721677,58.96670107241547,52.84631397802674,262.2540022298587,910.569657272178,803.0056080818117,3.4783707125592427,20,sunny,123.8173899408491,3,Good
18.28036238898346,9.590717107726544,53.90671804984815,52.535952789185465,288.8022209658106,727.5293362503321,987.7809415865386,5.012336615967616,19,cloudy,126.80347017048936,0,Poor
27.772331703297823,25.068502820230652,40.41150849583797,34.73475537093381,121.51910585892377,893.49561717069,904.0534501489392,3.961008799611745,13,sunny,75.60034432640101,3,Acceptable
23.8834140689818,20.486881643169266,59.98302904739494,64.92555009741139,675.8479086011812,275.75895510733216,1236.2644022699203,5.922689095450442,20,rainy,106.21930851484493,1,Acceptable
23.854162030061467,34.33946883931036,64.15649163204571,67.10810122843108,742.0071652196365,138.17005927117248,799.8025245400693,5.5637262343178175,15,stormy,207.4304027999484,2,Poor
28.05573081387472,12.80520307031386,53.32924979148716,43.55540479507123,425.9207521434526,521.4158588181118,1166.1315730971776,2.63899994131537,8,sunny,243.48085480205697,3,Acceptable
18.82650520147846,21.22707412131433,52.27492113581273,37.70764991246526,155.81730583972302,620.1470956369739,1165.5273113578623,2.811381026698022,9,cloudy,93.08007226050312,0,Acceptable
25.482306044713532,30.335599216028942,36.69372231103428,44.48049362173492,401.7334250958453,765.4884624841961,1083.8763106203237,2.488035029500835,18,sunny,108.26224384216712,3,Good
24.76776236327286,18.15112582241208,48.96997211955221,54.2659456224908,526.8024170780244,405.6130302783611,1064.4948002476342,2.58308314099432,3,cloudy,106.69235748085838,0,Acceptable
18.291603761754818,20.39260414592613,41.5378523447082,42.86879996894125,441.8867500365907,497.4134115264917,744.0245835964008,3.9745009881608167,13,cloudy,91.48630643652191,0,Acceptable
26.783358299456125,29.99539364956209,38.19931870973258,48.28145285197816,570.2616310832659,462.03957218262985,710.4417570231896,3.8985326332446952,2,cloudy,67.18809310794381,0,Acceptable
21.82097680725945,31.73999149856458,45.993231104049066,44.79220927735508,346.21524957272203,550.8670153893776,760.7759222278233,3.349333930665769,16,sunny,149.74982106287777,3,Acceptable
24.16818224066745,23.13724381191044,35.253652425295726,39.442597642809545,276.2102725399324,532.8493691129727,792.4815390735444,6.215069537923277,22,sunny,85.79411483214632,3,Good
23.09450148301446,26.941482174499782,65.32728451511068,76.49028219882518,291.75498748106094,691.7233503392333,1228.1478961115197,3.806606738343291,19,sunny,92.66461399095787,3,Good
18.46283592447255,27.183849429893435,53.2858419825735,52.71962042591625,232.30015183156937,817.9378772042222,920.1655400618488,2.4508348118474763,13,sunny,141.27343465987818,3,Acceptable
16.69623163730608,8.29957816797782,42.88630983010919,38.943756587525215,802.6704385803948,370.6571215091317,932.3112622355424,4.4078296476631085,21,cloudy,150.0933731695772,0,Poor
15.358449873749365,13.408404079156526,56.89097303133428,67.29304136628834,451.77085614454967,240.4352571057052,670.5254712897913,2.9236183041737123,8,rainy,84.33044395671932,1,Poor
18.716985078345303,12.518000596642556,55.4584819388367,47.48273313542507,660.4910137355315,309.726418473354,936.8729658885565,2.254580874781376,14,cloudy,125.10609843165348,0,Acceptable
27.92166515004653,25.743454812886583,59.11717942114522,44.496335119248144,100.24384796309896,784.864617660942,858.4564211260545,2.9609469294071733,23,sunny,87.34455865265905,3,Acceptable
27.75047565241232,25.985666055354745,59.75345971004881,67.32995835532411,0.0,828.5947978760578,845.0537645453697,1.665808957895702,14,sunny,38.83644145873322,3,Good
17.272586190398304,17.847290005413882,53.92889778253865,60.94252524446679,676.6304614181836,232.19868276005417,1041.866898280666,5.591752859737355,20,cloudy,82.39063684759032,0,Poor
29.28890196401752,20.79521921149705,60.783168252504986,53.09921082052385,371.5413695479738,353.60494955751506,860.8167877839538,2.2462997743895388,25,rainy,161.3666911743298,1,Poor
23.22145635309769,35.27649617460517,55.40194203214738,53.684970170522135,132.62200433751914,781.1662540091507,973.6045580455096,1.2395891822489449,11,sunny,179.55794346437696,3,Acceptable
22.369785621663247,23.42060224590263,60.13735046851368,47.12531103773596,408.8943459544828,316.02486629766963,1042.6020579073545,1.679059111773595,22,rainy,101.14856081981183,1,Acceptable
25.231397493170235,30.056784583575173,58.17082884756423,59.61843058412008,268.8028773280768,535.0360668090246,701.9247949574312,3.279225427939915,12,cloudy,95.2591755856664,0,Acceptable
26.143524465243715,25.10737217419047,35.97801950748409,30.767739040535066,243.1809341877904,598.985061277533,961.1187606359224,2.531921905673224,13,sunny,82.48062376815292,3,Acceptable
27.325034508398147,16.54344902647524,67.35538707817095,68.4993893847695,484.9089875860933,125.03655894573586,757.2512300951457,2.1044374839249613,23,rainy,204.09719883007352,1,Acceptable
23.54659734408472,22.27742523036765,47.3613010839164,63.48689208029938,313.76126608234426,415.0477163124256,1049.2952762359928,3.410510357041274,2,cloudy,62.471891905597474,0,Acceptable
26.00709518930193,23.972298161979857,63.6103676042288,61.957973020700265,568.286119183399,612.7000263580537,907.7694507763013,3.077602231851914,13,sunny,81.02098206569772,3,Good
20.907706263517756,10.50042265716759,69.32291426409704,88.50819394490202,1036.5239469996293,147.6433692793875,509.7777545182042,2.6469098025469795,28,rainy,208.1673922171199,1,Poor
23.374827219386702,24.906790405585465,52.98934516456024,41.33296204866914,387.2191299699995,410.0603391687776,987.3068417660306,5.95696416670308,13,cloudy,86.08636769813974,0,Acceptable
28.055627437147,31.28640969434072,54.74693111790805,45.05727341964326,446.1483008020059,567.1402453550817,979.2936715697924,1.9843102001831787,23,sunny,92.59201651325984,3,Acceptable
22.81313085884421,24.922977476185636,49.49159297982728,42.204536140655264,148.1497850988275,988.601972000234,1146.4839953802675,1.472310652008577,6,sunny,77.82518715943897,3,Good
17.45536414395382,12.184176204350866,77.84390059187352,82.37305199469165,630.0245828250735,0.0,842.9064307848154,2.879053699602547,19,sunny,103.113462354482,3,Poor
20.695710399607044,20.151309650167068,46.17774895431654,58.80394811362807,737.2028978371525,89.93104998038706,691.4730860075714,1.5167395819737663,17,cloudy,86.63162724204257,0,Acceptable
23.59178452011803,13.660909492465944,60.95566914239123,64.7947864034249,730.0075890224427,25.340060875389284,903.0696750363846,3.5995502839849456,18,rainy,190.96195517405812,1,Acceptable
25.37233951402974,22.56920510110901,40.276563770665774,46.3541906998404,345.4533082014714,521.8811587843991,1043.438778772188,3.004273235202456,2,sunny,75.11000577776372,3,Good
16.34141534805931,21.49859968083153,57.592436232394896,54.351103478520415,0.0,935.9503180467048,1040.696799503782,2.439815890213955,5,sunny,53.49982166893897,3,Poor
27.2226089709494,15.961836457856688,42.84764213937576,41.03518512406048,141.43138111255092,949.725371266577,691.6913302347322,1.2701169668135888,16,sunny,170.15137990550096,3,Acceptable
24.767856291061744,24.071071190014145,55.842509640141394,58.79676736400172,220.04866568126565,569.012997640827,1095.8836383746038,2.338183090992211,21,cloudy,87.31179965578303,0,Acceptable
18.56692127158842,8.596788835776136,42.77026959004601,46.31343774106444,188.47063542566903,755.1952233765346,897.6543450916307,0.0,9,sunny,143.5468540236281,3,Acceptable
17.981130320556172,5.55261005413464,37.10624534065576,26.542293331999005,625.1872904546128,260.0220169140983,817.0703989395591,3.127679025577897,8,sunny,189.99374229027225,3,Acceptable
28.12200704854246,13.565629457748912,63.57492430402895,64.92950060313909,349.0905073415272,364.5456978229424,790.7564010239659,5.292656616974606,15,rainy,284.8537370231721,1,Poor
19.162137451338957,25.561936475668738,68.06866874113916,81.50449694932432,632.3192377512318,314.6603669107232,1111.2534846970177,4.268158856498472,10,cloudy,123.0282367862436,0,Acceptable
24.394613419130387,12.49895572653653,57.28584597161163,78.01522203462852,753.3406087134673,266.22655397476177,862.1651645533817,1.8732649501176304,16,rainy,220.13369856483092,1,Acceptable
19.110294059948757,16.12333240291312,63.62095511484093,69.57281178118598,707.0388781502785,141.14760329154274,854.0591223609708,7.2537618208789265,24,stormy,102.5976690576414,2,Poor
19.50575085893467,22.864066474623588,46.991863867941404,41.704544207815815,93.30179824685294,898.9012383511199,752.9676826372167,2.555148215216006,11,sunny,77.61450805907695,3,Good
27.002108369499133,32.67923240449085,48.55693683902647,33.71330976662623,29.53016405997589,1200.0,818.049748760205,2.1492394601720983,16,sunny,82.63566748270878,3,Good
16.490836156174513,20.181667308126897,61.68108089212776,59.20831997610735,430.750822708088,489.1983504758673,829.261031712162,3.7544696888308176,25,sunny,97.01816170015618,3,Poor
18.385966017586163,14.474268050950675,47.19631729895138,43.048809729472936,830.6365210386276,251.8709414933956,1181.2307982423288,1.5841242377359857,10,rainy,97.2307670425802,1,Poor
19.704143434709017,14.571074884649004,28.37119155608008,14.042784666131864,401.9761309300818,403.24945359819225,1173.1815220719143,2.9646121265968395,17,sunny,116.1345208534641,3,Acceptable
27.041459488513397,22.09907814606924,67.19538106006343,76.32083373746151,509.8507661427274,605.416309580662,843.531246847015,3.471421991212362,25,sunny,106.95415264304108,3,Good
25.092355288656417,12.407800585165928,61.76096030844229,53.68227153682032,532.412162299406,184.5610600880304,899.558619676156,3.7668738606548624,22,rainy,238.20285789158012,1,Poor
23.28296035769929,22.61247068553783,64.88260382343377,71.93739098467486,806.174269468788,158.21323561327,694.4694331893542,1.9804370440817407,4,rainy,76.86581876454439,1,Acceptable
20.48082108324797,23.2323409307376,30.469469829624327,37.55503884431793,0.0,1028.1986196445534,1068.3810258591832,3.5195274735084645,4,sunny,25.84660004248832,3,Acceptable
22.776992382810416,17.896683116582086,47.24749972687379,49.80867834619816,517.9748753661938,475.3601650521641,1261.166003566815,2.9708630542388814,8,sunny,94.13702548724793,3,Good
23.41765477965647,10.547054640374895,45.37202397724924,38.82055830380973,688.1992856835897,232.6959607590744,1066.7898699754824,1.1893175851162108,2,sunny,184.21013956115715,3,Good
26.395168220504907,35.636091143852354,30.920049902501624,24.221698666909138,0.0,955.6499257032676,650.5845917695575,5.829627789792854,6,sunny,87.61006849204313,3,Acceptable
21.79611931099879,15.71734249195321,49.13347334853153,48.11807304250706,219.05619410853384,717.9422543484509,934.5726837034534,3.0510563928096808,11,sunny,93.0720760618715,3,Good
19.527522233447016,24.35561295898342,45.700651819289455,56.08624647573285,313.2234855526611,768.6856577481135,892.5101041168665,4.55195000972457,1,sunny,72.12542654901972,3,Good
18.963728975341382,27.928647346087747,50.9131757394168,38.60885656632141,728.1000936708306,201.09631900706475,939.7077307221232,4.136062398666428,7,cloudy,137.44790663681565,0,Acceptable
23.654805823998164,28.555335625674523,39.270292929463885,29.98370945868858,243.25477745367897,892.6919991049245,844.6989772508016,1.7602960779999486,11,sunny,86.28379127131305,3,Good
25.65138095914205,18.88021913703561,50.2566146723509,34.862437606988934,285.4603970428796,653.5020642667243,542.2483140979144,0.6438249707998518,23,sunny,120.13807751889362,3,Acceptable
19.3013760067644,18.07384758634975,51.73074972389907,53.39370693373776,457.30338224369007,378.0060666543645,939.6575113994312,3.848976308232813,3,rainy,25.147168391066188,1,Acceptable
27.06562094841288,13.972825029545705,61.36879801056061,59.228556150942296,253.49219541088897,402.4944478410511,1207.4284688907958,3.8264267280408335,26,sunny,201.6841373344768,3,Acceptable
26.85153638900217,17.647839254677294,44.31957986472583,48.47182297185452,687.837294780902,349.4513106821688,874.4741150117491,3.730432720417841,6,rainy,172.85585932516923,1,Poor
23.961772156134607,22.83390203947865,59.69635808063983,54.60315168424624,361.0681697474441,550.585058011609,871.4734559465358,3.108886073103142,14,sunny,77.62921341749954,3,Good
28.01704045713833,21.6693786753012,44.550709193887926,37.49422084325301,569.4558417225112,577.1271300864456,903.5237494568408,4.169523390959884,29,cloudy,128.0069901227562,0,Acceptable
22.13092542363836,11.72643931868618,68.55383873344051,72.82263599229395,278.0991692323577,446.7790496459234,915.5887829054288,2.2286784952249645,24,cloudy,167.35642663805265,0,Acceptable
22.518811751886908,18.438075269904697,47.51804039938425,49.14111392432479,0.0,1145.4075122831994,1181.5432580825932,3.068718384702712,26,sunny,59.007574383823744,3,Good
18.466922089578144,27.45950113954988,58.1182115008513,70.76620768730075,683.7569768352262,188.587501253978,953.0661356057768,4.2064337892894486,3,rainy,140.36589242871597,1,Poor
24.82200116266961,27.06044602739923,50.15110732410896,44.49408742111105,506.6826782923605,411.5073880138633,706.3109271816876,2.653773827768982,30,cloudy,85.77875400471225,0,Acceptable
24.25443119751625,27.79494385388711,46.25708912633857,46.76329089682263,654.9473057526914,297.3702076733561,823.7558086956973,2.3957080113941247,18,rainy,98.6904271252078,1,Acceptable
26.643349175009945,29.103803426264168,80.11325547406457,87.87873329362787,463.10701929093096,307.4251002574937,940.133484987856,5.377175107878639,25,rainy,111.29220012855708,1,Acceptable
27.221390368659065,18.81622664799901,61.29177912680737,70.67736556016328,557.6973476896385,221.78660403047584,812.1860414822768,3.470785775304533,4,rainy,144.5670597557892,1,Acceptable
25.759563056861797,14.664736175312836,46.91052023851662,40.3459376811086,105.84377337640252,877.763542086221,949.005345471912,4.540542410679691,26,sunny,164.2795300448745,3,Acceptable
21.821205125482305,23.54118863945325,72.06350467070101,64.68218359799138,323.51046345325705,620.7427065831813,659.9357841614749,0.5210314899750585,15,sunny,82.48293628383198,3,Good
22.00891698648197,21.425721504167957,41.84460028445095,48.30463567906375,674.9087463030158,179.0703782840036,782.4006278517937,2.0720278502232805,1,rainy,57.00994764401868,1,Acceptable
24.134780323573786,17.60586215447135,60.764884006220576,58.004953722779305,327.0889776812687,552.900796930575,1095.1254717046795,5.436474602381713,7,cloudy,109.33646896506389,0,Acceptable
23.60664006411554,19.03708110654668,61.848833962805614,80.29000931931225,827.2725660367436,246.4424343587044,935.3004654388882,1.1623753732747666,13,rainy,104.74554860138204,1,Acceptable
26.32197729678567,17.97771914800858,42.31550127345052,52.08226752560013,492.2103085287104,243.06963558883777,949.5187022700694,2.610913387868973,3,cloudy,128.17011837398763,0,Acceptable
27.853364442106297,17.958021320365425,68.7639998421494,76.06664685499453,757.7371625439557,218.2773068116701,1078.833071056617,5.711322863394907,28,stormy,199.97207163111275,2,Poor
17.16779867352599,18.44248070352428,47.7350114843,35.08075310646305,303.475166246694,768.0262565852038,660.5497136532765,1.8029491526363213,11,sunny,72.77164848244102,3,Poor
26.709844412196816,29.819161250361464,47.44936621840727,31.065125386109067,382.39476973474376,482.3884626735611,690.3742075287901,1.7274123202872087,16,cloudy,103.95148319018816,0,Acceptable
22.811132185410543,36.5289541359445,56.60058746204078,59.30971296738004,551.1285382928997,349.1748325216006,803.0425539302421,4.6958870629312095,18,rainy,276.26666878977284,1,Poor
20.74493594020532,26.255276352469,40.57314494121877,16.543903818490154,117.1116778203354,932.7316429793426,1167.7247181273135,1.5251241819048165,23,sunny,89.00859944126341,3,Acceptable
27.24286790955228,20.20525254530928,51.834855667474166,42.38316659388474,377.0566293859431,530.7424506701145,1124.7211603425685,0.7911823628848582,18,sunny,105.43421322031344,3,Good
18.147768679248543,24.105838895034093,27.246586682709616,20.76393453138507,683.8728665840572,299.93139882788347,962.2686557794674,2.871389183251466,12,cloudy,115.4131783963682,0,Poor
20.556547011329155,18.12979687269518,66.32526408665021,64.02442031021857,67.87869337709296,811.8493514764839,1075.0058524113,2.851149056246489,24,sunny,73.9060684493764,3,Good
23.27870752175747,7.1893164330558825,38.54059614971976,29.21765515620966,392.81000804915,708.4493045115024,1115.0270140883808,2.0307802624677738,29,sunny,272.1992795532101,3,Acceptable
25.06157047636584,22.16020704476501,50.59539724457315,46.122932219889904,490.495467735373,523.9144754251031,778.6356398259309,2.635178160768735,2,sunny,69.76896324650625,3,Good
24.797116041571627,17.62456381446985,68.57489530880906,66.46824991143666,104.5334931178745,957.163893292558,1299.6507189178956,3.641812920933192,17,sunny,108.34732925590038,3,Acceptable
20.486600964026568,6.637118477363721,61.43891429600805,61.63632143213471,522.449756536761,197.29172755591765,687.3843920982896,3.974949727368256,22,rainy,278.7795171789902,1,Poor
25.799120039701684,20.09465919584168,48.42241384696731,49.558812844627575,635.9252659075539,133.45718118001852,1073.508421835913,4.091628885304419,7,rainy,100.9247508912926,1,Acceptable
26.374753996366465,28.06992792668344,48.67093250627466,69.24566762504136,390.4678766740392,575.2418953046109,725.3327108263987,1.1394591423736935,8,sunny,60.1122603863674,3,Good
25.01771842815202,19.344170958422172,73.85336640871577,77.8610725537813,567.9792870581673,206.3822623489991,797.3179736020666,4.32802118704454,22,rainy,127.17844283093224,1,Acceptable
24.159861216620502,15.494639125553594,64.86042877783808,54.44989917706813,577.222164564561,249.695311156903,673.581909739618,2.148393079757819,18,sunny,130.96883300773175,3,Good
29.222578627142887,27.1565444057415,31.754945814367304,20.175966081770063,651.9041068097308,187.8666641655525,656.0569335468291,2.79749900703519,30,sunny,88.76207750698846,3,Poor
24.293438233510148,13.415840362427742,55.91604883149395,49.3411759307074,345.0357229052624,697.3597371990911,825.4257145857621,2.656022492180047,24,sunny,159.07351827725262,3,Acceptable
21.889112573244965,14.580904137392764,43.274235250664965,35.02002812285387,397.7924340644736,437.879923754311,883.1840208666728,4.865393775155005,5,cloudy,113.32349042922664,0,Acceptable
19.764161724969764,10.431457763380171,75.12848921225415,82.19440210773529,597.4540419264222,228.28064850611247,761.4675805445023,2.9957045981573693,25,rainy,177.00992533386884,1,Poor
25.22182365637672,26.25829254416074,66.29294429676987,62.906837830844765,315.800298487089,604.875329061008,1000.565920247924,2.8989615428907958,14,sunny,85.38727514704694,3,Good
25.954709481873383,28.25213184299401,56.452155031184176,62.4573093838397,493.5455942467346,758.5883616013934,712.7682484457973,3.7198507799698217,18,sunny,78.93819577374445,3,Good
19.283758843218784,20.40756276536831,57.39696012546345,52.89932301784186,564.0588189585079,381.34113749965263,649.5734742743168,1.4215962005231746,28,cloudy,96.17060681783192,0,Acceptable
18.87843717169452,20.66293632062837,55.95489679619923,56.01099370843089,610.902648144449,520.1528547735894,825.6957221806674,3.0635366622924187,3,sunny,65.99231075244823,3,Acceptable
18.895528450404385,34.10136709472489,48.882465054976734,50.19956000394288,317.5712715640821,632.0530355755178,1179.6493503260283,2.9022900212097444,16,sunny,248.95255719283384,3,Acceptable
25.783451796879763,17.027970126457504,56.89837215734077,55.57127746507529,191.8295108016298,744.0986565218997,965.5557682586046,3.195510363024672,14,cloudy,144.14756325593504,0,Acceptable
18.846042114359044,17.904091106095375,38.51731325274099,31.700589383579025,843.76313103575,258.38393817801426,1280.832326842754,4.321440793314685,19,rainy,91.40488623747729,1,Poor
22.25043078585855,25.245823622897618,72.47573580048174,79.20244849046645,742.9275752638555,204.7458227511629,1044.8503210287588,2.9449450350988164,26,rainy,117.41598363685516,1,Acceptable
24.673432336904423,19.10683461125434,43.821290646104416,32.37473181298704,339.2670503770228,148.85806383538224,1070.5604949639628,3.0971097691416354,5,rainy,98.85595200994536,1,Acceptable
20.6860395889057,26.47505021471839,51.14099975212547,43.9850497532015,290.675462490492,890.628684732039,840.1981679415494,1.0659635324983754,3,sunny,79.30096907351046,3,Good
22.26062908375237,23.161429148669807,47.45346788663048,51.53278434512359,64.12961789638499,1133.3142855085182,626.6324336528783,4.048690799999029,6,sunny,57.64340758579259,3,Good
29.5483274628667,21.58100257431589,40.50663682068574,41.13393598250262,326.09602203254565,722.027197777239,1009.146237906295,2.285099340392315,7,sunny,120.322533573338,3,Acceptable
22.23450571854653,22.21971386031988,67.78137334189469,54.20554446440392,647.7157490301905,399.5394313725552,650.1570403543765,4.282175414807325,27,cloudy,100.59597771001262,0,Acceptable
22.050708085355605,16.587750616684012,35.52120981630969,39.67729363688033,516.8374851890469,223.6259798362304,1006.6550873023392,4.220149254569488,18,rainy,117.32230301041707,1,Acceptable
18.88478551656141,23.396990512155963,49.91702973423396,49.02244000215012,622.7949070702725,0.0,931.0399785000916,3.0760673620465315,14,sunny,101.978062901763,3,Acceptable
19.932514363882344,24.25624128289372,45.58531449811056,45.64708990623056,806.0380382065739,149.6093941727626,1035.0779260336856,2.183093490670175,13,sunny,90.84210923848052,3,Good
28.28457966150896,28.62291110268121,50.38853495140689,43.57150208323367,0.0,854.5531727549702,598.2549013738108,4.009823547477577,30,sunny,44.83463847949987,3,Acceptable
22.42100145351396,19.999315443139547,46.15042462231334,37.39443628443833,499.5520411015895,402.173329077132,1029.3378549870872,0.718966323279596,13,sunny,97.49905952497524,3,Good
16.84747719649854,30.584331346168383,44.16496786902312,43.58556388391375,280.3625922918826,602.4318270232144,1031.6570348458242,3.8654306508038254,11,cloudy,229.74639773669665,0,Poor
25.295198372542075,26.33865112324692,39.281926891663545,23.96962867718247,440.2792658368268,533.9919204283066,1095.5041476710828,3.5778021552932358,13,cloudy,88.31852399609038,0,Acceptable
19.180782799506385,14.481431575166056,59.06800473574411,51.12315075663673,584.4168650920142,444.6856592430664,1055.4501394042584,3.212053040234245,12,cloudy,84.49167620756586,0,Acceptable
27.1374702891636,24.78899062504422,53.44681856368466,53.05795050926488,772.8608365438969,198.93230296373852,608.3950800800611,1.8640674702183408,27,rainy,106.48515649476508,1,Acceptable
20.652032052381664,26.679022618965277,46.44197458073121,42.615557627503215,198.4386542627264,874.7869285807129,844.400078051484,0.8558533817841723,19,sunny,107.0057892376722,3,Good
27.51875750644431,25.11979174975818,78.74434505480143,78.83094414817326,300.13236333896367,213.83786318257785,1185.3570332995116,2.783283683835359,28,rainy,106.34778117494434,1,Poor
24.510090048798677,26.37448491317196,60.86072474834282,55.21454516282249,517.655007404183,310.6194910549128,910.9057484133236,3.552802647594308,8,cloudy,96.33146915795392,0,Acceptable
21.889038806080187,12.524216672251264,31.86897307153972,28.21704088344768,343.0592071419944,625.1779955903893,1093.9623042014448,4.138891516119829,11,sunny,131.5849797095452,3,Acceptable
22.278985672762943,22.457128243844156,68.70601988104333,71.43581459436041,596.4599214561592,577.9921700054448,1017.8669985937596,3.9775408699513193,25,sunny,87.97460311478324,3,Good
25.55740687277508,17.05268271651806,41.01119289286622,30.84565111917705,629.8026902375739,426.44775706251176,1156.133307011219,3.444806233955358,3,sunny,116.31902727528116,3,Good
27.182555435168844,31.09245744357908,72.7178950160557,79.85473219120058,701.979556781323,102.01468971849673,1069.6600884362567,6.148067264776956,11,stormy,117.80573545227524,2,Poor
17.566717943882665,18.93397286824459,55.71044938835119,62.18880767748821,336.2532212766081,728.2208726937034,877.5783341305543,1.5416489113391625,2,sunny,64.04310575797516,3,Acceptable
21.85095678332403,17.32306342769839,54.53423460717083,41.68412257856168,361.5787046008521,535.7103809586263,1196.5864162045452,3.561808942463822,22,cloudy,109.37731068595774,0,Acceptable
27.02189494485355,12.468438428896915,60.14653607056645,69.3709417500487,581.3685604627641,268.6405885710504,1093.387288877189,4.463860842109449,21,rainy,282.5104144096117,1,Poor
23.643309519337112,15.956156955482736,42.90480252998012,32.073192776861205,292.5306107164939,524.5872641656181,1180.0735212395814,3.314184672921475,25,sunny,124.26748730760204,3,Good
20.353995599913286,21.50025309743005,44.5774051395712,36.964437729471584,147.01547699358258,878.3385183844171,838.8682929527165,5.338085414350817,4,sunny,61.7109181754025,3,Good
24.191646592196115,20.86039956361371,40.95187111732326,44.61240207712315,482.5094124619324,304.5139271318969,803.352504591823,4.433872054772419,5,cloudy,79.03138849588804,0,Acceptable
21.12897000185696,12.595325782926992,26.69929006380776,19.92858524637276,251.0162914592381,796.5815076824252,1384.5122509961825,3.1069937369363885,1,sunny,109.63518297299213,3,Poor
26.96802677323816,27.30557063268581,49.59804311062267,56.642930954504656,433.3396984424533,524.677995660712,1007.028376471094,0.8279899088732696,22,cloudy,97.24209103767323,0,Acceptable
23.85310110735112,26.288223393306605,60.04538272091927,58.729378339658936,189.75611664147,839.9877188762204,724.114426422769,3.9771787890733856,10,sunny,72.9862954831177,3,Good
22.45724969061932,9.330966951459162,57.81186600603903,49.10998146109701,127.45280986211031,585.4871707429749,885.400620495187,4.044909179280838,30,cloudy,212.94469715007332,0,Acceptable
23.297659842530145,26.42748385673676,53.35112696947843,54.00134727180028,587.2680732153189,534.6571604474674,729.3377699223166,1.6024400555581395,25,cloudy,93.9996088507119,0,Acceptable
18.24738904902368,15.250143568551376,41.51275441755448,44.64050871620146,541.5318668238768,249.34094263612596,1151.072852802221,3.69414496039394,11,rainy,88.41322385457966,1,Poor
22.698434806165466,21.92363648024613,44.350339892628575,45.32839002507991,398.4511176248539,807.5719792574705,1059.0212947098642,4.426488791333559,21,sunny,81.6884818039458,3,Good
17.184505019479673,34.11709308968001,37.492292263284185,37.98995267014536,0.0,1200.0,1266.3695489022696,2.6157338208451955,17,sunny,257.896164236971,3,Poor
22.6479803524664,29.19263225036084,43.02174116937646,31.06631383707,0.0,1200.0,1034.5687670792315,3.451727685594556,11,sunny,68.03448952571766,3,Good
24.412003033661108,19.36489528583308,75.94898234656081,93.80925658576744,657.5227973976894,203.32015681346152,908.7326130368602,5.121512623550687,20,stormy,127.94630834613685,2,Poor
18.41054099811228,15.908058364405232,53.826954516004136,52.151155173471466,610.9747405865934,279.94898156427627,1253.9441356511586,3.110653812563687,2,rainy,80.32715318490123,1,Poor
25.292149690044468,26.351579129061555,48.60821656621677,53.86427381430695,428.1384009853815,661.0395816616998,883.6480883267543,2.224451879015869,9,sunny,75.54153209124368,3,Good
26.061449090173152,24.61641091406023,50.48513283678658,55.68492213509909,585.8075820010514,386.2617121153206,1052.3696899418337,3.8912128945505295,16,cloudy,96.77791938606526,0,Acceptable
21.147580061455997,20.84817066397,27.23205859825639,21.91224078262445,0.0,1067.1010247320037,1074.0616238570772,2.0916751857910416,4,sunny,30.00506675598857,3,Acceptable
17.710977638491688,22.646473151992897,44.35541451655185,41.20498379901992,12.541612164377456,854.9226022348015,866.6821886117599,1.4398152707747252,20,sunny,78.65133048315258,3,Acceptable
19.876261794425652,15.977972904635912,54.41948343903783,52.70407248246601,209.7597328181729,941.0969093516396,1064.3302895680863,4.421002228960106,2,sunny,73.59261164793352,3,Good
24.088730739896565,20.99585871013975,71.86682729535524,66.65713391759799,469.1746169365919,473.5307187133717,872.9650517347095,2.4449139881678974,25,cloudy,95.22563029909236,0,Acceptable
25.21780369739368,18.12294275619835,40.0569772750318,45.522258475407504,242.73111817829283,822.4544024603132,886.6113102708374,2.177440989920045,3,sunny,90.7994346474506,3,Good
18.40099867211592,17.87730901280817,42.41112588050581,41.75303227208494,412.1554328555678,594.9863370337988,690.8398524809007,2.4554731124603264,1,sunny,66.09973926885422,3,Acceptable
20.295252425904547,30.527602966174506,39.51933281947019,38.56337871763404,593.1506609818239,426.1248635175135,953.6396134977888,1.5904260480423922,9,sunny,141.82607982545204,3,Good
21.00351414345097,25.79515607393614,42.39540653302474,32.571605223191014,401.5597998896802,510.17220482686906,1136.7455556114385,0.2389186643914884,18,cloudy,108.8044835218705,0,Acceptable
19.0044526989707,29.96129293110084,50.32271373117361,57.92082617754059,364.5630346897576,663.0612321485265,975.662303744618,3.730801456620005,16,sunny,166.54251506844608,3,Acceptable
24.475708442648497,26.67919616300005,60.09865983318405,66.40924528622199,766.7670817438202,275.57872151998833,843.2464384325182,1.4393304222759546,12,cloudy,92.27234519759828,0,Acceptable
24.150575357103392,27.295084946118443,55.14935347125215,53.312069419584816,387.10886580196063,461.2954724275902,1023.846494044522,4.735044528470947,9,cloudy,75.98101864470598,0,Acceptable
17.92678102182364,22.667542770635137,63.26252178090984,65.89277100888427,229.31576410102923,796.0725379245214,1019.1943635553796,3.696690575767451,10,sunny,87.59927167935062,3,Acceptable
17.546785185442435,26.470191623434573,67.21644479468561,83.52645454333936,763.2588949427278,246.7262816832643,1085.4320338417172,3.309562806121185,2,rainy,139.9323947315026,1,Poor
17.83125057562634,27.74916818738302,78.42084242247532,86.52670449082792,559.1727010158152,515.490448529618,849.9236974378138,4.589109072903273,25,cloudy,178.12745868914163,0,Poor
18.54960656775083,29.38649017204908,50.676132887621634,53.76205348470446,363.2229799322622,856.5744081037791,706.2743683278624,3.6037423819851058,6,sunny,159.56591270340417,3,Acceptable
21.56020901910196,23.51904643638845,52.86927667985044,54.54677947227496,103.39271904837922,1065.8664897999215,971.8471889108388,4.010596492271893,5,sunny,66.07178846543302,3,Good
28.961421461627957,23.768722648291806,45.45044871603485,31.279311162774547,934.6611476482982,0.0,1231.2994185882612,3.778978315657958,27,sunny,104.09202271834562,3,Acceptable
26.61364018379804,28.876830417816617,65.1187931009662,80.19548116941384,632.4055443801273,158.95230987243588,1113.5694430091282,3.4516556314006426,24,rainy,103.48751834689604,1,Acceptable
23.46180270275625,34.80181478766816,39.61468329323347,45.83030058255944,675.047452279973,327.7590273101055,851.0693459616002,3.479071850564834,18,cloudy,195.5462308195513,0,Acceptable
24.801353389240617,16.12265569860826,52.041314595126245,37.510036468370814,0.0,1128.844454641896,1206.091384235244,4.381962225460947,20,sunny,102.66291013086524,3,Good
24.158980125751285,21.854045192591023,44.276492840105135,36.749225528528086,498.38361227423854,710.3718784894534,823.25069618723,3.2076602375963983,8,sunny,80.87523622132913,3,Good
25.29299731741804,19.75773350879855,77.8880823633148,95.0,486.6119935909952,438.62159709742576,971.6227175137176,0.8393768783532649,17,cloudy,116.12363620807665,0,Acceptable
20.75975638597217,6.763125487386603,48.80002755118994,39.62122080005964,677.078791563714,440.89744739087286,858.9105646097607,3.633363251779212,29,cloudy,246.4531229754521,0,Acceptable
21.180106689810103,9.077447502806807,78.06513672497746,84.43546769163127,629.86069234141,236.18540338619337,769.3728581876796,3.735466171923916,27,rainy,234.7726105428849,1,Poor
25.208020327661444,15.972964146373403,51.13328346002088,50.00751642890659,500.6463727880839,338.86979378911394,964.866232640334,4.354115413120741,4,cloudy,136.4625227490906,0,Acceptable
25.693797647770676,21.926499326544388,41.578627118824215,45.392749895750505,496.41763492010296,186.95128294332125,910.5686353466156,4.649114168094632,4,rainy,85.03291974186865,1,Acceptable
21.225569591290032,36.09338466701263,53.569639639215474,54.94389748405239,357.5987436245722,789.5626996793551,745.6645683465862,4.249726239803592,9,sunny,227.79557606149092,3,Acceptable
22.201515532589696,20.355637695857567,52.23074309530598,55.337235016972585,514.796234932323,527.3102812783656,914.9344720407744,2.6833889279086214,19,sunny,83.77973222644154,3,Good
23.167890250703888,25.375736341303025,39.45878842663226,29.855736133997556,0.0,1076.1854713645205,635.0114724941834,2.272563076921992,12,sunny,37.72791994969083,3,Good
19.46214925684133,20.1573973302479,48.38004260022062,45.448918353180176,135.05002933189917,899.127741141581,1093.0221463741098,3.159163231919418,23,sunny,76.43938999220774,3,Acceptable
25.670526147614527,12.763610541282858,61.62399284444427,66.4421074664218,681.9441044396186,222.99253715253212,820.3840885125271,3.170558307338503,11,cloudy,224.4918467771595,0,Acceptable
27.3398301682234,20.806000525125956,45.01314132008472,29.47308593542777,605.5766001896766,464.7072687662953,975.3995457256692,3.526314115223273,21,cloudy,122.1504401525214,0,Acceptable
18.89087330067069,26.41419187171986,49.70795313543827,55.99634332442941,569.8021693372829,368.1660435944593,832.5834435501524,0.0,6,cloudy,133.13720933694384,0,Acceptable
20.897810678258875,27.17235519429513,46.87697702900475,42.03692771563191,381.5538750513044,592.7389064800066,964.0121555080462,0.18121272435065,6,sunny,102.20484775018,3,Good
23.04097762172585,23.281241534021863,58.67972513117167,58.32746274370796,468.7840827805372,376.99514155603765,879.8382851562963,2.3392089940272363,22,cloudy,85.11419074427951,0,Acceptable
19.51988894323141,10.194014001521802,55.21252540851943,56.20806630327724,220.31179172633955,594.788308967111,756.8802890652446,3.191708937992719,9,cloudy,152.61759684670488,0,Acceptable
27.31730841746104,18.91200929018349,59.30588425994177,64.75401252499375,471.3457811841054,660.428198392084,1203.4632469767937,1.2514289546792423,9,sunny,127.87831217472504,3,Acceptable
26.091810694351388,23.93824541846917,43.65715742739344,48.17919944003713,498.2012411945264,350.89274056337246,1150.1128194331018,3.456105707117103,16,cloudy,85.90898987059913,0,Acceptable
19.79263840006324,27.92976114465145,52.13241679564816,64.4161015156532,458.0573321796424,485.140859615589,878.264641194767,2.206134553172845,4,cloudy,110.29615975008568,0,Acceptable
22.00913669122726,24.013216712803047,57.44334574887264,66.58794055751275,580.8604751215909,223.4195327628194,950.9848687878234,6.095718073835515,20,stormy,97.94432883769588,2,Poor
18.55322662409603,31.826359624681626,72.22640003332592,62.15421852012369,517.3173858456024,257.692342023422,914.5131183729412,3.363857651726967,24,sunny,203.56900640363995,3,Acceptable
19.727317597978345,18.820800145284444,40.62469630108766,42.82864401454693,791.0332685969781,133.54566871130444,561.2197789263638,3.162774123006345,1,sunny,54.77936585680396,3,Acceptable
18.36988549057715,13.02016387082605,53.8913796533279,54.48351311414716,307.888126988482,429.3115814123064,966.9779843878036,4.688490832409991,17,rainy,113.2142462658674,1,Poor
21.32708314292183,17.194540481796857,45.33830776948581,50.06980936689092,353.7065718841208,803.018167244614,960.2074297062334,2.78708109380559,2,sunny,77.26918615167914,3,Good
22.53405816296766,16.691366051432045,47.83576213965364,40.10748939860083,464.16075994772655,371.3848184986048,1033.3500946587544,4.510305675947761,7,cloudy,112.29226520079128,0,Acceptable
28.43158698188866,21.095190449921727,51.96821023060123,45.885018808552346,243.1294169395467,714.941564623001,920.423347234643,2.259872427222055,24,sunny,113.52565075146266,3,Acceptable
20.08328657023144,25.48746177124356,75.32664523291241,78.0112069642851,363.93199879247953,742.7098113959223,711.7804168860334,3.948328786081822,27,sunny,120.15543222415698,3,Acceptable
21.266615162171185,15.352542185578956,50.97906145537616,49.42230384781069,193.1481418925926,873.8052369991224,957.6015844173588,4.698101047229438,13,sunny,104.98538893384324,3,Good
22.82236500172081,33.32560628498611,42.83239831758912,30.15938222548969,267.65273457654786,543.4414446072233,901.9850986257796,5.136302014377389,29,cloudy,182.56391244361328,0,Acceptable
27.291029668783004,11.736471733935776,68.11237181517163,70.22119442859953,549.4261442347747,575.8502954501993,1031.6651964877212,2.1126597680325467,24,cloudy,284.1952126311781,0,Poor
23.84102691331982,18.039242179466516,58.93082257680057,67.75558460618859,581.2417976733022,243.8592426678624,701.3279210048124,1.8936086976241635,6,cloudy,96.6377150735605,0,Good
20.7265884588006,11.928931033866098,57.85038840559851,63.57923906379781,330.89572933317856,670.1972839945455,1298.1515143029342,2.960149723121594,5,sunny,117.27640315135042,3,Acceptable
25.321641037097603,25.063761747632743,58.83263205415942,70.39988801826999,556.4812467362775,147.43993966319508,851.8892248841593,5.431913335845342,11,rainy,80.41578965687768,1,Acceptable
28.17449290419728,20.48712618109644,45.14940105834015,49.145951756771154,505.2803535394262,401.4992993711037,843.5933862633756,4.712533569590182,9,rainy,138.56291625990934,1,Acceptable
20.8225558876356,16.37633619411223,58.80296560964975,64.98016056182601,689.7504565431175,168.65161891048447,759.1182990630214,5.270886117504098,15,rainy,0.0,1,Acceptable
23.39361619251943,13.98414994379512,76.81177830305333,65.45371752927954,638.0760492994351,257.29044135899096,916.8709573417408,2.5696478120651296,28,cloudy,162.10751699136384,0,Acceptable
24.68092848019756,11.064880347802726,55.31293299831296,56.7307269829502,475.2371226309568,543.9571626733828,1150.8128783754487,1.0692338512915462,19,cloudy,247.65435332834616,0,Acceptable
22.011560808665333,10.962003591799656,54.65712616042588,52.777927092394094,484.43579142521145,380.7038419358594,874.2246616307071,1.9446308796538023,2,sunny,147.7598534852723,3,Acceptable
23.00141835220599,21.04397003443253,55.33616663939972,65.48612698578889,744.7205753955195,106.58758033691416,993.8111084035064,6.200973003142615,13,stormy,92.14701531914672,2,Acceptable
23.739143283628543,23.988702782303218,50.42205550861898,55.47692402701467,421.9743166041367,427.76318964250646,977.351928357176,0.0,14,cloudy,90.81108045351291,0,Acceptable
23.367114566169164,27.51109141712915,76.61724113426382,92.87462244891096,647.2855657231128,102.1164908493868,808.5481642751795,2.355483154082965,17,rainy,114.4919425708368,1,Acceptable
18.463040467262168,22.157575632722818,62.62528073622001,58.760252742959054,85.84920311205725,978.3066669033224,810.1761814045065,4.200390277089991,5,sunny,64.36152374835058,3,Acceptable
24.373775900378703,17.91223963206494,53.4702773332517,57.77746692188185,345.5283182688083,624.2995169174615,901.9940949920582,4.440218130482391,1,sunny,80.53853821042809,3,Good
21.74095353109972,16.40690456696848,44.91462998900878,47.075935900086805,136.0070150392196,858.6677730636195,1018.5387585972416,1.9234054522352784,20,sunny,93.99349154056657,3,Good
28.974207113381425,25.880443288087065,67.28000451122719,73.44151475910644,781.4673652586154,239.7006649345583,905.9836289917132,2.3201397825541,30,rainy,107.92928710835928,1,Poor
24.025465014979,28.914055922034606,45.82187163140784,46.12186549002576,158.87664224524852,838.3671840110395,568.0769202238005,2.623491159444311,25,sunny,90.907872637678,3,Good
19.97165123005994,25.504344369504157,38.68830102364873,40.502904488114055,681.7686624458684,263.20540174272605,1002.4581760117386,3.1414034008914773,1,cloudy,89.18848840209617,0,Acceptable
18.016070711044243,31.379625639640224,54.60367678522182,60.02155855032025,579.9960235513018,190.31594583907045,1105.7018222650238,5.142686685352234,12,stormy,275.1512567132779,2,Poor
27.184588631824045,36.52116687952423,36.64505507342081,34.91424811964512,683.933091981106,394.888641692707,1049.7507284664316,0.0,4,sunny,144.96183731615585,3,Acceptable
24.61074320038957,18.77097567561443,51.2260982208874,45.160777396072376,89.75783104676901,755.7859026356715,623.6794359442238,3.3472269869259845,11,sunny,87.16135438870161,3,Good
23.051645149222043,20.05486768598046,54.198179398914334,61.78216847420309,704.0965461108449,469.469785284184,877.6945309483441,3.196453712437404,4,cloudy,79.8395023056881,0,Acceptable
23.503807799436032,12.469193569877833,42.33655900822046,46.72516543334828,431.8749168987037,298.1752943469211,834.5420163392452,4.163590484754668,12,cloudy,174.8123759138042,0,Acceptable
26.733639519754337,20.13718035252783,46.61579894686223,45.54932347201002,741.6891189264684,241.34984917378293,965.3730392765472,1.9786378319416629,8,cloudy,113.23159567957056,0,Good
21.51599952060056,14.883630702757364,60.072471484364,55.29916814516614,583.6667864226008,302.42344637800323,791.3685114162362,2.979813127804781,24,rainy,129.7061765081999,1,Acceptable
18.85634018479872,22.786068405561124,63.43309161505878,70.73436950637958,486.8258972216586,537.8687507686652,1197.079130425238,2.336187925130309,5,cloudy,93.05782553347822,0,Acceptable
24.264059990119755,28.10557098131487,61.3533045473079,59.772688413972205,577.1748722768359,472.1934056414022,864.4312646315875,2.8837376109894297,17,cloudy,95.0896903211298,0,Acceptable
26.22533279681778,16.89571373237339,71.19286175202352,86.52266396719374,877.0106684206548,131.68787246481327,1090.0355715112912,6.7721276096316085,19,stormy,193.46490882913545,2,Poor
25.248502515988385,23.00901878038748,40.75727615481304,26.25505371801225,207.8605708594701,825.957233868159,609.6458456290441,2.887201385151721,11,sunny,75.34195549573752,3,Good
21.11074610329633,7.856279270659469,69.57507776814012,65.93995361455599,550.4336082165373,146.37563322287505,678.5780171202714,3.551007000446192,26,rainy,254.35612115063057,1,Poor
22.655605938340106,15.72094091510451,73.58996448378352,78.25813468733433,426.4914003643042,330.10820888743496,1054.9208756718813,2.840026153561957,13,rainy,140.32428042696193,1,Acceptable
23.94982721815241,15.719298327025273,68.02749405768746,64.65661612730689,396.5119968131993,423.3020910683261,926.8791092577632,3.686936940633096,25,cloudy,149.9340606079777,0,Acceptable
24.074696295322937,23.087929940727296,65.59938661963947,75.3437936559403,236.28279814317236,387.98967341985457,995.0837807573168,0.0,2,cloudy,65.01762583708543,0,Acceptable
21.891489990968463,20.826766984463983,57.43413037194093,57.33521211116195,302.0854810231865,741.8243111272461,1193.1335088350686,2.3341665310024475,4,sunny,68.81831601057338,3,Good
18.292575459504256,27.362044101578327,49.16879576713392,61.94598514155885,622.8958780421267,367.4026015808959,968.85611847873,1.275389196906179,13,cloudy,151.2212194333994,0,Acceptable
24.125053663080887,14.08075027384886,42.485874788214026,19.373145517603717,618.1493681985182,554.5763947500311,820.4467036045536,1.4232178219848906,30,sunny,161.39177818296338,3,Acceptable
23.893644060145437,24.967896475532527,36.67865055599068,23.09357570442333,455.98505738097975,509.0765156757736,944.010542402688,0.0,1,sunny,52.72747239799696,3,Good
21.80815558337488,19.1303959462342,52.53785446972709,51.19832564265604,452.5321818418552,383.9717155318495,909.0195678610642,1.364533819580427,1,cloudy,56.958422660555584,0,Acceptable
19.30469054952829,24.361424613012424,66.63411520123006,71.33133413855967,871.5635083775938,245.22826338866167,717.980251954381,3.425833864462058,13,rainy,98.78083733384564,1,Acceptable
19.03550855165184,23.08146769514854,49.74627974060915,44.10811912273051,317.4907815918095,789.4943933002272,948.9103066596864,1.0888439856987715,22,sunny,95.69526257541844,3,Acceptable
25.14170631478625,13.281060152227411,60.52807544713839,55.17205293439471,733.7464421214777,234.20607026799092,634.1106173580971,3.395658705811789,2,rainy,190.98906623655995,1,Poor
22.97090785625536,32.495450570958134,60.0683071776886,59.74808689242538,380.920142702004,607.2923598581397,945.3568996231958,2.641660520540998,13,cloudy,143.4096616001098,0,Acceptable
22.318688882711616,7.5101121023907105,52.06272179461375,52.34651433173285,705.9658162963855,265.9398524293408,951.2601314198788,1.9687681230149496,2,cloudy,238.8520571767501,0,Acceptable
19.99564358060052,20.27884321127644,50.0579936621518,52.10319909820512,648.4632714372559,368.3918187309188,842.4063811669201,0.7237562393188104,24,cloudy,95.04905437546653,0,Acceptable
21.402737068716604,13.093947182326003,59.95735416253437,46.87934548162736,532.5441592197062,442.41402166577706,688.7402122419129,4.697145878563999,24,cloudy,141.52164637723305,0,Acceptable
25.09963403651151,15.908031280319609,41.45470526619448,21.276637102767378,568.435350762927,457.6388529861972,949.2902795082232,3.729908467628489,14,cloudy,151.22464373257736,0,Acceptable
25.4995756586656,25.20286809519133,48.48801737865792,52.31450689872681,250.05210644185388,693.9278487066362,876.1853586089521,3.1027094932455053,4,sunny,71.36230500797845,3,Good
26.70619719399166,16.48426884157756,49.58751469798971,52.55941668383404,544.8179852055088,317.10034256953094,1088.6373255369924,3.577081492161605,16,cloudy,171.91528560753207,0,Acceptable
19.428909238942875,19.915735398482717,64.96879092498448,52.98483270049645,259.395489287701,588.5625361597453,1047.353454966126,2.55816976490353,24,cloudy,84.48934750918723,0,Acceptable
28.851642493113932,24.49198842276776,41.69178534631519,37.43385620967253,81.49117133083104,1118.4651004931052,775.644439981326,0.8906321769873959,12,sunny,74.88155482965583,3,Acceptable
22.86401250272861,14.703409383025445,45.52232836876114,43.64554504445629,380.1667529246975,940.1306033930664,1176.166850437509,4.0302413573460125,9,sunny,112.94356222971264,3,Good
26.06441439049301,18.61115235658716,43.58742671097862,29.60702470597336,386.6550356828178,500.7772725707903,928.8949073712912,0.8394726007706024,27,sunny,125.69036160918584,3,Good
17.73269300041079,34.27408660289599,52.94244740778452,48.39371683834324,0.0,978.8418146931108,1040.4289884971486,4.878014672206515,15,sunny,241.6717745339662,3,Poor
25.090467309078885,15.879623052122032,35.08076582781505,32.87016477759018,0.0,1180.464938725578,772.1246618937497,3.794101028789215,25,sunny,109.14438236750642,3,Good
23.13145419447413,17.682845609994814,49.69507538847969,48.05563753498144,697.0247049208023,185.78976091018808,928.8905191383448,2.8589589464731806,27,cloudy,107.30048685076312,0,Acceptable
24.43389891520986,19.652145062227053,54.06087083380686,54.18483047715186,528.6613308699156,365.4219776828842,741.7269916982898,1.1653129974587049,23,cloudy,105.69029412777908,0,Good
24.716399038568987,14.506402963109,43.69916994642527,36.363198091195706,361.7475339485221,305.313685779624,839.2709326283833,2.6981093140249595,17,cloudy,160.77652205761163,0,Acceptable
20.073914662538407,12.24230018534288,73.18876764170857,67.60370576079613,539.8998362084047,265.722098734272,612.9037060166389,1.7529251320897683,24,cloudy,142.90886362845282,0,Acceptable
30.619742502839465,19.39335975905691,51.35291828831435,34.77046433926383,0.0,938.326027752526,765.5932865318118,2.2066439320017097,20,sunny,138.72582499691717,3,Poor
20.100496351029857,15.145070772853895,52.50489072962968,45.05485547888794,491.6506594935765,530.320060624058,1142.9036575684988,2.512148049657198,17,cloudy,97.60264387599554,0,Acceptable
20.81121708927558,36.0729596039147,63.70418608975296,65.30010029361299,266.36359695787564,646.4963127836695,732.4373369182256,2.5881978967844965,11,sunny,240.60375936679452,3,Acceptable
18.88806740377071,12.254438474473606,57.16842886273566,57.64989688184821,588.4064633240853,93.148845647378,862.7889527583567,0.7965931324823416,6,sunny,106.62324687080404,3,Acceptable
24.750626453212693,23.005113012137077,45.45627143058902,54.64742029533231,605.0489088628058,238.69531446025587,1150.5117135592182,5.95878714506171,20,rainy,103.64837438965289,1,Acceptable
17.194287269706663,23.269657045091243,52.586196382728296,58.58888461695969,595.8555208295281,106.2329172133742,1279.467001204741,5.502039134333681,6,rainy,113.41669830628142,1,Poor
27.16177531124984,29.243878761572564,68.6446099898273,68.75688396955317,264.96117478248215,734.0216223950802,851.5727063700878,2.073138921794079,11,sunny,78.63998097263347,3,Acceptable
27.21154216953041,26.40650069726002,65.46870042793344,86.3056343250816,700.5920589237392,254.83261826199765,1061.8980728923616,2.518148511384448,6,rainy,75.25551483900763,1,Acceptable
18.30332200249165,29.64278963710725,56.480344982012674,41.87069793623928,265.2903469199296,657.7312200810355,981.3680433715076,0.8524809357984182,25,sunny,176.6185884857994,3,Acceptable
23.543308783502617,20.24645729052492,76.510981266554,88.39062402848367,617.17378312829,301.7311477103283,704.0289296109167,4.686631397257309,19,rainy,110.79417172139624,1,Acceptable
26.57933431546361,28.36204722649222,57.71913576539016,53.31424336587288,852.2531440382822,450.299490057224,860.806591170206,4.693868155263118,12,cloudy,95.62331323154646,0,Acceptable
22.433015831602784,15.197664468822556,40.29594107876181,37.85868671922374,102.84103605974109,887.2629177506743,1108.0524938683436,3.3593074739318967,22,sunny,105.2128064481441,3,Good
19.398769673967703,27.50824702091804,56.09085369486467,44.70323692107277,0.0,1014.4421933652123,684.3098583844965,3.26403018933196,26,sunny,105.65935508158825,3,Good
21.870628345119258,25.815924815739,68.02621186908986,70.16833056855931,426.6099498926282,539.7998708259958,820.7994230997402,5.642495157601397,17,cloudy,94.99427221509184,0,Acceptable
18.888173495923212,19.58670100406616,26.33460534523689,10.0,0.0,919.2818997906438,665.5206017928649,2.9145318218673686,17,sunny,48.49242016919968,3,Poor
30.555530689164858,19.392894283208665,42.19484879875496,31.63229549468068,443.0735112292596,534.3226319459144,819.3202451014329,2.209612379928007,25,sunny,178.48485228771875,3,Poor
27.27169385744148,35.870198568175674,48.85060341362563,47.59946667607531,739.9362054509762,251.27546610609576,1141.3787433344455,5.124718489387719,4,cloudy,144.6688996184992,0,Acceptable
16.794693692400532,16.47035788263865,45.07083356589029,34.96006873617664,568.024297799572,297.8233567048516,1097.1006386740255,2.496180064996836,25,cloudy,93.12103244644643,0,Poor
24.29316748756874,14.337092816678709,46.21947108344458,44.65869433780137,577.4413157773627,299.7127413178935,914.2685051307152,1.0440324094125506,7,sunny,143.90959700356362,3,Good
18.03333517997478,14.158238115475712,62.22592484833258,56.04532408175979,547.2167956642041,242.9903075939409,729.8880872453435,1.2899336156233736,8,rainy,94.98273648908624,1,Poor
19.630990258906344,27.95560131811886,49.343327672632334,72.0866370421189,613.5569631483156,222.42229167143248,915.781848966184,0.9772733378403222,6,cloudy,130.71229226447528,0,Acceptable
21.962670006863323,28.53205142998429,34.51076277413581,29.22051173327016,692.3794160116746,143.9668005329508,1093.9286474529413,4.920052442950809,28,rainy,144.6757475687822,1,Acceptable
18.87077694288433,23.482225837437028,48.20494042476529,38.5896575486741,714.6175862362114,377.6456577672406,913.285559613235,1.4893493275003895,5,cloudy,97.49716985305888,0,Acceptable
24.052094523453604,15.141326928068242,58.36067064071691,57.959650286332895,548.7704460290537,356.834561363401,871.589751442309,4.3421121166504015,30,cloudy,169.7198028839934,0,Acceptable
25.171740789523007,24.856270341872573,72.91894182542866,91.43910436018754,693.2909707328813,212.8707880536589,1034.422427520724,5.345657140849857,2,rainy,69.33476755100473,1,Acceptable
26.231854859104317,20.225476398396,42.49500936687969,42.72805408467792,538.7225424250078,483.2790546568274,880.6378618011619,2.4375149663722704,23,cloudy,117.54028959711982,0,Acceptable
23.192511116768536,18.038865312798727,63.24842796182383,70.7776509249808,71.15316890598892,928.8134746518388,690.3389083984385,2.0400422736595583,6,sunny,76.95090289285963,3,Good
19.66124625220647,17.200246981108393,56.63846144510603,62.67036771149069,190.98628614305912,791.5834324251238,1201.2294404690217,5.38261776373561,23,sunny,91.19623927418591,3,Good
18.010055472217875,22.8776610501332,69.46856409331478,66.51562628736164,326.7315779315099,316.66781879819973,916.0811623093056,4.470525464604564,22,rainy,118.83864651519607,1,Poor
26.009308582707504,25.350990865174182,56.73441429866887,57.17245414246587,227.58889620788148,692.1106354936753,630.7754708298853,2.94372382313148,23,sunny,80.18890776745383,3,Good
25.79844806403802,20.23979151254986,34.30530130650757,27.301760290491277,344.680922944861,671.9658354275088,1114.4752198245258,1.5957653887348815,14,sunny,93.81370371007311,3,Acceptable
22.227533090549024,14.195325802586549,68.4354411408901,66.13348462204559,593.6047894324676,285.4584710640386,708.2720128108506,3.7114622894131273,19,cloudy,129.66778894869165,0,Acceptable
23.439865313674048,38.53332354915335,39.434000730201255,33.77693981516926,546.1686531555654,350.7845748997597,1108.8543727998997,0.0,10,cloudy,259.8982677787228,0,Acceptable
19.955798903035568,20.937887733384763,43.23772577928138,49.332279026355806,402.90590844231536,503.3415040771115,995.5018144032292,2.133683339836605,10,cloudy,77.15611450396872,0,Acceptable
22.427032798228197,16.15025097372186,61.033903103331525,65.46045312070831,228.7947965496676,596.1457938791101,752.246906236425,0.0,28,cloudy,119.08551170721104,0,Acceptable
24.66208605442092,33.507670434263304,77.16665936130403,86.89925529261933,746.8507985572331,336.89308548236335,1057.8882931558337,2.4105342727905104,20,cloudy,159.37131521351935,0,Acceptable
19.911949281075422,13.191369033929217,54.29614074216708,49.4605506831445,396.99097972611526,582.4870165872429,931.0900505682636,0.7434308514097383,7,sunny,103.80620869290895,3,Good
16.7812263897461,16.14217688227361,75.33963926622692,59.94391978422814,0.0,877.3495349207719,1240.1304204964556,1.0919172109962316,2,sunny,33.70721784721212,3,Poor
27.348130084542905,19.82550664875274,62.22265962107115,73.0100302565188,739.8998211050445,429.6296231765664,815.8634295349034,2.3793848386694885,20,cloudy,127.1183724420755,0,Acceptable
25.06607315812624,15.475310306682063,40.57159091070554,36.75688370996996,99.3380474780012,958.2339440569943,1154.1013061063925,0.0,7,sunny,123.33068307620267,3,Good
22.60131829542019,19.702946229563388,43.38149140455116,36.46756555747434,653.8512274131292,230.61674614824923,874.7359154067773,4.907607537640391,12,stormy,88.82003890674511,2,Poor
19.51996833542866,14.99482763015423,68.42935770375516,54.02471310538563,575.5858058359045,233.8029772992029,702.1776204392307,5.614935539539231,30,rainy,113.47116781252598,1,Acceptable
24.543253982583423,30.617293624158457,26.300009443576585,24.47117192940713,311.11590154011543,898.7717857274639,1069.99005821965,1.85067254709002,1,sunny,77.32702360564565,3,Acceptable
24.0371491061085,8.403258367330762,44.45654053098783,30.803327195237607,625.7718222945671,257.8195608136968,902.2872344868032,3.2359345062735674,25,cloudy,280.4224729033416,0,Acceptable
25.49131957737337,31.12332314024032,41.16076860937416,36.12567978637999,618.6731729277606,374.3553244513067,741.8649895110121,2.696008883516512,6,cloudy,101.76260997019575,0,Acceptable
21.469426239745136,23.86099320476355,63.38980488804052,69.70490162199499,737.2794254844166,253.28959303265177,836.6550301523448,4.465038900035591,25,rainy,102.96989887139851,1,Acceptable
25.8579879607785,27.068078257655003,58.37490636571028,51.79617358181205,148.85079902057248,573.5919891313135,1077.5740430270896,4.680119151307123,20,cloudy,81.60011690416886,0,Acceptable
24.382178451843245,10.437436954129504,59.004163407825104,56.57805467144253,0.0,830.8096247856203,953.2106771928184,1.8442250539290983,27,sunny,192.17846486090212,3,Acceptable
22.865522409936727,24.77221693394715,47.40979553301286,44.01194653236766,397.98558458289057,558.7337213105524,671.7077128033807,0.5707942118565623,25,sunny,88.26268348036483,3,Good
19.968825841550363,15.12151000541509,35.188504389024594,33.33528113363632,594.9436080860494,266.2948638834848,1195.6514839931303,5.056708615757546,11,sunny,93.66485048418892,3,Acceptable
22.70810922125932,18.717148858735857,73.33366354081163,78.69412754926957,755.2422828151911,189.1330403238864,779.2878189571423,2.1717503891544903,27,rainy,121.22664776808388,1,Acceptable
23.864289729798145,21.878434929536475,60.18915603999336,62.90871117105551,346.3172619714551,419.797671951558,554.7502221874437,0.6601917125631855,13,cloudy,90.27404794780804,0,Acceptable
24.371043725846707,21.022823627214063,60.28263992413292,77.27494493385515,612.7326651836522,328.8567835777104,1051.2886775823945,2.5761924170472748,8,cloudy,88.88822136989648,0,Acceptable
18.115503379825864,28.162831626856644,54.67293884244427,48.57030516338467,280.2984934566203,628.2177658018189,672.5017723641041,3.290696932431364,7,sunny,143.40657857168662,3,Acceptable
16.756228440404954,28.1714024718882,66.71863196503813,81.1234586766325,660.8164068746665,258.1587920590994,1000.9553277222404,4.262013408172864,14,rainy,209.85510022172707,1,Poor
16.99741809803638,21.24992127967024,59.9375340161286,66.62357267891355,745.3847982713071,165.99623980248805,1237.828620918693,6.228225507339334,2,rainy,83.44763825484104,1,Poor
18.465973644494987,13.586981615139443,51.21015662906428,41.251496558262325,537.5692752330615,604.7139208948778,954.2456170163746,0.5257883161740367,25,cloudy,113.0203983359348,0,Acceptable
23.28295324139607,22.173698875281996,72.39706780630812,95.0,461.1853819081791,216.06630157509383,1121.2351936111363,5.453789678940075,1,rainy,59.95613366275088,1,Acceptable
22.73632504045287,17.250567507784332,57.63042678240844,51.518530245999386,580.4855290438505,161.37199728242018,1031.5391872818996,3.308878282348883,23,rainy,127.33227856450785,1,Acceptable
27.65359429766742,20.94929999780182,49.61029014496701,57.43547105505933,0.0,1200.0,1003.9622398378418,2.989629782633481,23,sunny,69.20013299963,3,Acceptable
25.384415851111317,27.79937626998592,47.67752490572457,50.5497293898102,248.01845730774227,577.041538839922,762.1524870649242,1.8130876455671048,11,sunny,79.38189708421888,3,Good
21.91226093887244,21.558215210398632,64.51592216638291,76.724552766466,491.3680973048138,307.01261728846964,1053.3199547666989,2.3024383643131854,16,sunny,82.77117764333154,3,Good
26.57064723770912,19.730350861445963,63.4435242524776,66.55733299594888,269.1765363055473,941.2874669763816,939.6399895304196,1.296559263208983,26,sunny,101.43750712124132,3,Good
19.948633247547196,26.133032259114195,55.86065152495692,53.11090005688303,300.2156690548321,925.5672436730124,1178.6701066094324,4.949584226799399,22,sunny,116.1829415280334,3,Good
21.804767172845324,14.26533453182041,65.84531535689783,83.56022633442718,369.2160769512024,395.98681387235087,599.9173555553557,3.98093809898396,28,cloudy,136.2538985071622,0,Acceptable
24.336929407105853,20.068677673131987,72.93321642120756,77.35321778655451,630.221563807966,167.95926761100066,718.2222021431417,4.792795563746866,21,rainy,109.49736633354144,1,Acceptable
19.95264226752935,19.65925269798486,55.84272161603826,53.94881345293538,500.3200438956049,361.459368547548,858.9766032170023,4.79397340408687,17,rainy,91.54484129776148,1,Acceptable
22.59722907209896,35.7887818402328,51.262323652510005,33.20526593712852,0.0,1079.6343052933162,1161.6518048483697,2.272983110611392,29,sunny,174.97860408808214,3,Acceptable
17.361465592792513,21.76257277885497,69.01735401510004,76.89835611039489,693.2777059272297,316.7038739210104,845.0368846447097,3.811849594968552,13,cloudy,107.79172922694887,0,Poor
22.147850048980125,26.770564967029465,47.72794630506176,38.85628671083224,509.7056638227528,688.6548908221624,1083.1489358454996,3.850248829849902,9,sunny,89.69518046756158,3,Good
25.161326509973264,18.448787431792383,66.82449435703744,67.03691028772565,634.7820839469599,319.8269893921837,1125.3867796819009,5.35207058576385,28,rainy,147.01611565505735,1,Acceptable
19.69018099682492,12.973197555385015,37.61212565031954,44.06664377588131,554.2911856109328,470.22287124984615,1077.258808440452,2.6703691067688333,12,cloudy,110.63556276284775,0,Acceptable
23.76507034630553,33.71277795180412,40.99016637840642,53.71706264750292,311.8244100971336,853.2870368482245,1061.8266429658622,3.260485057288843,23,sunny,157.19599301775017,3,Acceptable
22.5626435074232,25.185127608352445,67.62953889643936,64.98849008276105,852.74644989157,81.9945589444144,1036.7926886535204,3.586014489508262,26,rainy,107.95532769277206,1,Acceptable
21.559059123507275,15.10301117380732,48.71757515974551,41.617128832624,764.4496790451115,334.2271777440699,714.9512939965415,3.2618870539249523,4,rainy,106.88071564371346,1,Acceptable
26.627504104441847,31.33048635106998,55.06035655337265,42.18980236770857,696.5696985540503,331.9360147216896,956.291868240212,3.175003165534604,26,sunny,110.24915987708994,3,Good
20.590151732334345,12.905436336714804,77.83567258473491,89.5883291872786,588.5241405323357,341.5437734329769,1163.7250683473958,2.840500557286549,13,rainy,141.14809097816993,1,Poor
21.25843546709639,27.63504477523669,47.19233029199403,35.09200075216165,544.8880505652596,311.28435266698546,768.6507764850704,1.3418422175569324,25,cloudy,121.74373040728594,0,Acceptable
15.597088118220936,18.318285813179823,71.49701707904461,74.24333967701332,286.45587015602075,786.7094165823415,748.302703502495,2.6358202815863168,5,sunny,72.50764252458265,3,Poor
24.187297408322845,15.003638261457738,36.31405041062924,33.052508981726454,210.16558454627017,881.6052087505557,904.1384764342256,2.374977089623811,14,sunny,130.63056649394082,3,Acceptable
21.82815658191381,23.92533314571076,58.69657207826382,57.64590169872189,826.8605307974371,447.84965961097663,944.0862312210126,2.077447941756491,11,cloudy,81.9547776169693,0,Acceptable
20.05564867152117,18.59368215592285,47.3815408761805,36.337864982510624,338.3145687529601,721.6413220829257,689.7361454461977,1.4249429768647093,26,sunny,86.3292522337865,3,Acceptable
25.98521587992534,20.71639665792492,57.5948909936874,55.77763577443896,441.6642996879408,501.19023717962943,767.4101729513459,2.5470329815669075,18,sunny,103.80075432495612,3,Good
19.640324393011248,18.257088676792247,68.43503207504548,77.76627752893108,535.7991648117162,445.28128042126514,996.2998093936806,3.894455624419294,20,cloudy,83.84954119782483,0,Acceptable
28.734419488713645,17.41390543516924,57.098371880932966,60.85862872820503,438.1636957879028,207.20698841976943,787.116405869436,0.0,20,rainy,210.16570859303687,1,Poor
28.13110527346384,23.333049400949005,63.2422429710855,59.794425823029385,292.5364900133089,535.617418008333,895.6142772209872,2.759733010675068,21,sunny,90.71917364626944,3,Acceptable
21.554418214662224,22.46749695251489,64.37092728669164,59.34571437286275,484.7278630244372,403.3850404010733,542.9754567407247,2.6982189312340985,25,cloudy,86.5059196672047,0,Acceptable
24.645539648962448,10.614611466714216,65.16105006492342,63.62247365329602,730.825524021549,178.51703828541642,1070.128305750556,3.725738945669526,5,stormy,278.45467808913634,2,Poor
23.02316066871716,24.88153489591809,45.37314162159049,34.0601558802346,109.63788531752772,915.3298958237102,1262.127466101187,5.85767597702126,27,sunny,81.81673053836118,3,Good
28.377502546940043,24.739423431563083,66.26153364086814,61.27909894807986,420.7303558024117,350.2847292763697,1199.1518254259074,3.1984375797642075,27,cloudy,101.64136305058732,0,Acceptable
17.336446730218725,29.611811070522226,56.89458121637498,55.984210957402375,129.8525352394173,932.4714506321264,842.1166073553585,5.264709887881404,2,sunny,167.75419846414457,3,Poor
18.027701601504727,10.377221706662128,44.39433898877493,54.91520964867005,696.9456305638057,288.3289049078671,1117.6333033456642,0.0,14,cloudy,136.95547224996778,0,Acceptable
27.606814202846696,27.875047340761093,68.18333404924655,69.40559080213123,494.688482015293,450.41890506791634,822.1165463606993,4.605368139681027,11,sunny,90.08654520442518,3,Acceptable
20.683716230530777,15.483515503285789,49.59768085602535,38.857350604631264,0.0,1200.0,972.5839994813264,1.9226626950207129,27,sunny,77.39437001999481,3,Good
21.362272857795563,15.405494541710546,69.94562652827565,85.39110692839013,540.318775686304,227.41894398459127,859.5535935028373,5.925746363659112,3,rainy,110.41634883331554,1,Acceptable
20.924724265608763,25.076782070004818,50.951905285384406,51.82309559389914,373.0176939167742,714.6784971930578,950.8988691668834,3.608047020428484,20,sunny,99.26922312818051,3,Good
27.35490498879091,36.60753543380626,57.51674614738501,50.35888779840675,478.81622568269177,614.3906161117771,704.0821318180531,4.648266260018142,9,sunny,141.0823320360052,3,Good
24.62918615881847,22.183407540549336,46.72711524565703,62.29407277299885,571.0577109966302,420.6366117785314,1107.3746612208554,1.3650695804768942,13,cloudy,96.9398933244381,0,Acceptable
18.380339333916112,17.319747269156444,56.719540396992855,56.25191824247749,468.9078147764934,419.568049330661,1047.8515034446991,4.935860251357239,22,cloudy,89.98156999296077,0,Acceptable
27.07177666693483,13.966859474577335,48.70641968115745,48.56663731944547,809.473223026575,174.23712756920503,1223.5258067594082,0.0,25,sunny,206.06709604456248,3,Acceptable
27.381671921039647,15.508394604631953,65.49842688356325,53.33084841647064,112.65548479748804,731.6128357832577,979.9930558439322,3.326140033631495,27,sunny,178.23568702305516,3,Acceptable
24.477024216347456,21.03211308320921,47.79885347963152,34.4789652358011,540.3039186015325,506.8109397553267,939.3382172680796,0.0,28,sunny,94.23974756433088,3,Good
19.67469841998814,24.501559370663266,56.96804012158651,55.3938545045812,168.92755471720994,951.9561243920408,788.8391333279534,2.921373868527516,19,sunny,108.20881551852553,3,Good
24.182430536091164,21.402163832785156,60.03200043812475,60.2910195820588,673.3210119372773,330.909117584968,899.8676287238505,4.204477335874316,24,rainy,106.27982398731004,1,Acceptable
20.72342298291075,17.70479494845071,47.95134393367723,41.16902874068192,180.16483175220475,608.3823758167097,697.2860298098963,2.4400732345632363,9,cloudy,72.96886199649576,0,Good
18.679543947205115,23.553170130121963,63.97450554007398,61.21701441237448,697.3183379918487,245.13734442155703,719.6329374453006,6.238895675202662,24,rainy,115.51376019133606,1,Acceptable
24.00467368709301,30.682278882459222,69.6254751430314,59.73606133505763,543.8176868783426,361.3674257758678,1076.536238658326,4.410574328435647,26,cloudy,137.965843272366,0,Acceptable
20.90588871020515,29.68560058167147,60.91423754304206,57.33052745344504,636.0797917553673,246.88677519039712,838.0307939664236,4.588267722484064,8,sunny,132.23808518047258,3,Good
22.07221186670396,11.87059682753215,42.94554248626207,49.41552205235911,295.37536378373443,420.6662391902336,1154.5750025175296,3.359121896705935,2,cloudy,145.8397829263384,0,Acceptable
21.55919684952743,26.289503765236766,37.25131245267479,34.78462599926396,404.1334991153048,514.2197041521184,739.4674807572885,0.0,5,sunny,91.40739951809346,3,Good
17.454062155159043,15.950637701270072,49.54492949332264,52.88780436565759,30.992267499300223,867.335456278459,1276.4129747582692,1.1263169752869464,5,sunny,52.83817453653585,3,Poor
17.937450593892926,9.679792944973206,48.20925517665202,50.82508076421951,773.6191949749607,277.6852882404418,989.5970348852863,2.7683986107232785,1,rainy,136.27194041799876,1,Poor
21.947523015960112,17.067091287055725,50.190580511822674,60.433626917933445,506.21853240200863,516.6952529403295,1091.7768128074513,2.751858657319421,2,cloudy,82.92122739807756,0,Good
20.20244745682883,8.9004953529498,46.03342701794151,49.93620612379088,532.9863784601846,255.21949297400857,801.5205481752989,3.62306674603499,2,sunny,156.262583161197,3,Good
21.16882538436095,29.92543048961655,72.34393303394344,72.72296605695647,796.2988090942384,203.99353501590417,995.6009323008196,4.698064591190509,2,rainy,134.48164342792387,1,Acceptable
21.929654920205603,14.833115127435509,73.44745322585499,84.40102248802566,739.648235872801,171.63596799418934,625.6338827929998,2.046586933897989,18,rainy,139.71368686422338,1,Acceptable
27.10065628523632,35.4271879692092,44.92575932681245,41.91290386082092,60.328759499601546,869.455434571271,941.0127190238528,4.4799669564350095,8,sunny,103.1172903064593,3,Good
28.167938479423658,13.141177467003583,64.35643112905716,68.76583051746465,502.0283922854429,689.4457002040409,904.4670198634772,0.0,13,sunny,246.80888609247103,3,Acceptable
25.175223278205937,15.016573436294006,67.64425805239003,75.333137977148,628.9968603737329,240.0858118577177,873.4145545889862,2.96795182694402,6,rainy,171.91976304258918,1,Acceptable
24.122196555343965,14.284251845732026,60.85479304854708,69.40015778778377,804.8222892353929,98.1087270411874,1061.5959601939717,4.089700943021597,4,stormy,171.3252658329875,2,Poor
23.070138856387448,30.4150820374475,43.342370389836304,48.62459006923088,718.8274155221594,347.24008638216816,907.726100651328,1.646026807722195,10,cloudy,114.21357392553088,0,Good
18.998190756457028,19.32893560800129,56.55343025182922,47.72866459655562,963.8867818273864,35.16319792306992,1066.732904162022,1.4083756030907946,5,cloudy,79.3000410198662,0,Acceptable
21.60281601304368,31.592485010461367,50.55686772035445,40.50410541956179,456.8201635679903,726.3096440093728,840.1536694634128,0.0,21,sunny,148.23764148331355,3,Good
21.69738012017711,12.82638887603668,51.33667364601388,41.08784740298444,584.7493485659262,344.90031727705025,1266.7647711690445,3.105009576271238,12,sunny,129.1909391028253,3,Good
22.44765300857227,23.58005337580963,49.91504922077464,56.673427496434215,264.9165698131093,955.9136478848797,1013.176618269545,5.668145397787409,7,sunny,69.55430236419599,3,Good
19.00640399743915,24.47016887549032,64.26054178388681,74.90073127106275,821.9461806544989,106.30556752500424,1265.382086328918,3.8328445115613503,19,stormy,123.88142881520533,2,Poor
21.863380335314687,24.015736893641886,41.4265738981485,34.95635264010376,332.373159009486,471.15040174618,778.57552755405,2.872586910415692,6,cloudy,69.40977921253625,0,Acceptable
19.74131384339779,30.389928006600087,65.62001104084524,79.68108601737583,578.9697053657942,196.47593608018911,1165.448503378738,5.032212684147179,5,rainy,183.76471471182927,1,Acceptable
22.78077526668941,19.513780756420577,46.28387996061756,45.13173012730448,623.3723979491591,216.7340983775976,705.0524551617266,4.256083175721905,10,rainy,103.68814835622422,1,Acceptable
20.40717655723529,15.315791931642934,45.83006042204284,26.94247364138488,209.95558484638417,643.5424753475729,1056.5135701669435,2.850088766684783,11,sunny,92.49651178898488,3,Good
28.3037742280311,20.605446287223405,50.01794786270342,32.71844391905631,0.0,980.1703357756132,932.3109087907608,3.385779445110795,30,sunny,87.05839964365629,3,Acceptable
15.452694979463343,18.47468388700564,34.14742372130632,38.88353363344756,25.14170386494513,897.2266106862992,1173.2579609065776,4.315039056832506,1,sunny,38.55480563809195,3,Poor
24.07532606256269,17.016621923959253,45.50706443636424,45.65666925773488,409.2561494117514,662.089805911364,580.2879600939098,2.949057120430608,25,sunny,116.61341188087016,3,Acceptable
24.02811794224139,23.38079013360762,35.11708372744754,37.871237551114746,231.0733792028843,868.3030973646145,922.3338660162544,4.264688595148356,1,sunny,53.65542096830347,3,Good
20.458853814410944,34.58185118123097,53.088059395291495,40.62635349603046,514.3332218420779,452.77409371526176,1017.2045290933316,0.8994027412765782,28,sunny,244.57607402927937,3,Acceptable
20.269961003956148,20.082459109423297,47.61417322817156,43.32880879326417,250.45074250881063,658.8867296552299,1347.035705392968,2.740619883675516,15,sunny,79.02581263534027,3,Acceptable
26.54783231783926,14.9852987116051,61.467481680151536,49.126698193835765,46.4499505887699,1156.3297512986023,822.3630956039375,0.5393227021876452,24,sunny,172.15419385101043,3,Good
24.82792376996243,19.66932242160109,40.92016012195585,26.72580341613504,278.21334727464847,763.7477133347167,730.5708640674139,4.3447059472498415,1,sunny,82.0744197895836,3,Good
19.813663973513517,12.616668393339474,54.04764728145366,58.32363332873376,88.10110042442233,737.983914128514,805.669862577908,0.4753368376429319,7,sunny,97.18393513140008,3,Good
17.958168577192744,16.546627215803195,30.678097556078296,10.448595892236495,604.4397254733076,389.73913887462567,523.2215107534329,3.631314074900065,14,cloudy,84.01473641693161,0,Poor
24.340443149250348,26.101711885575867,46.262431773844256,31.40393223420754,428.7039269046788,539.1451727614678,906.7202213711404,2.330031569231063,14,cloudy,89.2812965836989,0,Acceptable
17.282070726079755,15.665866327980028,23.1108409745352,24.59672550608674,391.5776608060479,360.9609206027308,819.9313320428569,1.7680291574026157,2,sunny,56.67336959987285,3,Poor
22.569542808446357,18.09834161100506,35.063285093050695,33.6059756497806,382.5169420208635,361.75973404884064,693.0656066122159,3.064670250418356,12,cloudy,99.83154871627428,0,Acceptable
23.12107638418228,24.933783947981112,42.47794700996612,31.90019326359517,0.0,1200.0,1287.0345093318765,5.962417700741209,28,sunny,46.76032424921824,3,Acceptable
20.48372352721966,16.73756833829761,37.944054495511295,35.78893217275781,303.0898681684215,786.837145633251,842.3721024236189,0.0,2,sunny,76.8224434833318,3,Good
19.88756880940521,32.021619570124166,59.002997986411806,57.71255868665142,486.0397913284766,437.2205174883728,865.0349463918169,4.910603933967465,22,rainy,229.4263509146734,1,Poor
21.06749006001571,17.067595701274815,52.92587140146141,51.7717757683609,89.67183772298218,1012.8846148791304,1123.5437800986335,2.8186815081963363,1,sunny,57.02610713458061,3,Good
23.25177257563442,20.57399624420428,35.891139491692,38.67669353518206,417.04016150642224,375.12785186708606,1101.6819171869245,1.3193148875328595,14,cloudy,87.96268888077776,0,Acceptable
26.5845078086291,33.53438152468329,50.23993234821876,38.889944365359085,162.42375700318155,880.4825852653283,1174.8163127194334,1.834257437017708,9,sunny,105.42612603347077,3,Good
25.225333195658692,33.89063650344702,51.39543653654084,39.008896695310405,538.0259945714088,690.2377926596807,819.939055055467,4.514925853459918,29,sunny,151.8381096535823,3,Acceptable
21.652104890531486,20.63644064549402,48.360617435546544,59.034895115531725,612.1645308509995,391.9323247922319,886.6557091161309,4.504457498462216,3,rainy,74.01134485110207,1,Acceptable
22.53612678697076,20.31763311427517,49.07201289643396,60.57164097940732,629.6444953475334,291.5421715543135,740.6375677750434,3.2421154025429035,1,rainy,68.19449161297571,1,Acceptable
22.645103868314287,19.38147511929518,61.491400691809446,55.81817783679424,691.5260265241602,317.8774183776145,615.2284920954945,5.110280981959182,29,rainy,111.88087751163395,1,Acceptable
16.38048309757678,20.51512429876699,47.74212387040634,62.98830731075612,910.6573092085508,141.07461420796662,1087.7284773148335,5.147859337335023,6,stormy,142.05125301128302,2,Poor
23.527530878601656,27.0850034582974,58.6496709650816,55.30321715550358,562.242300258017,441.8258528996934,980.2476453988356,3.966106546858049,15,cloudy,94.67770102885746,0,Acceptable
29.725810916226305,27.37147517596805,49.846450830477295,42.31842060261563,495.9798406933128,481.7504796782735,738.0707730610977,1.5580769192814503,22,cloudy,94.33867251427095,0,Poor
27.757527671412443,28.94705421051114,51.50797451466146,39.45815060994526,189.84605680405627,940.93133273149,1079.0299056500385,3.443447164013984,30,sunny,84.10078987637405,3,Good
24.412832360115136,14.533422594335216,48.90024092892392,43.61350680789763,463.0014765416897,214.32835111198756,684.6224634197328,6.154607535252887,9,rainy,167.21777838491525,1,Acceptable
20.341683703644527,24.77383651969025,53.88617648368399,43.49729896400255,0.0,1198.880122848878,918.4915870114024,4.116744624091876,23,sunny,56.72887933146869,3,Good
21.10316032327668,22.79087101117967,74.5441502950273,75.48531086330877,573.4590882310262,219.2777369565556,1081.1529022646337,5.139065440245395,14,rainy,98.7962064331972,1,Acceptable
20.580169612468904,17.450458244627484,44.41446453962846,50.15634516493528,0.0,1200.0,770.0687636703803,3.5767462889587938,7,sunny,42.15573011303067,3,Good
25.08070189790076,16.0490249381227,39.06962269158344,25.334940007802828,234.5532235941952,726.5549866360185,741.3067896091005,3.756174146500249,4,sunny,117.6695720354481,3,Good
25.982797341651988,36.75867415907504,52.733564292531206,45.50774097032398,227.6116385936315,684.7640680404593,625.4206696713236,4.500222710023877,25,sunny,157.13444983353665,3,Acceptable
21.64935566737541,4.974232870008834,39.06067543434998,36.40665715997654,204.7120913089336,694.9275079301789,700.5490976251822,3.00997871897753,27,sunny,282.1257582204531,3,Acceptable
20.820785686038487,8.604593066131246,42.29408024261728,33.01701636533183,559.3625354008484,276.25784366154943,811.8843516223345,1.642354722298344,23,rainy,233.6632707892442,1,Poor
25.373754181515736,37.97385661323595,57.84837877707685,58.90379335880239,0.0,1199.026471719464,1029.384015511539,2.16055233975402,19,sunny,153.40295624777184,3,Good
22.828488742609395,26.091589788867285,41.58202182061738,24.23182299060675,70.05023609979546,828.1162906991151,1033.910763000239,1.6916158016635992,21,sunny,93.73498087805064,3,Good
22.53102408829492,24.78505600086486,54.75554565638322,50.963524556580246,40.27583891855592,979.590615251931,535.2147019621586,2.208203678701272,17,sunny,74.95873626251148,3,Good
19.96470087935181,14.481471663169458,53.37722019890254,61.14824677308376,883.4990004328878,1.0054305015788032,862.6366798572853,3.269903161606317,15,rainy,120.2775112951324,1,Acceptable
20.535308425842224,27.15739298782921,57.92248860382255,55.22568418286548,140.25374418385746,750.2716797111557,1028.3991343952846,0.0,21,sunny,115.63987403052282,3,Good
23.80789949102451,20.95732478170375,36.40627881507794,33.67930901708818,0.0,1200.0,864.5763230733507,1.326977289694637,17,sunny,54.65644208863096,3,Good
20.80973652346644,7.284377993413637,44.81862430022644,36.23862993075058,455.9951600553605,463.0097457628451,874.7538997794123,5.248716603970269,26,cloudy,236.73612878521664,0,Acceptable
26.06336018878577,12.76512128760804,68.94216767909133,68.21100486018923,580.3860069536281,204.88527518108504,975.6743719143676,3.694818154217831,24,stormy,280.4641365747526,2,Poor
22.567815809808327,32.13989759269977,37.23478859454613,23.53826598611685,144.43638340258386,801.6538125241937,777.2399252603678,5.860792301469506,26,sunny,138.91601157484047,3,Acceptable
26.872232423582552,13.239742457882826,52.46112437700951,55.31328280415327,422.1385820191829,754.5828558357402,759.1939981114264,5.066365393671457,13,sunny,217.8292002137928,3,Acceptable
20.001474351263298,14.511889556575406,49.04139182532145,35.52250616770519,867.1979663799684,78.7334492557161,543.2556591535366,0.7483184583167168,30,sunny,113.7132178998806,3,Acceptable
24.76786130574548,14.932503646114837,58.29387619223922,60.050032984193535,644.4592008022371,432.0796940033193,831.5950612341298,2.9353314533879544,10,cloudy,156.36644666441086,0,Acceptable
24.975669803100587,28.48847474996869,40.99621457534087,18.168073836276463,291.64519557039694,769.3438732629044,896.021161138598,3.350901593575726,28,sunny,85.90970669967854,3,Good
19.14660114506096,24.19608834432817,47.217197664897824,36.95739309230302,373.0499446900825,397.055564013,542.7978512590288,2.493225444020931,28,cloudy,117.27072505578136,0,Acceptable
19.92458494137343,33.791007077912084,51.18364660791001,56.50205658744088,672.5942936344757,302.1624302929815,823.5179148228291,3.48149937859095,8,cloudy,235.66652611492316,0,Acceptable
25.52611787094438,19.731709649989625,82.55953102515446,89.52131593892523,730.9677260173593,288.3076748379253,920.5366712395072,3.5099651479479244,9,rainy,134.82787100982304,1,Poor
25.582606129581315,29.264469220713,49.54419783316768,52.655921044979344,335.3550196117882,505.79817874090753,989.8063782653696,1.166935257680641,12,cloudy,89.25508436492899,0,Acceptable
20.83222789928303,5.098702707893544,47.23587200138017,43.00284614253408,319.8474071484527,543.2383751031009,964.1429523165468,1.896271030900584,4,sunny,254.10787045300577,3,Acceptable
22.111998769507636,17.036626613215766,52.93637779305323,51.76179586012943,148.28492372070147,842.9510892739102,1190.2548938688997,0.2828094734849697,25,sunny,93.40008713219405,3,Good
21.33668123052379,20.88908260215597,51.933267842767336,56.19688532522605,573.2048464772166,79.3160365023868,835.1469751702563,2.054575177347787,23,rainy,105.3438073217582,1,Acceptable
25.37049539402479,12.197763287562244,59.89587035026904,46.83601565453992,326.7820465136759,520.8503967189756,732.7666270371802,4.55205418202556,28,cloudy,234.23868625062573,0,Acceptable
22.723093867782723,28.898715724674258,40.88290486165981,32.02191911294764,630.8643678473907,393.1974971950344,967.8212455732884,5.068947539061775,12,sunny,112.4574979219278,3,Good
22.2484650512916,27.0135204945353,72.22795509328952,85.72596706706841,524.792624342268,182.14069740279,1275.3177270596263,6.937710169610583,5,stormy,112.3988561874354,2,Poor
24.20137791446925,19.310383157183576,56.42995412573937,61.6161836864376,408.7819454381085,400.6120479034272,1069.0299088394115,6.696240299244458,14,rainy,103.21035314897142,1,Acceptable
25.15028710517036,11.924856997010458,52.93921545492762,55.28278236999955,112.6731445070822,529.6549585470568,909.8661894379584,0.5299542366149383,9,cloudy,203.31645323008928,0,Acceptable
20.025397241888683,26.77302528651897,44.81604593412621,49.62684040556572,453.9594336473039,573.3096648430568,736.7466121261267,2.1648128624459844,3,sunny,92.0659283017256,3,Good
25.67453741096884,11.599943047531116,41.53695523868275,34.18435413716128,688.8147966531754,359.70999294947546,563.8701443554094,2.933840200448574,8,cloudy,240.12286450912865,0,Poor
28.67840766658793,22.151238981317373,48.0532037586303,44.11663746238515,830.7339932224726,329.61439905475163,969.5339677348604,7.468493524011093,17,rainy,133.56480847274176,1,Poor
26.75902990455685,25.307839117541203,46.63235114917208,44.7752363568838,585.5427252531487,488.6065068709776,955.7209584263632,2.138638375478773,9,sunny,81.32040046465578,3,Good
25.004068285961942,18.48468945259417,76.10317336198135,83.80321704330268,632.7844883580669,224.2402450183094,984.8137294781384,4.583983162173177,7,stormy,132.324654689476,2,Poor
31.65103287561056,20.430308081306315,75.15277685855429,76.91126320826223,420.081392211239,393.6988289136575,957.6396550229236,3.745841170976848,20,cloudy,185.02709573358692,0,Poor
25.114384552731988,30.124140793549323,51.08150954565753,43.09819765372589,509.0652295948243,414.2371851542453,919.7162093324566,1.1035928872408625,21,sunny,106.50373535604116,3,Good
22.26593692201395,21.132598353657748,29.514144750043727,12.156734315809864,562.1202127278141,571.5417984975114,778.1541682561273,3.387051372195089,13,sunny,69.83835812317362,3,Acceptable
26.221382175772643,14.611187936340125,46.55337806980839,37.82944864399564,176.23812307112195,876.5070302509266,1119.462503104036,3.097610389310797,6,sunny,168.26594377189218,3,Acceptable
23.77801647933953,21.90354580606122,61.670020765549786,66.63892892459631,307.95477193264577,617.1774941556691,971.1645573105402,3.7286093724682026,18,sunny,86.02575084142919,3,Good
19.85019505584798,15.3635503555611,39.380205749716936,34.20780355500807,439.9930837041232,949.357838616525,721.702026191823,6.448972167119184,14,sunny,96.7858153604622,3,Good
25.591369566874505,19.473828008054205,47.77425020257137,49.548358175057416,391.8217914120127,646.700642955896,997.5885883433222,1.4206340265907629,1,sunny,91.4008674725059,3,Good
24.9802740519275,26.01456861762412,46.708859896938094,49.97632804536418,132.91416310274548,880.1941171578411,1069.4880834089577,4.836696797600275,7,sunny,73.06587086616463,3,Good
27.602622215936005,13.821082382154463,40.16734476632823,36.08746033067167,118.95577442911264,763.4225666091414,678.9741538748372,0.0,17,sunny,213.6072846402397,3,Acceptable
20.124919431548307,29.07099064430575,51.42264620148892,54.48472753863373,0.0,930.667823488452,1083.6052584411088,2.68583480086294,3,sunny,95.03523484381331,3,Good
26.019128762071283,13.072112166453676,51.27716445523417,55.350998134636136,366.6155987790387,274.77701815783297,1230.4896447113765,2.759880494328057,1,cloudy,191.95911326296172,0,Acceptable
19.30884487779906,24.55341924366471,45.52814628961129,40.34771417591242,321.37207978834664,764.0436076806051,607.6746923873692,1.4930891890420743,21,sunny,91.5809622702709,3,Acceptable
19.39383859993895,20.820065342770917,51.96728314972826,50.5039789927723,783.3316009260232,240.6521555089961,1126.884002020725,2.047464486451775,9,rainy,79.09055823433084,1,Acceptable
23.48778171639552,16.280248978076568,69.28755662744372,71.20189384844558,781.1209229597423,142.94093668941954,905.7008851947596,5.970155226867759,14,stormy,142.89841830632022,2,Poor
17.194191746923895,2.4255002477823275,48.29901320831123,44.60868248303323,351.2313118697671,601.6500510057017,902.5600118311222,0.0,2,sunny,226.4517388634264,3,Poor
18.91412320743938,19.4825515572208,61.21786357673109,53.033243011810704,0.0,753.0958420097538,631.9118304444507,2.4264841462074487,25,sunny,38.56345509283812,3,Acceptable
24.014600670787427,36.3216652017028,58.05841406709728,60.96925234962801,237.25654862364908,830.8471409447401,1014.4931456117296,3.032673218942082,22,sunny,188.88652442824576,3,Acceptable
25.04936549358751,27.637016620527053,46.73363294023061,40.69291903262254,625.2755864256607,187.62626655281065,963.3626801939408,6.646136077717853,1,rainy,78.16793398180164,1,Acceptable
28.43547336563693,22.24477425576355,56.520011542880354,53.32329672276746,345.01377494409405,694.7280695712936,1180.2552712236625,2.9925582974679727,13,sunny,102.61293511712036,3,Acceptable
22.36924734534572,20.818666498459116,53.055791631143855,56.92068404901515,148.91264100681826,798.3288323564435,1098.630678132397,3.568589321755371,6,sunny,71.67760769335129,3,Good
20.087653320088528,15.269399608132009,56.63716826285798,51.40589902617624,566.9752209386439,387.4096579388562,952.5577398080663,1.0019461269641246,18,cloudy,96.87084392806682,0,Acceptable
21.90728919844693,18.98576460300801,63.62688374495137,68.92710890723552,568.5434643515497,202.9019468116104,856.4189587775746,2.5527746742667032,14,rainy,92.6640557779535,1,Acceptable
25.01583912931835,26.902688229433693,50.813066147099946,57.29472281988864,345.9099383326308,662.4030273275343,792.5517044194736,1.2459796567038408,18,sunny,90.74680331649562,3,Good
22.02436340993485,30.702678852723132,45.32550452292501,50.09662902165497,28.04501230927694,938.3497412316816,965.7089188331043,0.0,3,sunny,102.73316926484009,3,Good
21.639843820692978,15.668812916429822,70.2822958395795,94.70809765512352,712.0181323822882,191.6748569335028,1305.9525197051296,6.300755876314261,7,stormy,119.65379991982184,2,Poor
25.693462639066738,23.79508750892841,31.84362544779053,16.560312286300977,544.633917744002,145.23421367450442,576.0182764769037,4.3444837341183895,19,cloudy,89.74418224558885,0,Acceptable
22.338614215260776,29.528639947397032,44.57471953215289,35.542554585766936,213.7832965128648,958.433685454569,699.7826780267392,0.1625769352669581,25,sunny,120.1288941384251,3,Good
27.283059747222044,19.451337736768625,59.89141586547979,62.1954699951674,464.7411538593491,367.4669905656012,834.6485416097534,2.998056156443168,16,cloudy,138.19614824993008,0,Acceptable
29.194087722103323,25.38279774435631,54.326802620334576,53.99738528516582,524.1005948556976,577.8390638651143,1018.066213562185,5.25120464472307,12,cloudy,93.15455756970708,0,Acceptable
23.848183640735893,12.81067012907184,61.55293237743972,66.16509143350251,0.0,1094.5688699977457,1023.6395142467276,2.586408780304477,29,sunny,133.8378679075555,3,Good
27.17692064306435,25.494847590678123,66.27907878324376,77.23939992788674,254.9236983211153,659.8582385533176,723.3195405456686,0.0,14,cloudy,79.32217020970681,0,Acceptable
20.559038994403483,18.767393606349938,67.70627436089302,85.65755083014548,586.283500065526,188.6044851200192,700.083078761094,5.969443569559077,6,stormy,80.05918352098047,2,Poor
19.464933681175665,6.145687386535313,73.40817220247209,71.38934588795027,561.4086444250722,246.909467859906,702.1628214757255,6.634902976145965,14,rainy,236.4938298762534,1,Poor
19.60889024074166,24.12612804319837,57.620675498141495,51.83873618643154,635.3122696948815,228.81005135473697,1115.1056684953078,3.186841331225315,22,rainy,121.25145498510956,1,Acceptable
23.56684451890028,20.729802302054186,73.95347722075103,70.68655721957178,411.8684501185664,416.07783134435664,580.8972070379579,3.200442378518588,29,cloudy,104.77108274851152,0,Acceptable
19.52406665467609,20.66892331924653,35.095882306950706,26.15908283008285,276.6313085091185,733.3679886529744,780.8095293372576,5.243306807339571,22,sunny,82.53825291023854,3,Acceptable
22.52427623204272,9.105146452859367,70.02039063071567,83.2269153534115,470.7579213053402,337.5603394120222,1403.252534189699,2.1962815861403806,28,rainy,269.5885259555391,1,Poor
20.16543760070984,14.991672387732464,24.267996288340377,10.0,492.794926530533,439.3178924591571,1043.490563154572,0.7715041728457317,3,sunny,85.72160266486135,3,Acceptable
15.509097734244053,9.522482004941518,37.0818111202486,36.06661929228761,669.5919459539452,429.6015413715127,999.9881910445806,4.794137351440994,1,cloudy,88.28652801639292,0,Poor
23.484771487976857,35.16302566652466,54.39266722593373,56.98527973148239,262.6454656323496,437.6586223116907,835.4765660677676,1.0770815259510844,15,sunny,172.6399394258364,3,Good
20.362972115705706,15.113831395494454,69.51461460949834,53.14120621826595,691.8096520814298,179.63339302579956,828.8218863259225,3.762032786163057,28,cloudy,130.15154314928475,0,Acceptable
17.83694625456664,27.199198748829943,70.88585882288628,77.66962308190112,392.88643930449945,453.58780540592176,624.2438315387575,2.654718600642637,24,cloudy,159.18297790655222,0,Poor
19.94494574033976,19.892896384310028,52.19423182075701,47.436319187550176,777.8522317854192,419.073802407778,873.582035216704,1.678976589230174,1,sunny,68.28064467126397,3,Good
25.060788378839277,27.981901933671637,38.79049791878575,39.97383471147499,134.75131855753412,805.8066043764271,733.7831338811136,2.912974072313069,11,sunny,77.06793130628711,3,Good
25.08704785881712,18.53222847214397,68.00594711596625,76.7445507830354,481.8855885003751,589.5593355901105,749.371563580829,1.9919692100899165,23,cloudy,124.3867409975503,0,Acceptable
25.981549613813787,18.970289148752837,38.22612497671904,33.46381621954684,323.08582859293386,672.228296346974,1019.1856186664274,2.2170859338931064,2,sunny,91.20340109214278,3,Good
26.56395185043727,17.818661727485257,60.83793456688522,62.74312272360821,475.7590009054645,330.4947230647555,840.4483820089459,2.6851582548720883,21,cloudy,144.57356843279757,0,Acceptable
30.14420160927642,18.181687603733213,65.80786689476012,72.56485132844199,615.5015532057718,280.4288542371323,856.1256875196723,4.229125685153438,27,rainy,236.64968690925832,1,Poor
21.415687034165373,17.55958023882591,60.81177514215906,57.97953333974686,387.04479856557305,322.1345085375024,779.1128339287344,2.663854419610411,30,cloudy,115.61690010233237,0,Acceptable
25.19359313228973,24.1919300668212,38.99385765031477,26.313631122035986,0.0,821.719363512245,1090.8779905768668,2.185630960523928,29,sunny,50.44356683212809,3,Good
26.861739232969484,24.06485770592677,66.5502650541584,78.13628299061699,1008.6748041795312,200.80371910617012,1098.6299571843429,4.552167381655942,24,rainy,106.57613385042292,1,Acceptable
19.8079917827566,25.513965012793065,65.61790438701792,75.99957451685029,454.8090067784434,202.82799577312085,974.5679202479052,3.608409974008645,6,rainy,113.20876296719292,1,Acceptable
27.930150998456423,31.67679606582191,48.05201584582928,47.40157093427702,507.9029815605812,494.36719916217135,989.1802627259926,4.3528999349776925,24,cloudy,96.80792936553884,0,Acceptable
24.085073744740463,36.22739240220132,60.654522748796026,72.5963310019591,727.1802412490064,208.37654432006948,874.5766374256002,4.14529204651938,2,rainy,211.69034209407192,1,Acceptable
20.00166974705965,22.44370531997573,46.34692063348664,40.29776388357444,233.4708498296476,768.5265817436872,1178.108654157052,2.9870048505046976,25,sunny,86.65616052863354,3,Good
28.71072206908949,18.105534692415016,80.64539165025151,93.34848420256353,513.8198294852295,433.5701077680223,760.3096288455716,1.7994240262881198,26,cloudy,187.5542898290082,0,Poor
24.87781736511548,34.216630624303875,54.54922008123389,74.96717456765596,533.6755166728491,618.2760771620198,1002.8341139421336,3.797292519252444,3,cloudy,130.47591321345777,0,Acceptable
27.108661506122058,23.66810525903493,58.40370623479967,63.49614669754244,634.7178984803887,184.97237688785697,731.7603016750021,3.8815389527344473,27,cloudy,107.73578381674658,0,Acceptable
22.51714615931922,23.065480828423848,33.41147489012752,36.52145317318681,215.6504783413696,1026.8950715636083,774.6860766052525,3.524665156549226,2,sunny,64.86436942637356,3,Acceptable
20.221877523653333,31.981505810441064,52.1237211111453,54.43560305141075,523.2730152787612,355.7672539297878,932.3023705140848,4.89020846753991,7,rainy,213.62244199847532,1,Poor
28.66265438598712,16.418102372815174,61.68726171313109,65.39744497575376,428.0482668037198,423.1350831337,985.5205692977856,3.486206480234466,29,cloudy,205.9414208224806,0,Poor
26.908602477131875,25.67909210823223,54.78904371511318,68.75860175874497,570.2333190511991,327.1863715223592,1106.2619580916348,5.285484843223753,7,rainy,86.18561817282063,1,Acceptable
17.275152122679795,18.29032262838134,70.47629558486382,84.54412236694226,653.9879733037111,195.3357661288535,896.7379507105549,4.075438100783883,1,rainy,70.73776446537714,1,Poor
19.809227177826887,28.04961483596147,46.65400666071916,31.096355884619086,317.27187225539353,454.89935519632695,728.1186051663943,1.099936178609098,27,cloudy,147.6147142434376,0,Acceptable
20.90459865905888,22.46447263094323,62.82168193924754,53.809363026466905,790.7221778793667,416.5916586220064,730.3317204822546,1.2569205748039964,22,cloudy,104.87406844547752,0,Acceptable
26.864738975382583,23.34286527592568,53.26949901571611,62.37386535227937,763.2243223617319,285.6455968535212,1411.353886060591,2.453835993914537,9,cloudy,96.70135914603564,0,Acceptable
19.207982359107017,21.76851920489897,48.57770688912971,40.12244193529242,252.7242305324062,997.6063271906744,947.9117547567128,4.044449268297376,26,sunny,81.26864251254682,3,Acceptable
22.84407155468908,33.19071030205561,49.11657673851069,46.97442417462603,152.4321463815425,784.0787468571712,1265.9544421017122,4.065907684555556,22,sunny,149.95926876251792,3,Acceptable
20.583978328884072,28.0273822391699,70.71836311347185,73.24846693569135,259.82260051936686,428.9952845923003,752.7388915157933,1.037629627793938,20,sunny,123.07658733158011,3,Good
18.95234670166859,23.039880244397843,35.72058626503247,28.23219702863466,407.6584537842528,738.1693709997885,798.0656275596381,0.0,15,sunny,81.56622954627613,3,Acceptable
17.472902733297783,25.779756639208017,73.05606531138929,81.52867385706031,744.4004771935588,265.2906724662063,1104.7526457684064,4.308758882468798,13,rainy,145.5595219680527,1,Poor
27.199557001380292,19.62422816345188,47.00964308411886,41.526021165239925,229.5207985965733,805.562692763331,868.9969323703721,0.2803109052106398,18,sunny,114.0789482351654,3,Good
20.62490163188752,15.676020379164925,61.564696607854096,72.35216052324694,630.2386984073053,434.1490033143948,762.9182472921021,3.812548150185811,15,cloudy,150.18478654398078,0,Acceptable
23.028492060678627,27.85226187433928,69.52405986786783,75.47285366993687,734.5159425524583,154.0492077834495,1025.4070116704495,2.9493111801990697,14,cloudy,110.5174144495516,0,Acceptable
27.80083849404232,26.05210569946408,53.206523771835,44.92621251200968,670.2485474614302,105.2596070577335,845.4907108888698,2.0106290620100777,26,sunny,87.05989921599203,3,Acceptable
25.33286152357529,32.658636045267855,62.7736181871812,74.31518480212839,491.1311609552266,403.7798545189724,944.3064963999813,3.6470125779710063,30,rainy,152.267274214343,1,Acceptable
17.05617960257116,12.36094696440786,56.60250850244774,65.15248500713852,883.9122943122643,160.1727657855752,985.3672542653331,5.050852258115426,6,rainy,101.52173464029948,1,Poor
18.384690678662675,21.219033007542336,59.03046559961871,70.20758497183752,545.8506561533859,508.6305735353444,951.0975934125944,2.7007693564011075,2,sunny,72.19018762365796,3,Acceptable
23.157525291852703,12.835858695927897,58.28327097603468,47.29095762012554,832.874603663353,195.40163315320484,803.5525017419445,3.701554383963563,30,rainy,207.7607774363632,1,Poor
24.488566193008737,21.089710238102647,49.232178828922336,63.45285008994471,643.1989152237785,213.99364881400112,773.677783589027,1.6128073918241363,2,rainy,71.15900477633886,1,Acceptable
25.98098255273491,29.89789661447665,47.45178508650884,52.44534746990764,589.8767928715182,410.0200396299572,509.1174624207235,0.0,5,cloudy,91.94339160164208,0,Acceptable
17.994152685422712,20.019390949176373,47.279170734375626,50.84210637556438,554.4960986199076,387.8236023260772,1134.1711460230215,5.325205211505876,7,rainy,73.80802294524969,1,Poor
24.0097357949215,25.493677995072392,57.59431311608464,57.3307411399689,332.3450098338999,402.1921519728711,838.3622432222052,0.0,23,cloudy,90.80040025900428,0,Acceptable
26.192283192430047,20.307949353689445,60.073695146980754,70.96614985898943,736.7549339917189,222.93756103794516,747.2447365299711,4.640608732855409,12,rainy,122.5853942437247,1,Acceptable
27.845342631001618,22.1827613016358,51.25789300068055,49.91047899020253,408.97780353620914,843.0313099902279,835.1276126171792,1.0546954851200523,23,sunny,108.40470785923765,3,Acceptable
24.825855352728343,24.76659340026963,52.9804772792081,49.16695400978652,260.9891884973722,602.0941165515188,1014.1742372894976,3.0050725673990013,4,cloudy,72.4462949210054,0,Acceptable
24.41868382158494,24.09842067446345,64.77852007825307,65.35954346670013,487.7460266235235,532.958989828382,1180.1245192149388,2.491663425414942,20,cloudy,94.00069871669902,0,Acceptable
21.54201885025593,27.769637103031027,57.90918454187518,69.61851445435369,587.1197260040847,499.1935064957038,938.832835277064,4.247277609797017,4,cloudy,107.84411410412218,0,Good
18.952072680147907,18.8199698053343,44.08273791132075,49.61214654520502,173.61982509656036,773.2402996365382,746.9459312817975,0.4232034732458203,20,sunny,79.70176164578767,3,Acceptable
27.84992225042144,18.12672574121557,51.73316532094668,45.58869394333125,829.397622907155,181.1804810644932,835.410975802733,1.5921561138572802,30,cloudy,170.73162305689135,0,Acceptable
19.752540215798035,30.436468087537733,48.12755315009467,33.901981155146714,315.30635562895367,511.02073398125697,953.9706492384814,4.670405579180578,23,sunny,168.54772243555686,3,Acceptable
26.36233877612164,36.5967242331596,30.100676348096044,10.0,228.27293667755464,674.7472401498073,895.401408784497,2.550431696706515,19,sunny,163.81627546715444,3,Acceptable
25.36162262361484,11.601913206426527,76.65730710801634,95.0,141.08024669735062,761.6212491956642,470.1901857741082,2.593594594206055,25,sunny,210.77573138247104,3,Acceptable
23.99978853551379,14.860572194083524,38.47734321705043,45.92303892318416,587.8117300419293,445.8802445446987,725.1458751687582,1.398060847197422,1,cloudy,125.16069696040358,0,Acceptable
23.281264365774163,37.36542407547015,58.068634725775325,54.31891330463499,378.1143150557103,357.1003050279372,869.8624778053243,5.459709864180255,13,cloudy,233.0396429598021,0,Acceptable
26.674067088794377,24.74693863125767,37.6471844266455,35.86229155325616,109.2311398116947,1200.0,1130.4798860515036,3.408073059428528,17,sunny,76.4190244028847,3,Good
20.94549611308041,10.390271125734854,48.76321186090006,42.769608839635055,352.9177361839064,624.2251626125723,791.0590532502389,1.7620875833350222,6,sunny,152.37490822964543,3,Good
21.101997159109143,18.674072537212417,38.91390478828588,29.428135925823057,568.7551813259746,385.545005392771,871.9190794997027,3.4058770632404247,1,sunny,63.78955877345853,3,Good
23.76484256421066,32.147376563646006,50.07324891155208,42.55811412171386,245.34121495741024,869.7442553278644,892.1554323984934,2.1600707152561105,30,sunny,141.2466585302139,3,Acceptable
22.77181790773236,26.08257209792488,42.341482564196056,36.50640572615828,138.18141024531698,760.3524082180323,955.927483709398,2.4375909272878,3,sunny,71.06028574499209,3,Good
21.241859329508795,28.50198005048413,52.54230669526172,57.048044495564845,686.3238438250473,451.092478067661,832.5570172081389,1.884909921477532,10,cloudy,125.30254412133714,0,Acceptable
23.30961998432624,20.3390008720342,45.28496846258515,25.842081790550296,187.5063752463915,733.2114690583956,702.6427436633364,0.0,16,sunny,83.40915517112504,3,Good
23.59991443245832,18.735302216548035,73.80579293494031,85.64813870002729,496.1186033692434,309.44914621769925,1198.3907912822758,6.042559759079584,8,rainy,105.08612871234756,1,Acceptable
26.956259027914943,19.85353823081933,52.48670596573613,48.12377081642584,226.2167878837154,724.6658345359834,955.9178718364968,2.7664676354813693,16,sunny,116.71501113711398,3,Good
21.74440509948784,32.71438906942996,60.28365395267158,61.76654790777288,347.17465663551224,567.8223066307627,630.9110270854752,3.528663388769792,21,cloudy,189.28484992386387,0,Acceptable
18.545719325761244,12.045842216241,59.35671312935432,61.42662475589192,772.4849143854965,152.88440214699207,960.175096742557,0.4077887896991865,3,sunny,108.3951429426887,3,Acceptable
23.100236920101032,19.448030534667964,47.662984841879805,46.39897460908474,277.6505477681563,894.9144132186999,680.3650274107381,0.4543247155783771,15,sunny,83.27441742955929,3,Good
22.21944456726891,21.425746354901133,64.11846686931388,70.02978386432977,608.5974961855485,285.75103210237484,1118.4924916992136,1.9428516206320148,26,cloudy,93.1097049551742,0,Acceptable
20.757820983183827,25.625124485366086,77.43493103390747,86.03307941045915,356.7241156679452,567.391541245664,1036.0266116466032,4.041803222412412,23,cloudy,113.66196992497107,0,Acceptable
25.7121578225391,25.942124336423525,61.28948140401714,58.83142284853106,615.7687983209372,356.4413960652552,966.830970847184,4.602342632008381,17,rainy,96.56021595578048,1,Acceptable
20.241610777925448,11.249909004268655,67.09128187910052,71.61315527590321,543.7808400463587,366.5995742642124,698.0500937058481,3.32045653265626,27,rainy,175.5590678224027,1,Acceptable
20.34377614125217,26.996819966079045,50.14628790585443,42.3484820276804,213.95337781190565,940.85427774012,1051.8958243413012,4.476450832800867,30,sunny,118.53984251159014,3,Good
21.82947069368196,10.522019237009197,61.139478750821205,63.96066929002646,216.46312412451857,824.0918569502045,853.5305378813385,2.807889087805352,25,sunny,174.53113316351784,3,Good
18.62193881162706,16.411756887832393,57.105977030900384,65.37733133450995,460.1618373701303,266.5711426934351,1043.3346174260528,3.8672484410174666,4,rainy,77.07814554772969,1,Poor
23.281772288171418,24.708206018191888,62.611653916210095,61.10620080153292,579.9220139485433,411.74934015607096,808.1233139978527,2.5505259967991183,10,cloudy,85.94103399466816,0,Acceptable
25.144102835522208,29.29266705548911,50.75130084208039,44.4628445950858,224.87661078805,884.5029823353846,761.1099622027037,4.054953692578817,30,sunny,92.9320433523596,3,Good
17.759462647291247,17.201697554082045,51.2796967240935,50.48622613301138,333.325951744436,671.5974520092144,960.7382067703664,2.4603901938115422,6,sunny,78.43098220859541,3,Acceptable
29.787575263774777,24.52480847163734,60.24299114286431,52.110495180136304,163.754508738023,752.0745532238238,1066.5640987094885,2.826219111145942,27,sunny,94.64311632204874,3,Poor
24.69469636247452,18.215135242814625,66.49581998569676,57.49386507542248,804.0537846594539,267.8553502702439,862.9175086037844,2.488343880964185,30,rainy,139.07202289308412,1,Acceptable
25.59663095477505,13.188373441667895,66.166698318612,79.51043672585581,555.9386152258377,624.2612092943261,721.2339556566823,2.7536372146250248,29,cloudy,218.37975731857625,0,Acceptable
26.363908294874843,21.0166682668263,53.28647959337977,49.77269041064508,420.9256000028544,514.987639030671,883.5249051088257,1.5143250481793382,20,sunny,97.14147068482518,3,Good
17.05778082269622,8.901915553918545,47.16341240091869,34.8686521965235,122.95216522698122,963.5601520528114,866.9447404336311,2.036844824809035,19,sunny,121.63691207479164,3,Acceptable
25.1914440777487,38.63196129282193,49.42373632608627,49.1967330595321,159.84453345822453,617.3327439206333,1003.7519154716508,1.2224583979022663,19,sunny,215.19247930766164,3,Acceptable
20.115091360496876,17.963234701885135,68.77141908343431,80.8474074234365,591.8834879726863,419.2461766249496,928.7182760550284,1.6847689617275634,14,sunny,84.11808676992572,3,Good
21.006486211014156,17.366862502450033,51.10389587596937,62.81224905033288,137.59003576254065,772.842495496552,935.8848389562904,3.3068065428721622,8,sunny,111.18833206108548,3,Good
21.05344266082316,31.987218422734543,70.51852175666538,67.11186774636244,521.6873978411523,253.73862251381644,1197.316102370138,3.1024743781487625,21,rainy,204.55402380925972,1,Poor
28.413936021283742,24.07132289701937,84.390200033023,77.53672255187588,597.9452642473028,251.8490344485641,884.8647302765768,5.815039351189672,25,stormy,102.58374746367988,2,Poor
25.23767044628199,28.7739266912291,46.57082890766229,43.54638620202638,168.54275758029945,798.501859371707,611.2185073584956,1.8090417754883945,23,sunny,83.59268269749873,3,Good
24.61371526339585,22.283205173756727,29.934392388722785,35.98913015364283,167.46893164735854,767.8627779927033,1184.0363583328,4.013550480549803,3,sunny,59.13445807663081,3,Acceptable
21.6352720838744,19.295868784782936,61.105615741337246,65.67177952177671,135.32063367589512,683.3050157757646,1029.9000169483445,2.3361025298260536,2,sunny,54.50643080648429,3,Good
15.385029764485145,15.397440650760572,42.12035765451273,21.331016583835662,347.8397371236723,730.4530695831417,869.4625912799812,2.0135174157485496,12,sunny,77.7954400280652,3,Poor
26.144630632395145,13.769537413858894,67.34724853794252,87.63950303285313,914.4488804964134,18.9242776240319,846.0619729581019,1.8615340006915413,4,sunny,180.08363927661924,3,Acceptable
18.321388602415976,20.519202679790656,29.16420580388023,12.765200471524224,0.0,1048.1046551521354,731.3934097000214,0.2746192185155327,30,sunny,57.37468476949368,3,Poor
23.13254421901406,18.217062617132022,68.68205341356223,58.55517532154554,686.0707396138672,202.2855830159251,881.9902163344151,3.2042286219334395,26,rainy,128.75921865816213,1,Acceptable
23.103326698350543,12.94053491423119,43.33924688256215,41.98315447989076,0.0,913.8336940721556,976.225613548459,3.83478300386504,18,sunny,120.41599132242553,3,Good
26.16549410316356,32.28770174123191,35.65424857728763,18.82190157104091,488.5174913669823,339.6708495144086,867.7139746302895,3.678062628275898,21,cloudy,114.98603327224066,0,Acceptable
28.368340887526717,15.919329598314292,47.13933409248815,36.952634970904086,576.1343187374579,300.2900368364716,863.9156006204178,1.8856609190739293,12,rainy,232.280229406988,1,Poor
18.733484110754844,24.9607906071642,54.35482059377655,68.33739281473763,552.8218804529557,250.5419271288665,1324.8041552434745,4.6005522649838495,5,rainy,118.58195817050014,1,Poor
23.36337116996523,19.501931723922283,54.13474351426773,52.5754957019991,809.2337722691229,238.25675688755905,964.6187063863669,3.8916474952662914,19,rainy,102.04812422091145,1,Acceptable
19.033418220353607,20.33405953125019,51.1773297820102,35.13127729786181,287.8507645342264,247.95697260765704,1229.3192050293587,2.37667424433164,15,cloudy,84.68421138681707,0,Acceptable
22.341773100729856,31.81776015175796,50.835930154837165,46.09018077087732,541.943463604136,298.0660483700103,1032.373101943818,1.1850103326696293,5,cloudy,141.694459535316,0,Acceptable
19.275724601795872,10.677847162222454,49.65780783268384,45.70876425084989,199.5633803725167,835.7607516922402,1163.250094557255,1.1837808495556563,15,sunny,118.88587932575706,3,Acceptable
27.984530166352265,19.53272069565508,34.20579373086523,31.124935784916826,582.4331222288134,61.322233633870376,1132.825575600933,3.2072509149871924,5,cloudy,134.60797888060054,0,Acceptable
27.71090827941805,35.21715466941615,36.07373171466155,31.50546338402406,85.77441915420931,864.3517688334141,1252.777385370779,5.420622620836183,18,sunny,119.39956620396616,3,Acceptable
18.17003749446456,12.770906539831472,61.8370562598324,62.604814800151786,547.4326480585328,351.2223268258978,1149.2248309016638,3.777227223354334,3,cloudy,79.56169240442895,0,Acceptable
22.18331728375964,21.52691881776021,70.28038936086548,82.78699725015177,563.9597263693285,299.85340307625995,802.9294909183191,1.284418823780678,9,rainy,85.48544456151544,1,Acceptable
23.73898557862645,13.700542273017106,74.31000567568653,74.83854865752514,40.02938512106096,576.0319077330246,1203.1062867657445,1.715730099171851,15,cloudy,154.97647840837013,0,Acceptable
21.75700108232244,28.203191824686225,54.84342512655666,54.48973222225953,465.1496657408591,265.94442814885434,1166.4015063538582,3.451374223747325,12,cloudy,114.43861614297268,0,Acceptable
20.84959574794879,15.793076332833683,63.473122443627815,75.9941860215745,168.53399602136074,1107.6178310911678,1047.002448379615,4.843033990085788,9,sunny,87.24827928732833,3,Good
25.803135144384207,23.484320720040667,72.38083445284572,84.64161089380228,608.8084301888008,258.71864955172134,698.2492851663212,4.642000674781012,17,rainy,89.02734720675254,1,Acceptable
29.092210553229307,24.527935887943315,65.67430177178412,68.82892691083038,616.4215781893915,389.0273095696679,788.021849440374,0.3501103301559429,25,cloudy,103.30462963867647,0,Acceptable
17.066797896654457,18.3378453140119,40.61155931733414,36.02572089688276,368.8176606600673,526.6667580962404,1064.045296083525,0.0,2,sunny,62.62353440251279,3,Poor
21.66415766254217,12.766155389171352,48.80043027989907,58.34715899295213,124.08995050002878,935.3619792098052,952.045876099876,4.376240824877331,15,sunny,116.81606787996,3,Good
23.397437376175407,18.63904564323404,57.48718799986615,61.187358578948704,179.29941584646957,915.554687989057,933.8690464212732,2.222355050282973,18,sunny,88.29907383649432,3,Good
24.70368100394717,15.294195308796578,66.6285159123264,62.6955834127887,677.297565414305,165.34033667676215,819.2233099768689,2.243374820998415,23,cloudy,168.52148529113904,0,Acceptable
19.006358546600087,11.74833758553729,71.41154471368075,72.32712150739272,810.6347011468754,272.707036593082,537.7652325754946,3.272004272952383,14,cloudy,142.3683540985095,0,Acceptable
25.807616559271683,14.258196428901469,51.95834424946457,49.1194602468174,604.7977043614277,276.92400211537955,1150.3974344294331,3.3243138190512376,19,rainy,211.3136238074909,1,Poor
20.01777661086737,25.929022344594543,42.98962752081752,29.67600779191132,331.1782228721958,752.4944460780262,1276.806812871924,2.400598469406321,12,sunny,104.48506089533424,3,Acceptable
25.88992254840887,22.66506872426961,52.15711700358855,57.8356083800109,450.99901889695366,314.5442540300532,1023.784436645128,3.407760684510563,17,cloudy,95.08468404599412,0,Acceptable
18.73710311494999,12.869334325310154,64.99346583999579,69.48020940151699,221.56060265657572,624.0541132051593,1074.6085476788671,4.862883849057445,23,sunny,115.73688482580584,3,Acceptable
21.484059610476923,20.783737186260407,44.74231518990519,39.98583993164975,143.06630939565432,875.4481446112858,955.0448335334052,0.0,3,sunny,50.05965579161994,3,Good
26.41205457125931,22.98728907272128,57.9928232239065,55.168503089441685,328.6376936207253,620.408923557958,979.8131734071204,5.439658555591917,26,cloudy,91.9718289320746,0,Acceptable
22.222348178813853,28.55780936024289,42.72370187440667,40.62515916483903,424.8432694862466,524.4215512257284,775.7309790919873,2.990910700555228,5,cloudy,113.23342146130318,0,Acceptable
20.71360385498405,19.243157387299973,61.72170361476667,60.205967391784455,411.0766091203111,496.5899964433247,593.0648612126322,6.636924967331877,23,cloudy,78.30706168855197,0,Acceptable
22.479110151019245,16.753105867691346,57.7172800177633,67.7344408759414,759.389910730066,233.0642078101735,891.7746747193456,4.04684757962625,22,rainy,126.29625714447724,1,Acceptable
22.59460743861701,13.5567597816996,64.05799455086432,71.14182349367135,553.8165365096481,224.00718350701888,1061.2582466167107,4.887149783707001,28,rainy,165.16518795511493,1,Acceptable
17.205127946039095,28.73013046879876,50.88807613471894,50.48906770034208,375.5275824365549,613.639033660283,1095.8906796866509,4.335372658963317,12,cloudy,189.61694682357856,0,Poor
20.704691217968275,14.450099969221744,42.99162003343144,47.44272418002278,502.9816810705016,361.1662524649191,925.5456510085822,3.974182719760568,20,cloudy,106.03972245871807,0,Acceptable
25.691458648276928,33.51586085796025,58.34986692373222,74.00307768427551,685.130671488494,248.49377013993453,728.7127810019165,3.4390921333759352,13,rainy,143.479051764492,1,Acceptable
22.0519146477917,9.28531624972656,46.82802994864712,46.458032127296725,246.2037393207708,809.3284564152614,1066.168233617252,3.774733831307829,16,sunny,187.4881828435468,3,Good
19.1690353044019,32.93449676803303,61.73945120109679,71.09758411461115,520.0733138362579,305.0863688422747,1255.5967668733354,2.584010856495656,5,cloudy,223.33631627819327,0,Poor
27.32566739073459,30.24516639781804,44.59814534343566,34.37740837184612,69.15606477010255,980.8773491545204,715.4727554335409,6.857667101887227,22,sunny,89.62999039321662,3,Good
23.120455543000343,27.18089386435122,65.9384501338392,62.84355051475496,614.1244901916185,374.79609277465687,961.822890636169,3.352001216070952,23,cloudy,104.00027706750636,0,Acceptable
29.23671537401859,39.09769228190534,75.94184404222199,79.61811550974477,755.2754463897126,285.318165132153,502.1350922766162,2.8239969579390047,27,cloudy,177.4383103974196,0,Poor
27.93235575149495,32.77820679251337,70.12701947421652,95.0,641.2132698929762,181.15920362520788,927.7845958860454,3.577834269988994,10,rainy,104.69177483731252,1,Acceptable
23.06838423492197,8.80507165840644,30.657754025694963,19.107550771521662,530.4005667773346,223.26320616810565,946.0784149379832,0.7024197311663523,26,sunny,243.8850254858737,3,Acceptable
30.08587187428641,28.81159633339804,52.176799073665016,60.832922646306734,654.3727480884113,121.65560610322323,1065.79535058269,0.0,6,cloudy,77.01255315063842,0,Poor
20.19071520925672,18.635166218404976,58.08268112554335,58.57610007255154,436.31459978159455,434.0571741413952,789.5973777556842,1.5458761409762665,18,cloudy,95.63784247692637,0,Acceptable
19.434249579925023,13.26302793278226,57.44184326127652,70.1926647281131,499.988854170574,189.67958335417327,880.033490848891,3.615560679351276,18,rainy,119.05057293504908,1,Acceptable
28.37935974126292,36.58668512493078,46.51462740781505,46.166941932760565,456.6655801748824,447.0234460223861,1127.4136077772182,0.0,26,cloudy,146.43339751098594,0,Acceptable
28.113176351562185,20.780869787555417,48.30863322856886,33.55383020509998,690.1289149337579,333.65396095276446,987.8768486545596,0.1551697987094367,21,cloudy,131.5027660004525,0,Acceptable
25.63082075087257,20.614976006897788,76.18349867407831,74.1399962565115,237.59369405025583,570.1691753383419,1260.9887731709512,4.753484888676351,29,cloudy,110.64943725662168,0,Acceptable
21.98340252170996,9.414609722708596,59.54450664360499,56.81953203001714,488.8306217079826,400.6445183779877,1008.117844587278,4.959840129019155,22,cloudy,216.9335002664388,0,Acceptable
18.430662846466323,19.45904051611879,44.26256819481007,30.07186529201539,571.1680192642362,458.70651581776025,785.35621767775,1.363892145244936,14,sunny,81.76671354666145,3,Acceptable
21.878150203420788,26.194162507961675,52.74381026687699,47.35225559074525,385.9047430177238,610.8960299012655,1037.5488584983673,0.742877828635897,13,sunny,81.3248184322449,3,Good
21.232180281343588,27.14224348186181,51.34686523575744,54.41135749734861,253.59684217952224,605.3471819489647,840.2808193866775,3.2115943009997334,15,cloudy,112.57388850460136,0,Acceptable
18.36313501405878,19.29309816477013,66.25088291995681,82.2615867247531,394.4012272124645,374.54193710190015,791.768022716527,2.243793821956909,23,rainy,102.87406130830588,1,Poor
29.39286527690526,30.53181401751196,69.76240030753672,80.38286000587335,441.8876448975815,281.4231148119922,1181.452243333605,5.0068156955952166,25,rainy,101.28368665496572,1,Poor
18.40823297506108,10.05597807472858,57.90551007393663,59.36853685508884,470.6784753217564,543.5232194458459,877.349405837744,1.1648369509727057,27,cloudy,140.72470647032955,0,Acceptable
18.99403581390116,11.541858548759617,43.61695453568818,34.18528909769346,386.4893109064524,790.0793633562945,1065.6176840868989,2.3893330640980976,8,sunny,108.00685987977964,3,Acceptable
19.954932743298404,23.904847184316026,44.41920817651979,34.144198821751644,345.17466633330525,834.659494395289,942.9192425009644,1.2402573231654237,13,sunny,86.05174045283317,3,Good
25.780464682439263,13.17089434501276,48.75292180407265,49.16399511093581,131.95119396813308,846.7429232250574,668.8211541223843,1.5780037065607782,15,sunny,196.146167895523,3,Acceptable
23.815008874247408,15.674208407956773,68.67313633271388,67.70641578854159,882.5707067542525,72.88637795443992,837.0362282090513,4.462657166756106,28,rainy,169.47568553299226,1,Acceptable
23.923997094451657,37.55659489940699,54.719470984204,46.351003201854034,426.84008656996576,421.2295267188699,1038.0017975492772,3.19940194275589,21,cloudy,237.1573209860843,0,Acceptable
20.78577949230408,18.94356789779003,75.49951823346625,81.40904420312737,110.5640350352858,860.7219168195961,873.7438438366222,0.9383566117519756,22,sunny,92.04997867078924,3,Good
24.784293766707076,18.32757029737713,69.42982762954746,70.76004115106801,682.3832776376619,236.3960462291464,857.4758462729989,3.738495657180884,18,rainy,133.11382231026764,1,Acceptable
20.6598924386576,34.12668145431754,44.78643017000032,50.99139710050873,284.17096842843114,329.5680290694162,1007.2832142419716,2.370056549581306,14,cloudy,228.6254615341484,0,Acceptable
27.70707994356168,24.36200185850481,64.80702336450052,65.00614412841604,414.03411761494857,545.8846236992126,771.5492671253827,4.687186884155878,23,sunny,93.10674405982554,3,Good
16.881742932781638,27.46500010781093,40.21330875482669,33.95801692527445,720.5971296109773,299.0012597806541,1395.5703223061098,4.712029904838993,12,cloudy,168.15594238455154,0,Poor
24.96884911926435,25.911258457029028,64.47481574413058,73.87880608223384,604.0718710147128,289.07751720564977,921.2212670706364,2.297931372724157,5,rainy,76.267587471155,1,Acceptable
17.940187709659057,25.262099009450644,36.160531940938725,30.25796737045277,39.00423576202411,1065.2103065621293,657.0093956343635,3.450481052287394,5,sunny,97.81561789896196,3,Acceptable
18.88945491705175,21.318065441251424,50.824463995600766,59.27394397102032,166.42222453406364,717.747082944708,1024.9584732089477,5.008582815331748,12,cloudy,79.24907917465515,0,Acceptable
22.30327018923147,10.879340430991972,45.97710858296624,63.88337978491866,281.6702701014973,650.1731530548763,773.0087209611297,1.2910258513098638,3,sunny,160.51034908631917,3,Acceptable
24.78366876177321,12.134440177686704,47.37258738418903,31.711198908776417,344.8129682243968,679.5784123572047,1128.8936245211169,2.921891456875097,25,sunny,188.3711411453213,3,Acceptable
20.732760332543076,22.252203014894885,64.15471905801004,74.0839214649027,302.73153649415883,676.5448388571631,957.5242251434672,2.112114423377884,15,cloudy,83.91164572542701,0,Acceptable
23.046256267037524,33.48146989732258,45.12281480952497,35.809244275049394,94.52125039020704,812.9919877687179,1017.179478443444,2.843076264190494,3,sunny,136.52439758302938,3,Good
26.291551210290816,13.047119302861564,52.31281628730648,39.4928381340357,569.9549108856108,385.1605715208512,1148.5084128469473,1.642464173596837,3,cloudy,204.42505272660807,0,Acceptable
24.157037250230964,16.551055147984073,41.86630634052406,43.69311726303096,637.4632164875749,569.494429752629,965.7669528539424,2.4458854767280678,2,cloudy,128.4678634169938,0,Acceptable
26.27712049076249,17.482729291106327,52.93511294449648,40.42028368177992,0.0,869.5484683163917,817.5189971121397,4.285334653190157,21,sunny,94.26806959239713,3,Acceptable
17.022321526020615,8.77166986767863,59.11320070070333,68.84189869310919,519.4058718331644,230.20848075938693,792.5145156724484,4.5439980331464405,6,rainy,137.4281586718673,1,Poor
26.00147382907784,20.933903228205917,46.68202378533511,43.93284139066347,518.5740872836888,286.64720279598345,848.6046289363002,2.603490177596914,6,cloudy,91.07566410579456,0,Acceptable
18.01015822315719,24.21702529008033,54.41938606925053,58.49519901511405,732.6036621175182,240.9687260665487,922.2899003094542,3.62187972401712,6,rainy,108.13646227189648,1,Poor
24.469531965447228,26.99118621740861,67.71216383216489,74.37699983158014,640.0042086228212,234.29504481111545,880.2003583554607,1.3317510150096066,20,rainy,99.24262041196266,1,Acceptable
24.37581051350333,22.52298372631527,53.52903107419613,55.06484306906446,450.3775889964237,629.5154288241795,1253.4682097884747,4.3271943856406505,15,cloudy,93.345830270768,0,Acceptable
18.068649794833306,12.268103362342014,79.56266909854445,86.66924769924782,1021.7791777398386,69.96331617491094,790.1205892551235,2.0990926647253465,13,rainy,130.82553873050543,1,Poor
24.940816312580782,16.292052841337068,39.245961126274864,22.977891316101285,549.8170204580507,262.89785969669106,665.8793702575658,2.021133024700127,21,sunny,149.60412174606816,3,Acceptable
28.725577589577288,38.40648378355574,77.35530244053389,83.05300529972945,620.4076594437837,228.68894104877543,711.5393032371758,3.174455222386402,16,cloudy,155.76715506010777,0,Poor
25.018049852952373,18.61526596279908,58.80924091647983,47.71297212054098,195.2922465546036,839.1093679900632,1105.6784029979488,0.2924094962993653,28,sunny,109.66492068687026,3,Good
26.55770866006129,19.340157715694964,42.47323445540096,40.44041898459535,864.1910772250651,320.9327910884696,1101.2625005873683,1.8414609907707649,11,sunny,109.01584972235774,3,Good
23.20297335659287,31.34268730204929,70.19863577928787,65.73371977313457,463.9707716758488,285.3297374344817,818.0847545212906,3.284505886000387,24,cloudy,146.18826721349146,0,Acceptable
27.4132986594984,22.999421089168813,67.06068763606662,70.14421885077144,570.8808749040071,582.3254399793703,1018.2827291531872,6.1691541089780095,14,cloudy,98.24494516794222,0,Acceptable
24.187415794013557,22.50128647409931,60.16575266311021,67.40999657548248,821.1196682539702,173.02696934243534,1035.9537331056924,4.171229990049442,15,rainy,101.35643330191832,1,Acceptable
24.698824753163542,8.89406087390928,45.28491007550671,58.6933112764701,585.1856361411311,269.18196585987897,1171.39715061268,2.193104973947289,4,cloudy,266.4477720180576,0,Poor
23.948576405557613,25.833379032364785,43.25651668127918,49.62197218486459,143.77188426042844,886.5005881562747,675.9119847200075,1.5736829885999213,23,sunny,80.97347807344515,3,Good
20.698835348798116,14.413750335456342,50.387447193763904,35.91763895191491,654.6347371478942,204.47997022055705,985.9941735247386,2.1593692903762727,23,cloudy,110.43139709077931,0,Acceptable
25.07442464218005,33.20185045886082,49.81511953326535,44.54940031799523,291.803834152794,725.503471216079,948.4552028293508,4.461687509057271,20,sunny,122.37938568317692,3,Good
19.61194616269776,25.75941136128328,45.71431337689827,35.09038147432439,235.01047999613556,733.6440935227671,910.7469189617082,1.6538559570708973,25,sunny,119.12758889729048,3,Good
23.653332485200146,8.33761045332814,54.62784118136243,51.00822382279447,254.74892507228049,578.0632952753836,645.8157603359559,3.5286258810466764,30,sunny,246.51975346047897,3,Acceptable
19.19901090877099,20.58937127298194,34.77918819934804,26.63793382442145,529.5529528868004,478.5649022128782,886.1546195347021,0.7578785043573388,18,sunny,78.44940385073093,3,Acceptable
22.506143364558422,19.072219873547738,71.13102106522507,86.84861192834286,832.3013728868154,127.4867242731394,1176.64952498247,5.645182677809769,20,stormy,113.23865139114594,2,Poor
21.94475342663896,16.315437901649144,58.59217921486851,51.66620712877819,148.76321349376602,973.0854990331164,850.9809227143724,0.0953848016810905,6,sunny,85.37346742949869,3,Good
22.53238817794684,12.305774273206776,70.19835078293342,77.91102888259144,558.5948599786254,170.8430523451409,878.6478151475783,2.6350337127832004,19,rainy,184.29472278829076,1,Acceptable
24.1085506907473,16.092622440249706,35.078212904295185,31.1492367911838,495.1063837581576,319.1970375496965,860.6599948354595,1.691561500609135,13,sunny,126.26976822597574,3,Acceptable
19.008898773718776,26.452651796304824,51.53936557752348,42.48228482707923,115.95183137049123,995.4809561293443,1135.1620767791271,3.900509034500703,3,sunny,108.3249940038774,3,Acceptable
20.021212309115008,25.929013801644285,51.83597716708454,55.28277763271221,577.3096089168814,518.7782654068574,943.7305196724764,1.368061758969568,15,sunny,101.21332968305131,3,Good
22.81234275225457,20.72591573957528,31.353960581589,23.15130713297138,573.1689285914017,418.01212762846814,975.6984501874836,0.2105973260302334,13,sunny,73.68386751438211,3,Acceptable
24.22253039176315,16.257560910166408,69.30475884627526,67.73525444516201,589.7110136611087,282.0197495554443,925.6078710218866,1.7093068743853386,30,rainy,162.51085299036663,1,Acceptable
26.19628045217052,11.692371448450492,55.55546359053368,58.26199700334263,580.5063228264794,228.06236508768183,770.4703977783597,5.784181789948864,1,rainy,254.94909286853547,1,Poor
26.835160421979747,14.964946537269396,46.57191129006556,42.719127727453866,472.1277746529168,968.3011357931236,1162.6902089414154,4.285747696661202,3,sunny,161.53741383805388,3,Acceptable
24.92739172097951,28.227508325996595,54.20052390002976,60.5955603206809,295.3742952155664,560.0490510972303,719.7768685771997,0.0,17,sunny,78.82699709111415,3,Good
23.50069457009761,26.92964537802364,59.19964257827584,53.79112336031316,497.1690033891605,403.1368178695728,765.6888028628115,4.502854152050464,24,sunny,98.82258292125977,3,Good
19.79854755851512,35.45831006571336,24.06795143529457,10.0,274.717155470772,659.1939283639981,935.4085093930324,5.136183140921954,2,sunny,236.9166594058832,3,Poor
22.988183980289325,17.178464741907046,45.38178797673247,46.3813010260532,608.6633334326036,396.518121705938,1154.4447491689352,3.4462407771069445,5,sunny,102.26127749993762,3,Good
20.19411981734573,16.069487200351773,60.021901840890585,42.51466791673705,602.1866969442722,115.7501497815147,1369.7918021268108,6.916529587382884,14,cloudy,91.1593479544924,0,Acceptable
18.73027903807632,21.239012762684236,50.2878038946948,45.75208668467224,193.7286516116048,602.9404397888022,537.93382021016,1.5258809322584304,24,sunny,76.66866806980903,3,Acceptable
19.25721657398933,16.93318188723085,57.71347516775822,68.78517347056822,436.9318781048579,641.671007620471,1171.1908471566796,3.85786702206188,7,cloudy,77.62206315171527,0,Acceptable
22.014441532247822,17.73204126663621,84.77557373008496,95.0,534.8839826939104,254.4171424688087,554.8615812593292,1.2394178565534868,21,cloudy,122.2724077279974,0,Poor
21.62510408646987,24.790237855575363,57.91441429954784,57.13745659130714,315.8338621094549,780.3946765633584,1064.095869154931,2.801113259469439,16,sunny,78.46040009313151,3,Good
27.148479222081416,23.848863263494152,45.16726666953314,31.68393998581155,185.2286538758711,784.1896452269874,1070.547054908185,0.4218289534313046,26,sunny,91.07036146040956,3,Good
21.26960090935355,29.74332651683173,34.73660130755183,21.746927320840413,462.2286719845068,553.7795951504622,809.1882605521535,2.5938852963217225,13,cloudy,141.12370584822625,0,Acceptable
29.59929991555299,21.68248601348194,49.5256024466054,37.76853910603178,113.09545139898478,798.7373299330169,915.8685104131268,2.3441291420425983,30,sunny,125.31116936355568,3,Acceptable
20.020589985871357,9.503390407583764,63.46660539310564,74.59863989054226,516.7440915056378,243.42368659871536,1095.4011078707688,3.3797403443197607,4,rainy,176.4386033294137,1,Acceptable
19.983889178703755,18.94944109487008,47.2618330490453,42.755737351143104,0.0,987.3980191445618,1397.2042839906103,2.10397798375568,26,sunny,46.68523486613938,3,Acceptable
26.389876535021926,13.38510521990002,53.970955423780296,44.255963975050925,481.5199106201061,649.9634458640376,1170.31348896429,0.0,28,sunny,212.88784116471768,3,Acceptable
20.28485218834859,10.760565853015322,71.98868447827117,70.93364448333693,747.7414886366267,121.76303999500549,1281.4229628987507,5.12364604576644,29,stormy,202.268880217444,2,Poor
17.07414617584005,29.176802126268065,61.135975369133575,58.86479959179015,497.2554739036669,574.2131084974295,1037.5020685774953,0.0,24,sunny,191.91560808518352,3,Poor
23.63003194201585,26.006480836959103,68.63905962541781,64.38602249260262,717.6904910060001,126.2006309152288,636.913510195329,5.062648960164226,20,sunny,73.88010108034867,3,Good
23.0248678367848,14.372084209209737,78.64072006150252,95.0,478.5604897523287,200.28864064142937,1353.1604904520848,3.261160204708946,8,rainy,152.059755577034,1,Poor
19.43803469834348,19.776090270647973,67.95695941410786,70.0585134626603,543.3805013705014,240.8786362446301,843.1885066942715,3.179007825860444,27,cloudy,84.46191760574717,0,Acceptable
24.44737762946001,23.38002938433121,70.0928653148201,80.3124612931199,536.5827687039265,514.6054989654244,1120.0553493438465,3.0452811727050304,23,cloudy,86.03366791898026,0,Acceptable
22.924510450421277,31.47521039750064,50.27978144423872,41.42480780372716,423.4673603046009,666.4687624348436,835.1058930695193,0.9873343678349488,29,sunny,136.4304973012758,3,Good
29.03015980705496,25.324426650375013,61.250757292778864,58.5488870808496,595.3548254949019,387.328709334853,513.0462480548217,2.339800405294669,28,cloudy,55.01111368114166,0,Poor
23.989585378629563,11.522781419249288,74.03697557501468,93.33493372904752,553.9354141351727,288.8543857806516,1040.4137418799376,1.276359115855045,6,rainy,226.3686167143781,1,Acceptable
26.82349134495055,31.110379974630057,44.04492280181404,41.87317557286509,440.3830963483017,388.51673639993226,860.2667908733763,1.442782900942437,7,cloudy,92.18528460650126,0,Acceptable
25.643317107800875,22.135319288636616,40.61597755611006,42.477781701922325,558.9816896448227,434.60844628874577,952.9251042313912,2.592729833290892,5,cloudy,73.45486045158765,0,Acceptable
21.8342760412035,20.21332344514716,40.74881500766693,36.11740261510527,745.9764218726375,364.0911340027676,1157.0323312017144,3.766953864809838,6,cloudy,79.00971157151727,0,Acceptable
20.420118619732616,18.794413339429305,55.622777893792176,57.25562508060788,742.9240281458927,182.0791979348305,909.2176474147252,6.922394836889102,8,rainy,77.01656571473752,1,Acceptable
19.32020257079517,25.48134932670549,62.02875922843575,56.41740820818494,520.3101843076593,483.1213487945066,1121.7499564897323,3.8052515294659495,22,sunny,106.0418341183546,3,Acceptable
21.468331621214265,17.199869130110258,73.94104682047121,80.45013503315425,606.5172901272695,126.28290691946916,1162.1048259747995,4.572916374280492,2,stormy,99.60574184377018,2,Poor
19.157775452395004,19.72119391722371,72.30366195760948,85.80685014386037,499.2535922073267,199.71894357653505,853.1574351623124,3.819940079547908,6,rainy,93.3236918701858,1,Acceptable
25.485885158983784,33.04522230778678,43.5137935324159,41.672481973613486,525.0504839278482,353.5413602862242,819.0556774509529,0.6221442402825033,24,cloudy,133.4072287474792,0,Acceptable
25.94331003371111,24.74785743122744,49.57975573203744,33.22453813789622,748.019319889095,289.1180128668688,1095.6191967568418,3.8453254918359097,26,rainy,100.1634486211008,1,Acceptable
18.29556816667368,20.853493434069453,50.48356824616262,52.45170096630262,504.24278473946833,465.4596810406889,1272.6121101665603,1.4755440362855192,17,cloudy,85.55656332200925,0,Poor
26.346078196792497,11.891395584645268,74.50119408707282,74.08850256810615,0.0,914.2146761337734,1024.1491025987957,4.837014477563943,27,sunny,204.79104850305256,3,Acceptable
28.06542728473117,14.644795158126108,43.79358764488423,38.04750786153981,724.8777476493951,438.90861359929033,958.9987733710255,5.725700018453246,18,cloudy,232.46426232714737,0,Poor
24.0475512118904,25.41202485787945,37.75420672790297,44.26454192721896,126.51174104608116,911.790040321194,812.174117692247,2.791922043789607,11,sunny,67.6339066060148,3,Good
15.166767610436455,15.364827354595612,52.12209091700588,59.23726207291011,548.5035139090293,763.2299031196052,846.9243400570545,5.157108655149939,7,sunny,74.50641172668446,3,Poor
23.267786152953207,23.723172262344875,49.634812886304616,39.09335667525062,397.61009686784655,647.9318065096984,873.9243186262642,3.3120862301448173,28,sunny,76.8639104321542,3,Good
19.300178888098703,30.41348991589416,62.082956597369694,70.5913438701423,334.0384101571041,463.1887139106633,774.9867341013407,0.0,16,cloudy,176.33649619498425,0,Acceptable
24.392206363633363,26.28610648236981,57.04461902726024,62.77070196465341,453.5286017790872,486.3775592006979,1163.5626996541248,6.892421326425192,7,sunny,72.10608682565952,3,Acceptable
20.693533756521163,10.342788616808514,63.845233591866126,48.15127803568531,229.0775155276014,688.2886273420966,736.6508932841688,0.7285585274974258,29,sunny,155.98994168770244,3,Good
26.0346477580912,14.219722156497788,51.72310768084714,48.20425662403536,618.6134122820724,374.9073841886107,1113.7569613946396,3.3586309023081364,11,cloudy,193.3183739799428,0,Acceptable
21.52388615870232,22.201291048936817,48.75111942470612,43.70807213784193,485.6411498051143,540.4902587897503,877.7774259251554,0.0,14,sunny,75.04655385843866,3,Good
24.57092388294356,29.370270135756023,49.91271258079875,70.12737332037887,590.4920160246259,269.0022311675319,1114.304630765528,2.981524061750416,5,rainy,97.25231556061036,1,Acceptable
21.861278641739126,29.68530943111698,48.45127626856394,46.451535663778216,363.53985230096265,542.6592739962036,1062.6141041155618,2.8613706203100677,17,sunny,127.52149797628924,3,Good
21.575570475715093,12.767809041267627,74.7553516634978,66.29633405354826,435.2649764121091,580.0285877072541,985.8090224178998,3.6475403833524647,26,sunny,141.79890406011026,3,Good
22.28302649672172,25.456185371211763,72.47479621691141,82.82314352881305,611.8338997556846,265.8520389596014,966.7451471087433,3.2847546290806395,8,rainy,86.18688152369806,1,Acceptable
21.25467035594643,20.761211702133764,55.57713343022309,46.17126841753796,901.7654849329044,153.92746129940306,994.3262516900386,5.212544472256192,16,rainy,96.68147787993664,1,Acceptable
20.08448895560301,10.495608407047978,67.98004772374154,66.77022310605165,303.6796666731158,355.4535909950328,694.0447516365609,2.6914636495433304,30,cloudy,171.152633921203,0,Acceptable
23.463648632074065,17.132179814560345,50.058922897492266,42.13597843124041,0.0,1044.1107800692723,1118.5412314033415,0.012129603354261,17,sunny,70.5937715112497,3,Good
22.03289983487071,24.457575965313563,41.22503481925516,38.20397634243536,87.53147611641721,865.9627915035526,1171.994231172822,4.549475719698238,18,sunny,81.02031504744866,3,Acceptable
20.281228571749047,15.74875847437236,55.823743355994814,71.87798672086572,712.6290259540872,178.02476932809432,604.5575455103054,5.478475512937044,1,rainy,84.1318769913351,1,Acceptable
29.760804503061227,25.71235281676155,67.251184218444,77.80446354112456,0.0,1200.0,573.3266925409715,2.239446945027749,16,sunny,46.96392611992472,3,Poor
25.870291977654816,18.619451931760764,49.133570212727385,52.996271564427865,370.7833696481747,724.3682840442178,954.2280990805084,4.172639600507223,10,cloudy,119.42863870301456,0,Acceptable
24.869502449293464,27.85274327763086,54.76402011030857,50.07929449754293,462.3869073071707,593.4073446903385,853.9561197057815,3.81468392453564,26,sunny,88.19947389706752,3,Good
20.54929554979975,27.34382093975166,54.908655822625526,54.923764618997,675.0976964868968,265.25992765402526,708.8945156916243,6.145714051656393,1,rainy,100.24723486584536,1,Acceptable
25.73534362996653,16.633089785976626,60.900561306693,75.19344959795919,668.304354286997,145.09471905860875,1169.322435568493,4.553001670800239,5,rainy,159.23747315724458,1,Acceptable
19.597517594041246,24.10033700115791,56.799013903779446,49.4184028165634,558.6275975456617,213.2404825428363,818.8693374936391,4.621167840587443,25,rainy,111.09356290458574,1,Acceptable
25.81989935498732,25.866869537261536,52.359269087121085,55.038010151137385,91.11513175973022,712.4431660963921,683.0899858662186,1.9793741886065128,16,sunny,90.70155110222154,3,Good
24.29467834877852,28.74642992938488,50.6921001717591,42.73430909443192,652.6182946834957,218.0822592721556,770.0057540081456,4.360330985904891,21,rainy,113.1442503491179,1,Acceptable
23.429374107114995,13.55798868001186,49.14059974081366,48.07392375774993,573.4523921515906,608.5357011683526,948.8194696669506,2.2917696406482766,9,sunny,149.8000710630901,3,Acceptable
22.22545550842828,18.745582824090956,69.75859996673849,75.48618021013276,674.0277514961348,116.02289185220656,829.3390308247389,3.779824006804074,25,rainy,112.18258616529164,1,Acceptable
17.94925024258701,28.407287791707382,44.19535011086512,55.6510569347966,512.0365615319856,222.55027478803845,1194.6497562490324,5.320090823869361,2,rainy,175.06643166750942,1,Poor
21.68229866688389,19.236826840024808,69.86832478070656,83.47298078228657,805.6638332346315,246.952110973537,834.3539052786994,4.818740347612131,16,rainy,103.65221442844556,1,Acceptable
24.744587069283966,33.98651344787337,57.334142982001545,72.89552479936964,498.48113205953297,488.1665917090547,945.1181650328838,0.5471698596218451,6,sunny,137.30549708553488,3,Good
18.71440702448101,21.897593309731995,65.95288749449146,57.83054493781324,649.085856522957,315.71980875152013,976.392637093826,4.906260612224616,13,rainy,105.20915758726444,1,Poor
19.60196772400425,17.421210140009617,58.88778222165191,59.36934526741641,756.832530847567,219.1146691313538,933.4922934575636,0.0667204687352609,26,rainy,102.09722307073444,1,Acceptable
27.79231962589905,11.95794727883238,52.84536107368808,49.39148380729114,354.2460620259505,525.7771697936796,1158.991477646577,4.032140726378307,4,sunny,252.86531966959777,3,Acceptable
26.59179536148268,28.68428764518482,36.08775045366303,22.80370915005182,402.817670483898,721.195286739066,971.635136480929,2.189654831674859,8,sunny,80.95150317157359,3,Acceptable
19.78376301214108,32.27461119830588,61.37043950113922,66.92420559754862,519.9972637092527,320.034975342896,1201.287116119758,1.169194112684726,19,cloudy,211.51154698757904,0,Acceptable
23.4415489412253,14.6481369412073,48.74767878190816,38.02076331614706,11.110674348204585,860.523437949979,608.4281721148018,3.3432498813372487,18,sunny,110.66796218339825,3,Good
20.482541320963573,14.63833990084255,65.10152279654801,55.49310523858331,337.1032456648399,265.3262344632818,779.6848454288578,5.097486723574191,28,rainy,130.27479888972246,1,Acceptable
22.637474322055247,22.676589849895123,63.044936021690205,55.25406200134318,412.3180482606045,414.9815854740774,1143.2498649817787,3.4786332047326542,17,cloudy,81.7230277035901,0,Acceptable
19.15691029365472,18.75955994492661,57.76174078676616,70.70387591004332,611.5395502042212,292.96026426844213,817.5130846521777,5.7501629674130905,6,rainy,66.947383306569,1,Poor
27.28893752634136,31.919470727948635,46.36116888086177,42.70823539733723,655.9432123618597,193.05426913561348,877.6022589799165,3.244296079099616,30,rainy,123.34038968463364,1,Acceptable
26.04609581100713,29.223921503600497,43.318436471029166,37.64572921488591,566.222901820855,599.8048055880141,669.6647566141598,4.194409123240142,15,sunny,96.55764054198283,3,Good
26.88561221270685,17.564222711642884,42.21856165654107,36.04059391300049,427.0206963853453,448.62938603710825,710.8652457091802,2.232122958165412,23,sunny,150.16030157727693,3,Good
28.041640966183188,28.17609290465433,43.44821114575594,32.62084596295836,93.54970312907332,944.7016283410468,849.804764304266,6.237543217525055,11,sunny,68.32811137065359,3,Acceptable
24.72620073592228,17.043440893852253,63.62932637940493,69.2625306882731,663.4837903956312,129.06379641851183,1193.6938979956428,5.800867994538655,9,stormy,150.90878151117613,2,Poor
23.725576454809563,21.462248600233632,52.5126495723219,54.80563593821281,536.6693853634043,581.6218230971322,1040.3973336489807,0.6411302580835478,5,sunny,63.335780316310725,3,Good
23.424306997455663,18.92266689271501,45.327365573310985,40.98909685177868,47.27768026260513,1062.4491272075627,1085.7245929670005,2.224617266748765,10,sunny,69.51694463913026,3,Good
20.31920594408034,22.307870455409788,66.34197726727528,64.74756637327732,105.3872840819284,988.8324024286288,849.7607086208682,0.0787291183950666,2,sunny,70.3118938875113,3,Good
26.686870671586437,25.706342268904372,47.34590206676776,48.48283510199031,305.03296809727874,431.4990442949725,769.2345662799992,4.245021802552488,30,cloudy,94.22316697484084,0,Acceptable
22.005667181453923,18.919327278243447,48.567828479903824,53.12368696041386,515.4747402029627,406.92185972656256,971.211970999784,2.9506504273370817,13,cloudy,99.30872017499384,0,Acceptable
19.87001535243828,20.155611001290268,57.15696361578432,56.403627635040245,639.8400385357899,136.08583223038764,878.0128558017159,3.8274952027369658,2,cloudy,59.85178847786155,0,Acceptable
28.804501640679376,15.16521157445514,60.78409786040525,53.682748999358,56.532583385769385,856.9763112938526,712.4764764527548,0.8629952887680767,25,sunny,202.91036401137424,3,Acceptable
24.510294026315098,23.31483928791591,43.82006288326455,39.49895592705864,629.5530378167224,287.5358036569009,690.2115978290514,0.497845466959073,20,sunny,88.46059254194114,3,Good
19.19388992604994,24.337326776679745,66.82080443699138,65.28983248662146,0.0,1200.0,906.1239748574234,4.377037601866832,19,sunny,64.64403063091451,3,Acceptable
24.471529288465288,19.82000583153207,42.04933196015435,41.045732325668496,610.1230706365477,240.5746493425973,963.350991758248,4.626192103356442,8,cloudy,83.28594306781851,0,Acceptable
20.66524030101587,18.23060250104465,41.70498172824109,48.331443847513256,601.9602939593572,389.6104380625211,1024.525654473553,3.000231574487907,16,cloudy,89.10409613214334,0,Acceptable
20.756688490605487,31.783393253191736,54.07778163782241,54.2609646514936,118.3628434908638,1097.6879558404687,1083.380037308877,0.3603277522997454,29,sunny,166.94139761533174,3,Good
20.643390332604568,31.888986857308357,50.37314275630032,42.61098991145522,341.23785299420035,858.814327376954,799.153387923921,3.7377428153025902,10,sunny,165.24914556378647,3,Good
21.52242072464726,12.537239510757503,53.54926688069214,52.21174412739695,874.0638848631177,185.76433354556207,1019.056855691232,5.630756099139392,11,stormy,172.8371585082742,2,Poor
23.702974831423013,20.841127914215612,64.92611621918924,53.170023003719706,529.48977444024,668.0150529296228,956.5107936804112,4.144577263149552,29,cloudy,99.06590105763571,0,Acceptable
17.653802608017173,22.00570944095744,56.54628383075059,64.37460364423808,702.8496020346508,141.48958427187335,1162.724874384567,4.904947454868373,10,stormy,107.70599195814808,2,Poor
20.10598706973848,11.192221260855725,55.16090929994032,50.9514035008496,410.9456080250648,769.2128513084024,986.7333897958464,5.974860682429124,28,sunny,136.04992960050106,3,Good
22.422132003232097,28.583594870221887,53.7675924330919,49.51692842904148,488.26279219836334,485.4599362231348,1377.823766721249,5.291673547962967,11,sunny,105.78556617178592,3,Acceptable
29.43633810422514,19.64863952607172,51.42490097118331,52.52273108852071,472.1189532093466,591.283532439433,659.768743980283,6.364720355684391,20,sunny,159.58635381142244,3,Poor
27.22389464767536,12.468375390461937,55.35373858004719,51.182009919971456,465.6559826549501,333.97266221003235,975.261132442749,2.685094172627132,30,cloudy,259.30485363212364,0,Poor
25.89846089213169,30.476174477725262,56.96344763187936,40.41319593104206,220.9235548685912,812.5138376428492,743.6590009701738,1.2274975420677596,30,sunny,98.01757844904974,3,Good
18.02548138754894,5.415578054211881,60.0642686836058,63.55312440706221,389.12312475472254,659.4306207656505,1173.3930483158797,2.7688318835132044,20,sunny,201.0844891385347,3,Poor
26.15872640822494,28.5652933986378,54.81035427334824,44.53051923670555,144.1530070181443,1053.370771481225,670.1963529069208,3.109817253755524,4,sunny,66.36889790407977,3,Good
22.475775304286728,24.88193134061011,65.69722140200044,67.85664263342127,408.5069064514852,871.502475592017,1131.8459336532355,3.651226495978234,22,sunny,88.03583066846812,3,Good
26.91123563198465,25.93699037597153,63.06264814142863,77.58656377998861,668.2536357825023,331.9972508625086,627.7438347652883,1.662293533441443,13,rainy,89.11852115970005,1,Acceptable
20.031105382074927,23.50109650695858,51.69963312845454,36.4147184784426,677.8291904502391,330.8878327488327,1019.5918375752062,3.3640456842098345,24,cloudy,112.61620498882358,0,Acceptable
23.577503762749423,16.26480128170159,35.802357433219754,17.343537758875463,512.3044966731183,488.759052134953,808.9495207064592,1.889276165695449,24,sunny,124.8809505174874,3,Acceptable
23.51639257974986,19.64056031843944,30.732846276624592,30.143378564313583,287.5934391828285,699.4563935487175,1059.9679628763608,2.0982329131987454,5,sunny,81.09906758292082,3,Acceptable
24.441309153562507,13.398657782379024,78.68700706513727,81.9951707069761,740.878888480933,249.48098783539024,1105.9688714960268,4.242427441152167,13,rainy,206.82455973768143,1,Poor
25.4787724420045,33.29097485351443,57.42332724087167,38.28862684820204,546.4016059186155,301.8413900643903,1014.416000988707,2.919770187609773,24,cloudy,137.71000818180335,0,Acceptable
25.972663309772063,38.76770286756325,55.53465760711634,60.82664346382877,256.3718461146506,917.6687068531132,943.2668074590096,1.28996221452775,22,sunny,240.03323240169323,3,Acceptable
16.45278419899589,10.029726410769936,42.51911986898016,46.86210585331018,725.424343592842,191.15372083563025,959.2733016942228,4.596207534504399,16,rainy,126.332818635798,1,Poor
27.94246340004476,25.957383939022165,54.41998835344242,58.16287179308408,238.21121608112173,1003.6866863455832,875.2735375361365,0.731981269982704,19,sunny,85.43972326858719,3,Acceptable
18.26817872748552,23.429776228753305,35.387610095768515,22.317829060723263,14.177972466163524,952.976380361568,620.921512260806,1.0622899503759795,11,sunny,73.83540865537495,3,Acceptable
18.49673463633077,11.634439167797222,67.73815706818566,77.45035370572322,626.3568109746684,320.4387831305471,1022.8200164428492,3.196658450400763,17,rainy,138.53399037374814,1,Poor
25.04077121981044,23.40425993195728,45.97053192308568,52.14592992865947,929.206472534392,83.47893112703134,991.7804727928532,4.977284309986839,1,rainy,63.097999387968216,1,Acceptable
29.50151770928299,29.62885580307922,64.51341834419667,67.21207785693372,498.2010104927064,413.3818494390512,907.6188197430372,3.608245856051657,21,cloudy,97.02049831175204,0,Poor
26.0502968272408,27.4158123303914,46.960983262316574,55.1106751812806,482.69332290359097,323.33903672405114,888.0173632229927,7.323760149727364,29,rainy,98.77441040982777,1,Acceptable
22.75034370795996,25.037201201095748,59.49722156023351,44.1010874308392,784.1025400287342,481.6830255372072,995.900513064922,0.1493853953418824,24,cloudy,104.43958158789574,0,Acceptable
17.848839480256245,19.00976809697461,49.55051718250587,59.00076192097679,407.12591703638174,487.1513324716912,1098.562019450905,3.974887425865514,13,cloudy,85.47915514574336,0,Poor
19.155676353447763,13.016629397602582,71.10684026587363,79.08488092727333,666.332595154674,257.79895723162787,1007.5143375107072,3.2689252035316096,16,rainy,130.5053436166705,1,Poor
24.82721685916625,18.210695974327887,45.42024933816584,39.18629138056751,515.6308330487204,239.82037611992936,1277.6475120148814,6.9491435915143365,2,cloudy,90.74890345160004,0,Acceptable
22.33598433671664,30.226507448605027,65.07532257373802,74.99669481765662,362.1154007440349,440.88005203912167,656.0940212443436,4.420254488381143,13,cloudy,129.98300632598176,0,Acceptable
24.749775258852623,27.22865517495668,70.50415053179358,65.76693260200183,117.04375967568195,743.2094639511585,1037.6592411470988,0.4754511666820282,18,sunny,88.05557188317576,3,Good
20.71583948608424,24.25215175558086,41.107327896268245,36.553048038779664,684.0845498416331,233.22264573346808,903.0917897210404,2.696826349396125,18,cloudy,90.34646488311476,0,Good
25.90289957541586,18.33555579405865,56.03760071528405,45.942026440891645,367.4845939852776,589.8801435087064,838.6072311049771,1.9910917685625675,24,cloudy,140.43125142228735,0,Acceptable
18.335615407851662,17.821207864989866,43.75757698512456,36.74184236555611,235.59457055652632,458.7581398611391,883.7812277274311,2.221112312665368,17,sunny,81.52569922905506,3,Acceptable
19.20077909918933,22.10983757949861,47.12369014935136,46.973462876939,574.6600174200859,441.64723409011486,1225.0728769342377,1.1836873252284237,9,sunny,86.80315150054005,3,Acceptable
20.180567400537477,12.54868044736996,61.15622108211205,72.140379988918,576.2433190644921,183.25518846622697,1229.054588919469,4.20747688588577,1,rainy,117.54307930451424,1,Acceptable
20.087193607014328,18.949716316236252,49.83910079917842,56.2457701275777,79.45899150255767,986.2987444967516,747.6704829922962,0.5098686712523484,30,sunny,62.67320418273609,3,Good
24.77242790777298,10.391872342675912,42.87579242241401,41.235087255803286,441.62295458982817,485.1386871021981,1204.305077743939,2.168483203574177,8,sunny,221.1645091990129,3,Acceptable
28.46270865709253,15.77940547249666,49.52903418351617,46.13486960579563,308.12835765639767,378.9971630035929,988.835672979417,3.754445353746804,28,cloudy,204.32893693779795,0,Acceptable
14.100621412517055,24.35624335373747,81.04314576691453,95.0,758.0660005515108,161.39357179795758,949.7937676574708,6.317396175359354,7,stormy,209.13393396766784,2,Poor
22.916671316576657,19.162125183788973,66.45548330552786,65.25395184432865,678.7386922230926,335.6946374077233,824.8766065217613,1.8473577950705595,26,cloudy,106.44459211290064,0,Acceptable
25.22194356655933,10.950953793904684,60.26710810246339,53.41262341265327,399.2579980029108,441.61894201465833,1206.2610102569822,4.238836136534784,1,cloudy,223.74173907845244,0,Acceptable
26.162817699556825,22.76121879080045,44.29931838933043,40.28205507240731,388.9392007080977,425.1356722071009,777.0785882404788,3.5636327769879337,6,sunny,91.30623196607462,3,Good
19.640129514713745,9.71021170198025,59.83974994679655,72.56984202670616,667.0928043324864,108.23770962726816,769.330348485608,3.340936449341064,17,stormy,182.46742887594093,2,Poor
23.30644308664908,25.8830790927262,51.398986626481566,51.93400422419591,711.8506376917084,126.74837873557392,846.7814257330706,2.3133799100152723,6,rainy,74.78437334614107,1,Acceptable
20.337215912137943,24.46137220102757,48.26040491772333,53.8466098216668,492.779926232973,541.5108613624793,974.3291746680476,2.540440670784257,10,sunny,94.82158950394025,3,Good
25.89156238617647,24.64286905286034,48.22425510722192,44.88371933265045,736.4445509042076,305.2138991312497,1066.1653078168376,0.0975832660518407,1,cloudy,59.94376349713394,0,Acceptable
23.575701179903955,19.173161047534773,28.901352116064945,38.259016232702166,522.394566039846,385.0603941048677,937.314909903996,1.547340055031811,9,cloudy,83.72371824524878,0,Acceptable
26.34591676289875,16.695454561415403,40.23069009408285,41.52621101574606,245.04731093337125,630.7190281291385,1117.7923772849103,1.6099588496704662,5,sunny,125.89174468432914,3,Good
20.218112180553657,12.764041808962457,35.53564278007173,33.00169339587936,568.388559123218,319.48801054435427,1007.502410536341,5.977445218977648,21,rainy,147.33174323792812,1,Acceptable
27.60647647526629,12.954999794429083,68.70495703087663,72.14443185227157,807.4503205694593,204.58653618700308,669.6613510407685,7.173133440534866,3,rainy,269.75908005686733,1,Poor
30.49616033870416,21.38902112124065,53.91248428019465,48.14435682520384,636.7250947522423,244.1682647691564,829.1925797734099,2.8438732104195017,25,rainy,173.1097720247103,1,Poor
25.13153676835629,20.98911866049585,79.42449992184183,76.33302578891627,667.6220404576736,271.6281532294586,1134.6466264033836,5.051606512739625,22,cloudy,112.04724524436708,0,Acceptable
25.781763193939025,13.042259713227944,37.69782419995756,25.6069154267328,441.7389445781792,572.4128238336156,1136.4451445494844,2.0810786880832657,6,sunny,196.70513065424,3,Acceptable
15.740169496465205,15.926327649206204,36.02468149939343,31.95874166241864,543.2765153119319,564.765047379755,883.8110919672265,0.0,6,sunny,65.77745427137062,3,Poor
23.254690935272723,26.999065139390662,66.33142979582625,66.97287480674271,7.807783752121438,1188.714464406095,962.5924821242252,2.83595360170864,19,sunny,68.69621266401965,3,Good
18.46951927049118,15.740451213645049,52.97868280368178,36.79494933639252,646.1967982914939,233.17423112733687,670.6053939900484,1.5636930953786914,23,rainy,103.7974453804401,1,Acceptable
25.191909916809266,26.43455648252633,61.573161464811626,74.68925127133096,567.1032194734236,548.3171159054896,1051.322943896975,6.471647134850981,11,sunny,83.48276318929781,3,Good
21.308415796126564,16.791877997255003,49.97512312113629,65.28149299053386,534.1110558938062,407.9612252949574,934.4030057655953,3.308731671698576,10,cloudy,97.72972606632608,0,Acceptable
18.921925716378528,28.03993965706064,63.28352144248313,60.01823569198578,130.789934006718,664.2321273723087,893.9822059377375,1.1282578022569636,16,sunny,135.6861214363255,3,Acceptable
26.35996023698385,28.918189903022217,34.76148068593246,28.142292196017607,523.7276398239879,510.18426549311744,1015.3442167348388,2.7773280181118776,18,sunny,82.64615134665473,3,Acceptable
19.88803063836153,14.66607563403203,72.69872377401296,58.6661442388683,310.8456490168227,559.6379879941604,529.4536468994579,4.62017276867514,23,sunny,110.25628638143088,3,Acceptable
22.27367680174763,20.906621691658017,37.57791190586791,37.62406659182804,287.42633111517154,773.9038995533639,819.4046490555304,3.5134664292404203,4,cloudy,64.81092661340955,0,Acceptable
25.010242957541973,10.349654430620426,33.62003687140521,25.553619109603492,214.13178374007924,838.988365105503,974.6688868724676,1.462511806209971,6,sunny,229.4444178050734,3,Acceptable
22.06927991327545,16.103378563439513,60.14207542846171,67.28497104604779,506.1154062103616,240.5387315049271,1086.6298468102286,4.395032681513954,24,rainy,120.6675178419822,1,Acceptable
24.97179599063023,23.340106723951568,53.55443978467725,38.90828358344883,465.5820462444245,650.8377134412555,1031.438658171574,3.6009641766519467,28,sunny,186.7068178572972,3,Acceptable
22.357086270683077,13.991536990968491,57.74563860474779,56.78562634559013,679.9688008436469,521.3098439968785,860.7989049594945,1.7179157727647247,17,sunny,136.87689045588243,3,Good
27.20732534656314,29.490328974198302,49.67938944544403,51.20718755181196,419.6961792577537,626.7512082028177,998.6887271357848,4.973730308058281,27,sunny,100.31335940642148,3,Good
22.0949754027156,28.21236344035372,60.14383571267173,63.56120309664927,475.59369277012087,345.0300432959052,869.3945959733526,5.100809349474792,17,rainy,135.0807233185275,1,Acceptable
28.26935231104524,12.385975217132096,32.47549424318936,20.782335126031843,338.47677805670344,783.27358445112,928.0018244641676,2.77734974764271,18,sunny,267.5477472414269,3,Poor
22.510061803796983,9.676751405705058,66.4633668899661,73.47318077361632,335.63856360695416,667.0953635364913,1024.110090431172,1.2033260049836034,3,cloudy,191.25705541032852,0,Acceptable
18.273748898319315,19.303212138444728,32.6525218761854,18.833278611167813,344.8554183549396,525.4906561588422,1085.9923077313883,2.8757338272610715,8,cloudy,73.42548178722066,0,Poor
19.96355267386772,20.187245669789128,50.803008270394805,41.43538569360656,488.85168463154776,313.1489452669041,805.3534663942055,2.961164821779005,16,cloudy,76.04175024363161,0,Good
19.90713457411152,14.223041252211374,55.81327416512349,65.17593913186565,676.620125261224,255.4750281750414,840.3687891862993,1.8963941150561463,4,rainy,107.5824680590795,1,Acceptable
23.222145609586285,29.611485026042157,48.76827951235688,40.83855673090928,65.33713955597976,1060.6007644085014,749.260995529405,2.634311834572689,24,sunny,95.23566296120478,3,Good
21.01000747935896,20.94912014479947,66.83108302148545,60.90698672039864,436.6767827813862,605.5849351379811,1051.6528300547675,0.1305792856526046,8,cloudy,71.04632705637512,0,Acceptable
18.85298180284613,27.3265120375453,60.392298942703135,56.31665945440791,784.9700221128147,225.1002420837696,611.8115746735789,2.8273441291035546,16,rainy,158.54549615991354,1,Poor
24.859402602689755,10.862083028702772,57.943433934101456,49.72160137591271,549.4786552667922,292.9412220637529,963.9056711620832,0.0259610218749113,21,cloudy,231.1981504472733,0,Acceptable
26.20620293090455,21.57472763381056,44.23343375419726,41.80894509822806,354.6593364496296,663.2860092616091,1272.7040113254286,3.68457792598305,5,sunny,81.07970052574642,3,Good
25.108218794553665,11.671662710828082,44.32831465468275,35.652145739157184,169.08847075662382,884.6201415722426,1111.810367503101,2.6693822954213338,21,sunny,212.17979625014377,3,Acceptable
18.804044954105606,16.57319890755988,62.04706855738894,60.9459767465237,405.87634248339714,529.4779001822029,1032.0339766615311,3.8126868185284737,21,cloudy,93.33097020714796,0,Acceptable
22.29960764670874,20.292571723978103,52.22009577975966,55.048534099869535,464.1497452744644,597.1617183884016,927.6459390290604,0.8271610154123863,22,sunny,91.3314425197542,3,Good
20.42954743709108,35.444179496108504,47.653516798614966,57.30552162926512,114.8659893366781,712.4941815590473,843.4596164115204,0.0,17,sunny,239.8902109961634,3,Acceptable
20.13274371330301,16.407827800904492,41.8696097416966,36.805914218948544,88.46286234618542,862.4678860392429,1127.1918553862208,3.3849698595374464,9,sunny,76.14934001364043,3,Good
22.542843177432104,15.984529666495824,49.35318414444314,49.86051794752983,563.9996984579346,482.4064654869038,1026.611991784668,1.913355680001144,8,cloudy,110.6807792792905,0,Acceptable
26.44376665591608,27.55891229773314,65.42679228105392,60.45397110483,623.6473425207272,290.9897931575735,796.128557888899,2.194064904284249,27,cloudy,102.48141191128086,0,Good
