antecedent,consequent,weight,count,source_row,confidence
Tin=Cold AND Tout=Cold AND Hin=Dry AND Hout=Dry AND L=Normal AND Solar=Low AND CO2=Normal AND Wind=Medium AND N=Low AND E=Normal AND W=3,Acceptable,0.436781609195402,1,949,0.9999999999024014
Tin=Cold AND Tout=Cold AND Hin=Dry AND Hout=Dry AND L=Normal AND Solar=Normal AND CO2=Normal AND Wind=Medium AND N=High AND E=Normal AND W=3,Poor,0.3878316056909303,1,473,0.9999999999820297
Tin=Cold AND Tout=Cold AND Hin=Dry AND Hout=Normal AND L=Normal AND Solar=Low AND CO2=Normal AND Wind=Medium AND N=Normal AND E=High AND W=1,Poor,0.3471002686724181,1,650,0.9999999987797757
Tin=Cold AND Tout=Cold AND Hin=Dry AND Hout=Normal AND L=Normal AND Solar=Normal AND CO2=High AND Wind=Medium AND N=Low AND E=Normal AND W=3,Acceptable,0.3700933227249464,1,446,0.9965638560131622
Tin=Cold AND Tout=Cold AND Hin=Dry AND Hout=Normal AND L=Normal AND Solar=Normal AND CO2=Normal AND Wind=Medium AND N=Low AND E=Normal AND W=0,Poor,0.4629614147806409,2,532,0.9995318607130445
Tin=Cold AND Tout=Cold AND Hin=Normal AND Hout=Normal AND L=High AND Solar=Low AND CO2=Normal AND Wind=Low AND N=Low AND E=Normal AND W=3,Acceptable,0.3625827706879077,1,1464,0.9999999999454102
Tin=Cold AND Tout=Cold AND Hin=Normal AND Hout=Normal AND L=High AND Solar=Low AND CO2=Normal AND Wind=Medium AND N=Low AND E=High AND W=1,Poor,0.4628387830172555,1,828,0.9999999999938481
Tin=Cold AND Tout=Cold AND Hin=Normal AND Hout=Normal AND L=High AND Solar=Low AND CO2=Normal AND Wind=Medium AND N=Low AND E=Normal AND W=0,Acceptable,0.3503382766344813,1,754,0.9999999998927618
Tin=Cold AND Tout=Cold AND Hin=Normal AND Hout=Normal AND L=High AND Solar=Low AND CO2=Normal AND Wind=Medium AND N=Low AND E=Normal AND W=1,Poor,0.3686622817774463,1,1275,0.9999999999936245
Tin=Cold AND Tout=Cold AND Hin=Normal AND Hout=Normal AND L=High AND Solar=Normal AND CO2=Normal AND Wind=Medium AND N=Normal AND E=Normal AND W=0,Poor,0.4691137071970641,1,923,0.9999999999530907
Tin=Cold AND Tout=Cold AND Hin=Normal AND Hout=Normal AND L=Low AND Solar=High AND CO2=Normal AND Wind=Medium AND N=Normal AND E=Normal AND W=3,Acceptable,0.3527086859150868,1,1480,0.999999999953748
Tin=Cold AND Tout=Cold AND Hin=Normal AND Hout=Normal AND L=Low AND Solar=Normal AND CO2=Normal AND Wind=Low AND N=Normal AND E=Normal AND W=3,Acceptable,0.3773946360153258,1,948,0.3149303714244398
Tin=Cold AND Tout=Cold AND Hin=Normal AND Hout=Normal AND L=Low AND Solar=Normal AND CO2=Normal AND Wind=Low AND N=Normal AND E=Normal AND W=3,Poor,0.3773946360153258,1,335,0.6821112352405739
Tin=Cold AND Tout=Cold AND Hin=Normal AND Hout=Normal AND L=Normal AND Solar=Low AND CO2=High AND Wind=Medium AND N=Normal AND E=Normal AND W=0,Poor,0.3871386740170477,1,253,0.9999999999340974
Tin=Cold AND Tout=Cold AND Hin=Normal AND Hout=Normal AND L=Normal AND Solar=Low AND CO2=Normal AND Wind=Low AND N=High AND E=Normal AND W=0,Poor,0.3600129144108526,1,801,0.9999999999012582
Tin=Cold AND Tout=Cold AND Hin=Normal AND Hout=Normal AND L=Normal AND Solar=Low AND CO2=Normal AND Wind=Low AND N=Normal AND E=Normal AND W=0,Acceptable,0.442921736537652,1,1255,0.9999999999438692
Tin=Cold AND Tout=Cold AND Hin=Normal AND Hout=Normal AND L=Normal AND Solar=Low AND CO2=Normal AND Wind=Medium AND N=Low AND E=Normal AND W=1,Poor,0.4659510231010071,1,1568,0.9997683156263082
Tin=Cold AND Tout=Cold AND Hin=Normal AND Hout=Normal AND L=Normal AND Solar=Low AND CO2=Normal AND Wind=Medium AND N=Normal AND E=Normal AND W=1,Poor,0.4448261135674538,2,861,0.9497393028661928
Tin=Cold AND Tout=Cold AND Hin=Normal AND Hout=Normal AND L=Normal AND Solar=Normal AND CO2=High AND Wind=Medium AND N=Normal AND E=Normal AND W=3,Poor,0.3892633926594656,1,1699,0.9960357073485256
Tin=Cold AND Tout=Cold AND Hin=Normal AND Hout=Normal AND L=Normal AND Solar=Normal AND CO2=Normal AND Wind=Low AND N=High AND E=Normal AND W=0,Acceptable,0.4606321570498404,1,1547,0.9824808500613189
Tin=Cold AND Tout=Cold AND Hin=Normal AND Hout=Normal AND L=Normal AND Solar=Normal AND CO2=Normal AND Wind=Low AND N=Low AND E=High AND W=3,Poor,0.5523749726897227,1,1373,0.9999999999928557
Tin=Cold AND Tout=Cold AND Hin=Normal AND Hout=Normal AND L=Normal AND Solar=Normal AND CO2=Normal AND Wind=Medium AND N=Low AND E=Normal AND W=3,Acceptable,0.4135492769181966,1,690,0.8575295344420424
Tin=Cold AND Tout=Cold AND Hin=Normal AND Hout=Normal AND L=Normal AND Solar=Normal AND CO2=Normal AND Wind=Medium AND N=Normal AND E=Normal AND W=0,Poor,0.3850714174734134,2,444,0.9250955912356355
Tin=Cold AND Tout=Cold AND Hin=Normal AND Hout=Normal AND L=Normal AND Solar=Normal AND CO2=Normal AND Wind=Medium AND N=Normal AND E=Normal AND W=3,Poor,0.3773946360153258,1,240,0.6433048340517896
Tin=Cold AND Tout=Cold AND Hin=Normal AND Hout=Wet AND L=Normal AND Solar=Normal AND CO2=Normal AND Wind=Medium AND N=Normal AND E=Normal AND W=1,Poor,0.3528675535429331,1,1712,0.9781876477241812
Tin=Cold AND Tout=Cold AND Hin=Wet AND Hout=Wet AND L=High AND Solar=Low AND CO2=Normal AND Wind=Medium AND N=Normal AND E=Normal AND W=1,Poor,0.3347710434196441,1,1573,0.948345248498214
Tin=Cold AND Tout=Cold AND Hin=Wet AND Hout=Wet AND L=Normal AND Solar=Low AND CO2=Normal AND Wind=Medium AND N=Normal AND E=Normal AND W=3,Poor,0.3470754564663936,1,941,0.9877957255167754
Tin=Cold AND Tout=Hot AND Hin=Dry AND Hout=Normal AND L=Low AND Solar=High AND CO2=High AND Wind=Medium AND N=Normal AND E=High AND W=3,Poor,0.4821109025009949,1,1051,0.9999999999878982
Tin=Cold AND Tout=Hot AND Hin=Normal AND Hout=Normal AND L=Low AND Solar=High AND CO2=Normal AND Wind=Medium AND N=Normal AND E=High AND W=3,Poor,0.6128459588116193,1,1158,0.9999999999927263
Tin=Cold AND Tout=Hot AND Hin=Normal AND Hout=Normal AND L=Low AND Solar=Normal AND CO2=Normal AND Wind=Medium AND N=Normal AND E=High AND W=3,Acceptable,0.385548015402834,1,711,0.4936130707435601
Tin=Cold AND Tout=Hot AND Hin=Normal AND Hout=Normal AND L=Normal AND Solar=Low AND CO2=Normal AND Wind=Medium AND N=Normal AND E=High AND W=2,Poor,0.4671356299462585,1,1124,0.9999999999609972
Tin=Cold AND Tout=Hot AND Hin=Normal AND Hout=Normal AND L=Normal AND Solar=Normal AND CO2=Low AND Wind=Low AND N=Normal AND E=High AND W=3,Poor,0.4824957705536721,1,386,0.9999999999308286
Tin=Cold AND Tout=Hot AND Hin=Normal AND Hout=Normal AND L=Normal AND Solar=Normal AND CO2=Normal AND Wind=Medium AND N=Low AND E=High AND W=3,Poor,0.4889323383650509,1,733,0.9205203640315243
Tin=Cold AND Tout=Hot AND Hin=Normal AND Hout=Normal AND L=Normal AND Solar=Normal AND CO2=Normal AND Wind=Medium AND N=Normal AND E=High AND W=0,Poor,0.5492279296696279,3,102,0.9999524117046291
Tin=Cold AND Tout=Hot AND Hin=Wet AND Hout=Normal AND L=Normal AND Solar=Low AND CO2=Normal AND Wind=Medium AND N=High AND E=Normal AND W=3,Acceptable,0.4162882188607112,1,1097,0.9999999999150164
Tin=Cold AND Tout=Normal AND Hin=Dry AND Hout=Dry AND L=High AND Solar=Low AND CO2=Normal AND Wind=Low AND N=Normal AND E=Normal AND W=0,Poor,0.449814108654158,1,506,0.9999999999610986
Tin=Cold AND Tout=Normal AND Hin=Dry AND Hout=Dry AND L=Low AND Solar=High AND CO2=Low AND Wind=Low AND N=Normal AND E=Low AND W=3,Acceptable,0.3468352275488481,1,1711,0.9999999999657178
Tin=Cold AND Tout=Normal AND Hin=Dry AND Hout=Dry AND L=Low AND Solar=High AND CO2=Low AND Wind=Medium AND N=Low AND E=Normal AND W=3,Acceptable,0.453727622846224,1,1559,0.9999999999719603
Tin=Cold AND Tout=Normal AND Hin=Dry AND Hout=Dry AND L=Low AND Solar=High AND CO2=Normal AND Wind=Low AND N=High AND E=Low AND W=3,Poor,0.4050857730345154,1,1491,0.999712769627599
Tin=Cold AND Tout=Normal AND Hin=Dry AND Hout=Dry AND L=Low AND Solar=High AND CO2=Normal AND Wind=Low AND N=Normal AND E=Normal AND W=3,Poor,0.3365878066960143,1,823,0.9295205645231474
Tin=Cold AND Tout=Normal AND Hin=Dry AND Hout=Dry AND L=Low AND Solar=Normal AND CO2=High AND Wind=Medium AND N=Normal AND E=Normal AND W=3,Acceptable,0.3377189381315567,1,877,0.9999999999276873
Tin=Cold AND Tout=Normal AND Hin=Dry AND Hout=Dry AND L=Low AND Solar=Normal AND CO2=Normal AND Wind=Medium AND N=Normal AND E=Normal AND W=3,Poor,0.4731800766283526,1,593,0.9287740416917591
Tin=Cold AND Tout=Normal AND Hin=Dry AND Hout=Dry AND L=Normal AND Solar=Low AND CO2=Normal AND Wind=Medium AND N=Normal AND E=Normal AND W=0,Poor,0.3892064869079467,1,995,0.9999169136598788
Tin=Cold AND Tout=Normal AND Hin=Dry AND Hout=Dry AND L=Normal AND Solar=Normal AND CO2=Low AND Wind=Medium AND N=Normal AND E=Normal AND W=0,Poor,0.4252209222071715,1,1303,0.999919441380616
Tin=Cold AND Tout=Normal AND Hin=Dry AND Hout=Dry AND L=Normal AND Solar=Normal AND CO2=Normal AND Wind=Low AND N=Low AND E=Low AND W=3,Acceptable,0.356723147078603,1,866,0.1325378764923809
Tin=Cold AND Tout=Normal AND Hin=Dry AND Hout=Dry AND L=Normal AND Solar=Normal AND CO2=Normal AND Wind=Low AND N=Low AND E=Low AND W=3,Poor,0.4466687976915065,2,1305,0.8674621234967416
Tin=Cold AND Tout=Normal AND Hin=Dry AND Hout=Dry AND L=Normal AND Solar=Normal AND CO2=Normal AND Wind=Low AND N=Normal AND E=Normal AND W=3,Acceptable,0.3562649196688218,1,563,0.5778806639850662
Tin=Cold AND Tout=Normal AND Hin=Dry AND Hout=Dry AND L=Normal AND Solar=Normal AND CO2=Normal AND Wind=Low AND N=Normal AND E=Normal AND W=3,Poor,0.3926059340600536,1,381,0.4221193359996687
Tin=Cold AND Tout=Normal AND Hin=Dry AND Hout=Dry AND L=Normal AND Solar=Normal AND CO2=Normal AND Wind=Medium AND N=Low AND E=Low AND W=0,Poor,0.3547796787113236,1,1762,0.9999999998995638
Tin=Cold AND Tout=Normal AND Hin=Dry AND Hout=Dry AND L=Normal AND Solar=Normal AND CO2=Normal AND Wind=Medium AND N=Low AND E=Normal AND W=3,Poor,0.3597753203684974,2,426,0.9900825957373295
Tin=Cold AND Tout=Normal AND Hin=Dry AND Hout=Normal AND L=Low AND Solar=High AND CO2=High AND Wind=Medium AND N=Low AND E=Low AND W=3,Poor,0.3760491235476814,1,1295,0.9999999999755592
Tin=Cold AND Tout=Normal AND Hin=Dry AND Hout=Normal AND L=Normal AND Solar=Low AND CO2=High AND Wind=Medium AND N=Low AND E=Normal AND W=0,Poor,0.4382891681034271,1,31,0.9999999999555395
Tin=Cold AND Tout=Normal AND Hin=Dry AND Hout=Normal AND L=Normal AND Solar=Normal AND CO2=High AND Wind=Medium AND N=Low AND E=Normal AND W=3,Poor,0.3501116152988714,1,263,0.6636537985285733
Tin=Cold AND Tout=Normal AND Hin=Dry AND Hout=Normal AND L=Normal AND Solar=Normal AND CO2=Normal AND Wind=Medium AND N=Normal AND E=Normal AND W=3,Poor,0.3859540272639616,1,127,0.5864150993834338
Tin=Cold AND Tout=Normal AND Hin=Normal AND Hout=Dry AND L=Normal AND Solar=Normal AND CO2=Normal AND Wind=Low AND N=Normal AND E=Normal AND W=3,Acceptable,0.4034373928847319,1,1542,0.7742045370933984
Tin=Cold AND Tout=Normal AND Hin=Normal AND Hout=Dry AND L=Normal AND Solar=Normal AND CO2=Normal AND Wind=Medium AND N=Normal AND E=Normal AND W=3,Acceptable,0.3366891191327501,1,295,0.49937750405287384
Tin=Cold AND Tout=Normal AND Hin=Normal AND Hout=Dry AND L=Normal AND Solar=Normal AND CO2=Normal AND Wind=Medium AND N=Normal AND E=Normal AND W=3,Poor,0.3442153781407264,1,1489,0.4948701357341537
Tin=Cold AND Tout=Normal AND Hin=Normal AND Hout=Normal AND L=High AND Solar=Low AND CO2=High AND Wind=Low AND N=Normal AND E=Normal AND W=1,Poor,0.4349970882665966,1,957,0.949038000417919
Tin=Cold AND Tout=Normal AND Hin=Normal AND Hout=Normal AND L=High AND Solar=Low AND CO2=High AND Wind=Medium AND N=Low AND E=Normal AND W=1,Poor,0.3656219389623868,1,344,0.9968159378803753
Tin=Cold AND Tout=Normal AND Hin=Normal AND Hout=Normal AND L=High AND Solar=Low AND CO2=Normal AND Wind=Low AND N=Normal AND E=Normal AND W=0,Poor,0.3897883209680686,1,180,0.9999999999191473
Tin=Cold AND Tout=Normal AND Hin=Normal AND Hout=Normal AND L=High AND Solar=Low AND CO2=Normal AND Wind=Low AND N=Normal AND E=Normal AND W=3,Poor,0.3773946360153254,1,222,0.9998648601454034
Tin=Cold AND Tout=Normal AND Hin=Normal AND Hout=Normal AND L=High AND Solar=Low AND CO2=Normal AND Wind=Medium AND N=Low AND E=Normal AND W=1,Poor,0.3394202969066423,1,1435,0.991346261080376
Tin=Cold AND Tout=Normal AND Hin=Normal AND Hout=Normal AND L=High AND Solar=Low AND CO2=Normal AND Wind=Medium AND N=Low AND E=Normal AND W=2,Poor,0.5145978513487178,1,1317,0.9999999999902639
Tin=Cold AND Tout=Normal AND Hin=Normal AND Hout=Normal AND L=Low AND Solar=High AND CO2=Normal AND Wind=Medium AND N=Low AND E=Low AND W=3,Acceptable,0.4438735781279492,1,1118,0.22659941744543416
Tin=Cold AND Tout=Normal AND Hin=Normal AND Hout=Normal AND L=Low AND Solar=High AND CO2=Normal AND Wind=Medium AND N=Low AND E=Low AND W=3,Good,0.3535045803674257,1,870,0.1814910664726831
Tin=Cold AND Tout=Normal AND Hin=Normal AND Hout=Normal AND L=Low AND Solar=High AND CO2=Normal AND Wind=Medium AND N=Low AND E=Low AND W=3,Poor,0.4994269637045992,1,945,0.5919095160767422
Tin=Cold AND Tout=Normal AND Hin=Normal AND Hout=Normal AND L=Low AND Solar=High AND CO2=Normal AND Wind=Medium AND N=Low AND E=Normal AND W=3,Poor,0.3960202776606257,1,1254,0.5052466188736265
Tin=Cold AND Tout=Normal AND Hin=Normal AND Hout=Normal AND L=Low AND Solar=Normal AND CO2=High AND Wind=Low AND N=Low AND E=Low AND W=3,Poor,0.3811679252813449,1,1274,0.9999999999902184
Tin=Cold AND Tout=Normal AND Hin=Normal AND Hout=Normal AND L=Low AND Solar=Normal AND CO2=Low AND Wind=Low AND N=High AND E=Normal AND W=3,Acceptable,0.3540369065281143,1,1603,0.999999999961162
Tin=Cold AND Tout=Normal AND Hin=Normal AND Hout=Normal AND L=Low AND Solar=Normal AND CO2=Normal AND Wind=Low AND N=High AND E=Normal AND W=3,Acceptable,0.3558759829060741,1,1172,0.9012509692844693
Tin=Cold AND Tout=Normal AND Hin=Normal AND Hout=Normal AND L=Low AND Solar=Normal AND CO2=Normal AND Wind=Low AND N=Normal AND E=Low AND W=3,Poor,0.4227221916334387,1,513,0.7462596235886445
Tin=Cold AND Tout=Normal AND Hin=Normal AND Hout=Normal AND L=Low AND Solar=Normal AND CO2=Normal AND Wind=Low AND N=Normal AND E=Normal AND W=0,Acceptable,0.3797699130018898,1,661,0.9999999999534929
Tin=Cold AND Tout=Normal AND Hin=Normal AND Hout=Normal AND L=Low AND Solar=Normal AND CO2=Normal AND Wind=Low AND N=Normal AND E=Normal AND W=3,Acceptable,0.3732490708653827,1,1058,0.43865590132071747
Tin=Cold AND Tout=Normal AND Hin=Normal AND Hout=Normal AND L=Low AND Solar=Normal AND CO2=Normal AND Wind=Low AND N=Normal AND E=Normal AND W=3,Poor,0.3529811925712891,1,436,0.5497049480667475
Tin=Cold AND Tout=Normal AND Hin=Normal AND Hout=Normal AND L=Low AND Solar=Normal AND CO2=Normal AND Wind=Medium AND N=High AND E=Normal AND W=0,Acceptable,0.4009397375116383,1,631,0.9999999999485786
Tin=Cold AND Tout=Normal AND Hin=Normal AND Hout=Normal AND L=Low AND Solar=Normal AND CO2=Normal AND Wind=Medium AND N=High AND E=Normal AND W=3,Acceptable,0.3600729821443305,1,1518,0.6560153621946232
Tin=Cold AND Tout=Normal AND Hin=Normal AND Hout=Normal AND L=Low AND Solar=Normal AND CO2=Normal AND Wind=Medium AND N=Low AND E=Low AND W=0,Poor,0.542873087207149,1,875,0.9888502581689077
Tin=Cold AND Tout=Normal AND Hin=Normal AND Hout=Normal AND L=Low AND Solar=Normal AND CO2=Normal AND Wind=Medium AND N=Normal AND E=Normal AND W=3,Acceptable,0.4599553682080876,3,922,0.4217895085415969
Tin=Cold AND Tout=Normal AND Hin=Normal AND Hout=Normal AND L=Low AND Solar=Normal AND CO2=Normal AND Wind=Medium AND N=Normal AND E=Normal AND W=3,Poor,0.5257761217899215,1,318,0.5575057123861508
Tin=Cold AND Tout=Normal AND Hin=Normal AND Hout=Normal AND L=Normal AND Solar=High AND CO2=Normal AND Wind=Medium AND N=Normal AND E=Normal AND W=3,Acceptable,0.3558858998514824,1,534,0.9340628528287707
Tin=Cold AND Tout=Normal AND Hin=Normal AND Hout=Normal AND L=Normal AND Solar=Low AND CO2=High AND Wind=High AND N=Low AND E=Normal AND W=1,Poor,0.3913341439890599,1,1219,0.9999999999893454
Tin=Cold AND Tout=Normal AND Hin=Normal AND Hout=Normal AND L=Normal AND Solar=Low AND CO2=High AND Wind=Medium AND N=Low AND E=Normal AND W=1,Poor,0.4518898575128481,4,1054,0.9990212264201715
Tin=Cold AND Tout=Normal AND Hin=Normal AND Hout=Normal AND L=Normal AND Solar=Low AND CO2=High AND Wind=Medium AND N=Normal AND E=Normal AND W=0,Poor,0.3815167031304585,1,1557,0.6909497865404141
Tin=Cold AND Tout=Normal AND Hin=Normal AND Hout=Normal AND L=Normal AND Solar=Low AND CO2=Low AND Wind=Low AND N=High AND E=Normal AND W=1,Acceptable,0.4367816091954026,1,1747,0.9999999998076357
Tin=Cold AND Tout=Normal AND Hin=Normal AND Hout=Normal AND L=Normal AND Solar=Low AND CO2=Low AND Wind=Medium AND N=Low AND E=Normal AND W=1,Poor,0.4162032197239707,1,924,0.9999999999737573
Tin=Cold AND Tout=Normal AND Hin=Normal AND Hout=Normal AND L=Normal AND Solar=Low AND CO2=Normal AND Wind=High AND N=High AND E=Normal AND W=1,Acceptable,0.3707742765373833,1,1269,0.9925610226495952
Tin=Cold AND Tout=Normal AND Hin=Normal AND Hout=Normal AND L=Normal AND Solar=Low AND CO2=Normal AND Wind=High AND N=Normal AND E=Normal AND W=1,Poor,0.4020504329107422,1,308,0.9214438800461905
Tin=Cold AND Tout=Normal AND Hin=Normal AND Hout=Normal AND L=Normal AND Solar=Low AND CO2=Normal AND Wind=High AND N=Normal AND E=Normal AND W=2,Poor,0.5167404860432353,3,192,0.9999999999936497
Tin=Cold AND Tout=Normal AND Hin=Normal AND Hout=Normal AND L=Normal AND Solar=Low AND CO2=Normal AND Wind=Low AND N=Low AND E=Normal AND W=1,Poor,0.4006939539806503,1,1183,0.9624709271245236
Tin=Cold AND Tout=Normal AND Hin=Normal AND Hout=Normal AND L=Normal AND Solar=Low AND CO2=Normal AND Wind=Medium AND N=High AND E=Normal AND W=0,Poor,0.3989659411812423,1,1181,0.26270195871987306
Tin=Cold AND Tout=Normal AND Hin=Normal AND Hout=Normal AND L=Normal AND Solar=Low AND CO2=Normal AND Wind=Medium AND N=Low AND E=Normal AND W=0,Acceptable,0.3647205136662925,2,368,0.9226651726768968
Tin=Cold AND Tout=Normal AND Hin=Normal AND Hout=Normal AND L=Normal AND Solar=Low AND CO2=Normal AND Wind=Medium AND N=Low AND E=Normal AND W=1,Poor,0.425586276885281,5,243,0.8844100957818418
Tin=Cold AND Tout=Normal AND Hin=Normal AND Hout=Normal AND L=Normal AND Solar=Low AND CO2=Normal AND Wind=Medium AND N=Normal AND E=Normal AND W=0,Acceptable,0.3729990124214276,2,551,0.8291318682762235
Tin=Cold AND Tout=Normal AND Hin=Normal AND Hout=Normal AND L=Normal AND Solar=Low AND CO2=Normal AND Wind=Medium AND N=Normal AND E=Normal AND W=0,Poor,0.3529800610903821,1,928,0.17086813171253137
Tin=Cold AND Tout=Normal AND Hin=Normal AND Hout=Normal AND L=Normal AND Solar=Low AND CO2=Normal AND Wind=Medium AND N=Normal AND E=Normal AND W=1,Poor,0.4788219562652568,2,531,0.7490515968172636
Tin=Cold AND Tout=Normal AND Hin=Normal AND Hout=Normal AND L=Normal AND Solar=Low AND CO2=Normal AND Wind=Medium AND N=Normal AND E=Normal AND W=2,Poor,0.3364929902089473,1,1693,0.9999999999155955
Tin=Cold AND Tout=Normal AND Hin=Normal AND Hout=Normal AND L=Normal AND Solar=Low AND CO2=Normal AND Wind=Medium AND N=Normal AND E=Normal AND W=3,Acceptable,0.5293865726811088,1,289,0.9650481062508162
Tin=Cold AND Tout=Normal AND Hin=Normal AND Hout=Normal AND L=Normal AND Solar=Normal AND CO2=High AND Wind=Low AND N=Low AND E=Low AND W=3,Acceptable,0.4391779850845796,1,826,0.9999422940632027
Tin=Cold AND Tout=Normal AND Hin=Normal AND Hout=Normal AND L=Normal AND Solar=Normal AND CO2=High AND Wind=Low AND N=Low AND E=Normal AND W=3,Acceptable,0.4280031673031662,1,852,0.929439206760542
Tin=Cold AND Tout=Normal AND Hin=Normal AND Hout=Normal AND L=Normal AND Solar=Normal AND CO2=High AND Wind=Low AND N=Normal AND E=Normal AND W=0,Poor,0.4401613536596543,1,1631,0.9754334056815621
Tin=Cold AND Tout=Normal AND Hin=Normal AND Hout=Normal AND L=Normal AND Solar=Normal AND CO2=High AND Wind=Medium AND N=Low AND E=Low AND W=3,Poor,0.4287446958491009,1,196,0.9962826921406991
Tin=Cold AND Tout=Normal AND Hin=Normal AND Hout=Normal AND L=Normal AND Solar=Normal AND CO2=High AND Wind=Medium AND N=Low AND E=Normal AND W=0,Acceptable,0.3430811978590424,1,669,0.9073688706803089
Tin=Cold AND Tout=Normal AND Hin=Normal AND Hout=Normal AND L=Normal AND Solar=Normal AND CO2=High AND Wind=Medium AND N=Normal AND E=Normal AND W=0,Acceptable,0.3773946360153254,1,851,0.0753321438871051
Tin=Cold AND Tout=Normal AND Hin=Normal AND Hout=Normal AND L=Normal AND Solar=Normal AND CO2=High AND Wind=Medium AND N=Normal AND E=Normal AND W=0,Poor,0.4731800766283526,2,93,0.9246678560988544
Tin=Cold AND Tout=Normal AND Hin=Normal AND Hout=Normal AND L=Normal AND Solar=Normal AND CO2=High AND Wind=Medium AND N=Normal AND E=Normal AND W=3,Poor,0.4110844947583645,1,837,0.9230127649920679
Tin=Cold AND Tout=Normal AND Hin=Normal AND Hout=Normal AND L=Normal AND Solar=Normal AND CO2=Low AND Wind=Low AND N=High AND E=Normal AND W=0,Acceptable,0.3625879235956171,1,843,0.9784962131856867
Tin=Cold AND Tout=Normal AND Hin=Normal AND Hout=Normal AND L=Normal AND Solar=Normal AND CO2=Low AND Wind=Low AND N=Normal AND E=Low AND W=3,Poor,0.3674510773478893,1,990,0.7223944623602918
Tin=Cold AND Tout=Normal AND Hin=Normal AND Hout=Normal AND L=Normal AND Solar=Normal AND CO2=Low AND Wind=Low AND N=Normal AND E=Normal AND W=1,Poor,0.3825115835775136,1,762,0.8320780099171222
Tin=Cold AND Tout=Normal AND Hin=Normal AND Hout=Normal AND L=Normal AND Solar=Normal AND CO2=Low AND Wind=Medium AND N=Low AND E=Low AND W=3,Acceptable,0.4264606582051746,1,1062,0.9764416694823019
Tin=Cold AND Tout=Normal AND Hin=Normal AND Hout=Normal AND L=Normal AND Solar=Normal AND CO2=Low AND Wind=Medium AND N=Low AND E=Normal AND W=3,Acceptable,0.3622823006646005,2,1071,0.9949726228036982
Tin=Cold AND Tout=Normal AND Hin=Normal AND Hout=Normal AND L=Normal AND Solar=Normal AND CO2=Low AND Wind=Medium AND N=Normal AND E=Normal AND W=0,Poor,0.3773946360153258,1,264,0.46778943921552923
Tin=Cold AND Tout=Normal AND Hin=Normal AND Hout=Normal AND L=Normal AND Solar=Normal AND CO2=Normal AND Wind=High AND N=High AND E=Normal AND W=0,Acceptable,0.4814359403652264,1,321,0.9999999999849872
Tin=Cold AND Tout=Normal AND Hin=Normal AND Hout=Normal AND L=Normal AND Solar=Normal AND CO2=Normal AND Wind=High AND N=Normal AND E=Normal AND W=3,Acceptable,0.364386377319616,2,4,0.34698329462027144
Tin=Cold AND Tout=Normal AND Hin=Normal AND Hout=Normal AND L=Normal AND Solar=Normal AND CO2=Normal AND Wind=High AND N=Normal AND E=Normal AND W=3,Poor,0.4546007576302645,2,74,0.6441327670590296
Tin=Cold AND Tout=Normal AND Hin=Normal AND Hout=Normal AND L=Normal AND Solar=Normal AND CO2=Normal AND Wind=Low AND N=High AND E=Normal AND W=0,Acceptable,0.4292936889844473,1,1220,0.8746077367996741
Tin=Cold AND Tout=Normal AND Hin=Normal AND Hout=Normal AND L=Normal AND Solar=Normal AND CO2=Normal AND Wind=Low AND N=High AND E=Normal AND W=0,Poor,0.3479961098288321,1,811,0.1253922631907339
Tin=Cold AND Tout=Normal AND Hin=Normal AND Hout=Normal AND L=Normal AND Solar=Normal AND CO2=Normal AND Wind=Low AND N=High AND E=Normal AND W=3,Poor,0.4279082258364604,1,1614,0.6574585858482084
Tin=Cold AND Tout=Normal AND Hin=Normal AND Hout=Normal AND L=Normal AND Solar=Normal AND CO2=Normal AND Wind=Low AND N=Low AND E=Low AND W=3,Acceptable,0.5122352274154782,2,43,0.6361458154226247
Tin=Cold AND Tout=Normal AND Hin=Normal AND Hout=Normal AND L=Normal AND Solar=Normal AND CO2=Normal AND Wind=Low AND N=Low AND E=Low AND W=3,Poor,0.3994564802621632,1,1510,0.3623945354004407
Tin=Cold AND Tout=Normal AND Hin=Normal AND Hout=Normal AND L=Normal AND Solar=Normal AND CO2=Normal AND Wind=Low AND N=Low AND E=Normal AND W=0,Poor,0.3614717269898669,1,307,0.5023478541904668
Tin=Cold AND Tout=Normal AND Hin=Normal AND Hout=Normal AND L=Normal AND Solar=Normal AND CO2=Normal AND Wind=Low AND N=Low AND E=Normal AND W=3,Acceptable,0.3906960938119228,1,876,0.7217644921686293
Tin=Cold AND Tout=Normal AND Hin=Normal AND Hout=Normal AND L=Normal AND Solar=Normal AND CO2=Normal AND Wind=Low AND N=Normal AND E=Normal AND W=0,Acceptable,0.4615800962520739,2,370,0.8955407253966604
Tin=Cold AND Tout=Normal AND Hin=Normal AND Hout=Normal AND L=Normal AND Solar=Normal AND CO2=Normal AND Wind=Low AND N=Normal AND E=Normal AND W=3,Acceptable,0.4111386753124978,3,320,0.7520989017030785
Tin=Cold AND Tout=Normal AND Hin=Normal AND Hout=Normal AND L=Normal AND Solar=Normal AND CO2=Normal AND Wind=Medium AND N=High AND E=Normal AND W=0,Acceptable,0.3786405027296186,1,126,0.5362484454096151
Tin=Cold AND Tout=Normal AND Hin=Normal AND Hout=Normal AND L=Normal AND Solar=Normal AND CO2=Normal AND Wind=Medium AND N=High AND E=Normal AND W=0,Poor,0.3554435549533212,1,272,0.463751554573055
Tin=Cold AND Tout=Normal AND Hin=Normal AND Hout=Normal AND L=Normal AND Solar=Normal AND CO2=Normal AND Wind=Medium AND N=High AND E=Normal AND W=1,Poor,0.3706821680857954,1,388,0.7480236357959069
Tin=Cold AND Tout=Normal AND Hin=Normal AND Hout=Normal AND L=Normal AND Solar=Normal AND CO2=Normal AND Wind=Medium AND N=High AND E=Normal AND W=3,Poor,0.5512251989853849,1,956,0.8183841197145779
Tin=Cold AND Tout=Normal AND Hin=Normal AND Hout=Normal AND L=Normal AND Solar=Normal AND CO2=Normal AND Wind=Medium AND N=Low AND E=Low AND W=1,Poor,0.3473659671844797,1,1440,0.17890228739653036
Tin=Cold AND Tout=Normal AND Hin=Normal AND Hout=Normal AND L=Normal AND Solar=Normal AND CO2=Normal AND Wind=Medium AND N=Low AND E=Low AND W=3,Acceptable,0.3787198858948677,1,1436,0.7400631800477189
Tin=Cold AND Tout=Normal AND Hin=Normal AND Hout=Normal AND L=Normal AND Solar=Normal AND CO2=Normal AND Wind=Medium AND N=Low AND E=Low AND W=3,Poor,0.352626106161264,2,95,0.23097181030282668
Tin=Cold AND Tout=Normal AND Hin=Normal AND Hout=Normal AND L=Normal AND Solar=Normal AND CO2=Normal AND Wind=Medium AND N=Low AND E=Normal AND W=0,Acceptable,0.3758974823864719,2,561,0.7422753494051999
Tin=Cold AND Tout=Normal AND Hin=Normal AND Hout=Normal AND L=Normal AND Solar=Normal AND CO2=Normal AND Wind=Medium AND N=Low AND E=Normal AND W=0,Poor,0.4270626989505528,1,878,0.2577246505855311
Tin=Cold AND Tout=Normal AND Hin=Normal AND Hout=Normal AND L=Normal AND Solar=Normal AND CO2=Normal AND Wind=Medium AND N=Low AND E=Normal AND W=1,Poor,0.3385472899829632,1,736,0.884324348933707
Tin=Cold AND Tout=Normal AND Hin=Normal AND Hout=Normal AND L=Normal AND Solar=Normal AND CO2=Normal AND Wind=Medium AND N=Low AND E=Normal AND W=3,Acceptable,0.3886648532017841,3,465,0.5722219893731286
Tin=Cold AND Tout=Normal AND Hin=Normal AND Hout=Normal AND L=Normal AND Solar=Normal AND CO2=Normal AND Wind=Medium AND N=Low AND E=Normal AND W=3,Poor,0.5242090353412683,1,84,0.41510438909406455
Tin=Cold AND Tout=Normal AND Hin=Normal AND Hout=Normal AND L=Normal AND Solar=Normal AND CO2=Normal AND Wind=Medium AND N=Normal AND E=Normal AND W=0,Acceptable,0.4867367642840229,5,303,0.5890103549445826
Tin=Cold AND Tout=Normal AND Hin=Normal AND Hout=Normal AND L=Normal AND Solar=Normal AND CO2=Normal AND Wind=Medium AND N=Normal AND E=Normal AND W=0,Poor,0.460651098950061,3,565,0.4109896450517573
Tin=Cold AND Tout=Normal AND Hin=Normal AND Hout=Normal AND L=Normal AND Solar=Normal AND CO2=Normal AND Wind=Medium AND N=Normal AND E=Normal AND W=1,Poor,0.3877436126134921,2,1099,0.9640492391107798
Tin=Cold AND Tout=Normal AND Hin=Normal AND Hout=Normal AND L=Normal AND Solar=Normal AND CO2=Normal AND Wind=Medium AND N=Normal AND E=Normal AND W=3,Acceptable,0.5480086674398579,4,203,0.8312105239600525
Tin=Cold AND Tout=Normal AND Hin=Normal AND Hout=Wet AND L=Low AND Solar=Normal AND CO2=Normal AND Wind=Low AND N=Low AND E=Low AND W=3,Acceptable,0.4786668166657922,1,313,0.9982965130043036
Tin=Cold AND Tout=Normal AND Hin=Normal AND Hout=Wet AND L=Normal AND Solar=Low AND CO2=Normal AND Wind=High AND N=Low AND E=Normal AND W=1,Poor,0.3445279717945996,1,382,0.9999999994126811
Tin=Cold AND Tout=Normal AND Hin=Normal AND Hout=Wet AND L=Normal AND Solar=Low AND CO2=Normal AND Wind=High AND N=Low AND E=Normal AND W=2,Poor,0.3388375583624839,1,238,0.9999999999399963
Tin=Cold AND Tout=Normal AND Hin=Normal AND Hout=Wet AND L=Normal AND Solar=Low AND CO2=Normal AND Wind=High AND N=Normal AND E=Normal AND W=1,Poor,0.3829748785709784,1,311,0.9999999999490857
Tin=Cold AND Tout=Normal AND Hin=Normal AND Hout=Wet AND L=Normal AND Solar=Low AND CO2=Normal AND Wind=Medium AND N=Low AND E=Normal AND W=1,Poor,0.3434333997028867,1,1069,0.8297267968862637
Tin=Cold AND Tout=Normal AND Hin=Normal AND Hout=Wet AND L=Normal AND Solar=Low AND CO2=Normal AND Wind=Medium AND N=Normal AND E=Normal AND W=1,Poor,0.3553754448756979,2,648,0.8125663689722958
Tin=Cold AND Tout=Normal AND Hin=Normal AND Hout=Wet AND L=Normal AND Solar=Normal AND CO2=Normal AND Wind=Medium AND N=High AND E=Normal AND W=1,Poor,0.4280570249361347,1,1545,0.9815031112770058
Tin=Cold AND Tout=Normal AND Hin=Normal AND Hout=Wet AND L=Normal AND Solar=Normal AND CO2=Normal AND Wind=Medium AND N=Low AND E=Low AND W=0,Acceptable,0.3656827626219132,1,65,0.9999999998164132
Tin=Cold AND Tout=Normal AND Hin=Normal AND Hout=Wet AND L=Normal AND Solar=Normal AND CO2=Normal AND Wind=Medium AND N=Low AND E=Normal AND W=3,Poor,0.3861426797501993,1,332,0.5419985716282456
Tin=Cold AND Tout=Normal AND Hin=Normal AND Hout=Wet AND L=Normal AND Solar=Normal AND CO2=Normal AND Wind=Medium AND N=Normal AND E=Normal AND W=0,Poor,0.4731800766283526,1,116,0.8303826269575341
Tin=Cold AND Tout=Normal AND Hin=Normal AND Hout=Wet AND L=Normal AND Solar=Normal AND CO2=Normal AND Wind=Medium AND N=Normal AND E=Normal AND W=1,Poor,0.3766042497468057,1,715,0.7581084498270235
Tin=Cold AND Tout=Normal AND Hin=Wet AND Hout=Normal AND L=Low AND Solar=Normal AND CO2=High AND Wind=Low AND N=Low AND E=Low AND W=3,Poor,0.3579871876833983,1,1201,0.9999999999911974
Tin=Cold AND Tout=Normal AND Hin=Wet AND Hout=Normal AND L=Low AND Solar=Normal AND CO2=Normal AND Wind=Medium AND N=High AND E=Normal AND W=1,Poor,0.3668424444186509,1,265,0.9999999998439357
Tin=Cold AND Tout=Normal AND Hin=Wet AND Hout=Normal AND L=Normal AND Solar=Normal AND CO2=High AND Wind=Medium AND N=Normal AND E=Normal AND W=1,Poor,0.3773946360153254,1,221,0.9999999999547986
Tin=Cold AND Tout=Normal AND Hin=Wet AND Hout=Normal AND L=Normal AND Solar=Normal AND CO2=Normal AND Wind=Medium AND N=Normal AND E=Normal AND W=1,Poor,0.3441384694402771,1,1192,0.9816078326023644
Tin=Cold AND Tout=Normal AND Hin=Wet AND Hout=Wet AND L=High AND Solar=Low AND CO2=Normal AND Wind=Medium AND N=Low AND E=Normal AND W=1,Poor,0.4792682174574195,1,825,0.9999999999882178
Tin=Cold AND Tout=Normal AND Hin=Wet AND Hout=Wet AND L=Low AND Solar=High AND CO2=Normal AND Wind=Medium AND N=Normal AND E=Normal AND W=3,Acceptable,0.434359249529404,1,225,0.9999999999800203
Tin=Cold AND Tout=Normal AND Hin=Wet AND Hout=Wet AND L=Normal AND Solar=Low AND CO2=Low AND Wind=Medium AND N=Normal AND E=Normal AND W=1,Poor,0.4566857349982743,1,276,0.9825095403030936
Tin=Cold AND Tout=Normal AND Hin=Wet AND Hout=Wet AND L=Normal AND Solar=Low AND CO2=Low AND Wind=Medium AND N=Normal AND E=Normal AND W=2,Poor,0.3526685589298159,1,411,0.9999999999722273
Tin=Cold AND Tout=Normal AND Hin=Wet AND Hout=Wet AND L=Normal AND Solar=Low AND CO2=Normal AND Wind=High AND N=Low AND E=Normal AND W=2,Poor,0.3573498236157388,1,1730,0.9999999999842302
Tin=Cold AND Tout=Normal AND Hin=Wet AND Hout=Wet AND L=Normal AND Solar=Low AND CO2=Normal AND Wind=Low AND N=High AND E=Normal AND W=0,Acceptable,0.4578522394635939,1,568,0.9999999999421771
Tin=Cold AND Tout=Normal AND Hin=Wet AND Hout=Wet AND L=Normal AND Solar=Low AND CO2=Normal AND Wind=Medium AND N=Low AND E=Low AND W=1,Poor,0.4068680892565163,1,1421,0.999999999982022
Tin=Cold AND Tout=Normal AND Hin=Wet AND Hout=Wet AND L=Normal AND Solar=Low AND CO2=Normal AND Wind=Medium AND N=Normal AND E=Normal AND W=1,Poor,0.3939720234359189,1,1429,0.7841329830386178
Tin=Cold AND Tout=Normal AND Hin=Wet AND Hout=Wet AND L=Normal AND Solar=Normal AND CO2=Low AND Wind=Medium AND N=High AND E=Normal AND W=0,Poor,0.5264128667569693,1,1400,0.9999999999263884
Tin=Cold AND Tout=Normal AND Hin=Wet AND Hout=Wet AND L=Normal AND Solar=Normal AND CO2=Normal AND Wind=Medium AND N=High AND E=Normal AND W=0,Poor,0.5325596764756699,1,1070,0.972852971781919
Tin=Cold AND Tout=Normal AND Hin=Wet AND Hout=Wet AND L=Normal AND Solar=Normal AND CO2=Normal AND Wind=Medium AND N=High AND E=Normal AND W=3,Acceptable,0.4215796359616313,1,152,0.9999999999682737
Tin=Cold AND Tout=Normal AND Hin=Wet AND Hout=Wet AND L=Normal AND Solar=Normal AND CO2=Normal AND Wind=Medium AND N=Low AND E=Low AND W=3,Poor,0.3725675569000884,1,1242,0.9969687897088554
Tin=Cold AND Tout=Normal AND Hin=Wet AND Hout=Wet AND L=Normal AND Solar=Normal AND CO2=Normal AND Wind=Medium AND N=Normal AND E=Normal AND W=0,Poor,0.3442219303727093,1,1232,0.8591278929652022
Tin=Hot AND Tout=Cold AND Hin=Normal AND Hout=Normal AND L=Low AND Solar=High AND CO2=Normal AND Wind=Low AND N=Normal AND E=High AND W=3,Acceptable,0.3932925461229098,1,139,0.999999999990994
Tin=Hot AND Tout=Cold AND Hin=Normal AND Hout=Normal AND L=Low AND Solar=High AND CO2=Normal AND Wind=Medium AND N=High AND E=High AND W=3,Acceptable,0.3526661253407057,1,779,0.9999999999244673
Tin=Hot AND Tout=Cold AND Hin=Normal AND Hout=Normal AND L=Normal AND Solar=Normal AND CO2=Normal AND Wind=Medium AND N=Low AND E=High AND W=3,Acceptable,0.3473852763623821,1,1666,0.9999999999580157
Tin=Hot AND Tout=Hot AND Hin=Dry AND Hout=Dry AND L=Low AND Solar=Normal AND CO2=High AND Wind=Medium AND N=Normal AND E=Normal AND W=3,Acceptable,0.3721919356847017,1,1502,0.9999999998570104
Tin=Hot AND Tout=Hot AND Hin=Normal AND Hout=Normal AND L=Normal AND Solar=Normal AND CO2=Normal AND Wind=Low AND N=High AND E=Normal AND W=0,Acceptable,0.4395145674267336,1,1538,0.9999999999860557
Tin=Hot AND Tout=Hot AND Hin=Normal AND Hout=Normal AND L=Normal AND Solar=Normal AND CO2=Normal AND Wind=Medium AND N=High AND E=Normal AND W=0,Acceptable,0.4509007059640627,1,1411,0.9718699515284925
Tin=Hot AND Tout=Hot AND Hin=Normal AND Hout=Normal AND L=Normal AND Solar=Normal AND CO2=Normal AND Wind=Medium AND N=High AND E=Normal AND W=3,Acceptable,0.3335812836990515,1,939,0.4928700291580766
Tin=Hot AND Tout=Hot AND Hin=Normal AND Hout=Normal AND L=Normal AND Solar=Normal AND CO2=Normal AND Wind=Medium AND N=Normal AND E=Normal AND W=0,Acceptable,0.3492591028109878,1,414,0.6131754115146052
Tin=Hot AND Tout=Hot AND Hin=Wet AND Hout=Wet AND L=Low AND Solar=High AND CO2=Normal AND Wind=Medium AND N=High AND E=Normal AND W=3,Acceptable,0.4345017183286493,1,789,0.9999999999898068
Tin=Hot AND Tout=Hot AND Hin=Wet AND Hout=Wet AND L=Low AND Solar=High AND CO2=Normal AND Wind=Medium AND N=Normal AND E=Normal AND W=3,Good,0.3833986931374841,1,470,0.21996792061140735
Tin=Hot AND Tout=Hot AND Hin=Wet AND Hout=Wet AND L=Normal AND Solar=Low AND CO2=High AND Wind=Medium AND N=High AND E=Normal AND W=1,Poor,0.342839458907068,1,1546,0.9999486052368781
Tin=Hot AND Tout=Hot AND Hin=Wet AND Hout=Wet AND L=Normal AND Solar=Low AND CO2=Low AND Wind=Medium AND N=High AND E=Normal AND W=0,Poor,0.3648282223162863,1,1532,0.9938697299920501
Tin=Hot AND Tout=Hot AND Hin=Wet AND Hout=Wet AND L=Normal AND Solar=Low AND CO2=Normal AND Wind=Medium AND N=Normal AND E=Normal AND W=0,Poor,0.347160879407887,1,1575,0.9986044194349866
Tin=Hot AND Tout=Hot AND Hin=Wet AND Hout=Wet AND L=Normal AND Solar=Low AND CO2=Normal AND Wind=Medium AND N=Normal AND E=Normal AND W=1,Acceptable,0.4515748570028269,1,1533,0.985314218763255
Tin=Hot AND Tout=Hot AND Hin=Wet AND Hout=Wet AND L=Normal AND Solar=Normal AND CO2=Normal AND Wind=Medium AND N=High AND E=Normal AND W=0,Acceptable,0.3785688590314227,1,100,0.9999999991660313
Tin=Hot AND Tout=Normal AND Hin=Dry AND Hout=Dry AND L=Normal AND Solar=High AND CO2=Normal AND Wind=Low AND N=Normal AND E=Normal AND W=3,Acceptable,0.3690082613236389,1,468,0.9999999997895503
Tin=Hot AND Tout=Normal AND Hin=Dry AND Hout=Dry AND L=Normal AND Solar=Low AND CO2=Low AND Wind=Medium AND N=High AND E=Normal AND W=3,Poor,0.4712230537719842,1,1005,0.9999999999811293
Tin=Hot AND Tout=Normal AND Hin=Dry AND Hout=Dry AND L=Normal AND Solar=Low AND CO2=Normal AND Wind=Medium AND N=Low AND E=Normal AND W=0,Acceptable,0.3970630205936714,1,1501,0.9999999999680164
Tin=Hot AND Tout=Normal AND Hin=Dry AND Hout=Dry AND L=Normal AND Solar=Normal AND CO2=Normal AND Wind=Medium AND N=High AND E=Normal AND W=3,Acceptable,0.3456967887265174,1,854,0.6299224068067618
Tin=Hot AND Tout=Normal AND Hin=Dry AND Hout=Dry AND L=Normal AND Solar=Normal AND CO2=Normal AND Wind=Medium AND N=Normal AND E=High AND W=3,Poor,0.3412549709664377,1,1760,0.9999999999665067
Tin=Hot AND Tout=Normal AND Hin=Normal AND Hout=Dry AND L=High AND Solar=Low AND CO2=High AND Wind=Medium AND N=High AND E=Normal AND W=3,Acceptable,0.3869731266160425,1,1073,0.9999999999851034
Tin=Hot AND Tout=Normal AND Hin=Normal AND Hout=Dry AND L=Low AND Solar=Normal AND CO2=Normal AND Wind=Low AND N=Normal AND E=High AND W=3,Poor,0.3463808358310896,1,652,0.9767965491472766
Tin=Hot AND Tout=Normal AND Hin=Normal AND Hout=Dry AND L=Normal AND Solar=Normal AND CO2=Normal AND Wind=Medium AND N=High AND E=Normal AND W=3,Poor,0.3639022552496286,1,1179,0.7775763145762885
Tin=Hot AND Tout=Normal AND Hin=Normal AND Hout=Normal AND L=High AND Solar=Low AND CO2=Low AND Wind=High AND N=Low AND E=High AND W=1,Poor,0.3350354670182199,1,1741,0.9999999997538335
Tin=Hot AND Tout=Normal AND Hin=Normal AND Hout=Normal AND L=High AND Solar=Low AND CO2=Low AND Wind=Low AND N=High AND E=Normal AND W=0,Poor,0.4192193117900324,1,800,0.9999999999871296
Tin=Hot AND Tout=Normal AND Hin=Normal AND Hout=Normal AND L=High AND Solar=Low AND CO2=Normal AND Wind=Low AND N=High AND E=Normal AND W=0,Acceptable,0.4263690269590146,1,1448,0.9999999999781162
Tin=Hot AND Tout=Normal AND Hin=Normal AND Hout=Normal AND L=High AND Solar=Low AND CO2=Normal AND Wind=Medium AND N=Normal AND E=High AND W=1,Poor,0.4398912139606609,1,80,0.9999999999768455
Tin=Hot AND Tout=Normal AND Hin=Normal AND Hout=Normal AND L=High AND Solar=Normal AND CO2=Normal AND Wind=High AND N=Normal AND E=Normal AND W=1,Poor,0.3741074052193325,1,1356,0.9999999999833953
Tin=Hot AND Tout=Normal AND Hin=Normal AND Hout=Normal AND L=Low AND Solar=High AND CO2=Low AND Wind=Medium AND N=Normal AND E=Normal AND W=3,Acceptable,0.5165307353060704,1,615,0.9838470871922355
Tin=Hot AND Tout=Normal AND Hin=Normal AND Hout=Normal AND L=Low AND Solar=High AND CO2=Normal AND Wind=High AND N=Normal AND E=Low AND W=3,Acceptable,0.3503544432339334,1,1676,0.9771996223433985
Tin=Hot AND Tout=Normal AND Hin=Normal AND Hout=Normal AND L=Low AND Solar=High AND CO2=Normal AND Wind=Low AND N=Normal AND E=Normal AND W=3,Acceptable,0.4390291637858702,2,1155,0.700725845527872
Tin=Hot AND Tout=Normal AND Hin=Normal AND Hout=Normal AND L=Low AND Solar=High AND CO2=Normal AND Wind=Medium AND N=High AND E=Low AND W=3,Acceptable,0.3663374991757354,1,1223,0.4659483284885667
Tin=Hot AND Tout=Normal AND Hin=Normal AND Hout=Normal AND L=Low AND Solar=High AND CO2=Normal AND Wind=Medium AND N=High AND E=Normal AND W=3,Acceptable,0.3535439189234088,1,1294,0.6186917591911711
Tin=Hot AND Tout=Normal AND Hin=Normal AND Hout=Normal AND L=Low AND Solar=High AND CO2=Normal AND Wind=Medium AND N=High AND E=Normal AND W=3,Good,0.3981173813884405,1,1320,0.38130824079892933
Tin=Hot AND Tout=Normal AND Hin=Normal AND Hout=Normal AND L=Low AND Solar=High AND CO2=Normal AND Wind=Medium AND N=Normal AND E=Normal AND W=3,Acceptable,0.3827717404657785,2,54,0.4254405207872823
Tin=Hot AND Tout=Normal AND Hin=Normal AND Hout=Normal AND L=Low AND Solar=High AND CO2=Normal AND Wind=Medium AND N=Normal AND E=Normal AND W=3,Poor,0.4145310714813381,1,1164,0.2549291874553278
Tin=Hot AND Tout=Normal AND Hin=Normal AND Hout=Normal AND L=Low AND Solar=Normal AND CO2=High AND Wind=Low AND N=High AND E=Normal AND W=3,Acceptable,0.364608602469564,1,148,0.9823829234222681
Tin=Hot AND Tout=Normal AND Hin=Normal AND Hout=Normal AND L=Low AND Solar=Normal AND CO2=High AND Wind=Medium AND N=High AND E=Normal AND W=0,Acceptable,0.3896403947961707,1,7,0.9999999999382116
Tin=Hot AND Tout=Normal AND Hin=Normal AND Hout=Normal AND L=Low AND Solar=Normal AND CO2=Low AND Wind=Low AND N=Normal AND E=High AND W=3,Acceptable,0.350751680153495,1,1367,0.9999999996745368
Tin=Hot AND Tout=Normal AND Hin=Normal AND Hout=Normal AND L=Low AND Solar=Normal AND CO2=Low AND Wind=Medium AND N=High AND E=Low AND W=3,Acceptable,0.4107565445486801,1,1025,0.9999999999808618
Tin=Hot AND Tout=Normal AND Hin=Normal AND Hout=Normal AND L=Low AND Solar=Normal AND CO2=Normal AND Wind=Low AND N=High AND E=Normal AND W=3,Acceptable,0.3498951076605525,1,1684,0.8389013885358847
Tin=Hot AND Tout=Normal AND Hin=Normal AND Hout=Normal AND L=Low AND Solar=Normal AND CO2=Normal AND Wind=Low AND N=Normal AND E=Low AND W=3,Good,0.3959610736971737,1,927,0.9599255302485089
Tin=Hot AND Tout=Normal AND Hin=Normal AND Hout=Normal AND L=Low AND Solar=Normal AND CO2=Normal AND Wind=Medium AND N=High AND E=Normal AND W=3,Acceptable,0.4645882467240802,3,926,0.6825860191496236
Tin=Hot AND Tout=Normal AND Hin=Normal AND Hout=Normal AND L=Low AND Solar=Normal AND CO2=Normal AND Wind=Medium AND N=High AND E=Normal AND W=3,Poor,0.5282108109556445,1,1476,0.27942295089776636
Tin=Hot AND Tout=Normal AND Hin=Normal AND Hout=Normal AND L=Low AND Solar=Normal AND CO2=Normal AND Wind=Medium AND N=Normal AND E=Low AND W=3,Acceptable,0.4057539969658134,1,505,0.6500317023568359
Tin=Hot AND Tout=Normal AND Hin=Normal AND Hout=Normal AND L=Normal AND Solar=High AND CO2=Normal AND Wind=Low AND N=Normal AND E=Normal AND W=3,Acceptable,0.3773946360153254,1,778,0.9448782073319062
Tin=Hot AND Tout=Normal AND Hin=Normal AND Hout=Normal AND L=Normal AND Solar=High AND CO2=Normal AND Wind=Medium AND N=Normal AND E=Normal AND W=3,Acceptable,0.3970220141125652,1,591,0.8971169216725358
Tin=Hot AND Tout=Normal AND Hin=Normal AND Hout=Normal AND L=Normal AND Solar=Low AND CO2=Normal AND Wind=High AND N=High AND E=High AND W=2,Poor,0.4427907286744215,1,19,0.9999999999902168
Tin=Hot AND Tout=Normal AND Hin=Normal AND Hout=Normal AND L=Normal AND Solar=Low AND CO2=Normal AND Wind=Low AND N=Low AND E=Normal AND W=0,Poor,0.3573691816756961,1,1535,0.9533144559646237
Tin=Hot AND Tout=Normal AND Hin=Normal AND Hout=Normal AND L=Normal AND Solar=Low AND CO2=Normal AND Wind=Low AND N=Normal AND E=High AND W=1,Poor,0.3875461257570758,1,1495,0.9930650252339798
Tin=Hot AND Tout=Normal AND Hin=Normal AND Hout=Normal AND L=Normal AND Solar=Low AND CO2=Normal AND Wind=Low AND N=Normal AND E=Normal AND W=1,Poor,0.3523656238219606,1,1248,0.9805305087292309
Tin=Hot AND Tout=Normal AND Hin=Normal AND Hout=Normal AND L=Normal AND Solar=Low AND CO2=Normal AND Wind=Low AND N=Normal AND E=Normal AND W=3,Acceptable,0.3486119472495699,1,224,0.9978782278413296
Tin=Hot AND Tout=Normal AND Hin=Normal AND Hout=Normal AND L=Normal AND Solar=Low AND CO2=Normal AND Wind=Medium AND N=High AND E=High AND W=1,Poor,0.3442859042992816,1,1406,0.9882905110282125
Tin=Hot AND Tout=Normal AND Hin=Normal AND Hout=Normal AND L=Normal AND Solar=Low AND CO2=Normal AND Wind=Medium AND N=High AND E=Normal AND W=1,Poor,0.6465407374670755,3,400,0.9344169788208644
Tin=Hot AND Tout=Normal AND Hin=Normal AND Hout=Normal AND L=Normal AND Solar=Low AND CO2=Normal AND Wind=Medium AND N=High AND E=Normal AND W=3,Acceptable,0.3431637535390204,1,1433,0.8466396705532756
Tin=Hot AND Tout=Normal AND Hin=Normal AND Hout=Normal AND L=Normal AND Solar=Low AND CO2=Normal AND Wind=Medium AND N=Low AND E=Normal AND W=0,Poor,0.3523255786993358,1,132,0.6519979304399955
Tin=Hot AND Tout=Normal AND Hin=Normal AND Hout=Normal AND L=Normal AND Solar=Low AND CO2=Normal AND Wind=Medium AND N=Low AND E=Normal AND W=1,Poor,0.3421757665796295,1,738,0.5744361869403286
Tin=Hot AND Tout=Normal AND Hin=Normal AND Hout=Normal AND L=Normal AND Solar=Low AND CO2=Normal AND Wind=Medium AND N=Normal AND E=Normal AND W=0,Poor,0.3770086011444697,1,448,0.5762803929605766
Tin=Hot AND Tout=Normal AND Hin=Normal AND Hout=Normal AND L=Normal AND Solar=Low AND CO2=Normal AND Wind=Medium AND N=Normal AND E=Normal AND W=1,Poor,0.4489201125698855,1,365,0.933058097972922
Tin=Hot AND Tout=Normal AND Hin=Normal AND Hout=Normal AND L=Normal AND Solar=Normal AND CO2=High AND Wind=Medium AND N=High AND E=Normal AND W=0,Acceptable,0.4219553918434484,1,1253,0.9999999999401894
Tin=Hot AND Tout=Normal AND Hin=Normal AND Hout=Normal AND L=Normal AND Solar=Normal AND CO2=High AND Wind=Medium AND N=High AND E=Normal AND W=3,Good,0.4298128607171422,1,625,0.9461203343801093
Tin=Hot AND Tout=Normal AND Hin=Normal AND Hout=Normal AND L=Normal AND Solar=Normal AND CO2=High AND Wind=Medium AND N=Low AND E=High AND W=3,Acceptable,0.3468922912046755,1,913,0.9999999999510062
Tin=Hot AND Tout=Normal AND Hin=Normal AND Hout=Normal AND L=Normal AND Solar=Normal AND CO2=High AND Wind=Medium AND N=Normal AND E=Normal AND W=3,Acceptable,0.429304835241572,1,1377,0.8822446524057906
Tin=Hot AND Tout=Normal AND Hin=Normal AND Hout=Normal AND L=Normal AND Solar=Normal AND CO2=Low AND Wind=High AND N=Normal AND E=Normal AND W=3,Poor,0.5689655172413791,1,1696,0.9999999999933866
Tin=Hot AND Tout=Normal AND Hin=Normal AND Hout=Normal AND L=Normal AND Solar=Normal AND CO2=Low AND Wind=Low AND N=Normal AND E=High AND W=0,Poor,0.543187051484243,1,24,0.9999999999857546
Tin=Hot AND Tout=Normal AND Hin=Normal AND Hout=Normal AND L=Normal AND Solar=Normal AND CO2=Low AND Wind=Low AND N=Normal AND E=Normal AND W=3,Acceptable,0.5242533431151536,2,655,0.9991021043479797
Tin=Hot AND Tout=Normal AND Hin=Normal AND Hout=Normal AND L=Normal AND Solar=Normal AND CO2=Low AND Wind=Medium AND N=High AND E=Low AND W=0,Poor,0.4630121911330362,1,1620,0.99930928320454
Tin=Hot AND Tout=Normal AND Hin=Normal AND Hout=Normal AND L=Normal AND Solar=Normal AND CO2=Low AND Wind=Medium AND N=High AND E=Normal AND W=1,Acceptable,0.4074087552107552,1,405,0.29551691976471106
Tin=Hot AND Tout=Normal AND Hin=Normal AND Hout=Normal AND L=Normal AND Solar=Normal AND CO2=Low AND Wind=Medium AND N=High AND E=Normal AND W=3,Acceptable,0.3773626438747558,1,296,0.9852722764527577
Tin=Hot AND Tout=Normal AND Hin=Normal AND Hout=Normal AND L=Normal AND Solar=Normal AND CO2=Low AND Wind=Medium AND N=Normal AND E=Normal AND W=0,Acceptable,0.3457320517582525,1,537,0.8825388414720399
Tin=Hot AND Tout=Normal AND Hin=Normal AND Hout=Normal AND L=Normal AND Solar=Normal AND CO2=Normal AND Wind=High AND N=Normal AND E=High AND W=0,Poor,0.3915778805631624,1,1633,0.9999999997520604
Tin=Hot AND Tout=Normal AND Hin=Normal AND Hout=Normal AND L=Normal AND Solar=Normal AND CO2=Normal AND Wind=Low AND N=High AND E=High AND W=0,Poor,0.5190080495580247,1,759,0.9999999999828877
Tin=Hot AND Tout=Normal AND Hin=Normal AND Hout=Normal AND L=Normal AND Solar=Normal AND CO2=Normal AND Wind=Low AND N=High AND E=Normal AND W=0,Acceptable,0.466374937554563,2,75,0.8351536169441636
Tin=Hot AND Tout=Normal AND Hin=Normal AND Hout=Normal AND L=Normal AND Solar=Normal AND CO2=Normal AND Wind=Low AND N=High AND E=Normal AND W=3,Acceptable,0.4249687090390171,1,1443,0.7314643205472858
Tin=Hot AND Tout=Normal AND Hin=Normal AND Hout=Normal AND L=Normal AND Solar=Normal AND CO2=Normal AND Wind=Low AND N=High AND E=Normal AND W=3,Good,0.4464542474506955,1,857,0.21174527486219724
Tin=Hot AND Tout=Normal AND Hin=Normal AND Hout=Normal AND L=Normal AND Solar=Normal AND CO2=Normal AND Wind=Low AND N=Low AND E=High AND W=0,Poor,0.3829105584255267,1,617,0.9999999998759892
Tin=Hot AND Tout=Normal AND Hin=Normal AND Hout=Normal AND L=Normal AND Solar=Normal AND CO2=Normal AND Wind=Low AND N=Normal AND E=High AND W=3,Acceptable,0.3966144078797751,1,1281,0.9999999999631409
Tin=Hot AND Tout=Normal AND Hin=Normal AND Hout=Normal AND L=Normal AND Solar=Normal AND CO2=Normal AND Wind=Low AND N=Normal AND E=Normal AND W=0,Acceptable,0.5277784423141226,2,476,0.8859436789041224
Tin=Hot AND Tout=Normal AND Hin=Normal AND Hout=Normal AND L=Normal AND Solar=Normal AND CO2=Normal AND Wind=Low AND N=Normal AND E=Normal AND W=0,Poor,0.3773946360153254,1,1319,0.11239374728619723
Tin=Hot AND Tout=Normal AND Hin=Normal AND Hout=Normal AND L=Normal AND Solar=Normal AND CO2=Normal AND Wind=Low AND N=Normal AND E=Normal AND W=3,Acceptable,0.3888581730215206,2,435,0.8133174213005977
Tin=Hot AND Tout=Normal AND Hin=Normal AND Hout=Normal AND L=Normal AND Solar=Normal AND CO2=Normal AND Wind=Medium AND N=High AND E=Normal AND W=0,Acceptable,0.4774690416481426,2,975,0.3489586363100308
Tin=Hot AND Tout=Normal AND Hin=Normal AND Hout=Normal AND L=Normal AND Solar=Normal AND CO2=Normal AND Wind=Medium AND N=High AND E=Normal AND W=0,Poor,0.5942822249881934,2,848,0.6510413636873501
Tin=Hot AND Tout=Normal AND Hin=Normal AND Hout=Normal AND L=Normal AND Solar=Normal AND CO2=Normal AND Wind=Medium AND N=High AND E=Normal AND W=1,Poor,0.4289694205315069,1,929,0.9758478733285124
Tin=Hot AND Tout=Normal AND Hin=Normal AND Hout=Normal AND L=Normal AND Solar=Normal AND CO2=Normal AND Wind=Medium AND N=High AND E=Normal AND W=3,Acceptable,0.3615397244924657,1,694,0.4993445469339106
Tin=Hot AND Tout=Normal AND Hin=Normal AND Hout=Normal AND L=Normal AND Solar=Normal AND CO2=Normal AND Wind=Medium AND N=High AND E=Normal AND W=3,Good,0.3826918949327713,1,1556,0.37842383986269607
Tin=Hot AND Tout=Normal AND Hin=Normal AND Hout=Normal AND L=Normal AND Solar=Normal AND CO2=Normal AND Wind=Medium AND N=Low AND E=Low AND W=0,Acceptable,0.3735746138156142,1,480,0.9999999999313983
Tin=Hot AND Tout=Normal AND Hin=Normal AND Hout=Normal AND L=Normal AND Solar=Normal AND CO2=Normal AND Wind=Medium AND N=Low AND E=Normal AND W=3,Acceptable,0.3947300934515002,1,1020,0.8067837886535135
Tin=Hot AND Tout=Normal AND Hin=Normal AND Hout=Normal AND L=Normal AND Solar=Normal AND CO2=Normal AND Wind=Medium AND N=Normal AND E=High AND W=0,Poor,0.4714847230565597,1,796,0.9999999999429174
Tin=Hot AND Tout=Normal AND Hin=Normal AND Hout=Normal AND L=Normal AND Solar=Normal AND CO2=Normal AND Wind=Medium AND N=Normal AND E=High AND W=1,Poor,0.427728487860873,1,950,0.9999999999193081
Tin=Hot AND Tout=Normal AND Hin=Normal AND Hout=Normal AND L=Normal AND Solar=Normal AND CO2=Normal AND Wind=Medium AND N=Normal AND E=Normal AND W=0,Acceptable,0.5405906072374937,3,384,0.8516253186855737
Tin=Hot AND Tout=Normal AND Hin=Normal AND Hout=Normal AND L=Normal AND Solar=Normal AND CO2=Normal AND Wind=Medium AND N=Normal AND E=Normal AND W=0,Poor,0.3947708285271596,1,1714,0.14740958766070564
Tin=Hot AND Tout=Normal AND Hin=Normal AND Hout=Normal AND L=Normal AND Solar=Normal AND CO2=Normal AND Wind=Medium AND N=Normal AND E=Normal AND W=1,Acceptable,0.3773946360153258,1,1110,0.3881286796585078
Tin=Hot AND Tout=Normal AND Hin=Normal AND Hout=Normal AND L=Normal AND Solar=Normal AND CO2=Normal AND Wind=Medium AND N=Normal AND E=Normal AND W=1,Poor,0.4236452419129148,1,881,0.6118713203258934
Tin=Hot AND Tout=Normal AND Hin=Normal AND Hout=Normal AND L=Normal AND Solar=Normal AND CO2=Normal AND Wind=Medium AND N=Normal AND E=Normal AND W=3,Acceptable,0.3950788751943954,4,42,0.7077898011362872
Tin=Hot AND Tout=Normal AND Hin=Normal AND Hout=Normal AND L=Normal AND Solar=Normal AND CO2=Normal AND Wind=Medium AND N=Normal AND E=Normal AND W=3,Good,0.362788081884782,1,699,0.25887233027877704
Tin=Hot AND Tout=Normal AND Hin=Normal AND Hout=Wet AND L=High AND Solar=Low AND CO2=Normal AND Wind=Medium AND N=High AND E=Normal AND W=1,Poor,0.368726454843558,1,1121,0.5986611622744162
Tin=Hot AND Tout=Normal AND Hin=Normal AND Hout=Wet AND L=Low AND Solar=High AND CO2=Low AND Wind=Medium AND N=Normal AND E=Low AND W=3,Poor,0.4005227825689295,1,1651,0.9999999999841046
Tin=Hot AND Tout=Normal AND Hin=Normal AND Hout=Wet AND L=Normal AND Solar=Normal AND CO2=Normal AND Wind=Low AND N=Normal AND E=High AND W=1,Poor,0.4159599994898386,1,724,0.9999999999429063
Tin=Hot AND Tout=Normal AND Hin=Wet AND Hout=Wet AND L=High AND Solar=Low AND CO2=Normal AND Wind=High AND N=Low AND E=High AND W=2,Poor,0.4062946700934182,1,684,0.9999999999707602
Tin=Hot AND Tout=Normal AND Hin=Wet AND Hout=Wet AND L=Normal AND Solar=Low AND CO2=High AND Wind=High AND N=High AND E=High AND W=1,Poor,0.4520460535557682,1,457,0.99999999997643
Tin=Hot AND Tout=Normal AND Hin=Wet AND Hout=Wet AND L=Normal AND Solar=Low AND CO2=Normal AND Wind=High AND N=High AND E=Normal AND W=1,Poor,0.440555039543872,1,834,0.9965276259116278
Tin=Hot AND Tout=Normal AND Hin=Wet AND Hout=Wet AND L=Normal AND Solar=Low AND CO2=Normal AND Wind=High AND N=High AND E=Normal AND W=2,Poor,0.4566332364596533,2,989,0.9999999999666848
Tin=Hot AND Tout=Normal AND Hin=Wet AND Hout=Wet AND L=Normal AND Solar=Normal AND CO2=Normal AND Wind=High AND N=High AND E=Normal AND W=1,Poor,0.3658246247964421,1,769,0.977741165379071
Tin=Hot AND Tout=Normal AND Hin=Wet AND Hout=Wet AND L=Normal AND Solar=Normal AND CO2=Normal AND Wind=Low AND N=High AND E=Normal AND W=0,Poor,0.4674683445941412,2,3,0.9887895743704411
Tin=Hot AND Tout=Normal AND Hin=Wet AND Hout=Wet AND L=Normal AND Solar=Normal AND CO2=Normal AND Wind=Low AND N=High AND E=Normal AND W=3,Acceptable,0.4436098509796195,1,250,0.9999999999515307
Tin=Hot AND Tout=Normal AND Hin=Wet AND Hout=Wet AND L=Normal AND Solar=Normal AND CO2=Normal AND Wind=Medium AND N=High AND E=Normal AND W=0,Poor,0.568145334112651,1,301,0.9947720050826111
Tin=Hot AND Tout=Normal AND Hin=Wet AND Hout=Wet AND L=Normal AND Solar=Normal AND CO2=Normal AND Wind=Medium AND N=Normal AND E=Normal AND W=0,Poor,0.5224509928556886,2,18,0.9655219078019655
Tin=Normal AND Tout=Cold AND Hin=Dry AND Hout=Dry AND L=Low AND Solar=High AND CO2=Normal AND Wind=Low AND N=Normal AND E=High AND W=3,Acceptable,0.4130995612362753,1,767,0.9999999999722479
Tin=Normal AND Tout=Cold AND Hin=Dry AND Hout=Dry AND L=Low AND Solar=Normal AND CO2=Normal AND Wind=Low AND N=Low AND E=High AND W=3,Acceptable,0.4467861918854097,2,165,0.9999999999896156
Tin=Normal AND Tout=Cold AND Hin=Dry AND Hout=Dry AND L=Low AND Solar=Normal AND CO2=Normal AND Wind=Medium AND N=Normal AND E=High AND W=3,Poor,0.3569424502526897,1,408,0.8320607999943403
Tin=Normal AND Tout=Cold AND Hin=Dry AND Hout=Dry AND L=Normal AND Solar=Low AND CO2=Normal AND Wind=Low AND N=High AND E=High AND W=3,Acceptable,0.7441518232958071,1,1534,0.9999999999981732
Tin=Normal AND Tout=Cold AND Hin=Dry AND Hout=Dry AND L=Normal AND Solar=Normal AND CO2=Normal AND Wind=Medium AND N=High AND E=High AND W=3,Acceptable,0.350500631246539,1,997,0.9999999999422595
Tin=Normal AND Tout=Cold AND Hin=Dry AND Hout=Dry AND L=Normal AND Solar=Normal AND CO2=Normal AND Wind=Medium AND N=Normal AND E=Normal AND W=0,Acceptable,0.4631653806634147,1,11,0.9999999999771829
Tin=Normal AND Tout=Cold AND Hin=Dry AND Hout=Normal AND L=Low AND Solar=Normal AND CO2=Low AND Wind=Medium AND N=High AND E=High AND W=3,Acceptable,0.3408106900473823,1,1327,0.999999999951127
Tin=Normal AND Tout=Cold AND Hin=Normal AND Hout=Dry AND L=Low AND Solar=High AND CO2=Normal AND Wind=Medium AND N=Normal AND E=High AND W=3,Acceptable,0.3748391371117122,1,674,0.9999999999818707
Tin=Normal AND Tout=Cold AND Hin=Normal AND Hout=Dry AND L=Low AND Solar=Normal AND CO2=Normal AND Wind=Medium AND N=Normal AND E=High AND W=0,Acceptable,0.3663213930244158,1,183,0.999999999872005
Tin=Normal AND Tout=Cold AND Hin=Normal AND Hout=Dry AND L=Normal AND Solar=Low AND CO2=Normal AND Wind=Medium AND N=High AND E=High AND W=0,Acceptable,0.4180831898537511,1,1207,0.9999999999780934
Tin=Normal AND Tout=Cold AND Hin=Normal AND Hout=Dry AND L=Normal AND Solar=Low AND CO2=Normal AND Wind=Medium AND N=Normal AND E=Normal AND W=0,Acceptable,0.3360289996915148,1,419,0.9999999996743271
Tin=Normal AND Tout=Cold AND Hin=Normal AND Hout=Dry AND L=Normal AND Solar=Normal AND CO2=High AND Wind=Medium AND N=Normal AND E=Normal AND W=3,Acceptable,0.3520054919300114,1,792,0.9999999997448809
Tin=Normal AND Tout=Cold AND Hin=Normal AND Hout=Dry AND L=Normal AND Solar=Normal AND CO2=Normal AND Wind=Low AND N=High AND E=Normal AND W=3,Acceptable,0.3769771117708476,1,92,0.9999999998885923
Tin=Normal AND Tout=Cold AND Hin=Normal AND Hout=Dry AND L=Normal AND Solar=Normal AND CO2=Normal AND Wind=Medium AND N=High AND E=Normal AND W=3,Acceptable,0.3543671678745714,1,1562,0.9913949373610157
Tin=Normal AND Tout=Cold AND Hin=Normal AND Hout=Normal AND L=High AND Solar=Low AND CO2=Normal AND Wind=High AND N=High AND E=Normal AND W=1,Acceptable,0.3739777730105724,1,217,0.9999999998747541
Tin=Normal AND Tout=Cold AND Hin=Normal AND Hout=Normal AND L=High AND Solar=Low AND CO2=Normal AND Wind=High AND N=Low AND E=High AND W=2,Poor,0.4248705356681754,1,863,0.9999999999631792
Tin=Normal AND Tout=Cold AND Hin=Normal AND Hout=Normal AND L=High AND Solar=Low AND CO2=Normal AND Wind=Medium AND N=High AND E=High AND W=2,Poor,0.4003014903202755,1,133,0.999999999990356
Tin=Normal AND Tout=Cold AND Hin=Normal AND Hout=Normal AND L=High AND Solar=Low AND CO2=Normal AND Wind=Medium AND N=Normal AND E=High AND W=3,Acceptable,0.3340985334799966,1,319,0.9999999999527863
Tin=Normal AND Tout=Cold AND Hin=Normal AND Hout=Normal AND L=High AND Solar=Normal AND CO2=Normal AND Wind=Medium AND N=High AND E=Normal AND W=0,Acceptable,0.3906723488730569,1,629,0.9976731934382465
Tin=Normal AND Tout=Cold AND Hin=Normal AND Hout=Normal AND L=Low AND Solar=High AND CO2=Normal AND Wind=Low AND N=Normal AND E=High AND W=3,Acceptable,0.4975782691897827,2,570,0.9999999999971827
Tin=Normal AND Tout=Cold AND Hin=Normal AND Hout=Normal AND L=Low AND Solar=High AND CO2=Normal AND Wind=Low AND N=Normal AND E=Normal AND W=3,Good,0.4845115832355647,2,544,0.7769433583488912
Tin=Normal AND Tout=Cold AND Hin=Normal AND Hout=Normal AND L=Low AND Solar=High AND CO2=Normal AND Wind=Medium AND N=High AND E=Normal AND W=3,Good,0.3452783937331085,1,645,0.9354580633957762
Tin=Normal AND Tout=Cold AND Hin=Normal AND Hout=Normal AND L=Low AND Solar=Normal AND CO2=High AND Wind=Medium AND N=Low AND E=High AND W=3,Acceptable,0.3675208253502359,1,901,0.9999999999049574
Tin=Normal AND Tout=Cold AND Hin=Normal AND Hout=Normal AND L=Low AND Solar=Normal AND CO2=High AND Wind=Medium AND N=Normal AND E=High AND W=3,Acceptable,0.4003562184842556,1,337,0.9999999999487149
Tin=Normal AND Tout=Cold AND Hin=Normal AND Hout=Normal AND L=Low AND Solar=Normal AND CO2=Low AND Wind=Medium AND N=High AND E=High AND W=3,Acceptable,0.4123758398352674,1,1586,0.9999999999955154
Tin=Normal AND Tout=Cold AND Hin=Normal AND Hout=Normal AND L=Low AND Solar=Normal AND CO2=Normal AND Wind=Low AND N=High AND E=Normal AND W=3,Acceptable,0.4348450116405467,1,1211,0.5321884196060837
Tin=Normal AND Tout=Cold AND Hin=Normal AND Hout=Normal AND L=Low AND Solar=Normal AND CO2=Normal AND Wind=Low AND N=High AND E=Normal AND W=3,Good,0.420424623862448,1,1639,0.4678115803779495
Tin=Normal AND Tout=Cold AND Hin=Normal AND Hout=Normal AND L=Low AND Solar=Normal AND CO2=Normal AND Wind=Low AND N=Normal AND E=Normal AND W=0,Acceptable,0.3773946360153258,1,1353,0.9999999999689236
Tin=Normal AND Tout=Cold AND Hin=Normal AND Hout=Normal AND L=Low AND Solar=Normal AND CO2=Normal AND Wind=Low AND N=Normal AND E=Normal AND W=3,Acceptable,0.3349606461223256,1,1500,0.7979807395923446
Tin=Normal AND Tout=Cold AND Hin=Normal AND Hout=Normal AND L=Low AND Solar=Normal AND CO2=Normal AND Wind=Medium AND N=High AND E=High AND W=0,Acceptable,0.3491260146815741,1,1047,0.9999999999924972
Tin=Normal AND Tout=Cold AND Hin=Normal AND Hout=Normal AND L=Low AND Solar=Normal AND CO2=Normal AND Wind=Medium AND N=High AND E=High AND W=3,Acceptable,0.3385151827979682,1,387,0.9999999999875789
Tin=Normal AND Tout=Cold AND Hin=Normal AND Hout=Normal AND L=Low AND Solar=Normal AND CO2=Normal AND Wind=Medium AND N=High AND E=Normal AND W=3,Good,0.4812688496523044,1,1471,0.381008265993266
Tin=Normal AND Tout=Cold AND Hin=Normal AND Hout=Normal AND L=Low AND Solar=Normal AND CO2=Normal AND Wind=Medium AND N=Normal AND E=High AND W=3,Acceptable,0.4731800766283523,4,113,0.9999999999897009
Tin=Normal AND Tout=Cold AND Hin=Normal AND Hout=Normal AND L=Low AND Solar=Normal AND CO2=Normal AND Wind=Medium AND N=Normal AND E=Normal AND W=0,Acceptable,0.3773946360153258,1,1092,0.7512405184924419
Tin=Normal AND Tout=Cold AND Hin=Normal AND Hout=Normal AND L=Low AND Solar=Normal AND CO2=Normal AND Wind=Medium AND N=Normal AND E=Normal AND W=3,Good,0.4581762811202682,1,1528,0.7636506733623715
Tin=Normal AND Tout=Cold AND Hin=Normal AND Hout=Normal AND L=Normal AND Solar=Low AND CO2=High AND Wind=Low AND N=Normal AND E=Normal AND W=3,Acceptable,0.497483090014881,1,720,0.9999999999748974
Tin=Normal AND Tout=Cold AND Hin=Normal AND Hout=Normal AND L=Normal AND Solar=Low AND CO2=High AND Wind=Medium AND N=Low AND E=High AND W=0,Poor,0.377617221388668,1,1581,0.9999999999522136
Tin=Normal AND Tout=Cold AND Hin=Normal AND Hout=Normal AND L=Normal AND Solar=Low AND CO2=High AND Wind=Medium AND N=Low AND E=High AND W=2,Poor,0.3943772158369219,1,249,0.9999999999146627
Tin=Normal AND Tout=Cold AND Hin=Normal AND Hout=Normal AND L=Normal AND Solar=Low AND CO2=Low AND Wind=Low AND N=Normal AND E=Normal AND W=0,Acceptable,0.3714778202195093,1,327,0.999999999908092
Tin=Normal AND Tout=Cold AND Hin=Normal AND Hout=Normal AND L=Normal AND Solar=Low AND CO2=Low AND Wind=Medium AND N=Normal AND E=High AND W=1,Poor,0.3773946360153254,1,1000,0.9704606491431838
Tin=Normal AND Tout=Cold AND Hin=Normal AND Hout=Normal AND L=Normal AND Solar=Low AND CO2=Normal AND Wind=High AND N=Low AND E=High AND W=1,Poor,0.4191780868877915,1,1596,0.9999999999573841
Tin=Normal AND Tout=Cold AND Hin=Normal AND Hout=Normal AND L=Normal AND Solar=Low AND CO2=Normal AND Wind=High AND N=Low AND E=Normal AND W=1,Acceptable,0.3805548283738545,1,131,0.9084007258825558
Tin=Normal AND Tout=Cold AND Hin=Normal AND Hout=Normal AND L=Normal AND Solar=Low AND CO2=Normal AND Wind=Low AND N=High AND E=High AND W=1,Poor,0.3633011884095368,1,1328,0.9999999998080042
Tin=Normal AND Tout=Cold AND Hin=Normal AND Hout=Normal AND L=Normal AND Solar=Low AND CO2=Normal AND Wind=Low AND N=Low AND E=High AND W=0,Acceptable,0.3441549042079683,1,1148,0.8873894419720085
Tin=Normal AND Tout=Cold AND Hin=Normal AND Hout=Normal AND L=Normal AND Solar=Low AND CO2=Normal AND Wind=Low AND N=Low AND E=Normal AND W=0,Acceptable,0.335600820911124,1,118,0.9999999999111114
Tin=Normal AND Tout=Cold AND Hin=Normal AND Hout=Normal AND L=Normal AND Solar=Low AND CO2=Normal AND Wind=Low AND N=Low AND E=Normal AND W=3,Acceptable,0.3367744286002569,1,1167,0.5977068743481749
Tin=Normal AND Tout=Cold AND Hin=Normal AND Hout=Normal AND L=Normal AND Solar=Low AND CO2=Normal AND Wind=Low AND N=Low AND E=Normal AND W=3,Good,0.5445854475762115,1,964,0.4022931256371008
Tin=Normal AND Tout=Cold AND Hin=Normal AND Hout=Normal AND L=Normal AND Solar=Low AND CO2=Normal AND Wind=Low AND N=Normal AND E=High AND W=0,Acceptable,0.4215684163715142,1,1768,0.9999992507421035
Tin=Normal AND Tout=Cold AND Hin=Normal AND Hout=Normal AND L=Normal AND Solar=Low AND CO2=Normal AND Wind=Medium AND N=High AND E=High AND W=0,Acceptable,0.3575030741868175,1,594,0.8218048725268908
Tin=Normal AND Tout=Cold AND Hin=Normal AND Hout=Normal AND L=Normal AND Solar=Low AND CO2=Normal AND Wind=Medium AND N=High AND E=High AND W=2,Poor,0.354434013844141,1,581,0.9999999999907859
Tin=Normal AND Tout=Cold AND Hin=Normal AND Hout=Normal AND L=Normal AND Solar=Low AND CO2=Normal AND Wind=Medium AND N=High AND E=Normal AND W=1,Acceptable,0.370139682926876,1,175,0.6533628433933716
Tin=Normal AND Tout=Cold AND Hin=Normal AND Hout=Normal AND L=Normal AND Solar=Low AND CO2=Normal AND Wind=Medium AND N=Low AND E=High AND W=1,Poor,0.536572994553427,2,539,0.973049320994317
Tin=Normal AND Tout=Cold AND Hin=Normal AND Hout=Normal AND L=Normal AND Solar=Low AND CO2=Normal AND Wind=Medium AND N=Low AND E=High AND W=2,Poor,0.4303515044548908,1,1251,0.9999999999755582
Tin=Normal AND Tout=Cold AND Hin=Normal AND Hout=Normal AND L=Normal AND Solar=Low AND CO2=Normal AND Wind=Medium AND N=Low AND E=Normal AND W=0,Acceptable,0.3882677387968317,1,190,0.8536471268227884
Tin=Normal AND Tout=Cold AND Hin=Normal AND Hout=Normal AND L=Normal AND Solar=Low AND CO2=Normal AND Wind=Medium AND N=Low AND E=Normal AND W=1,Acceptable,0.3920457339983686,1,713,0.30543764908267
Tin=Normal AND Tout=Cold AND Hin=Normal AND Hout=Normal AND L=Normal AND Solar=Low AND CO2=Normal AND Wind=Medium AND N=Low AND E=Normal AND W=3,Good,0.5439939089233604,1,1277,0.9733249329551447
Tin=Normal AND Tout=Cold AND Hin=Normal AND Hout=Normal AND L=Normal AND Solar=Low AND CO2=Normal AND Wind=Medium AND N=Normal AND E=Normal AND W=2,Poor,0.3441228095847664,1,1734,0.9999999999205331
Tin=Normal AND Tout=Cold AND Hin=Normal AND Hout=Normal AND L=Normal AND Solar=Normal AND CO2=High AND Wind=Medium AND N=Low AND E=High AND W=0,Acceptable,0.5278760254340492,1,1732,0.7654816612281455
Tin=Normal AND Tout=Cold AND Hin=Normal AND Hout=Normal AND L=Normal AND Solar=Normal AND CO2=High AND Wind=Medium AND N=Low AND E=High AND W=3,Acceptable,0.4006370804860914,1,1728,0.9999999999488901
Tin=Normal AND Tout=Cold AND Hin=Normal AND Hout=Normal AND L=Normal AND Solar=Normal AND CO2=High AND Wind=Medium AND N=Low AND E=Normal AND W=3,Acceptable,0.3844965020612395,1,1108,0.9999731365050987
Tin=Normal AND Tout=Cold AND Hin=Normal AND Hout=Normal AND L=Normal AND Solar=Normal AND CO2=High AND Wind=Medium AND N=Normal AND E=High AND W=3,Acceptable,0.400882665541265,1,584,0.9738464964205307
Tin=Normal AND Tout=Cold AND Hin=Normal AND Hout=Normal AND L=Normal AND Solar=Normal AND CO2=Low AND Wind=Low AND N=Low AND E=Normal AND W=0,Acceptable,0.4381481381446027,1,487,0.9999999999808403
Tin=Normal AND Tout=Cold AND Hin=Normal AND Hout=Normal AND L=Normal AND Solar=Normal AND CO2=Low AND Wind=Low AND N=Normal AND E=Normal AND W=0,Acceptable,0.3407181450588698,1,495,0.9999999999467022
Tin=Normal AND Tout=Cold AND Hin=Normal AND Hout=Normal AND L=Normal AND Solar=Normal AND CO2=Low AND Wind=Medium AND N=High AND E=Normal AND W=0,Acceptable,0.4109898855873795,2,128,0.9999999999846877
Tin=Normal AND Tout=Cold AND Hin=Normal AND Hout=Normal AND L=Normal AND Solar=Normal AND CO2=Low AND Wind=Medium AND N=High AND E=Normal AND W=1,Acceptable,0.3753870824868233,1,1469,0.9999370733984606
Tin=Normal AND Tout=Cold AND Hin=Normal AND Hout=Normal AND L=Normal AND Solar=Normal AND CO2=Low AND Wind=Medium AND N=Low AND E=High AND W=0,Poor,0.4014494816065777,1,1355,0.9999999996635329
Tin=Normal AND Tout=Cold AND Hin=Normal AND Hout=Normal AND L=Normal AND Solar=Normal AND CO2=Normal AND Wind=High AND N=High AND E=Normal AND W=3,Good,0.4925042263744207,1,1694,0.9951006710032122
Tin=Normal AND Tout=Cold AND Hin=Normal AND Hout=Normal AND L=Normal AND Solar=Normal AND CO2=Normal AND Wind=High AND N=Normal AND E=Normal AND W=0,Acceptable,0.3686774017317406,1,29,0.9999999999024948
Tin=Normal AND Tout=Cold AND Hin=Normal AND Hout=Normal AND L=Normal AND Solar=Normal AND CO2=Normal AND Wind=Low AND N=Low AND E=High AND W=3,Acceptable,0.3969460319733293,1,1346,0.7674733652374771
Tin=Normal AND Tout=Cold AND Hin=Normal AND Hout=Normal AND L=Normal AND Solar=Normal AND CO2=Normal AND Wind=Low AND N=Low AND E=Normal AND W=3,Acceptable,0.3659585212586774,2,1114,0.550681664675287
Tin=Normal AND Tout=Cold AND Hin=Normal AND Hout=Normal AND L=Normal AND Solar=Normal AND CO2=Normal AND Wind=Low AND N=Low AND E=Normal AND W=3,Good,0.494656096168118,1,1455,0.418195665330821
Tin=Normal AND Tout=Cold AND Hin=Normal AND Hout=Normal AND L=Normal AND Solar=Normal AND CO2=Normal AND Wind=Low AND N=Normal AND E=High AND W=0,Acceptable,0.5153483668896927,2,586,0.7836966896607339
Tin=Normal AND Tout=Cold AND Hin=Normal AND Hout=Normal AND L=Normal AND Solar=Normal AND CO2=Normal AND Wind=Low AND N=Normal AND E=High AND W=3,Acceptable,0.4250860111469199,1,810,0.9999999999826561
Tin=Normal AND Tout=Cold AND Hin=Normal AND Hout=Normal AND L=Normal AND Solar=Normal AND CO2=Normal AND Wind=Low AND N=Normal AND E=Normal AND W=3,Acceptable,0.3589991962569709,1,725,0.7440925298682358
Tin=Normal AND Tout=Cold AND Hin=Normal AND Hout=Normal AND L=Normal AND Solar=Normal AND CO2=Normal AND Wind=Medium AND N=High AND E=High AND W=0,Acceptable,0.5743872302880488,4,339,0.9017977202184988
Tin=Normal AND Tout=Cold AND Hin=Normal AND Hout=Normal AND L=Normal AND Solar=Normal AND CO2=Normal AND Wind=Medium AND N=High AND E=High AND W=0,Poor,0.3617293318915231,1,1106,0.09820227977692222
Tin=Normal AND Tout=Cold AND Hin=Normal AND Hout=Normal AND L=Normal AND Solar=Normal AND CO2=Normal AND Wind=Medium AND N=High AND E=High AND W=3,Acceptable,0.47721189979707,2,542,0.9999999999914234
Tin=Normal AND Tout=Cold AND Hin=Normal AND Hout=Normal AND L=Normal AND Solar=Normal AND CO2=Normal AND Wind=Medium AND N=High AND E=Normal AND W=0,Acceptable,0.3358615688792827,1,976,0.9998904940630264
Tin=Normal AND Tout=Cold AND Hin=Normal AND Hout=Normal AND L=Normal AND Solar=Normal AND CO2=Normal AND Wind=Medium AND N=High AND E=Normal AND W=3,Acceptable,0.4589193405410758,1,731,0.7608634301097006
Tin=Normal AND Tout=Cold AND Hin=Normal AND Hout=Normal AND L=Normal AND Solar=Normal AND CO2=Normal AND Wind=Medium AND N=Low AND E=High AND W=0,Poor,0.4299686766839836,1,233,0.4398803735026739
Tin=Normal AND Tout=Cold AND Hin=Normal AND Hout=Normal AND L=Normal AND Solar=Normal AND CO2=Normal AND Wind=Medium AND N=Low AND E=Normal AND W=0,Acceptable,0.3602704622322911,1,1272,0.7882047594609761
Tin=Normal AND Tout=Cold AND Hin=Normal AND Hout=Normal AND L=Normal AND Solar=Normal AND CO2=Normal AND Wind=Medium AND N=Low AND E=Normal AND W=1,Acceptable,0.3658858759131481,1,455,0.4956493846775866
Tin=Normal AND Tout=Cold AND Hin=Normal AND Hout=Normal AND L=Normal AND Solar=Normal AND CO2=Normal AND Wind=Medium AND N=Low AND E=Normal AND W=3,Acceptable,0.3592448803249207,1,1548,0.6378368155888928
Tin=Normal AND Tout=Cold AND Hin=Normal AND Hout=Normal AND L=Normal AND Solar=Normal AND CO2=Normal AND Wind=Medium AND N=Low AND E=Normal AND W=3,Good,0.3474899145225734,1,636,0.3584602865152531
Tin=Normal AND Tout=Cold AND Hin=Normal AND Hout=Normal AND L=Normal AND Solar=Normal AND CO2=Normal AND Wind=Medium AND N=Normal AND E=High AND W=0,Acceptable,0.4425066143050819,4,70,0.6209754086431747
Tin=Normal AND Tout=Cold AND Hin=Normal AND Hout=Normal AND L=Normal AND Solar=Normal AND CO2=Normal AND Wind=Medium AND N=Normal AND E=High AND W=0,Poor,0.3718862541762485,1,104,0.37902459135218924
Tin=Normal AND Tout=Cold AND Hin=Normal AND Hout=Normal AND L=Normal AND Solar=Normal AND CO2=Normal AND Wind=Medium AND N=Normal AND E=Normal AND W=0,Acceptable,0.5391121258919578,3,136,0.8782079089775535
Tin=Normal AND Tout=Cold AND Hin=Normal AND Hout=Normal AND L=Normal AND Solar=Normal AND CO2=Normal AND Wind=Medium AND N=Normal AND E=Normal AND W=1,Poor,0.3414620290132505,1,567,0.630963187452383
Tin=Normal AND Tout=Cold AND Hin=Normal AND Hout=Normal AND L=Normal AND Solar=Normal AND CO2=Normal AND Wind=Medium AND N=Normal AND E=Normal AND W=3,Acceptable,0.4731800766283523,2,60,0.5900031080784407
Tin=Normal AND Tout=Cold AND Hin=Normal AND Hout=Normal AND L=Normal AND Solar=Normal AND CO2=Normal AND Wind=Medium AND N=Normal AND E=Normal AND W=3,Good,0.4662047864511482,1,398,0.3899985170893398
Tin=Normal AND Tout=Cold AND Hin=Normal AND Hout=Wet AND L=High AND Solar=Low AND CO2=High AND Wind=Medium AND N=Low AND E=High AND W=1,Poor,0.3654173947976038,1,158,0.9999999999578534
Tin=Normal AND Tout=Cold AND Hin=Normal AND Hout=Wet AND L=Low AND Solar=High AND CO2=Normal AND Wind=Medium AND N=Normal AND E=Normal AND W=3,Good,0.4664033284704978,1,628,0.9999999999352048
Tin=Normal AND Tout=Cold AND Hin=Normal AND Hout=Wet AND L=Normal AND Solar=Low AND CO2=Low AND Wind=Medium AND N=Normal AND E=High AND W=0,Poor,0.3848620426525563,1,850,0.9999999998286421
Tin=Normal AND Tout=Cold AND Hin=Normal AND Hout=Wet AND L=Normal AND Solar=Low AND CO2=Normal AND Wind=Low AND N=Normal AND E=Normal AND W=1,Acceptable,0.3865952044869255,1,884,0.9999999998288117
Tin=Normal AND Tout=Cold AND Hin=Normal AND Hout=Wet AND L=Normal AND Solar=Low AND CO2=Normal AND Wind=Medium AND N=Low AND E=Normal AND W=1,Acceptable,0.4443555484014547,1,1610,0.9492158168113791
Tin=Normal AND Tout=Cold AND Hin=Normal AND Hout=Wet AND L=Normal AND Solar=Normal AND CO2=High AND Wind=Medium AND N=Normal AND E=Normal AND W=3,Acceptable,0.3359938069819702,1,864,0.9999999996539944
Tin=Normal AND Tout=Cold AND Hin=Normal AND Hout=Wet AND L=Normal AND Solar=Normal AND CO2=Normal AND Wind=Low AND N=Low AND E=Normal AND W=0,Acceptable,0.3707961289945307,1,1761,0.9999999999517661
Tin=Normal AND Tout=Cold AND Hin=Wet AND Hout=Normal AND L=High AND Solar=Low AND CO2=Low AND Wind=Medium AND N=Normal AND E=Normal AND W=0,Acceptable,0.3520548526995845,1,1514,0.999999999832288
Tin=Normal AND Tout=Cold AND Hin=Wet AND Hout=Normal AND L=Normal AND Solar=Low AND CO2=High AND Wind=Medium AND N=High AND E=Normal AND W=2,Poor,0.3850184557265385,1,1613,0.9999999998496751
Tin=Normal AND Tout=Cold AND Hin=Wet AND Hout=Normal AND L=Normal AND Solar=Low AND CO2=Low AND Wind=High AND N=Normal AND E=High AND W=1,Poor,0.3603905204439778,1,1391,0.9999999999423793
Tin=Normal AND Tout=Cold AND Hin=Wet AND Hout=Normal AND L=Normal AND Solar=Low AND CO2=Low AND Wind=Low AND N=High AND E=Normal AND W=0,Acceptable,0.3385540018244695,1,1163,0.9999999998937124
Tin=Normal AND Tout=Cold AND Hin=Wet AND Hout=Normal AND L=Normal AND Solar=Low AND CO2=Low AND Wind=Medium AND N=High AND E=High AND W=1,Poor,0.408320779993541,1,1135,0.9999999999841621
Tin=Normal AND Tout=Cold AND Hin=Wet AND Hout=Normal AND L=Normal AND Solar=Normal AND CO2=Normal AND Wind=Medium AND N=High AND E=Normal AND W=3,Acceptable,0.4679701210246036,1,528,0.3417900484777391
Tin=Normal AND Tout=Cold AND Hin=Wet AND Hout=Wet AND L=High AND Solar=Low AND CO2=Low AND Wind=Medium AND N=High AND E=Normal AND W=1,Poor,0.3717294763636686,1,937,0.9999999999686502
Tin=Normal AND Tout=Cold AND Hin=Wet AND Hout=Wet AND L=Low AND Solar=High AND CO2=Normal AND Wind=Medium AND N=High AND E=Normal AND W=3,Acceptable,0.3899995082652276,1,1632,0.9999999998343365
Tin=Normal AND Tout=Cold AND Hin=Wet AND Hout=Wet AND L=Low AND Solar=Normal AND CO2=Low AND Wind=Medium AND N=High AND E=Normal AND W=3,Acceptable,0.3464544520555458,1,1451,0.9999999999649035
Tin=Normal AND Tout=Cold AND Hin=Wet AND Hout=Wet AND L=Normal AND Solar=Low AND CO2=Low AND Wind=Medium AND N=Low AND E=Normal AND W=1,Poor,0.4057794995688902,1,21,0.9999999999739579
Tin=Normal AND Tout=Cold AND Hin=Wet AND Hout=Wet AND L=Normal AND Solar=Low AND CO2=Normal AND Wind=Low AND N=Low AND E=High AND W=1,Acceptable,0.4404889547192053,1,1621,0.9999999999729284
Tin=Normal AND Tout=Cold AND Hin=Wet AND Hout=Wet AND L=Normal AND Solar=Low AND CO2=Normal AND Wind=Medium AND N=High AND E=High AND W=1,Poor,0.5158918431924724,1,1080,0.9999999999903169
Tin=Normal AND Tout=Cold AND Hin=Wet AND Hout=Wet AND L=Normal AND Solar=Low AND CO2=Normal AND Wind=Medium AND N=High AND E=Normal AND W=1,Poor,0.4769862268280918,1,1008,0.9578325690091495
Tin=Normal AND Tout=Cold AND Hin=Wet AND Hout=Wet AND L=Normal AND Solar=Low AND CO2=Normal AND Wind=Medium AND N=Normal AND E=Normal AND W=1,Acceptable,0.3449277883849789,1,555,0.6247531598581281
Tin=Normal AND Tout=Cold AND Hin=Wet AND Hout=Wet AND L=Normal AND Solar=Normal AND CO2=High AND Wind=Medium AND N=High AND E=High AND W=1,Poor,0.3925007856759773,1,1395,0.9999999999779202
Tin=Normal AND Tout=Cold AND Hin=Wet AND Hout=Wet AND L=Normal AND Solar=Normal AND CO2=Normal AND Wind=Medium AND N=Low AND E=High AND W=1,Poor,0.3504615654326712,1,726,0.9078522050062867
Tin=Normal AND Tout=Hot AND Hin=Dry AND Hout=Dry AND L=Low AND Solar=High AND CO2=Low AND Wind=High AND N=Low AND E=Normal AND W=3,Acceptable,0.4600599902246099,1,965,0.9999999999692816
Tin=Normal AND Tout=Hot AND Hin=Dry AND Hout=Dry AND L=Low AND Solar=High AND CO2=Low AND Wind=Medium AND N=Normal AND E=Normal AND W=3,Acceptable,0.5074395604026507,1,735,0.9999999999897062
Tin=Normal AND Tout=Hot AND Hin=Dry AND Hout=Dry AND L=Low AND Solar=Normal AND CO2=Normal AND Wind=High AND N=High AND E=Normal AND W=3,Acceptable,0.4899497430038702,1,1337,0.9999999999686109
Tin=Normal AND Tout=Hot AND Hin=Dry AND Hout=Dry AND L=Low AND Solar=Normal AND CO2=Normal AND Wind=Low AND N=Normal AND E=Normal AND W=3,Good,0.4067917056904783,1,858,0.9999999999365421
Tin=Normal AND Tout=Hot AND Hin=Dry AND Hout=Dry AND L=Low AND Solar=Normal AND CO2=Normal AND Wind=Medium AND N=Normal AND E=Normal AND W=3,Acceptable,0.514245934947933,1,1450,0.9013825316805203
Tin=Normal AND Tout=Hot AND Hin=Dry AND Hout=Dry AND L=Low AND Solar=Normal AND CO2=Normal AND Wind=Medium AND N=Normal AND E=Normal AND W=3,Good,0.3574728777463443,1,804,0.09861746830481777
Tin=Normal AND Tout=Hot AND Hin=Dry AND Hout=Dry AND L=Normal AND Solar=High AND CO2=Normal AND Wind=Low AND N=Low AND E=Normal AND W=3,Acceptable,0.3553714737211895,1,1206,0.9999999997339344
Tin=Normal AND Tout=Hot AND Hin=Dry AND Hout=Dry AND L=Normal AND Solar=Normal AND CO2=Normal AND Wind=Medium AND N=Low AND E=High AND W=3,Poor,0.3473248877922456,1,1600,0.9999999999836083
Tin=Normal AND Tout=Hot AND Hin=Dry AND Hout=Dry AND L=Normal AND Solar=Normal AND CO2=Normal AND Wind=Medium AND N=Normal AND E=Normal AND W=0,Acceptable,0.3973862257277976,1,1494,0.9999999999772975
Tin=Normal AND Tout=Hot AND Hin=Dry AND Hout=Dry AND L=Normal AND Solar=Normal AND CO2=Normal AND Wind=Medium AND N=Normal AND E=Normal AND W=3,Acceptable,0.4471145541956801,2,266,0.9460170246765741
Tin=Normal AND Tout=Hot AND Hin=Dry AND Hout=Normal AND L=Normal AND Solar=Normal AND CO2=Normal AND Wind=Low AND N=Low AND E=Normal AND W=3,Acceptable,0.3885355754067188,1,1125,0.8958130751008738
Tin=Normal AND Tout=Hot AND Hin=Dry AND Hout=Normal AND L=Normal AND Solar=Normal AND CO2=Normal AND Wind=Medium AND N=Low AND E=Normal AND W=3,Acceptable,0.3623487360921988,1,413,0.9486683208978678
Tin=Normal AND Tout=Hot AND Hin=Normal AND Hout=Dry AND L=Low AND Solar=Normal AND CO2=Normal AND Wind=Medium AND N=High AND E=Normal AND W=0,Acceptable,0.3432140700693357,1,1105,0.9999999999293079
Tin=Normal AND Tout=Hot AND Hin=Normal AND Hout=Dry AND L=Normal AND Solar=Normal AND CO2=High AND Wind=Low AND N=Low AND E=Normal AND W=3,Acceptable,0.3870041311340071,1,167,0.9999999998455118
Tin=Normal AND Tout=Hot AND Hin=Normal AND Hout=Dry AND L=Normal AND Solar=Normal AND CO2=Normal AND Wind=Medium AND N=Normal AND E=Normal AND W=3,Acceptable,0.4271468496632791,1,752,0.8675991244028672
Tin=Normal AND Tout=Hot AND Hin=Normal AND Hout=Normal AND L=High AND Solar=Low AND CO2=High AND Wind=High AND N=Normal AND E=Normal AND W=1,Poor,0.5919135770852872,1,393,0.9999999999952155
Tin=Normal AND Tout=Hot AND Hin=Normal AND Hout=Normal AND L=High AND Solar=Low AND CO2=Normal AND Wind=Low AND N=Low AND E=Normal AND W=0,Acceptable,0.3888356656748061,1,323,0.9994844545278958
Tin=Normal AND Tout=Hot AND Hin=Normal AND Hout=Normal AND L=High AND Solar=Low AND CO2=Normal AND Wind=Low AND N=Low AND E=Normal AND W=1,Acceptable,0.3442577567246339,1,200,0.9999999998494102
Tin=Normal AND Tout=Hot AND Hin=Normal AND Hout=Normal AND L=High AND Solar=Low AND CO2=Normal AND Wind=Medium AND N=Low AND E=Normal AND W=0,Acceptable,0.3924276811787918,1,16,0.9991844085490585
Tin=Normal AND Tout=Hot AND Hin=Normal AND Hout=Normal AND L=High AND Solar=Low AND CO2=Normal AND Wind=Medium AND N=Normal AND E=Normal AND W=0,Acceptable,0.6792879001934847,1,740,0.9993644986330452
Tin=Normal AND Tout=Hot AND Hin=Normal AND Hout=Normal AND L=High AND Solar=Normal AND CO2=Normal AND Wind=Medium AND N=Normal AND E=Normal AND W=0,Acceptable,0.3452661683448274,1,442,0.9885365238098952
Tin=Normal AND Tout=Hot AND Hin=Normal AND Hout=Normal AND L=Low AND Solar=High AND CO2=Low AND Wind=Low AND N=Normal AND E=Normal AND W=3,Good,0.3947672628788359,1,270,0.9372549205802904
Tin=Normal AND Tout=Hot AND Hin=Normal AND Hout=Normal AND L=Low AND Solar=High AND CO2=Normal AND Wind=Low AND N=High AND E=Normal AND W=3,Good,0.5263312897416509,2,389,0.9097317630018582
Tin=Normal AND Tout=Hot AND Hin=Normal AND Hout=Normal AND L=Low AND Solar=High AND CO2=Normal AND Wind=Low AND N=Low AND E=Normal AND W=3,Good,0.3678896519306988,1,1382,0.6850608848843119
Tin=Normal AND Tout=Hot AND Hin=Normal AND Hout=Normal AND L=Low AND Solar=High AND CO2=Normal AND Wind=Low AND N=Normal AND E=High AND W=3,Acceptable,0.3773946360153254,1,1708,0.9999999999585075
Tin=Normal AND Tout=Hot AND Hin=Normal AND Hout=Normal AND L=Low AND Solar=High AND CO2=Normal AND Wind=Low AND N=Normal AND E=Normal AND W=3,Acceptable,0.4923627873221286,1,145,0.2595080433769355
Tin=Normal AND Tout=Hot AND Hin=Normal AND Hout=Normal AND L=Low AND Solar=High AND CO2=Normal AND Wind=Low AND N=Normal AND E=Normal AND W=3,Good,0.5368437979785395,2,39,0.7404919566199738
Tin=Normal AND Tout=Hot AND Hin=Normal AND Hout=Normal AND L=Low AND Solar=High AND CO2=Normal AND Wind=Medium AND N=High AND E=Normal AND W=3,Acceptable,0.6023728596676722,2,862,0.36867620090119135
Tin=Normal AND Tout=Hot AND Hin=Normal AND Hout=Normal AND L=Low AND Solar=High AND CO2=Normal AND Wind=Medium AND N=High AND E=Normal AND W=3,Good,0.6335030824859813,1,721,0.6313237990969779
Tin=Normal AND Tout=Hot AND Hin=Normal AND Hout=Normal AND L=Low AND Solar=High AND CO2=Normal AND Wind=Medium AND N=Low AND E=High AND W=3,Acceptable,0.3834103020475343,1,803,0.9999999999051443
Tin=Normal AND Tout=Hot AND Hin=Normal AND Hout=Normal AND L=Low AND Solar=High AND CO2=Normal AND Wind=Medium AND N=Low AND E=Normal AND W=3,Acceptable,0.4163248417602238,1,538,0.3835272417823859
Tin=Normal AND Tout=Hot AND Hin=Normal AND Hout=Normal AND L=Low AND Solar=High AND CO2=Normal AND Wind=Medium AND N=Normal AND E=Normal AND W=3,Acceptable,0.4438736828355887,1,454,0.15047206427808082
Tin=Normal AND Tout=Hot AND Hin=Normal AND Hout=Normal AND L=Low AND Solar=High AND CO2=Normal AND Wind=Medium AND N=Normal AND E=Normal AND W=3,Good,0.4063853041896803,4,517,0.8438462037869446
Tin=Normal AND Tout=Hot AND Hin=Normal AND Hout=Normal AND L=Low AND Solar=Normal AND CO2=High AND Wind=Low AND N=Low AND E=Normal AND W=3,Good,0.4327448557137899,1,815,0.9901694459228616
Tin=Normal AND Tout=Hot AND Hin=Normal AND Hout=Normal AND L=Low AND Solar=Normal AND CO2=High AND Wind=Low AND N=Normal AND E=Normal AND W=3,Good,0.3507347563302584,1,1312,0.9999999995705104
Tin=Normal AND Tout=Hot AND Hin=Normal AND Hout=Normal AND L=Low AND Solar=Normal AND CO2=High AND Wind=Medium AND N=Normal AND E=Normal AND W=3,Acceptable,0.3773946360153254,1,1426,0.980825973543914
Tin=Normal AND Tout=Hot AND Hin=Normal AND Hout=Normal AND L=Low AND Solar=Normal AND CO2=Low AND Wind=Medium AND N=High AND E=Normal AND W=3,Acceptable,0.5578261240236508,1,1326,0.9396526413275318
Tin=Normal AND Tout=Hot AND Hin=Normal AND Hout=Normal AND L=Low AND Solar=Normal AND CO2=Normal AND Wind=Low AND N=High AND E=Normal AND W=3,Good,0.3346822438213531,1,1698,0.6010340048545911
Tin=Normal AND Tout=Hot AND Hin=Normal AND Hout=Normal AND L=Low AND Solar=Normal AND CO2=Normal AND Wind=Low AND N=Low AND E=Normal AND W=3,Acceptable,0.4170355346613648,1,230,0.7014994464810131
Tin=Normal AND Tout=Hot AND Hin=Normal AND Hout=Normal AND L=Low AND Solar=Normal AND CO2=Normal AND Wind=Low AND N=Low AND E=Normal AND W=3,Good,0.380954853754907,1,657,0.29850055351013927
Tin=Normal AND Tout=Hot AND Hin=Normal AND Hout=Normal AND L=Low AND Solar=Normal AND CO2=Normal AND Wind=Low AND N=Normal AND E=High AND W=3,Acceptable,0.5787142800764604,2,1481,0.9999999999958725
Tin=Normal AND Tout=Hot AND Hin=Normal AND Hout=Normal AND L=Low AND Solar=Normal AND CO2=Normal AND Wind=Low AND N=Normal AND E=Normal AND W=3,Acceptable,0.5689655172413794,1,930,0.6127371399223566
Tin=Normal AND Tout=Hot AND Hin=Normal AND Hout=Normal AND L=Low AND Solar=Normal AND CO2=Normal AND Wind=Low AND N=Normal AND E=Normal AND W=3,Good,0.5029897958850088,2,396,0.387262860075167
Tin=Normal AND Tout=Hot AND Hin=Normal AND Hout=Normal AND L=Low AND Solar=Normal AND CO2=Normal AND Wind=Medium AND N=High AND E=Normal AND W=3,Acceptable,0.4902732194515484,2,164,0.566345401842912
Tin=Normal AND Tout=Hot AND Hin=Normal AND Hout=Normal AND L=Low AND Solar=Normal AND CO2=Normal AND Wind=Medium AND N=Low AND E=Normal AND W=3,Good,0.512384419028719,4,700,0.965594496582221
Tin=Normal AND Tout=Hot AND Hin=Normal AND Hout=Normal AND L=Low AND Solar=Normal AND CO2=Normal AND Wind=Medium AND N=Normal AND E=High AND W=3,Acceptable,0.350123583042983,1,1166,0.8811188858176587
Tin=Normal AND Tout=Hot AND Hin=Normal AND Hout=Normal AND L=Low AND Solar=Normal AND CO2=Normal AND Wind=Medium AND N=Normal AND E=Normal AND W=0,Acceptable,0.4321529568298052,1,406,0.9929920041159122
Tin=Normal AND Tout=Hot AND Hin=Normal AND Hout=Normal AND L=Low AND Solar=Normal AND CO2=Normal AND Wind=Medium AND N=Normal AND E=Normal AND W=3,Acceptable,0.4564110483382043,4,120,0.55235976747676
Tin=Normal AND Tout=Hot AND Hin=Normal AND Hout=Normal AND L=Low AND Solar=Normal AND CO2=Normal AND Wind=Medium AND N=Normal AND E=Normal AND W=3,Good,0.5513610011704383,1,498,0.44638998241441685
Tin=Normal AND Tout=Hot AND Hin=Normal AND Hout=Normal AND L=Normal AND Solar=High AND CO2=Normal AND Wind=Medium AND N=Normal AND E=High AND W=3,Acceptable,0.36613958415106,1,621,0.9999999998840454
Tin=Normal AND Tout=Hot AND Hin=Normal AND Hout=Normal AND L=Normal AND Solar=Low AND CO2=High AND Wind=Medium AND N=Low AND E=High AND W=0,Poor,0.3653408849894689,1,1529,0.9999999998474237
Tin=Normal AND Tout=Hot AND Hin=Normal AND Hout=Normal AND L=Normal AND Solar=Low AND CO2=High AND Wind=Medium AND N=Normal AND E=Normal AND W=0,Acceptable,0.3936360428128947,1,207,0.9999999999572439
Tin=Normal AND Tout=Hot AND Hin=Normal AND Hout=Normal AND L=Normal AND Solar=Low AND CO2=Normal AND Wind=High AND N=High AND E=High AND W=1,Poor,0.3450539899924376,1,294,0.999999999836799
Tin=Normal AND Tout=Hot AND Hin=Normal AND Hout=Normal AND L=Normal AND Solar=Low AND CO2=Normal AND Wind=Low AND N=High AND E=Normal AND W=3,Acceptable,0.5348766009893259,1,856,0.9999999999698905
Tin=Normal AND Tout=Hot AND Hin=Normal AND Hout=Normal AND L=Normal AND Solar=Low AND CO2=Normal AND Wind=Low AND N=Low AND E=Normal AND W=0,Acceptable,0.3978423686573594,1,1499,0.9972952795884749
Tin=Normal AND Tout=Hot AND Hin=Normal AND Hout=Normal AND L=Normal AND Solar=Low AND CO2=Normal AND Wind=Medium AND N=High AND E=Normal AND W=0,Acceptable,0.5881565891944147,2,697,0.9999999999950753
Tin=Normal AND Tout=Hot AND Hin=Normal AND Hout=Normal AND L=Normal AND Solar=Low AND CO2=Normal AND Wind=Medium AND N=High AND E=Normal AND W=1,Acceptable,0.3725821070582273,1,1673,0.9561162978564849
Tin=Normal AND Tout=Hot AND Hin=Normal AND Hout=Normal AND L=Normal AND Solar=Low AND CO2=Normal AND Wind=Medium AND N=Low AND E=High AND W=0,Acceptable,0.3788776375324927,1,1343,0.9663852685333136
Tin=Normal AND Tout=Hot AND Hin=Normal AND Hout=Normal AND L=Normal AND Solar=Low AND CO2=Normal AND Wind=Medium AND N=Low AND E=Normal AND W=0,Acceptable,0.3752184198555848,1,1180,0.8776845436971834
Tin=Normal AND Tout=Hot AND Hin=Normal AND Hout=Normal AND L=Normal AND Solar=Low AND CO2=Normal AND Wind=Medium AND N=Low AND E=Normal AND W=1,Acceptable,0.3375917978902967,1,1412,0.938946706216823
Tin=Normal AND Tout=Hot AND Hin=Normal AND Hout=Normal AND L=Normal AND Solar=Low AND CO2=Normal AND Wind=Medium AND N=Low AND E=Normal AND W=2,Poor,0.3941816131444918,1,768,0.9999999999364312
Tin=Normal AND Tout=Hot AND Hin=Normal AND Hout=Normal AND L=Normal AND Solar=Low AND CO2=Normal AND Wind=Medium AND N=Normal AND E=Normal AND W=0,Acceptable,0.3773946360153254,1,147,0.9750858869671879
Tin=Normal AND Tout=Hot AND Hin=Normal AND Hout=Normal AND L=Normal AND Solar=Low AND CO2=Normal AND Wind=Medium AND N=Normal AND E=Normal AND W=1,Acceptable,0.5533707086307139,1,776,0.956428924018535
Tin=Normal AND Tout=Hot AND Hin=Normal AND Hout=Normal AND L=Normal AND Solar=Low AND CO2=Normal AND Wind=Medium AND N=Normal AND E=Normal AND W=2,Poor,0.3631843128762377,1,912,0.9999999999167539
Tin=Normal AND Tout=Hot AND Hin=Normal AND Hout=Normal AND L=Normal AND Solar=Normal AND CO2=High AND Wind=Low AND N=Normal AND E=Normal AND W=0,Acceptable,0.3393243374015733,1,1668,0.9999999997882181
Tin=Normal AND Tout=Hot AND Hin=Normal AND Hout=Normal AND L=Normal AND Solar=Normal AND CO2=High AND Wind=Medium AND N=High AND E=Normal AND W=3,Acceptable,0.6215885223684088,1,212,0.9929631622163584
Tin=Normal AND Tout=Hot AND Hin=Normal AND Hout=Normal AND L=Normal AND Solar=Normal AND CO2=High AND Wind=Medium AND N=Normal AND E=High AND W=3,Acceptable,0.3441844993509912,1,1013,0.9999999999594416
Tin=Normal AND Tout=Hot AND Hin=Normal AND Hout=Normal AND L=Normal AND Solar=Normal AND CO2=Low AND Wind=Low AND N=Low AND E=Normal AND W=3,Good,0.4639803006298057,1,246,0.9999999999411928
Tin=Normal AND Tout=Hot AND Hin=Normal AND Hout=Normal AND L=Normal AND Solar=Normal AND CO2=Low AND Wind=Low AND N=Normal AND E=Normal AND W=3,Acceptable,0.3858573546981435,1,886,0.3690336720869639
Tin=Normal AND Tout=Hot AND Hin=Normal AND Hout=Normal AND L=Normal AND Solar=Normal AND CO2=Low AND Wind=Low AND N=Normal AND E=Normal AND W=3,Good,0.463302568326467,1,572,0.6259942403341592
Tin=Normal AND Tout=Hot AND Hin=Normal AND Hout=Normal AND L=Normal AND Solar=Normal AND CO2=Low AND Wind=Medium AND N=High AND E=Normal AND W=0,Acceptable,0.5279576124022616,1,63,0.9999651865250698
Tin=Normal AND Tout=Hot AND Hin=Normal AND Hout=Normal AND L=Normal AND Solar=Normal AND CO2=Low AND Wind=Medium AND N=Normal AND E=High AND W=0,Acceptable,0.3773946360153254,1,547,0.9999999999681719
Tin=Normal AND Tout=Hot AND Hin=Normal AND Hout=Normal AND L=Normal AND Solar=Normal AND CO2=Low AND Wind=Medium AND N=Normal AND E=Normal AND W=0,Acceptable,0.4731800766283523,1,1463,0.9999999999776752
Tin=Normal AND Tout=Hot AND Hin=Normal AND Hout=Normal AND L=Normal AND Solar=Normal AND CO2=Low AND Wind=Medium AND N=Normal AND E=Normal AND W=3,Good,0.3491912405747112,1,1260,0.8134990609711494
Tin=Normal AND Tout=Hot AND Hin=Normal AND Hout=Normal AND L=Normal AND Solar=Normal AND CO2=Normal AND Wind=Low AND N=High AND E=High AND W=3,Acceptable,0.5831948101783274,1,1298,0.9999999999937057
Tin=Normal AND Tout=Hot AND Hin=Normal AND Hout=Normal AND L=Normal AND Solar=Normal AND CO2=Normal AND Wind=Low AND N=High AND E=Normal AND W=0,Acceptable,0.4294938895514448,1,1629,0.9999999999800917
Tin=Normal AND Tout=Hot AND Hin=Normal AND Hout=Normal AND L=Normal AND Solar=Normal AND CO2=Normal AND Wind=Low AND N=High AND E=Normal AND W=3,Good,0.4811491432098929,1,1619,0.7990114423349396
Tin=Normal AND Tout=Hot AND Hin=Normal AND Hout=Normal AND L=Normal AND Solar=Normal AND CO2=Normal AND Wind=Low AND N=Low AND E=Normal AND W=0,Acceptable,0.4276619964689844,2,662,0.9927072092145366
Tin=Normal AND Tout=Hot AND Hin=Normal AND Hout=Normal AND L=Normal AND Solar=Normal AND CO2=Normal AND Wind=Low AND N=Low AND E=Normal AND W=3,Good,0.3334795817199466,1,1663,0.9275960941985383
Tin=Normal AND Tout=Hot AND Hin=Normal AND Hout=Normal AND L=Normal AND Solar=Normal AND CO2=Normal AND Wind=Low AND N=Normal AND E=High AND W=0,Acceptable,0.3464116371370668,1,1196,0.9999999999473618
Tin=Normal AND Tout=Hot AND Hin=Normal AND Hout=Normal AND L=Normal AND Solar=Normal AND CO2=Normal AND Wind=Low AND N=Normal AND E=High AND W=3,Acceptable,0.4356680104890221,1,81,0.8858965443531142
Tin=Normal AND Tout=Hot AND Hin=Normal AND Hout=Normal AND L=Normal AND Solar=Normal AND CO2=Normal AND Wind=Low AND N=Normal AND E=Normal AND W=3,Acceptable,0.3630162105740369,1,704,0.2513225959830948
Tin=Normal AND Tout=Hot AND Hin=Normal AND Hout=Normal AND L=Normal AND Solar=Normal AND CO2=Normal AND Wind=Low AND N=Normal AND E=Normal AND W=3,Good,0.4731800766283523,3,106,0.7466929735557083
Tin=Normal AND Tout=Hot AND Hin=Normal AND Hout=Normal AND L=Normal AND Solar=Normal AND CO2=Normal AND Wind=Medium AND N=High AND E=Normal AND W=0,Acceptable,0.3584617768138887,2,499,0.9950666578554216
Tin=Normal AND Tout=Hot AND Hin=Normal AND Hout=Normal AND L=Normal AND Solar=Normal AND CO2=Normal AND Wind=Medium AND N=High AND E=Normal AND W=3,Acceptable,0.5591142710885753,4,40,0.8193712832969365
Tin=Normal AND Tout=Hot AND Hin=Normal AND Hout=Normal AND L=Normal AND Solar=Normal AND CO2=Normal AND Wind=Medium AND N=High AND E=Normal AND W=3,Good,0.3856861078270187,2,477,0.18062871669992428
Tin=Normal AND Tout=Hot AND Hin=Normal AND Hout=Normal AND L=Normal AND Solar=Normal AND CO2=Normal AND Wind=Medium AND N=Low AND E=High AND W=1,Poor,0.3622608230267606,1,1418,0.8850464320995528
Tin=Normal AND Tout=Hot AND Hin=Normal AND Hout=Normal AND L=Normal AND Solar=Normal AND CO2=Normal AND Wind=Medium AND N=Low AND E=High AND W=3,Acceptable,0.3726019827082479,2,216,0.6560768319317586
Tin=Normal AND Tout=Hot AND Hin=Normal AND Hout=Normal AND L=Normal AND Solar=Normal AND CO2=Normal AND Wind=Medium AND N=Low AND E=Normal AND W=0,Acceptable,0.4241964134233999,1,1208,0.9946778305991495
Tin=Normal AND Tout=Hot AND Hin=Normal AND Hout=Normal AND L=Normal AND Solar=Normal AND CO2=Normal AND Wind=Medium AND N=Low AND E=Normal AND W=3,Acceptable,0.546722823968464,1,417,0.46229004838196364
Tin=Normal AND Tout=Hot AND Hin=Normal AND Hout=Normal AND L=Normal AND Solar=Normal AND CO2=Normal AND Wind=Medium AND N=Low AND E=Normal AND W=3,Good,0.5160556289070394,2,283,0.5377099516137269
Tin=Normal AND Tout=Hot AND Hin=Normal AND Hout=Normal AND L=Normal AND Solar=Normal AND CO2=Normal AND Wind=Medium AND N=Normal AND E=High AND W=0,Acceptable,0.4731800766283523,5,462,0.8930459278188448
Tin=Normal AND Tout=Hot AND Hin=Normal AND Hout=Normal AND L=Normal AND Solar=Normal AND CO2=Normal AND Wind=Medium AND N=Normal AND E=High AND W=1,Poor,0.4193861863925939,2,992,0.9999999999897984
Tin=Normal AND Tout=Hot AND Hin=Normal AND Hout=Normal AND L=Normal AND Solar=Normal AND CO2=Normal AND Wind=Medium AND N=Normal AND E=High AND W=3,Acceptable,0.5689655172413791,2,775,0.9660705724003107
Tin=Normal AND Tout=Hot AND Hin=Normal AND Hout=Normal AND L=Normal AND Solar=Normal AND CO2=Normal AND Wind=Medium AND N=Normal AND E=Normal AND W=0,Acceptable,0.5729168469370023,3,654,0.933928850767225
Tin=Normal AND Tout=Hot AND Hin=Normal AND Hout=Normal AND L=Normal AND Solar=Normal AND CO2=Normal AND Wind=Medium AND N=Normal AND E=Normal AND W=3,Acceptable,0.4908100495634561,1,919,0.57275424617855
Tin=Normal AND Tout=Hot AND Hin=Normal AND Hout=Normal AND L=Normal AND Solar=Normal AND CO2=Normal AND Wind=Medium AND N=Normal AND E=Normal AND W=3,Good,0.4008927607014954,2,1584,0.4272457538172572
Tin=Normal AND Tout=Hot AND Hin=Normal AND Hout=Wet AND L=Normal AND Solar=Low AND CO2=Normal AND Wind=Medium AND N=Low AND E=Normal AND W=1,Acceptable,0.4751067579713855,1,333,0.9999999999899961
Tin=Normal AND Tout=Hot AND Hin=Normal AND Hout=Wet AND L=Normal AND Solar=Low AND CO2=Normal AND Wind=Medium AND N=Normal AND E=Normal AND W=1,Acceptable,0.3972649661661332,1,1527,0.9512537665283035
Tin=Normal AND Tout=Hot AND Hin=Normal AND Hout=Wet AND L=Normal AND Solar=Normal AND CO2=Low AND Wind=Medium AND N=Normal AND E=Normal AND W=1,Acceptable,0.3840309038955792,1,201,0.9999999999682521
Tin=Normal AND Tout=Hot AND Hin=Normal AND Hout=Wet AND L=Normal AND Solar=Normal AND CO2=Normal AND Wind=Medium AND N=High AND E=Normal AND W=1,Acceptable,0.4258290720345348,1,1434,0.9986007164453946
Tin=Normal AND Tout=Hot AND Hin=Normal AND Hout=Wet AND L=Normal AND Solar=Normal AND CO2=Normal AND Wind=Medium AND N=Low AND E=Normal AND W=0,Acceptable,0.4684427821997357,1,1415,0.9994966938982472
Tin=Normal AND Tout=Hot AND Hin=Wet AND Hout=Normal AND L=Low AND Solar=High AND CO2=Normal AND Wind=Medium AND N=High AND E=Normal AND W=3,Good,0.345865836422799,1,675,0.8531076899331556
Tin=Normal AND Tout=Hot AND Hin=Wet AND Hout=Normal AND L=Normal AND Solar=Low AND CO2=High AND Wind=Medium AND N=Normal AND E=Normal AND W=1,Poor,0.4067433179514725,1,1484,0.9999803746267785
Tin=Normal AND Tout=Hot AND Hin=Wet AND Hout=Normal AND L=Normal AND Solar=Low AND CO2=Normal AND Wind=Medium AND N=High AND E=Normal AND W=0,Acceptable,0.4568067711366588,1,1578,0.999999999954353
Tin=Normal AND Tout=Hot AND Hin=Wet AND Hout=Normal AND L=Normal AND Solar=Normal AND CO2=Normal AND Wind=Medium AND N=High AND E=Normal AND W=0,Acceptable,0.3648988481637587,1,1270,0.9999999999644854
Tin=Normal AND Tout=Hot AND Hin=Wet AND Hout=Wet AND L=Low AND Solar=High AND CO2=Low AND Wind=Medium AND N=Low AND E=Normal AND W=3,Good,0.4190632764278342,1,262,0.9999999999715034
Tin=Normal AND Tout=Hot AND Hin=Wet AND Hout=Wet AND L=Low AND Solar=Normal AND CO2=Normal AND Wind=Medium AND N=High AND E=High AND W=3,Acceptable,0.3645635157819661,1,579,0.9999999999164296
Tin=Normal AND Tout=Hot AND Hin=Wet AND Hout=Wet AND L=Normal AND Solar=Low AND CO2=Normal AND Wind=High AND N=Normal AND E=Normal AND W=2,Poor,0.3888464223843993,1,1037,0.9999999998822188
Tin=Normal AND Tout=Hot AND Hin=Wet AND Hout=Wet AND L=Normal AND Solar=Normal AND CO2=Normal AND Wind=Medium AND N=Normal AND E=Normal AND W=0,Acceptable,0.3874054137091191,1,1199,0.8016976289456588
Tin=Normal AND Tout=Normal AND Hin=Dry AND Hout=Dry AND L=High AND Solar=Low AND CO2=High AND Wind=Medium AND N=Normal AND E=Normal AND W=1,Poor,0.3366187393165028,1,1015,0.9999999997562041
Tin=Normal AND Tout=Normal AND Hin=Dry AND Hout=Dry AND L=High AND Solar=Low AND CO2=Normal AND Wind=Low AND N=High AND E=Normal AND W=1,Acceptable,0.3455490614016456,1,372,0.9999999999604272
Tin=Normal AND Tout=Normal AND Hin=Dry AND Hout=Dry AND L=High AND Solar=Low AND CO2=Normal AND Wind=Low AND N=Low AND E=Normal AND W=0,Poor,0.4044737892122293,1,141,0.9999999999694994
Tin=Normal AND Tout=Normal AND Hin=Dry AND Hout=Dry AND L=Low AND Solar=High AND CO2=High AND Wind=Medium AND N=Normal AND E=Low AND W=3,Poor,0.4266709397388764,1,730,0.9935310798695139
Tin=Normal AND Tout=Normal AND Hin=Dry AND Hout=Dry AND L=Low AND Solar=High AND CO2=Low AND Wind=Medium AND N=Normal AND E=Low AND W=3,Acceptable,0.3457203621796385,1,345,0.6750753962845771
Tin=Normal AND Tout=Normal AND Hin=Dry AND Hout=Dry AND L=Low AND Solar=High AND CO2=Low AND Wind=Medium AND N=Normal AND E=Low AND W=3,Poor,0.3430600309599957,1,1178,0.20570813230652166
Tin=Normal AND Tout=Normal AND Hin=Dry AND Hout=Dry AND L=Low AND Solar=High AND CO2=Normal AND Wind=High AND N=Normal AND E=Low AND W=3,Acceptable,0.3400694932862207,1,503,0.999999999945605
Tin=Normal AND Tout=Normal AND Hin=Dry AND Hout=Dry AND L=Low AND Solar=High AND CO2=Normal AND Wind=Low AND N=Normal AND E=Low AND W=3,Good,0.3715768072517275,1,9,0.9039632169179532
Tin=Normal AND Tout=Normal AND Hin=Dry AND Hout=Dry AND L=Low AND Solar=High AND CO2=Normal AND Wind=Medium AND N=Low AND E=Low AND W=3,Acceptable,0.3726719458721603,1,1057,0.9395911200889364
Tin=Normal AND Tout=Normal AND Hin=Dry AND Hout=Dry AND L=Low AND Solar=High AND CO2=Normal AND Wind=Medium AND N=Low AND E=Low AND W=3,Good,0.3355460643300882,1,149,0.060408879904890786
Tin=Normal AND Tout=Normal AND Hin=Dry AND Hout=Dry AND L=Low AND Solar=High AND CO2=Normal AND Wind=Medium AND N=Low AND E=Normal AND W=3,Acceptable,0.3422021230899399,1,559,0.3603705180984455
Tin=Normal AND Tout=Normal AND Hin=Dry AND Hout=Dry AND L=Low AND Solar=High AND CO2=Normal AND Wind=Medium AND N=Normal AND E=Low AND W=3,Acceptable,0.4035198216615709,1,361,0.7733490020089597
Tin=Normal AND Tout=Normal AND Hin=Dry AND Hout=Dry AND L=Low AND Solar=High AND CO2=Normal AND Wind=Medium AND N=Normal AND E=Normal AND W=3,Acceptable,0.3618546661362809,1,137,0.8681362238093919
Tin=Normal AND Tout=Normal AND Hin=Dry AND Hout=Dry AND L=Low AND Solar=Normal AND CO2=High AND Wind=Medium AND N=Low AND E=Normal AND W=3,Poor,0.3566012301200171,1,1044,0.46359014582214636
Tin=Normal AND Tout=Normal AND Hin=Dry AND Hout=Dry AND L=Low AND Solar=Normal AND CO2=Normal AND Wind=Low AND N=Normal AND E=Low AND W=3,Good,0.4032582630550685,1,121,0.9263168670235273
Tin=Normal AND Tout=Normal AND Hin=Dry AND Hout=Dry AND L=Low AND Solar=Normal AND CO2=Normal AND Wind=Medium AND N=High AND E=Low AND W=3,Good,0.3468304990162829,1,1408,0.9049517378275435
Tin=Normal AND Tout=Normal AND Hin=Dry AND Hout=Dry AND L=Low AND Solar=Normal AND CO2=Normal AND Wind=Medium AND N=High AND E=Normal AND W=3,Acceptable,0.3923019174869338,1,205,0.631540500972475
Tin=Normal AND Tout=Normal AND Hin=Dry AND Hout=Dry AND L=Low AND Solar=Normal AND CO2=Normal AND Wind=Medium AND N=Low AND E=Low AND W=3,Good,0.4516830216828993,1,619,0.6694062343787307
Tin=Normal AND Tout=Normal AND Hin=Dry AND Hout=Dry AND L=Low AND Solar=Normal AND CO2=Normal AND Wind=Medium AND N=Low AND E=Normal AND W=3,Acceptable,0.4615692200147027,1,698,0.7208168791418135
Tin=Normal AND Tout=Normal AND Hin=Dry AND Hout=Dry AND L=Low AND Solar=Normal AND CO2=Normal AND Wind=Medium AND N=Low AND E=Normal AND W=3,Good,0.3400046055577702,1,1325,0.2736306926513566
Tin=Normal AND Tout=Normal AND Hin=Dry AND Hout=Dry AND L=Low AND Solar=Normal AND CO2=Normal AND Wind=Medium AND N=Normal AND E=Normal AND W=3,Acceptable,0.4103552425423646,1,933,0.4531620785656297
Tin=Normal AND Tout=Normal AND Hin=Dry AND Hout=Dry AND L=Low AND Solar=Normal AND CO2=Normal AND Wind=Medium AND N=Normal AND E=Normal AND W=3,Good,0.4596864894976507,2,47,0.40473910424244464
Tin=Normal AND Tout=Normal AND Hin=Dry AND Hout=Dry AND L=Normal AND Solar=Low AND CO2=Low AND Wind=Medium AND N=Normal AND E=Normal AND W=0,Acceptable,0.4807397306945981,1,1384,0.9999756360861546
Tin=Normal AND Tout=Normal AND Hin=Dry AND Hout=Dry AND L=Normal AND Solar=Low AND CO2=Normal AND Wind=Medium AND N=High AND E=Normal AND W=1,Acceptable,0.4751711087288589,1,1185,0.9999384033897498
Tin=Normal AND Tout=Normal AND Hin=Dry AND Hout=Dry AND L=Normal AND Solar=Low AND CO2=Normal AND Wind=Medium AND N=Normal AND E=Normal AND W=1,Poor,0.3723426455275533,1,485,0.9873041633984959
Tin=Normal AND Tout=Normal AND Hin=Dry AND Hout=Dry AND L=Normal AND Solar=Normal AND CO2=High AND Wind=Medium AND N=High AND E=Normal AND W=3,Acceptable,0.4164075396256542,1,868,0.9453932973201039
Tin=Normal AND Tout=Normal AND Hin=Dry AND Hout=Dry AND L=Normal AND Solar=Normal AND CO2=High AND Wind=Medium AND N=Low AND E=Normal AND W=3,Acceptable,0.3340172444613759,1,90,0.6079422503109735
Tin=Normal AND Tout=Normal AND Hin=Dry AND Hout=Dry AND L=Normal AND Solar=Normal AND CO2=High AND Wind=Medium AND N=Normal AND E=Normal AND W=3,Acceptable,0.3880291255617379,1,958,0.9911079649879213
Tin=Normal AND Tout=Normal AND Hin=Dry AND Hout=Dry AND L=Normal AND Solar=Normal AND CO2=Normal AND Wind=Low AND N=High AND E=Normal AND W=0,Acceptable,0.4257876975410842,1,835,0.9999999999538535
Tin=Normal AND Tout=Normal AND Hin=Dry AND Hout=Dry AND L=Normal AND Solar=Normal AND CO2=Normal AND Wind=Low AND N=High AND E=Normal AND W=3,Acceptable,0.4020395717550797,1,1704,0.9970418220648888
Tin=Normal AND Tout=Normal AND Hin=Dry AND Hout=Dry AND L=Normal AND Solar=Normal AND CO2=Normal AND Wind=Low AND N=Low AND E=Low AND W=3,Good,0.5554142560581272,1,1142,0.8436459417556793
Tin=Normal AND Tout=Normal AND Hin=Dry AND Hout=Dry AND L=Normal AND Solar=Normal AND CO2=Normal AND Wind=Low AND N=Low AND E=Normal AND W=3,Acceptable,0.4417605986726478,1,1396,0.6028091472365062
Tin=Normal AND Tout=Normal AND Hin=Dry AND Hout=Dry AND L=Normal AND Solar=Normal AND CO2=Normal AND Wind=Low AND N=Normal AND E=Low AND W=3,Acceptable,0.3497721201686074,1,1594,0.6216672345138938
Tin=Normal AND Tout=Normal AND Hin=Dry AND Hout=Dry AND L=Normal AND Solar=Normal AND CO2=Normal AND Wind=Low AND N=Normal AND E=Normal AND W=0,Acceptable,0.3804539570105357,1,887,0.9999999999855237
Tin=Normal AND Tout=Normal AND Hin=Dry AND Hout=Dry AND L=Normal AND Solar=Normal AND CO2=Normal AND Wind=Low AND N=Normal AND E=Normal AND W=3,Acceptable,0.4772626648927298,4,1194,0.79967406521179
Tin=Normal AND Tout=Normal AND Hin=Dry AND Hout=Dry AND L=Normal AND Solar=Normal AND CO2=Normal AND Wind=Low AND N=Normal AND E=Normal AND W=3,Good,0.3773946360153258,1,874,0.13442325735437347
Tin=Normal AND Tout=Normal AND Hin=Dry AND Hout=Dry AND L=Normal AND Solar=Normal AND CO2=Normal AND Wind=Medium AND N=High AND E=Normal AND W=3,Acceptable,0.5082978243835571,1,354,0.8971199146797524
Tin=Normal AND Tout=Normal AND Hin=Dry AND Hout=Dry AND L=Normal AND Solar=Normal AND CO2=Normal AND Wind=Medium AND N=Low AND E=Low AND W=3,Good,0.354033685456545,2,242,0.4658639447838312
Tin=Normal AND Tout=Normal AND Hin=Dry AND Hout=Dry AND L=Normal AND Solar=Normal AND CO2=Normal AND Wind=Medium AND N=Low AND E=Normal AND W=3,Acceptable,0.3982537476917002,6,241,0.6767522334159121
Tin=Normal AND Tout=Normal AND Hin=Dry AND Hout=Dry AND L=Normal AND Solar=Normal AND CO2=Normal AND Wind=Medium AND N=Normal AND E=Low AND W=3,Acceptable,0.4242987343689692,1,1361,0.712755811413853
Tin=Normal AND Tout=Normal AND Hin=Dry AND Hout=Dry AND L=Normal AND Solar=Normal AND CO2=Normal AND Wind=Medium AND N=Normal AND E=Normal AND W=0,Acceptable,0.386379653504197,2,818,0.9180248560278218
Tin=Normal AND Tout=Normal AND Hin=Dry AND Hout=Dry AND L=Normal AND Solar=Normal AND CO2=Normal AND Wind=Medium AND N=Normal AND E=Normal AND W=3,Acceptable,0.4119592185995713,4,749,0.7157229555914112
Tin=Normal AND Tout=Normal AND Hin=Dry AND Hout=Dry AND L=Normal AND Solar=Normal AND CO2=Normal AND Wind=Medium AND N=Normal AND E=Normal AND W=3,Good,0.4452472330909926,2,305,0.23727225032561772
Tin=Normal AND Tout=Normal AND Hin=Dry AND Hout=Normal AND L=Low AND Solar=High AND CO2=High AND Wind=Low AND N=Low AND E=Low AND W=3,Acceptable,0.3539916062670464,1,360,0.999999999989698
Tin=Normal AND Tout=Normal AND Hin=Dry AND Hout=Normal AND L=Low AND Solar=High AND CO2=Normal AND Wind=Low AND N=Normal AND E=Low AND W=3,Good,0.3849447391205287,1,1334,0.9897126661264439
Tin=Normal AND Tout=Normal AND Hin=Dry AND Hout=Normal AND L=Low AND Solar=High AND CO2=Normal AND Wind=Medium AND N=High AND E=Normal AND W=3,Good,0.3585021169147118,1,1159,0.8246420171067601
Tin=Normal AND Tout=Normal AND Hin=Dry AND Hout=Normal AND L=Low AND Solar=High AND CO2=Normal AND Wind=Medium AND N=Low AND E=Low AND W=3,Acceptable,0.511602576611697,2,962,0.8668569191344784
Tin=Normal AND Tout=Normal AND Hin=Dry AND Hout=Normal AND L=Low AND Solar=High AND CO2=Normal AND Wind=Medium AND N=Low AND E=Normal AND W=3,Good,0.3482816031206678,2,279,0.5567595743649993
Tin=Normal AND Tout=Normal AND Hin=Dry AND Hout=Normal AND L=Low AND Solar=High AND CO2=Normal AND Wind=Medium AND N=Normal AND E=Low AND W=3,Good,0.4434724088944169,1,1634,0.6953059724901653
Tin=Normal AND Tout=Normal AND Hin=Dry AND Hout=Normal AND L=Low AND Solar=High AND CO2=Normal AND Wind=Medium AND N=Normal AND E=Normal AND W=3,Good,0.3516178385504145,1,1454,0.6637768419700161
Tin=Normal AND Tout=Normal AND Hin=Dry AND Hout=Normal AND L=Low AND Solar=Normal AND CO2=High AND Wind=Low AND N=Low AND E=Low AND W=3,Acceptable,0.3388151943526495,1,682,0.9999999997979455
Tin=Normal AND Tout=Normal AND Hin=Dry AND Hout=Normal AND L=Low AND Solar=Normal AND CO2=High AND Wind=Medium AND N=Low AND E=Low AND W=3,Acceptable,0.4513676834487858,1,1487,0.9973664086662315
Tin=Normal AND Tout=Normal AND Hin=Dry AND Hout=Normal AND L=Low AND Solar=Normal AND CO2=Low AND Wind=Low AND N=Normal AND E=Normal AND W=3,Acceptable,0.3478009794494409,1,69,0.9999999999630685
Tin=Normal AND Tout=Normal AND Hin=Dry AND Hout=Normal AND L=Low AND Solar=Normal AND CO2=Normal AND Wind=Low AND N=Low AND E=Low AND W=3,Acceptable,0.4373668463744838,1,34,0.9727162971758804
Tin=Normal AND Tout=Normal AND Hin=Dry AND Hout=Normal AND L=Low AND Solar=Normal AND CO2=Normal AND Wind=Low AND N=Low AND E=Normal AND W=3,Acceptable,0.4664713387128232,1,709,0.8821149144976971
Tin=Normal AND Tout=Normal AND Hin=Dry AND Hout=Normal AND L=Low AND Solar=Normal AND CO2=Normal AND Wind=Low AND N=Normal AND E=Normal AND W=3,Good,0.3980333135032901,1,463,0.6976860880290916
Tin=Normal AND Tout=Normal AND Hin=Dry AND Hout=Normal AND L=Low AND Solar=Normal AND CO2=Normal AND Wind=Medium AND N=Low AND E=Low AND W=3,Good,0.3789280153596887,1,1297,0.5108901284245182
Tin=Normal AND Tout=Normal AND Hin=Dry AND Hout=Normal AND L=Low AND Solar=Normal AND CO2=Normal AND Wind=Medium AND N=Normal AND E=Normal AND W=3,Acceptable,0.3481360908551952,1,1243,0.4629807115487184
Tin=Normal AND Tout=Normal AND Hin=Dry AND Hout=Normal AND L=Low AND Solar=Normal AND CO2=Normal AND Wind=Medium AND N=Normal AND E=Normal AND W=3,Good,0.3579058006279982,1,1402,0.5211048672632062
Tin=Normal AND Tout=Normal AND Hin=Dry AND Hout=Normal AND L=Normal AND Solar=High AND CO2=Normal AND Wind=Medium AND N=High AND E=Normal AND W=3,Acceptable,0.3970974730769768,1,64,0.9931759210672635
Tin=Normal AND Tout=Normal AND Hin=Dry AND Hout=Normal AND L=Normal AND Solar=Low AND CO2=High AND Wind=Medium AND N=Normal AND E=Normal AND W=3,Acceptable,0.3737019978312523,1,1213,0.9759938890392208
Tin=Normal AND Tout=Normal AND Hin=Dry AND Hout=Normal AND L=Normal AND Solar=Low AND CO2=Normal AND Wind=High AND N=Low AND E=Normal AND W=0,Acceptable,0.4207108246285679,1,496,0.9999999999705068
Tin=Normal AND Tout=Normal AND Hin=Dry AND Hout=Normal AND L=Normal AND Solar=Low AND CO2=Normal AND Wind=Medium AND N=Low AND E=Normal AND W=0,Acceptable,0.3743589863534568,1,1123,0.9962706761059151
Tin=Normal AND Tout=Normal AND Hin=Dry AND Hout=Normal AND L=Normal AND Solar=Low AND CO2=Normal AND Wind=Medium AND N=Normal AND E=Normal AND W=1,Acceptable,0.580957308394782,1,1022,0.9889208287112063
Tin=Normal AND Tout=Normal AND Hin=Dry AND Hout=Normal AND L=Normal AND Solar=Normal AND CO2=High AND Wind=Medium AND N=Low AND E=Normal AND W=3,Acceptable,0.3435027114748191,1,871,0.8856015353663936
Tin=Normal AND Tout=Normal AND Hin=Dry AND Hout=Normal AND L=Normal AND Solar=Normal AND CO2=Low AND Wind=Medium AND N=High AND E=Normal AND W=3,Acceptable,0.3996490743423658,1,146,0.9130412576891869
Tin=Normal AND Tout=Normal AND Hin=Dry AND Hout=Normal AND L=Normal AND Solar=Normal AND CO2=Low AND Wind=Medium AND N=Normal AND E=Normal AND W=0,Acceptable,0.3825482238490393,1,1306,0.8679917304818026
Tin=Normal AND Tout=Normal AND Hin=Dry AND Hout=Normal AND L=Normal AND Solar=Normal AND CO2=Normal AND Wind=High AND N=Normal AND E=Normal AND W=1,Acceptable,0.3506666910748941,1,1740,0.9999999996685678
Tin=Normal AND Tout=Normal AND Hin=Dry AND Hout=Normal AND L=Normal AND Solar=Normal AND CO2=Normal AND Wind=High AND N=Normal AND E=Normal AND W=3,Good,0.3513262882676907,1,920,0.9955185325358497
Tin=Normal AND Tout=Normal AND Hin=Dry AND Hout=Normal AND L=Normal AND Solar=Normal AND CO2=Normal AND Wind=Low AND N=Low AND E=Normal AND W=0,Acceptable,0.3868584217392387,1,1452,0.9833437547577834
Tin=Normal AND Tout=Normal AND Hin=Dry AND Hout=Normal AND L=Normal AND Solar=Normal AND CO2=Normal AND Wind=Low AND N=Low AND E=Normal AND W=3,Acceptable,0.3766276145732853,1,407,0.4109393325235568
Tin=Normal AND Tout=Normal AND Hin=Dry AND Hout=Normal AND L=Normal AND Solar=Normal AND CO2=Normal AND Wind=Low AND N=Low AND E=Normal AND W=3,Good,0.4210662091262731,2,1273,0.5809692649083095
Tin=Normal AND Tout=Normal AND Hin=Dry AND Hout=Normal AND L=Normal AND Solar=Normal AND CO2=Normal AND Wind=Low AND N=Normal AND E=Normal AND W=0,Acceptable,0.4634769112351902,3,390,0.9999999999845988
Tin=Normal AND Tout=Normal AND Hin=Dry AND Hout=Normal AND L=Normal AND Solar=Normal AND CO2=Normal AND Wind=Medium AND N=Low AND E=Low AND W=0,Acceptable,0.3813841739101188,2,918,0.9999999999830025
Tin=Normal AND Tout=Normal AND Hin=Dry AND Hout=Normal AND L=Normal AND Solar=Normal AND CO2=Normal AND Wind=Medium AND N=Low AND E=Low AND W=3,Acceptable,0.4017011434170665,1,873,0.2733946072990754
Tin=Normal AND Tout=Normal AND Hin=Dry AND Hout=Normal AND L=Normal AND Solar=Normal AND CO2=Normal AND Wind=Medium AND N=Low AND E=Low AND W=3,Good,0.3553715119086949,1,526,0.7248765019011572
Tin=Normal AND Tout=Normal AND Hin=Dry AND Hout=Normal AND L=Normal AND Solar=Normal AND CO2=Normal AND Wind=Medium AND N=Low AND E=Normal AND W=0,Acceptable,0.39906384151264,2,693,0.9993678241049341
Tin=Normal AND Tout=Normal AND Hin=Dry AND Hout=Normal AND L=Normal AND Solar=Normal AND CO2=Normal AND Wind=Medium AND N=Low AND E=Normal AND W=3,Good,0.3779024908348641,2,77,0.698413006417952
Tin=Normal AND Tout=Normal AND Hin=Dry AND Hout=Normal AND L=Normal AND Solar=Normal AND CO2=Normal AND Wind=Medium AND N=Normal AND E=Low AND W=3,Good,0.4435262895605191,1,807,0.7862099455457825
Tin=Normal AND Tout=Normal AND Hin=Dry AND Hout=Normal AND L=Normal AND Solar=Normal AND CO2=Normal AND Wind=Medium AND N=Normal AND E=Normal AND W=0,Acceptable,0.384300788155339,1,1235,0.9830426254171031
Tin=Normal AND Tout=Normal AND Hin=Dry AND Hout=Normal AND L=Normal AND Solar=Normal AND CO2=Normal AND Wind=Medium AND N=Normal AND E=Normal AND W=3,Good,0.3429636240468169,1,915,0.4289866448824638
Tin=Normal AND Tout=Normal AND Hin=Normal AND Hout=Dry AND L=Low AND Solar=High AND CO2=High AND Wind=High AND N=High AND E=Low AND W=3,Acceptable,0.3463925971506423,1,1307,0.9440885783751601
Tin=Normal AND Tout=Normal AND Hin=Normal AND Hout=Dry AND L=Low AND Solar=High AND CO2=High AND Wind=Low AND N=High AND E=Normal AND W=3,Acceptable,0.3561883787999657,1,993,0.9979778677535309
Tin=Normal AND Tout=Normal AND Hin=Normal AND Hout=Dry AND L=Low AND Solar=High AND CO2=Low AND Wind=Medium AND N=Normal AND E=Low AND W=3,Good,0.3475282350566799,1,1085,0.17773887680361544
Tin=Normal AND Tout=Normal AND Hin=Normal AND Hout=Dry AND L=Low AND Solar=High AND CO2=Normal AND Wind=Low AND N=Normal AND E=Low AND W=3,Good,0.4179671295549063,1,772,0.9797596390237481
Tin=Normal AND Tout=Normal AND Hin=Normal AND Hout=Dry AND L=Low AND Solar=High AND CO2=Normal AND Wind=Low AND N=Normal AND E=Normal AND W=3,Good,0.3390371806103544,1,969,0.9002606796526205
Tin=Normal AND Tout=Normal AND Hin=Normal AND Hout=Dry AND L=Low AND Solar=High AND CO2=Normal AND Wind=Medium AND N=Normal AND E=Low AND W=3,Good,0.4008945204529411,2,664,0.7034445626035671
Tin=Normal AND Tout=Normal AND Hin=Normal AND Hout=Dry AND L=Low AND Solar=High AND CO2=Normal AND Wind=Medium AND N=Normal AND E=Normal AND W=3,Good,0.3720977471337379,1,543,0.6200695207800508
Tin=Normal AND Tout=Normal AND Hin=Normal AND Hout=Dry AND L=Low AND Solar=Normal AND CO2=Low AND Wind=Low AND N=Normal AND E=Normal AND W=3,Good,0.3575901484686947,1,1460,0.8595831557272795
Tin=Normal AND Tout=Normal AND Hin=Normal AND Hout=Dry AND L=Low AND Solar=Normal AND CO2=Low AND Wind=Medium AND N=Normal AND E=Normal AND W=3,Good,0.3411809509050904,1,1134,0.5571420658308385
Tin=Normal AND Tout=Normal AND Hin=Normal AND Hout=Dry AND L=Low AND Solar=Normal AND CO2=Normal AND Wind=Low AND N=High AND E=Normal AND W=3,Good,0.3626700276145818,2,71,0.8446232961411528
Tin=Normal AND Tout=Normal AND Hin=Normal AND Hout=Dry AND L=Low AND Solar=Normal AND CO2=Normal AND Wind=Low AND N=Low AND E=Normal AND W=3,Acceptable,0.3662993091195953,1,557,0.9320836964291384
Tin=Normal AND Tout=Normal AND Hin=Normal AND Hout=Dry AND L=Low AND Solar=Normal AND CO2=Normal AND Wind=Low AND N=Normal AND E=Low AND W=3,Acceptable,0.3573926108238344,1,753,0.06834527009098659
Tin=Normal AND Tout=Normal AND Hin=Normal AND Hout=Dry AND L=Low AND Solar=Normal AND CO2=Normal AND Wind=Low AND N=Normal AND E=Normal AND W=3,Good,0.4431723783991604,1,1330,0.9223883077652019
Tin=Normal AND Tout=Normal AND Hin=Normal AND Hout=Dry AND L=Low AND Solar=Normal AND CO2=Normal AND Wind=Medium AND N=High AND E=Normal AND W=3,Acceptable,0.3496034870308926,1,812,0.17540767029218238
Tin=Normal AND Tout=Normal AND Hin=Normal AND Hout=Dry AND L=Low AND Solar=Normal AND CO2=Normal AND Wind=Medium AND N=High AND E=Normal AND W=3,Good,0.5418409526246499,1,562,0.824538303552063
Tin=Normal AND Tout=Normal AND Hin=Normal AND Hout=Dry AND L=Low AND Solar=Normal AND CO2=Normal AND Wind=Medium AND N=Normal AND E=Normal AND W=3,Good,0.5074100337891476,1,1293,0.7300350479933624
Tin=Normal AND Tout=Normal AND Hin=Normal AND Hout=Dry AND L=Normal AND Solar=High AND CO2=High AND Wind=Medium AND N=High AND E=Normal AND W=3,Good,0.3591672868718011,1,638,0.9999945830181906
Tin=Normal AND Tout=Normal AND Hin=Normal AND Hout=Dry AND L=Normal AND Solar=Low AND CO2=Low AND Wind=Medium AND N=Normal AND E=Normal AND W=3,Acceptable,0.3379411190663977,1,1574,0.9975368552338092
Tin=Normal AND Tout=Normal AND Hin=Normal AND Hout=Dry AND L=Normal AND Solar=Low AND CO2=Normal AND Wind=Low AND N=High AND E=Normal AND W=0,Acceptable,0.4379928750275645,1,497,0.9999999999626682
Tin=Normal AND Tout=Normal AND Hin=Normal AND Hout=Dry AND L=Normal AND Solar=Low AND CO2=Normal AND Wind=Low AND N=Normal AND E=Normal AND W=0,Acceptable,0.3347734486373047,1,300,0.999999999918397
Tin=Normal AND Tout=Normal AND Hin=Normal AND Hout=Dry AND L=Normal AND Solar=Low AND CO2=Normal AND Wind=Medium AND N=High AND E=Normal AND W=0,Acceptable,0.4395834489727578,2,234,0.9988002503756882
Tin=Normal AND Tout=Normal AND Hin=Normal AND Hout=Dry AND L=Normal AND Solar=Normal AND CO2=High AND Wind=Medium AND N=High AND E=Normal AND W=3,Good,0.3350854394208361,1,1041,0.9545686078373017
Tin=Normal AND Tout=Normal AND Hin=Normal AND Hout=Dry AND L=Normal AND Solar=Normal AND CO2=High AND Wind=Medium AND N=Normal AND E=Normal AND W=3,Acceptable,0.4851482401578827,1,1516,0.546164184255148
Tin=Normal AND Tout=Normal AND Hin=Normal AND Hout=Dry AND L=Normal AND Solar=Normal AND CO2=High AND Wind=Medium AND N=Normal AND E=Normal AND W=3,Good,0.4226174281129535,1,660,0.4538358156866318
Tin=Normal AND Tout=Normal AND Hin=Normal AND Hout=Dry AND L=Normal AND Solar=Normal AND CO2=Low AND Wind=Low AND N=Normal AND E=Normal AND W=0,Acceptable,0.3808206550406814,1,991,0.9999999996698179
Tin=Normal AND Tout=Normal AND Hin=Normal AND Hout=Dry AND L=Normal AND Solar=Normal AND CO2=Low AND Wind=Medium AND N=Normal AND E=High AND W=3,Acceptable,0.370843424164077,1,764,0.9999999997008037
Tin=Normal AND Tout=Normal AND Hin=Normal AND Hout=Dry AND L=Normal AND Solar=Normal AND CO2=Normal AND Wind=High AND N=Low AND E=Normal AND W=0,Acceptable,0.3592127252639682,2,161,0.999999999694671
Tin=Normal AND Tout=Normal AND Hin=Normal AND Hout=Dry AND L=Normal AND Solar=Normal AND CO2=Normal AND Wind=Low AND N=High AND E=Normal AND W=0,Acceptable,0.3955314420645807,1,1422,0.9999999999719809
Tin=Normal AND Tout=Normal AND Hin=Normal AND Hout=Dry AND L=Normal AND Solar=Normal AND CO2=Normal AND Wind=Low AND N=High AND E=Normal AND W=3,Acceptable,0.4654889663637967,1,1141,0.4080169427728101
Tin=Normal AND Tout=Normal AND Hin=Normal AND Hout=Dry AND L=Normal AND Solar=Normal AND CO2=Normal AND Wind=Low AND N=High AND E=Normal AND W=3,Good,0.4962728950344209,1,1157,0.591983057220683
Tin=Normal AND Tout=Normal AND Hin=Normal AND Hout=Dry AND L=Normal AND Solar=Normal AND CO2=Normal AND Wind=Low AND N=Normal AND E=Low AND W=3,Good,0.3789660196465582,1,490,0.9347269402818997
Tin=Normal AND Tout=Normal AND Hin=Normal AND Hout=Dry AND L=Normal AND Solar=Normal AND CO2=Normal AND Wind=Low AND N=Normal AND E=Normal AND W=3,Good,0.5389398768946566,2,154,0.674686402727939
Tin=Normal AND Tout=Normal AND Hin=Normal AND Hout=Dry AND L=Normal AND Solar=Normal AND CO2=Normal AND Wind=Medium AND N=High AND E=Normal AND W=3,Good,0.3926902975796242,1,1341,0.5229882386469563
Tin=Normal AND Tout=Normal AND Hin=Normal AND Hout=Dry AND L=Normal AND Solar=Normal AND CO2=Normal AND Wind=Medium AND N=Low AND E=Normal AND W=3,Good,0.3566943229391794,2,1036,0.8470447403604391
Tin=Normal AND Tout=Normal AND Hin=Normal AND Hout=Dry AND L=Normal AND Solar=Normal AND CO2=Normal AND Wind=Medium AND N=Normal AND E=Normal AND W=0,Acceptable,0.4374372186114561,6,274,0.99851777018197
Tin=Normal AND Tout=Normal AND Hin=Normal AND Hout=Dry AND L=Normal AND Solar=Normal AND CO2=Normal AND Wind=Medium AND N=Normal AND E=Normal AND W=3,Good,0.3384366592844676,1,1350,0.712124069537252
Tin=Normal AND Tout=Normal AND Hin=Normal AND Hout=Normal AND L=High AND Solar=Low AND CO2=High AND Wind=Low AND N=High AND E=Normal AND W=3,Acceptable,0.392081521650118,1,1263,0.9999999999321811
Tin=Normal AND Tout=Normal AND Hin=Normal AND Hout=Normal AND L=High AND Solar=Low AND CO2=High AND Wind=Low AND N=Normal AND E=Normal AND W=1,Acceptable,0.3889794388052136,1,25,0.676686533694966
Tin=Normal AND Tout=Normal AND Hin=Normal AND Hout=Normal AND L=High AND Solar=Low AND CO2=High AND Wind=Medium AND N=High AND E=Normal AND W=1,Acceptable,0.4372284016882861,1,770,0.9379377502612876
Tin=Normal AND Tout=Normal AND Hin=Normal AND Hout=Normal AND L=High AND Solar=Low AND CO2=Low AND Wind=Low AND N=High AND E=Normal AND W=1,Acceptable,0.3645976362793907,1,1030,0.9999999999541641
Tin=Normal AND Tout=Normal AND Hin=Normal AND Hout=Normal AND L=High AND Solar=Low AND CO2=Low AND Wind=Low AND N=High AND E=Normal AND W=3,Acceptable,0.4451799401210845,1,1339,0.9999999999817898
Tin=Normal AND Tout=Normal AND Hin=Normal AND Hout=Normal AND L=High AND Solar=Low AND CO2=Low AND Wind=Low AND N=Low AND E=Normal AND W=1,Acceptable,0.3356577978419763,1,961,0.9999999997705253
Tin=Normal AND Tout=Normal AND Hin=Normal AND Hout=Normal AND L=High AND Solar=Low AND CO2=Low AND Wind=Medium AND N=High AND E=Normal AND W=0,Acceptable,0.3970397095258814,1,766,0.9999999999424921
Tin=Normal AND Tout=Normal AND Hin=Normal AND Hout=Normal AND L=High AND Solar=Low AND CO2=Low AND Wind=Medium AND N=Low AND E=High AND W=1,Poor,0.3809796338127711,1,739,0.9999999998672334
Tin=Normal AND Tout=Normal AND Hin=Normal AND Hout=Normal AND L=High AND Solar=Low AND CO2=Low AND Wind=Medium AND N=Low AND E=Low AND W=3,Acceptable,0.4000482548455739,1,1098,0.9993312685895597
Tin=Normal AND Tout=Normal AND Hin=Normal AND Hout=Normal AND L=High AND Solar=Low AND CO2=Low AND Wind=Medium AND N=Normal AND E=Normal AND W=1,Poor,0.3773946360153254,2,794,0.8878371207449232
Tin=Normal AND Tout=Normal AND Hin=Normal AND Hout=Normal AND L=High AND Solar=Low AND CO2=Normal AND Wind=High AND N=High AND E=Normal AND W=1,Acceptable,0.4053888005491161,1,364,0.9999999999828009
Tin=Normal AND Tout=Normal AND Hin=Normal AND Hout=Normal AND L=High AND Solar=Low AND CO2=Normal AND Wind=High AND N=High AND E=Normal AND W=2,Poor,0.3396112273198253,1,616,0.9999999998677922
Tin=Normal AND Tout=Normal AND Hin=Normal AND Hout=Normal AND L=High AND Solar=Low AND CO2=Normal AND Wind=High AND N=Low AND E=Normal AND W=1,Acceptable,0.3827951375873227,1,412,0.8720476219019933
Tin=Normal AND Tout=Normal AND Hin=Normal AND Hout=Normal AND L=High AND Solar=Low AND CO2=Normal AND Wind=High AND N=Normal AND E=Normal AND W=1,Acceptable,0.4279348200827344,1,135,0.8622371491886122
Tin=Normal AND Tout=Normal AND Hin=Normal AND Hout=Normal AND L=High AND Solar=Low AND CO2=Normal AND Wind=Low AND N=Low AND E=Normal AND W=0,Acceptable,0.3598801122060197,1,1285,0.9532609075378069
Tin=Normal AND Tout=Normal AND Hin=Normal AND Hout=Normal AND L=High AND Solar=Low AND CO2=Normal AND Wind=Low AND N=Normal AND E=Normal AND W=3,Acceptable,0.4037003322307402,1,36,0.6368789161852602
Tin=Normal AND Tout=Normal AND Hin=Normal AND Hout=Normal AND L=High AND Solar=Low AND CO2=Normal AND Wind=Medium AND N=High AND E=Normal AND W=1,Acceptable,0.434549265553478,3,1237,0.8506073677692823
Tin=Normal AND Tout=Normal AND Hin=Normal AND Hout=Normal AND L=High AND Solar=Low AND CO2=Normal AND Wind=Medium AND N=High AND E=Normal AND W=1,Poor,0.3742332838183751,1,1437,0.14939263222629545
Tin=Normal AND Tout=Normal AND Hin=Normal AND Hout=Normal AND L=High AND Solar=Low AND CO2=Normal AND Wind=Medium AND N=Low AND E=Low AND W=1,Acceptable,0.5549280122948326,1,1713,0.9949142909776917
Tin=Normal AND Tout=Normal AND Hin=Normal AND Hout=Normal AND L=High AND Solar=Low AND CO2=Normal AND Wind=Medium AND N=Low AND E=Normal AND W=0,Acceptable,0.3579452921518115,1,258,0.9347888487775949
Tin=Normal AND Tout=Normal AND Hin=Normal AND Hout=Normal AND L=High AND Solar=Low AND CO2=Normal AND Wind=Medium AND N=Low AND E=Normal AND W=2,Poor,0.4477072618371319,1,1283,0.9999999999750451
Tin=Normal AND Tout=Normal AND Hin=Normal AND Hout=Normal AND L=High AND Solar=Low AND CO2=Normal AND Wind=Medium AND N=Normal AND E=High AND W=2,Poor,0.3773946360153258,1,558,0.999999999949041
Tin=Normal AND Tout=Normal AND Hin=Normal AND Hout=Normal AND L=High AND Solar=Low AND CO2=Normal AND Wind=Medium AND N=Normal AND E=Normal AND W=1,Acceptable,0.559549104332851,8,374,0.993635203312673
Tin=Normal AND Tout=Normal AND Hin=Normal AND Hout=Normal AND L=High AND Solar=Low AND CO2=Normal AND Wind=Medium AND N=Normal AND E=Normal AND W=2,Poor,0.3696275961267605,2,27,0.8443182468478861
Tin=Normal AND Tout=Normal AND Hin=Normal AND Hout=Normal AND L=High AND Solar=Low AND CO2=Normal AND Wind=Medium AND N=Normal AND E=Normal AND W=3,Good,0.4059565595871064,1,1024,0.6040300236382006
Tin=Normal AND Tout=Normal AND Hin=Normal AND Hout=Normal AND L=High AND Solar=Normal AND CO2=High AND Wind=Medium AND N=Low AND E=Normal AND W=0,Acceptable,0.3497871764283807,1,328,0.999999999926109
Tin=Normal AND Tout=Normal AND Hin=Normal AND Hout=Normal AND L=High AND Solar=Normal AND CO2=Normal AND Wind=Low AND N=High AND E=Normal AND W=0,Acceptable,0.424850859014744,1,1716,0.9999999999783119
Tin=Normal AND Tout=Normal AND Hin=Normal AND Hout=Normal AND L=High AND Solar=Normal AND CO2=Normal AND Wind=Low AND N=Low AND E=Low AND W=3,Good,0.391350490030895,1,1401,0.9999999999385559
Tin=Normal AND Tout=Normal AND Hin=Normal AND Hout=Normal AND L=High AND Solar=Normal AND CO2=Normal AND Wind=Low AND N=Normal AND E=Normal AND W=0,Acceptable,0.3773946360153258,2,545,0.9770444392621777
Tin=Normal AND Tout=Normal AND Hin=Normal AND Hout=Normal AND L=High AND Solar=Normal AND CO2=Normal AND Wind=Low AND N=Normal AND E=Normal AND W=3,Good,0.3540110904825685,1,1577,0.998347770448959
Tin=Normal AND Tout=Normal AND Hin=Normal AND Hout=Normal AND L=High AND Solar=Normal AND CO2=Normal AND Wind=Medium AND N=High AND E=Normal AND W=0,Acceptable,0.4098204422227793,1,573,0.99993625706037
Tin=Normal AND Tout=Normal AND Hin=Normal AND Hout=Normal AND L=High AND Solar=Normal AND CO2=Normal AND Wind=Medium AND N=Normal AND E=Normal AND W=0,Acceptable,0.4810703897285107,2,1174,0.9847835679694962
Tin=Normal AND Tout=Normal AND Hin=Normal AND Hout=Normal AND L=Low AND Solar=High AND CO2=High AND Wind=High AND N=High AND E=Normal AND W=3,Good,0.3973907150403464,1,1252,0.7761631896858399
Tin=Normal AND Tout=Normal AND Hin=Normal AND Hout=Normal AND L=Low AND Solar=High AND CO2=High AND Wind=Low AND N=Low AND E=Low AND W=3,Acceptable,0.3919631373641518,1,223,0.4607808196963042
Tin=Normal AND Tout=Normal AND Hin=Normal AND Hout=Normal AND L=Low AND Solar=High AND CO2=High AND Wind=Medium AND N=High AND E=Low AND W=3,Acceptable,0.3771512881483862,1,1611,0.44228327107336657
Tin=Normal AND Tout=Normal AND Hin=Normal AND Hout=Normal AND L=Low AND Solar=High AND CO2=High AND Wind=Medium AND N=High AND E=Low AND W=3,Good,0.4368203083690757,1,977,0.5577167289206757
Tin=Normal AND Tout=Normal AND Hin=Normal AND Hout=Normal AND L=Low AND Solar=High AND CO2=High AND Wind=Medium AND N=High AND E=Normal AND W=3,Acceptable,0.3589396618773308,1,247,0.27609501764383093
Tin=Normal AND Tout=Normal AND Hin=Normal AND Hout=Normal AND L=Low AND Solar=High AND CO2=High AND Wind=Medium AND N=Low AND E=Low AND W=3,Good,0.3609499460982666,1,155,0.7901937529283098
Tin=Normal AND Tout=Normal AND Hin=Normal AND Hout=Normal AND L=Low AND Solar=High AND CO2=High AND Wind=Medium AND N=Normal AND E=Low AND W=3,Acceptable,0.4426960432168499,1,443,0.6955412359024589
Tin=Normal AND Tout=Normal AND Hin=Normal AND Hout=Normal AND L=Low AND Solar=High AND CO2=High AND Wind=Medium AND N=Normal AND E=Normal AND W=3,Acceptable,0.3408942868842036,1,999,0.5720800226271028
Tin=Normal AND Tout=Normal AND Hin=Normal AND Hout=Normal AND L=Low AND Solar=High AND CO2=High AND Wind=Medium AND N=Normal AND E=Normal AND W=3,Good,0.5101319107310723,1,1076,0.4279199773633434
Tin=Normal AND Tout=Normal AND Hin=Normal AND Hout=Normal AND L=Low AND Solar=High AND CO2=Low AND Wind=Low AND N=High AND E=Normal AND W=3,Good,0.3742787864665919,1,1385,0.9156971406550531
Tin=Normal AND Tout=Normal AND Hin=Normal AND Hout=Normal AND L=Low AND Solar=High AND CO2=Low AND Wind=Low AND N=Low AND E=Normal AND W=3,Good,0.3491774718992305,1,422,0.9999999999431246
Tin=Normal AND Tout=Normal AND Hin=Normal AND Hout=Normal AND L=Low AND Solar=High AND CO2=Low AND Wind=Low AND N=Normal AND E=Normal AND W=3,Acceptable,0.3827228039380705,1,946,0.1333106087756254
Tin=Normal AND Tout=Normal AND Hin=Normal AND Hout=Normal AND L=Low AND Solar=High AND CO2=Low AND Wind=Low AND N=Normal AND E=Normal AND W=3,Good,0.4175457758255952,1,523,0.8666893912172918
Tin=Normal AND Tout=Normal AND Hin=Normal AND Hout=Normal AND L=Low AND Solar=High AND CO2=Low AND Wind=Medium AND N=High AND E=Normal AND W=3,Good,0.4211229563313982,1,1176,0.9846171047849064
Tin=Normal AND Tout=Normal AND Hin=Normal AND Hout=Normal AND L=Low AND Solar=High AND CO2=Low AND Wind=Medium AND N=Low AND E=Low AND W=3,Acceptable,0.436781609195402,1,109,0.09630166178694126
Tin=Normal AND Tout=Normal AND Hin=Normal AND Hout=Normal AND L=Low AND Solar=High AND CO2=Low AND Wind=Medium AND N=Low AND E=Low AND W=3,Good,0.6606389123359446,2,1019,0.9036983382093611
Tin=Normal AND Tout=Normal AND Hin=Normal AND Hout=Normal AND L=Low AND Solar=High AND CO2=Low AND Wind=Medium AND N=Low AND E=Normal AND W=3,Good,0.3538728493723251,1,1190,0.8804030345208054
Tin=Normal AND Tout=Normal AND Hin=Normal AND Hout=Normal AND L=Low AND Solar=High AND CO2=Low AND Wind=Medium AND N=Normal AND E=Normal AND W=3,Good,0.3374675245363902,1,1331,0.6957075656939055
Tin=Normal AND Tout=Normal AND Hin=Normal AND Hout=Normal AND L=Low AND Solar=High AND CO2=Normal AND Wind=High AND N=Low AND E=Low AND W=3,Good,0.3496676018962061,1,1288,0.9999999999089395
Tin=Normal AND Tout=Normal AND Hin=Normal AND Hout=Normal AND L=Low AND Solar=High AND CO2=Normal AND Wind=High AND N=Normal AND E=Normal AND W=3,Good,0.3626281312215351,3,5,0.9492081946465681
Tin=Normal AND Tout=Normal AND Hin=Normal AND Hout=Normal AND L=Low AND Solar=High AND CO2=Normal AND Wind=Low AND N=High AND E=Low AND W=3,Good,0.4627819569157766,3,30,0.999943521250905
Tin=Normal AND Tout=Normal AND Hin=Normal AND Hout=Normal AND L=Low AND Solar=High AND CO2=Normal AND Wind=Low AND N=High AND E=Normal AND W=3,Good,0.4948419555568636,5,232,0.9734227711202306
Tin=Normal AND Tout=Normal AND Hin=Normal AND Hout=Normal AND L=Low AND Solar=High AND CO2=Normal AND Wind=Low AND N=Low AND E=Low AND W=3,Acceptable,0.5090231471554553,1,418,0.3061647603854067
Tin=Normal AND Tout=Normal AND Hin=Normal AND Hout=Normal AND L=Low AND Solar=High AND CO2=Normal AND Wind=Low AND N=Low AND E=Low AND W=3,Good,0.4151215321757957,1,1680,0.6936243100361339
Tin=Normal AND Tout=Normal AND Hin=Normal AND Hout=Normal AND L=Low AND Solar=High AND CO2=Normal AND Wind=Low AND N=Low AND E=Normal AND W=3,Good,0.4383871391727515,6,326,0.9421903524936218
Tin=Normal AND Tout=Normal AND Hin=Normal AND Hout=Normal AND L=Low AND Solar=High AND CO2=Normal AND Wind=Low AND N=Normal AND E=Low AND W=3,Good,0.5513594772711643,6,2,0.9711429850816785
Tin=Normal AND Tout=Normal AND Hin=Normal AND Hout=Normal AND L=Low AND Solar=High AND CO2=Normal AND Wind=Low AND N=Normal AND E=Normal AND W=3,Good,0.4598708029993975,3,56,0.864593241381014
Tin=Normal AND Tout=Normal AND Hin=Normal AND Hout=Normal AND L=Low AND Solar=High AND CO2=Normal AND Wind=Medium AND N=High AND E=Low AND W=3,Good,0.4367816091954026,2,13,0.8718978385986889
Tin=Normal AND Tout=Normal AND Hin=Normal AND Hout=Normal AND L=Low AND Solar=High AND CO2=Normal AND Wind=Medium AND N=High AND E=Normal AND W=3,Acceptable,0.3919542775159408,2,1086,0.11991885430810373
Tin=Normal AND Tout=Normal AND Hin=Normal AND Hout=Normal AND L=Low AND Solar=High AND CO2=Normal AND Wind=Medium AND N=High AND E=Normal AND W=3,Good,0.5656010634994694,10,59,0.8800811456906401
Tin=Normal AND Tout=Normal AND Hin=Normal AND Hout=Normal AND L=Low AND Solar=High AND CO2=Normal AND Wind=Medium AND N=Low AND E=Low AND W=3,Good,0.5898935560634775,9,28,0.9617768124912858
Tin=Normal AND Tout=Normal AND Hin=Normal AND Hout=Normal AND L=Low AND Solar=High AND CO2=Normal AND Wind=Medium AND N=Low AND E=Normal AND W=3,Acceptable,0.3615172164154184,1,1592,0.1487451134405693
Tin=Normal AND Tout=Normal AND Hin=Normal AND Hout=Normal AND L=Low AND Solar=High AND CO2=Normal AND Wind=Medium AND N=Low AND E=Normal AND W=3,Good,0.4356646434866943,2,45,0.839163590224433
Tin=Normal AND Tout=Normal AND Hin=Normal AND Hout=Normal AND L=Low AND Solar=High AND CO2=Normal AND Wind=Medium AND N=Normal AND E=Low AND W=3,Acceptable,0.3897997440561542,2,687,0.18094609142423507
Tin=Normal AND Tout=Normal AND Hin=Normal AND Hout=Normal AND L=Low AND Solar=High AND CO2=Normal AND Wind=Medium AND N=Normal AND E=Low AND W=3,Good,0.4862768878937933,5,130,0.8190539085731746
Tin=Normal AND Tout=Normal AND Hin=Normal AND Hout=Normal AND L=Low AND Solar=High AND CO2=Normal AND Wind=Medium AND N=Normal AND E=Normal AND W=3,Good,0.4900558464089206,17,68,0.92194550043338
Tin=Normal AND Tout=Normal AND Hin=Normal AND Hout=Normal AND L=Low AND Solar=Normal AND CO2=High AND Wind=Low AND N=High AND E=Normal AND W=3,Acceptable,0.3574466120351957,1,228,0.2595316365649637
Tin=Normal AND Tout=Normal AND Hin=Normal AND Hout=Normal AND L=Low AND Solar=Normal AND CO2=High AND Wind=Low AND N=High AND E=Normal AND W=3,Good,0.4376132192733561,2,67,0.7404683634229392
Tin=Normal AND Tout=Normal AND Hin=Normal AND Hout=Normal AND L=Low AND Solar=Normal AND CO2=High AND Wind=Medium AND N=High AND E=Normal AND W=3,Acceptable,0.4067240495690244,1,972,0.3793008793569368
Tin=Normal AND Tout=Normal AND Hin=Normal AND Hout=Normal AND L=Low AND Solar=Normal AND CO2=High AND Wind=Medium AND N=High AND E=Normal AND W=3,Good,0.4291243397866405,2,1191,0.6206991206245215
Tin=Normal AND Tout=Normal AND Hin=Normal AND Hout=Normal AND L=Low AND Solar=Normal AND CO2=High AND Wind=Medium AND N=Low AND E=Normal AND W=3,Acceptable,0.4073535294910712,2,66,0.8686501451957322
Tin=Normal AND Tout=Normal AND Hin=Normal AND Hout=Normal AND L=Low AND Solar=Normal AND CO2=High AND Wind=Medium AND N=Normal AND E=Normal AND W=0,Acceptable,0.3336318219877726,1,914,0.9999999998738
Tin=Normal AND Tout=Normal AND Hin=Normal AND Hout=Normal AND L=Low AND Solar=Normal AND CO2=High AND Wind=Medium AND N=Normal AND E=Normal AND W=3,Acceptable,0.408150421715858,4,620,0.7622588504431579
Tin=Normal AND Tout=Normal AND Hin=Normal AND Hout=Normal AND L=Low AND Solar=Normal AND CO2=High AND Wind=Medium AND N=Normal AND E=Normal AND W=3,Good,0.4024039298613421,1,346,0.23774114954960782
Tin=Normal AND Tout=Normal AND Hin=Normal AND Hout=Normal AND L=Low AND Solar=Normal AND CO2=Low AND Wind=Low AND N=High AND E=Normal AND W=3,Good,0.4211311864244541,3,226,0.5958062478705098
Tin=Normal AND Tout=Normal AND Hin=Normal AND Hout=Normal AND L=Low AND Solar=Normal AND CO2=Low AND Wind=Low AND N=Low AND E=Low AND W=3,Good,0.4166772415344315,1,514,0.9999999999379284
Tin=Normal AND Tout=Normal AND Hin=Normal AND Hout=Normal AND L=Low AND Solar=Normal AND CO2=Low AND Wind=Low AND N=Low AND E=Normal AND W=3,Good,0.4791966760472289,1,111,0.999999999971579
Tin=Normal AND Tout=Normal AND Hin=Normal AND Hout=Normal AND L=Low AND Solar=Normal AND CO2=Low AND Wind=Low AND N=Normal AND E=Normal AND W=3,Acceptable,0.3987927774935976,1,1550,0.2668471442184281
Tin=Normal AND Tout=Normal AND Hin=Normal AND Hout=Normal AND L=Low AND Solar=Normal AND CO2=Low AND Wind=Low AND N=Normal AND E=Normal AND W=3,Good,0.3364317508041222,1,1657,0.7325244048033217
Tin=Normal AND Tout=Normal AND Hin=Normal AND Hout=Normal AND L=Low AND Solar=Normal AND CO2=Low AND Wind=Medium AND N=High AND E=Low AND W=3,Acceptable,0.3470273743922451,1,1374,0.7230477055854795
Tin=Normal AND Tout=Normal AND Hin=Normal AND Hout=Normal AND L=Low AND Solar=Normal AND CO2=Low AND Wind=Medium AND N=High AND E=Low AND W=3,Good,0.3382471424405466,1,88,0.276952294403402
Tin=Normal AND Tout=Normal AND Hin=Normal AND Hout=Normal AND L=Low AND Solar=Normal AND CO2=Low AND Wind=Medium AND N=High AND E=Normal AND W=3,Good,0.4821792295016776,5,140,0.8953244955176194
Tin=Normal AND Tout=Normal AND Hin=Normal AND Hout=Normal AND L=Low AND Solar=Normal AND CO2=Low AND Wind=Medium AND N=Normal AND E=Low AND W=0,Good,0.3636290465109197,1,1268,0.8169055629476156
Tin=Normal AND Tout=Normal AND Hin=Normal AND Hout=Normal AND L=Low AND Solar=Normal AND CO2=Low AND Wind=Medium AND N=Normal AND E=Normal AND W=0,Acceptable,0.3370495410476623,1,932,0.6497781606765602
Tin=Normal AND Tout=Normal AND Hin=Normal AND Hout=Normal AND L=Low AND Solar=Normal AND CO2=Low AND Wind=Medium AND N=Normal AND E=Normal AND W=3,Good,0.4557119130956804,4,172,0.9402964520069349
Tin=Normal AND Tout=Normal AND Hin=Normal AND Hout=Normal AND L=Low AND Solar=Normal AND CO2=Normal AND Wind=High AND N=Normal AND E=Normal AND W=0,Acceptable,0.3756522521488459,1,290,0.9999999999592222
Tin=Normal AND Tout=Normal AND Hin=Normal AND Hout=Normal AND L=Low AND Solar=Normal AND CO2=Normal AND Wind=High AND N=Normal AND E=Normal AND W=3,Good,0.334535210928361,1,763,0.9466959781344456
Tin=Normal AND Tout=Normal AND Hin=Normal AND Hout=Normal AND L=Low AND Solar=Normal AND CO2=Normal AND Wind=Low AND N=High AND E=Normal AND W=0,Acceptable,0.4659264142829615,2,535,0.9999999999896624
Tin=Normal AND Tout=Normal AND Hin=Normal AND Hout=Normal AND L=Low AND Solar=Normal AND CO2=Normal AND Wind=Low AND N=High AND E=Normal AND W=3,Good,0.4960505016934697,9,38,0.9148013897962254
Tin=Normal AND Tout=Normal AND Hin=Normal AND Hout=Normal AND L=Low AND Solar=Normal AND CO2=Normal AND Wind=Low AND N=Low AND E=Low AND W=3,Good,0.4617800855537544,2,549,0.9961695823778309
Tin=Normal AND Tout=Normal AND Hin=Normal AND Hout=Normal AND L=Low AND Solar=Normal AND CO2=Normal AND Wind=Low AND N=Low AND E=Normal AND W=0,Acceptable,0.3705493562891648,1,635,0.9965478050586998
Tin=Normal AND Tout=Normal AND Hin=Normal AND Hout=Normal AND L=Low AND Solar=Normal AND CO2=Normal AND Wind=Low AND N=Low AND E=Normal AND W=3,Good,0.3822996708946289,3,22,0.922418509324606
Tin=Normal AND Tout=Normal AND Hin=Normal AND Hout=Normal AND L=Low AND Solar=Normal AND CO2=Normal AND Wind=Low AND N=Normal AND E=Low AND W=3,Good,0.4731800766283526,2,484,0.9599776644277003
Tin=Normal AND Tout=Normal AND Hin=Normal AND Hout=Normal AND L=Low AND Solar=Normal AND CO2=Normal AND Wind=Low AND N=Normal AND E=Normal AND W=0,Acceptable,0.3521365810346722,2,62,0.9999399178807135
Tin=Normal AND Tout=Normal AND Hin=Normal AND Hout=Normal AND L=Low AND Solar=Normal AND CO2=Normal AND Wind=Low AND N=Normal AND E=Normal AND W=3,Acceptable,0.352829311389258,2,1447,0.15313596693793957
Tin=Normal AND Tout=Normal AND Hin=Normal AND Hout=Normal AND L=Low AND Solar=Normal AND CO2=Normal AND Wind=Low AND N=Normal AND E=Normal AND W=3,Good,0.4731800766283523,10,257,0.8439565098604909
Tin=Normal AND Tout=Normal AND Hin=Normal AND Hout=Normal AND L=Low AND Solar=Normal AND CO2=Normal AND Wind=Medium AND N=High AND E=Low AND W=3,Good,0.3728690087480603,2,122,0.8079888220702077
Tin=Normal AND Tout=Normal AND Hin=Normal AND Hout=Normal AND L=Low AND Solar=Normal AND CO2=Normal AND Wind=Medium AND N=High AND E=Normal AND W=0,Acceptable,0.4261356958904005,3,103,0.9533359066912865
Tin=Normal AND Tout=Normal AND Hin=Normal AND Hout=Normal AND L=Low AND Solar=Normal AND CO2=Normal AND Wind=Medium AND N=High AND E=Normal AND W=3,Acceptable,0.3584043312659775,2,983,0.22302885824225496
Tin=Normal AND Tout=Normal AND Hin=Normal AND Hout=Normal AND L=Low AND Solar=Normal AND CO2=Normal AND Wind=Medium AND N=High AND E=Normal AND W=3,Good,0.4686791618690934,8,26,0.7769711417558021
Tin=Normal AND Tout=Normal AND Hin=Normal AND Hout=Normal AND L=Low AND Solar=Normal AND CO2=Normal AND Wind=Medium AND N=Low AND E=Low AND W=0,Acceptable,0.3737564837024441,1,1444,0.9028764540322193
Tin=Normal AND Tout=Normal AND Hin=Normal AND Hout=Normal AND L=Low AND Solar=Normal AND CO2=Normal AND Wind=Medium AND N=Low AND E=Low AND W=3,Good,0.4753143223674244,11,0,0.9846809863195932
Tin=Normal AND Tout=Normal AND Hin=Normal AND Hout=Normal AND L=Low AND Solar=Normal AND CO2=Normal AND Wind=Medium AND N=Low AND E=Normal AND W=0,Acceptable,0.5123302117931234,4,236,0.975233614118624
Tin=Normal AND Tout=Normal AND Hin=Normal AND Hout=Normal AND L=Low AND Solar=Normal AND CO2=Normal AND Wind=Medium AND N=Low AND E=Normal AND W=3,Acceptable,0.3599374299747069,1,1362,0.04808466632354979
Tin=Normal AND Tout=Normal AND Hin=Normal AND Hout=Normal AND L=Low AND Solar=Normal AND CO2=Normal AND Wind=Medium AND N=Low AND E=Normal AND W=3,Good,0.5749170409292748,6,76,0.9479087949496083
Tin=Normal AND Tout=Normal AND Hin=Normal AND Hout=Normal AND L=Low AND Solar=Normal AND CO2=Normal AND Wind=Medium AND N=Normal AND E=Low AND W=1,Acceptable,0.3773946360153258,1,892,0.999999999864563
Tin=Normal AND Tout=Normal AND Hin=Normal AND Hout=Normal AND L=Low AND Solar=Normal AND CO2=Normal AND Wind=Medium AND N=Normal AND E=Low AND W=3,Good,0.414616877270726,4,57,0.9166998926547095
Tin=Normal AND Tout=Normal AND Hin=Normal AND Hout=Normal AND L=Low AND Solar=Normal AND CO2=Normal AND Wind=Medium AND N=Normal AND E=Normal AND W=0,Acceptable,0.6027495567966207,7,248,0.9791681930265449
Tin=Normal AND Tout=Normal AND Hin=Normal AND Hout=Normal AND L=Low AND Solar=Normal AND CO2=Normal AND Wind=Medium AND N=Normal AND E=Normal AND W=3,Acceptable,0.5213912911580278,3,160,0.1722033690218012
Tin=Normal AND Tout=Normal AND Hin=Normal AND Hout=Normal AND L=Low AND Solar=Normal AND CO2=Normal AND Wind=Medium AND N=Normal AND E=Normal AND W=3,Good,0.5129872996529364,14,23,0.8275745340024174
Tin=Normal AND Tout=Normal AND Hin=Normal AND Hout=Normal AND L=Normal AND Solar=High AND CO2=High AND Wind=Medium AND N=Normal AND E=Normal AND W=3,Good,0.3773946360153258,2,1156,0.704879401009492
Tin=Normal AND Tout=Normal AND Hin=Normal AND Hout=Normal AND L=Normal AND Solar=High AND CO2=Low AND Wind=Low AND N=High AND E=Normal AND W=3,Acceptable,0.3854369074990804,1,439,0.9504298101185222
Tin=Normal AND Tout=Normal AND Hin=Normal AND Hout=Normal AND L=Normal AND Solar=High AND CO2=Low AND Wind=Low AND N=Normal AND E=Normal AND W=3,Good,0.3551860780336916,1,1465,0.9999999999419088
Tin=Normal AND Tout=Normal AND Hin=Normal AND Hout=Normal AND L=Normal AND Solar=High AND CO2=Normal AND Wind=High AND N=Normal AND E=Normal AND W=3,Good,0.3439883638223555,1,1364,0.9887247065111905
Tin=Normal AND Tout=Normal AND Hin=Normal AND Hout=Normal AND L=Normal AND Solar=High AND CO2=Normal AND Wind=Low AND N=Low AND E=Normal AND W=3,Good,0.3455031700557361,1,1018,0.9633328841216466
Tin=Normal AND Tout=Normal AND Hin=Normal AND Hout=Normal AND L=Normal AND Solar=High AND CO2=Normal AND Wind=Low AND N=Normal AND E=Normal AND W=3,Good,0.3743270483254731,1,267,0.5338859996511153
Tin=Normal AND Tout=Normal AND Hin=Normal AND Hout=Normal AND L=Normal AND Solar=High AND CO2=Normal AND Wind=Medium AND N=Low AND E=Normal AND W=3,Acceptable,0.3365941275787321,1,1597,0.4220016990672388
Tin=Normal AND Tout=Normal AND Hin=Normal AND Hout=Normal AND L=Normal AND Solar=Low AND CO2=High AND Wind=High AND N=Low AND E=Normal AND W=0,Acceptable,0.4904755630748939,1,1719,0.9999999999846007
Tin=Normal AND Tout=Normal AND Hin=Normal AND Hout=Normal AND L=Normal AND Solar=Low AND CO2=High AND Wind=High AND N=Normal AND E=Normal AND W=0,Acceptable,0.4944528045799661,1,1602,0.9999999999812251
Tin=Normal AND Tout=Normal AND Hin=Normal AND Hout=Normal AND L=Normal AND Solar=Low AND CO2=High AND Wind=High AND N=Normal AND E=Normal AND W=1,Acceptable,0.5011159485771658,1,911,0.9542676592695999
Tin=Normal AND Tout=Normal AND Hin=Normal AND Hout=Normal AND L=Normal AND Solar=Low AND CO2=High AND Wind=High AND N=Normal AND E=Normal AND W=2,Poor,0.3773946360153258,1,1677,0.9999999998464983
Tin=Normal AND Tout=Normal AND Hin=Normal AND Hout=Normal AND L=Normal AND Solar=Low AND CO2=High AND Wind=Low AND N=High AND E=Normal AND W=0,Acceptable,0.5008261834922584,1,785,0.9999999999897629
Tin=Normal AND Tout=Normal AND Hin=Normal AND Hout=Normal AND L=Normal AND Solar=Low AND CO2=High AND Wind=Medium AND N=High AND E=Normal AND W=0,Acceptable,0.3960159256512011,1,41,0.9999999999774748
Tin=Normal AND Tout=Normal AND Hin=Normal AND Hout=Normal AND L=Normal AND Solar=Low AND CO2=High AND Wind=Medium AND N=High AND E=Normal AND W=1,Poor,0.3720556362978197,2,134,0.853674632545594
Tin=Normal AND Tout=Normal AND Hin=Normal AND Hout=Normal AND L=Normal AND Solar=Low AND CO2=High AND Wind=Medium AND N=Low AND E=Normal AND W=0,Acceptable,0.3915516367488048,2,564,0.9881063496798589
Tin=Normal AND Tout=Normal AND Hin=Normal AND Hout=Normal AND L=Normal AND Solar=Low AND CO2=High AND Wind=Medium AND N=Low AND E=Normal AND W=1,Acceptable,0.3531819348100384,1,1726,0.34403410033806253
Tin=Normal AND Tout=Normal AND Hin=Normal AND Hout=Normal AND L=Normal AND Solar=Low AND CO2=High AND Wind=Medium AND N=Normal AND E=Normal AND W=0,Acceptable,0.3652658926004486,3,1424,0.9347934621955177
Tin=Normal AND Tout=Normal AND Hin=Normal AND Hout=Normal AND L=Normal AND Solar=Low AND CO2=Low AND Wind=High AND N=High AND E=Normal AND W=2,Poor,0.3860914557457573,1,245,0.9999999999806141
Tin=Normal AND Tout=Normal AND Hin=Normal AND Hout=Normal AND L=Normal AND Solar=Low AND CO2=Low AND Wind=High AND N=Normal AND E=Normal AND W=0,Acceptable,0.4420718908871317,2,450,0.9999999999755419
Tin=Normal AND Tout=Normal AND Hin=Normal AND Hout=Normal AND L=Normal AND Solar=Low AND CO2=Low AND Wind=High AND N=Normal AND E=Normal AND W=1,Acceptable,0.3773946360153258,1,1321,0.9999999999336089
Tin=Normal AND Tout=Normal AND Hin=Normal AND Hout=Normal AND L=Normal AND Solar=Low AND CO2=Low AND Wind=Low AND N=Low AND E=Normal AND W=0,Good,0.365262209941258,1,1107,0.907016863712126
Tin=Normal AND Tout=Normal AND Hin=Normal AND Hout=Normal AND L=Normal AND Solar=Low AND CO2=Low AND Wind=Low AND N=Normal AND E=Normal AND W=0,Acceptable,0.4132607972726363,1,942,0.9059914714038302
Tin=Normal AND Tout=Normal AND Hin=Normal AND Hout=Normal AND L=Normal AND Solar=Low AND CO2=Low AND Wind=Low AND N=Normal AND E=Normal AND W=3,Good,0.430126558148535,1,1685,0.987251406120343
Tin=Normal AND Tout=Normal AND Hin=Normal AND Hout=Normal AND L=Normal AND Solar=Low AND CO2=Low AND Wind=Medium AND N=High AND E=Normal AND W=1,Acceptable,0.5429250262794222,3,52,0.9781252350815911
Tin=Normal AND Tout=Normal AND Hin=Normal AND Hout=Normal AND L=Normal AND Solar=Low AND CO2=Low AND Wind=Medium AND N=Low AND E=Normal AND W=1,Acceptable,0.3821161824465747,2,460,0.7766394781916879
Tin=Normal AND Tout=Normal AND Hin=Normal AND Hout=Normal AND L=Normal AND Solar=Low AND CO2=Low AND Wind=Medium AND N=Low AND E=Normal AND W=1,Poor,0.4068683851279024,1,1146,0.2233605217991423
Tin=Normal AND Tout=Normal AND Hin=Normal AND Hout=Normal AND L=Normal AND Solar=Low AND CO2=Low AND Wind=Medium AND N=Normal AND E=High AND W=1,Poor,0.3446635151746474,1,399,0.40742233906144265
Tin=Normal AND Tout=Normal AND Hin=Normal AND Hout=Normal AND L=Normal AND Solar=Low AND CO2=Low AND Wind=Medium AND N=Normal AND E=Low AND W=3,Good,0.3380039117080289,1,1615,0.9999999997880917
Tin=Normal AND Tout=Normal AND Hin=Normal AND Hout=Normal AND L=Normal AND Solar=Low AND CO2=Low AND Wind=Medium AND N=Normal AND E=Normal AND W=1,Acceptable,0.3435293512752956,1,1292,0.6972153954438428
Tin=Normal AND Tout=Normal AND Hin=Normal AND Hout=Normal AND L=Normal AND Solar=Low AND CO2=Low AND Wind=Medium AND N=Normal AND E=Normal AND W=2,Poor,0.4673401497929255,1,527,0.9999999999775642
Tin=Normal AND Tout=Normal AND Hin=Normal AND Hout=Normal AND L=Normal AND Solar=Low AND CO2=Low AND Wind=Medium AND N=Normal AND E=Normal AND W=3,Good,0.3933224402551551,1,1004,0.988487469971965
Tin=Normal AND Tout=Normal AND Hin=Normal AND Hout=Normal AND L=Normal AND Solar=Low AND CO2=Normal AND Wind=High AND N=High AND E=Normal AND W=2,Poor,0.3770191198810834,2,153,0.9999999999821538
Tin=Normal AND Tout=Normal AND Hin=Normal AND Hout=Normal AND L=Normal AND Solar=Low AND CO2=Normal AND Wind=High AND N=Low AND E=Low AND W=1,Poor,0.3841460819097087,1,1672,0.1265065162384089
Tin=Normal AND Tout=Normal AND Hin=Normal AND Hout=Normal AND L=Normal AND Solar=Low AND CO2=Normal AND Wind=High AND N=Low AND E=Normal AND W=1,Acceptable,0.3685649184037676,3,1376,0.9307399727669082
Tin=Normal AND Tout=Normal AND Hin=Normal AND Hout=Normal AND L=Normal AND Solar=Low AND CO2=Normal AND Wind=High AND N=Low AND E=Normal AND W=1,Poor,0.3369964435443098,1,556,0.06926002722376175
Tin=Normal AND Tout=Normal AND Hin=Normal AND Hout=Normal AND L=Normal AND Solar=Low AND CO2=Normal AND Wind=High AND N=Low AND E=Normal AND W=2,Poor,0.3367869798364185,1,716,0.9999999999781367
Tin=Normal AND Tout=Normal AND Hin=Normal AND Hout=Normal AND L=Normal AND Solar=Low AND CO2=Normal AND Wind=High AND N=Normal AND E=Low AND W=1,Acceptable,0.4089818825137667,1,608,0.985941186390309
Tin=Normal AND Tout=Normal AND Hin=Normal AND Hout=Normal AND L=Normal AND Solar=Low AND CO2=Normal AND Wind=High AND N=Normal AND E=Normal AND W=1,Acceptable,0.5255875764973961,6,181,0.9684884600868299
Tin=Normal AND Tout=Normal AND Hin=Normal AND Hout=Normal AND L=Normal AND Solar=Low AND CO2=Normal AND Wind=High AND N=Normal AND E=Normal AND W=2,Acceptable,0.4747901107266928,3,284,0.4283973542105574
Tin=Normal AND Tout=Normal AND Hin=Normal AND Hout=Normal AND L=Normal AND Solar=Low AND CO2=Normal AND Wind=High AND N=Normal AND E=Normal AND W=2,Poor,0.5396097857021978,2,784,0.5716026457854445
Tin=Normal AND Tout=Normal AND Hin=Normal AND Hout=Normal AND L=Normal AND Solar=Low AND CO2=Normal AND Wind=Low AND N=High AND E=Normal AND W=0,Acceptable,0.4954436652451001,4,186,0.9219754901249859
Tin=Normal AND Tout=Normal AND Hin=Normal AND Hout=Normal AND L=Normal AND Solar=Low AND CO2=Normal AND Wind=Low AND N=High AND E=Normal AND W=1,Acceptable,0.4023392705302985,2,340,0.9977634029230968
Tin=Normal AND Tout=Normal AND Hin=Normal AND Hout=Normal AND L=Normal AND Solar=Low AND CO2=Normal AND Wind=Low AND N=Low AND E=Low AND W=0,Acceptable,0.3647504669849548,1,1737,0.5032973153968452
Tin=Normal AND Tout=Normal AND Hin=Normal AND Hout=Normal AND L=Normal AND Solar=Low AND CO2=Normal AND Wind=Low AND N=Low AND E=Low AND W=1,Acceptable,0.3987043816830916,1,1438,0.9999999999806186
Tin=Normal AND Tout=Normal AND Hin=Normal AND Hout=Normal AND L=Normal AND Solar=Low AND CO2=Normal AND Wind=Low AND N=Low AND E=Normal AND W=0,Acceptable,0.4136549429037702,2,637,0.658250036092372
Tin=Normal AND Tout=Normal AND Hin=Normal AND Hout=Normal AND L=Normal AND Solar=Low AND CO2=Normal AND Wind=Low AND N=Low AND E=Normal AND W=0,Good,0.3758867700802308,2,488,0.33870433091495405
Tin=Normal AND Tout=Normal AND Hin=Normal AND Hout=Normal AND L=Normal AND Solar=Low AND CO2=Normal AND Wind=Low AND N=Low AND E=Normal AND W=1,Acceptable,0.396856404221475,1,1764,0.9330849803199822
Tin=Normal AND Tout=Normal AND Hin=Normal AND Hout=Normal AND L=Normal AND Solar=Low AND CO2=Normal AND Wind=Low AND N=Low AND E=Normal AND W=3,Good,0.3902187901949372,1,1182,0.5572586295048739
Tin=Normal AND Tout=Normal AND Hin=Normal AND Hout=Normal AND L=Normal AND Solar=Low AND CO2=Normal AND Wind=Low AND N=Normal AND E=Normal AND W=0,Acceptable,0.41202439994258,2,202,0.7795897773443877
Tin=Normal AND Tout=Normal AND Hin=Normal AND Hout=Normal AND L=Normal AND Solar=Low AND CO2=Normal AND Wind=Low AND N=Normal AND E=Normal AND W=0,Good,0.3681048702401487,1,151,0.22041017546213593
Tin=Normal AND Tout=Normal AND Hin=Normal AND Hout=Normal AND L=Normal AND Solar=Low AND CO2=Normal AND Wind=Low AND N=Normal AND E=Normal AND W=3,Good,0.492485424176544,2,49,0.8021341862726851
Tin=Normal AND Tout=Normal AND Hin=Normal AND Hout=Normal AND L=Normal AND Solar=Low AND CO2=Normal AND Wind=Medium AND N=High AND E=High AND W=1,Poor,0.3541126322702713,1,745,0.9808092551289065
Tin=Normal AND Tout=Normal AND Hin=Normal AND Hout=Normal AND L=Normal AND Solar=Low AND CO2=Normal AND Wind=Medium AND N=High AND E=Normal AND W=0,Acceptable,0.5209342299582645,7,667,0.9693020616012978
Tin=Normal AND Tout=Normal AND Hin=Normal AND Hout=Normal AND L=Normal AND Solar=Low AND CO2=Normal AND Wind=Medium AND N=High AND E=Normal AND W=0,Good,0.4099511563424735,1,1776,0.030307265464321543
Tin=Normal AND Tout=Normal AND Hin=Normal AND Hout=Normal AND L=Normal AND Solar=Low AND CO2=Normal AND Wind=Medium AND N=High AND E=Normal AND W=1,Acceptable,0.5323696517510926,16,211,0.9404178205876492
Tin=Normal AND Tout=Normal AND Hin=Normal AND Hout=Normal AND L=Normal AND Solar=Low AND CO2=Normal AND Wind=Medium AND N=High AND E=Normal AND W=2,Acceptable,0.3784141814313872,1,188,0.5099700509947885
Tin=Normal AND Tout=Normal AND Hin=Normal AND Hout=Normal AND L=Normal AND Solar=Low AND CO2=Normal AND Wind=Medium AND N=High AND E=Normal AND W=2,Poor,0.4529034597416338,1,437,0.4900299489940445
Tin=Normal AND Tout=Normal AND Hin=Normal AND Hout=Normal AND L=Normal AND Solar=Low AND CO2=Normal AND Wind=Medium AND N=High AND E=Normal AND W=3,Good,0.4418383876238717,3,55,0.8778296797256612
Tin=Normal AND Tout=Normal AND Hin=Normal AND Hout=Normal AND L=Normal AND Solar=Low AND CO2=Normal AND Wind=Medium AND N=Low AND E=Low AND W=0,Acceptable,0.4931697475371852,1,1683,0.8320211391528493
Tin=Normal AND Tout=Normal AND Hin=Normal AND Hout=Normal AND L=Normal AND Solar=Low AND CO2=Normal AND Wind=Medium AND N=Low AND E=Low AND W=1,Acceptable,0.4959289018777162,4,424,0.9498552544126471
Tin=Normal AND Tout=Normal AND Hin=Normal AND Hout=Normal AND L=Normal AND Solar=Low AND CO2=Normal AND Wind=Medium AND N=Low AND E=Low AND W=2,Poor,0.3396257480029703,1,44,0.9999999999354298
Tin=Normal AND Tout=Normal AND Hin=Normal AND Hout=Normal AND L=Normal AND Solar=Low AND CO2=Normal AND Wind=Medium AND N=Low AND E=Normal AND W=0,Acceptable,0.4762130295702813,10,353,0.7967837343322642
Tin=Normal AND Tout=Normal AND Hin=Normal AND Hout=Normal AND L=Normal AND Solar=Low AND CO2=Normal AND Wind=Medium AND N=Low AND E=Normal AND W=0,Good,0.4496028951967608,2,402,0.18633430442919935
Tin=Normal AND Tout=Normal AND Hin=Normal AND Hout=Normal AND L=Normal AND Solar=Low AND CO2=Normal AND Wind=Medium AND N=Low AND E=Normal AND W=1,Acceptable,0.5890803744470201,11,204,0.8310869785738852
Tin=Normal AND Tout=Normal AND Hin=Normal AND Hout=Normal AND L=Normal AND Solar=Low AND CO2=Normal AND Wind=Medium AND N=Low AND E=Normal AND W=2,Poor,0.381575122076378,1,191,0.9999999999787506
Tin=Normal AND Tout=Normal AND Hin=Normal AND Hout=Normal AND L=Normal AND Solar=Low AND CO2=Normal AND Wind=Medium AND N=Low AND E=Normal AND W=3,Good,0.3906112024254451,1,1271,0.9169638389707183
Tin=Normal AND Tout=Normal AND Hin=Normal AND Hout=Normal AND L=Normal AND Solar=Low AND CO2=Normal AND Wind=Medium AND N=Normal AND E=High AND W=0,Acceptable,0.3689371963664937,1,1087,0.8891892017736426
Tin=Normal AND Tout=Normal AND Hin=Normal AND Hout=Normal AND L=Normal AND Solar=Low AND CO2=Normal AND Wind=Medium AND N=Normal AND E=High AND W=1,Acceptable,0.3407501857749133,1,280,0.14166430030766528
Tin=Normal AND Tout=Normal AND Hin=Normal AND Hout=Normal AND L=Normal AND Solar=Low AND CO2=Normal AND Wind=Medium AND N=Normal AND E=High AND W=1,Poor,0.3472998641988699,2,960,0.858335699678089
Tin=Normal AND Tout=Normal AND Hin=Normal AND Hout=Normal AND L=Normal AND Solar=Low AND CO2=Normal AND Wind=Medium AND N=Normal AND E=Low AND W=1,Acceptable,0.4698048653057671,1,1111,0.9836915897614005
Tin=Normal AND Tout=Normal AND Hin=Normal AND Hout=Normal AND L=Normal AND Solar=Low AND CO2=Normal AND Wind=Medium AND N=Normal AND E=Normal AND W=0,Acceptable,0.496007838349821,8,184,0.9390965024105845
Tin=Normal AND Tout=Normal AND Hin=Normal AND Hout=Normal AND L=Normal AND Solar=Low AND CO2=Normal AND Wind=Medium AND N=Normal AND E=Normal AND W=0,Good,0.4217890985991766,1,1722,0.05769804148555579
Tin=Normal AND Tout=Normal AND Hin=Normal AND Hout=Normal AND L=Normal AND Solar=Low AND CO2=Normal AND Wind=Medium AND N=Normal AND E=Normal AND W=1,Acceptable,0.5632671583736434,16,1,0.9467806697888586
Tin=Normal AND Tout=Normal AND Hin=Normal AND Hout=Normal AND L=Normal AND Solar=Low AND CO2=Normal AND Wind=Medium AND N=Normal AND E=Normal AND W=1,Poor,0.3412422295431787,1,1515,0.05321933020997157
Tin=Normal AND Tout=Normal AND Hin=Normal AND Hout=Normal AND L=Normal AND Solar=Low AND CO2=Normal AND Wind=Medium AND N=Normal AND E=Normal AND W=2,Poor,0.4992550769827532,3,179,0.8924854467288558
Tin=Normal AND Tout=Normal AND Hin=Normal AND Hout=Normal AND L=Normal AND Solar=Low AND CO2=Normal AND Wind=Medium AND N=Normal AND E=Normal AND W=3,Acceptable,0.3425420568907563,1,1023,0.4298597918761111
Tin=Normal AND Tout=Normal AND Hin=Normal AND Hout=Normal AND L=Normal AND Solar=Low AND CO2=Normal AND Wind=Medium AND N=Normal AND E=Normal AND W=3,Good,0.5025138576093543,2,91,0.5701402081182589
Tin=Normal AND Tout=Normal AND Hin=Normal AND Hout=Normal AND L=Normal AND Solar=Normal AND CO2=High AND Wind=High AND N=High AND E=Normal AND W=3,Good,0.3501135947286451,1,548,0.9999999999692698
Tin=Normal AND Tout=Normal AND Hin=Normal AND Hout=Normal AND L=Normal AND Solar=Normal AND CO2=High AND Wind=High AND N=Normal AND E=Normal AND W=3,Acceptable,0.439519102898844,1,377,0.9053338471304548
Tin=Normal AND Tout=Normal AND Hin=Normal AND Hout=Normal AND L=Normal AND Solar=Normal AND CO2=High AND Wind=High AND N=Normal AND E=Normal AND W=3,Good,0.3854222819730672,1,493,0.09466615285828535
Tin=Normal AND Tout=Normal AND Hin=Normal AND Hout=Normal AND L=Normal AND Solar=Normal AND CO2=High AND Wind=Low AND N=High AND E=High AND W=3,Acceptable,0.348024136190453,1,1612,0.9999999999384257
Tin=Normal AND Tout=Normal AND Hin=Normal AND Hout=Normal AND L=Normal AND Solar=Normal AND CO2=High AND Wind=Low AND N=High AND E=Normal AND W=3,Acceptable,0.4187310940572259,1,672,0.5909604192010158
Tin=Normal AND Tout=Normal AND Hin=Normal AND Hout=Normal AND L=Normal AND Solar=Normal AND CO2=High AND Wind=Low AND N=High AND E=Normal AND W=3,Good,0.4367816091954026,1,748,0.40903958078780034
Tin=Normal AND Tout=Normal AND Hin=Normal AND Hout=Normal AND L=Normal AND Solar=Normal AND CO2=High AND Wind=Low AND N=Normal AND E=Normal AND W=0,Acceptable,0.3717197019261298,2,17,0.727766736760314
Tin=Normal AND Tout=Normal AND Hin=Normal AND Hout=Normal AND L=Normal AND Solar=Normal AND CO2=High AND Wind=Low AND N=Normal AND E=Normal AND W=3,Acceptable,0.3773946360153258,2,1093,0.6427450338925903
Tin=Normal AND Tout=Normal AND Hin=Normal AND Hout=Normal AND L=Normal AND Solar=Normal AND CO2=High AND Wind=Medium AND N=High AND E=Normal AND W=3,Good,0.3367995002783866,1,209,0.7004727700624606
Tin=Normal AND Tout=Normal AND Hin=Normal AND Hout=Normal AND L=Normal AND Solar=Normal AND CO2=High AND Wind=Medium AND N=Low AND E=Low AND W=0,Acceptable,0.4240532923204676,1,112,0.9999532309690019
Tin=Normal AND Tout=Normal AND Hin=Normal AND Hout=Normal AND L=Normal AND Solar=Normal AND CO2=High AND Wind=Medium AND N=Low AND E=Low AND W=3,Good,0.4314914278378928,2,865,0.9775257417617317
Tin=Normal AND Tout=Normal AND Hin=Normal AND Hout=Normal AND L=Normal AND Solar=Normal AND CO2=High AND Wind=Medium AND N=Low AND E=Normal AND W=0,Acceptable,0.3632753844801106,3,869,0.994141602444133
Tin=Normal AND Tout=Normal AND Hin=Normal AND Hout=Normal AND L=Normal AND Solar=Normal AND CO2=High AND Wind=Medium AND N=Low AND E=Normal AND W=3,Acceptable,0.3801472119156378,1,597,0.19998778321806346
Tin=Normal AND Tout=Normal AND Hin=Normal AND Hout=Normal AND L=Normal AND Solar=Normal AND CO2=High AND Wind=Medium AND N=Low AND E=Normal AND W=3,Good,0.4424638198095538,3,492,0.7926431544834563
Tin=Normal AND Tout=Normal AND Hin=Normal AND Hout=Normal AND L=Normal AND Solar=Normal AND CO2=High AND Wind=Medium AND N=Normal AND E=Normal AND W=0,Acceptable,0.5156400007955728,8,244,0.9525971541913605
Tin=Normal AND Tout=Normal AND Hin=Normal AND Hout=Normal AND L=Normal AND Solar=Normal AND CO2=High AND Wind=Medium AND N=Normal AND E=Normal AND W=3,Acceptable,0.4622363417604603,1,1695,0.5662317808692983
Tin=Normal AND Tout=Normal AND Hin=Normal AND Hout=Normal AND L=Normal AND Solar=Normal AND CO2=High AND Wind=Medium AND N=Normal AND E=Normal AND W=3,Good,0.3735391069976126,1,1287,0.4309218394667056
Tin=Normal AND Tout=Normal AND Hin=Normal AND Hout=Normal AND L=Normal AND Solar=Normal AND CO2=Low AND Wind=High AND N=High AND E=Normal AND W=0,Acceptable,0.3699130774993178,1,1522,0.9999999999551257
Tin=Normal AND Tout=Normal AND Hin=Normal AND Hout=Normal AND L=Normal AND Solar=Normal AND CO2=Low AND Wind=Low AND N=High AND E=Normal AND W=0,Acceptable,0.4035394289104909,1,1011,0.8776443399173312
Tin=Normal AND Tout=Normal AND Hin=Normal AND Hout=Normal AND L=Normal AND Solar=Normal AND CO2=Low AND Wind=Low AND N=High AND E=Normal AND W=3,Acceptable,0.4329008485708074,2,970,0.3600876869444798
Tin=Normal AND Tout=Normal AND Hin=Normal AND Hout=Normal AND L=Normal AND Solar=Normal AND CO2=Low AND Wind=Low AND N=High AND E=Normal AND W=3,Good,0.4663838839546861,1,1212,0.6399123130467598
Tin=Normal AND Tout=Normal AND Hin=Normal AND Hout=Normal AND L=Normal AND Solar=Normal AND CO2=Low AND Wind=Low AND N=Low AND E=Normal AND W=0,Acceptable,0.3750490284024861,1,1439,0.9519947596459107
Tin=Normal AND Tout=Normal AND Hin=Normal AND Hout=Normal AND L=Normal AND Solar=Normal AND CO2=Low AND Wind=Low AND N=Low AND E=Normal AND W=3,Good,0.3895218165525736,2,51,0.9999999999710234
Tin=Normal AND Tout=Normal AND Hin=Normal AND Hout=Normal AND L=Normal AND Solar=Normal AND CO2=Low AND Wind=Low AND N=Normal AND E=Normal AND W=0,Acceptable,0.5534815537346159,3,15,0.9592082591231066
Tin=Normal AND Tout=Normal AND Hin=Normal AND Hout=Normal AND L=Normal AND Solar=Normal AND CO2=Low AND Wind=Low AND N=Normal AND E=Normal AND W=3,Acceptable,0.4073747283692618,1,1370,0.4554126098961857
Tin=Normal AND Tout=Normal AND Hin=Normal AND Hout=Normal AND L=Normal AND Solar=Normal AND CO2=Low AND Wind=Medium AND N=High AND E=Normal AND W=0,Acceptable,0.4493606959156891,6,816,0.9928754123851239
Tin=Normal AND Tout=Normal AND Hin=Normal AND Hout=Normal AND L=Normal AND Solar=Normal AND CO2=Low AND Wind=Medium AND N=High AND E=Normal AND W=1,Acceptable,0.3469384684667002,1,1316,0.9740085008983187
Tin=Normal AND Tout=Normal AND Hin=Normal AND Hout=Normal AND L=Normal AND Solar=Normal AND CO2=Low AND Wind=Medium AND N=High AND E=Normal AND W=3,Acceptable,0.619981644695237,1,1296,0.8014176246670669
Tin=Normal AND Tout=Normal AND Hin=Normal AND Hout=Normal AND L=Normal AND Solar=Normal AND CO2=Low AND Wind=Medium AND N=Normal AND E=Normal AND W=0,Acceptable,0.3773946360153258,4,110,0.9839350815795356
Tin=Normal AND Tout=Normal AND Hin=Normal AND Hout=Normal AND L=Normal AND Solar=Normal AND CO2=Low AND Wind=Medium AND N=Normal AND E=Normal AND W=3,Acceptable,0.3343541169337152,1,686,0.5170625420663539
Tin=Normal AND Tout=Normal AND Hin=Normal AND Hout=Normal AND L=Normal AND Solar=Normal AND CO2=Low AND Wind=Medium AND N=Normal AND E=Normal AND W=3,Good,0.4244541813109383,3,427,0.4771166004138084
Tin=Normal AND Tout=Normal AND Hin=Normal AND Hout=Normal AND L=Normal AND Solar=Normal AND CO2=Normal AND Wind=High AND N=High AND E=Normal AND W=0,Acceptable,0.4833692822001204,1,375,0.9999999999905866
Tin=Normal AND Tout=Normal AND Hin=Normal AND Hout=Normal AND L=Normal AND Solar=Normal AND CO2=Normal AND Wind=High AND N=High AND E=Normal AND W=1,Acceptable,0.3595811035278962,2,845,0.9937808249580873
Tin=Normal AND Tout=Normal AND Hin=Normal AND Hout=Normal AND L=Normal AND Solar=Normal AND CO2=Normal AND Wind=High AND N=Low AND E=Low AND W=3,Acceptable,0.3340486122810033,1,1638,0.8662757882704618
Tin=Normal AND Tout=Normal AND Hin=Normal AND Hout=Normal AND L=Normal AND Solar=Normal AND CO2=Normal AND Wind=High AND N=Normal AND E=Normal AND W=0,Acceptable,0.4452952023029327,6,50,0.9956051170456104
Tin=Normal AND Tout=Normal AND Hin=Normal AND Hout=Normal AND L=Normal AND Solar=Normal AND CO2=Normal AND Wind=High AND N=Normal AND E=Normal AND W=1,Acceptable,0.5384538145912666,2,464,0.9619776842932031
Tin=Normal AND Tout=Normal AND Hin=Normal AND Hout=Normal AND L=Normal AND Solar=Normal AND CO2=Normal AND Wind=High AND N=Normal AND E=Normal AND W=3,Good,0.3582432215102988,1,423,0.6781215912441445
Tin=Normal AND Tout=Normal AND Hin=Normal AND Hout=Normal AND L=Normal AND Solar=Normal AND CO2=Normal AND Wind=Low AND N=High AND E=Normal AND W=0,Acceptable,0.4638699507660158,7,117,0.9308051880099829
Tin=Normal AND Tout=Normal AND Hin=Normal AND Hout=Normal AND L=Normal AND Solar=Normal AND CO2=Normal AND Wind=Low AND N=High AND E=Normal AND W=0,Good,0.4352342785415192,1,1161,0.0644883566912092
Tin=Normal AND Tout=Normal AND Hin=Normal AND Hout=Normal AND L=Normal AND Solar=Normal AND CO2=Normal AND Wind=Low AND N=High AND E=Normal AND W=3,Acceptable,0.5753981039492658,3,8,0.27838274329593743
Tin=Normal AND Tout=Normal AND Hin=Normal AND Hout=Normal AND L=Normal AND Solar=Normal AND CO2=Normal AND Wind=Low AND N=High AND E=Normal AND W=3,Good,0.4969518190108273,6,178,0.7177490681480361
Tin=Normal AND Tout=Normal AND Hin=Normal AND Hout=Normal AND L=Normal AND Solar=Normal AND CO2=Normal AND Wind=Low AND N=Low AND E=Low AND W=0,Acceptable,0.5336560397696294,5,35,0.930565219396806
Tin=Normal AND Tout=Normal AND Hin=Normal AND Hout=Normal AND L=Normal AND Solar=Normal AND CO2=Normal AND Wind=Low AND N=Low AND E=Low AND W=3,Good,0.5541417530597577,6,97,0.9534943800819624
Tin=Normal AND Tout=Normal AND Hin=Normal AND Hout=Normal AND L=Normal AND Solar=Normal AND CO2=Normal AND Wind=Low AND N=Low AND E=Normal AND W=0,Acceptable,0.4977809411348058,5,138,0.8596551156533269
Tin=Normal AND Tout=Normal AND Hin=Normal AND Hout=Normal AND L=Normal AND Solar=Normal AND CO2=Normal AND Wind=Low AND N=Low AND E=Normal AND W=0,Good,0.3555018931230291,1,288,0.11623306127792894
Tin=Normal AND Tout=Normal AND Hin=Normal AND Hout=Normal AND L=Normal AND Solar=Normal AND CO2=Normal AND Wind=Low AND N=Low AND E=Normal AND W=3,Good,0.5748424457696919,5,624,0.8720333194152263
Tin=Normal AND Tout=Normal AND Hin=Normal AND Hout=Normal AND L=Normal AND Solar=Normal AND CO2=Normal AND Wind=Low AND N=Normal AND E=Low AND W=3,Good,0.4222125440226797,2,156,0.966619799424213
Tin=Normal AND Tout=Normal AND Hin=Normal AND Hout=Normal AND L=Normal AND Solar=Normal AND CO2=Normal AND Wind=Low AND N=Normal AND E=Normal AND W=0,Acceptable,0.537849790455871,22,94,0.9469047725997257
Tin=Normal AND Tout=Normal AND Hin=Normal AND Hout=Normal AND L=Normal AND Solar=Normal AND CO2=Normal AND Wind=Low AND N=Normal AND E=Normal AND W=0,Good,0.3371372057082017,1,1284,0.05120461153279525
Tin=Normal AND Tout=Normal AND Hin=Normal AND Hout=Normal AND L=Normal AND Solar=Normal AND CO2=Normal AND Wind=Low AND N=Normal AND E=Normal AND W=1,Acceptable,0.3426501534668278,1,931,0.7870320934389469
Tin=Normal AND Tout=Normal AND Hin=Normal AND Hout=Normal AND L=Normal AND Solar=Normal AND CO2=Normal AND Wind=Low AND N=Normal AND E=Normal AND W=3,Acceptable,0.3773946360153258,3,286,0.149447741244215
Tin=Normal AND Tout=Normal AND Hin=Normal AND Hout=Normal AND L=Normal AND Solar=Normal AND CO2=Normal AND Wind=Low AND N=Normal AND E=Normal AND W=3,Good,0.5162856212020485,25,129,0.8492237032871768
Tin=Normal AND Tout=Normal AND Hin=Normal AND Hout=Normal AND L=Normal AND Solar=Normal AND CO2=Normal AND Wind=Medium AND N=High AND E=High AND W=0,Poor,0.3472952432218205,1,1697,0.4155759005020809
Tin=Normal AND Tout=Normal AND Hin=Normal AND Hout=Normal AND L=Normal AND Solar=Normal AND CO2=Normal AND Wind=Medium AND N=High AND E=Normal AND W=0,Acceptable,0.5069593354546714,25,79,0.8992622166060071
Tin=Normal AND Tout=Normal AND Hin=Normal AND Hout=Normal AND L=Normal AND Solar=Normal AND CO2=Normal AND Wind=Medium AND N=High AND E=Normal AND W=0,Good,0.4448629473193073,3,705,0.07954316257141177
Tin=Normal AND Tout=Normal AND Hin=Normal AND Hout=Normal AND L=Normal AND Solar=Normal AND CO2=Normal AND Wind=Medium AND N=High AND E=Normal AND W=1,Acceptable,0.3771044388540925,3,482,0.9085483199488716
Tin=Normal AND Tout=Normal AND Hin=Normal AND Hout=Normal AND L=Normal AND Solar=Normal AND CO2=Normal AND Wind=Medium AND N=High AND E=Normal AND W=3,Acceptable,0.5558262608970205,4,98,0.26152359985925294
Tin=Normal AND Tout=Normal AND Hin=Normal AND Hout=Normal AND L=Normal AND Solar=Normal AND CO2=Normal AND Wind=Medium AND N=High AND E=Normal AND W=3,Good,0.645674513315935,17,162,0.7384764001397448
Tin=Normal AND Tout=Normal AND Hin=Normal AND Hout=Normal AND L=Normal AND Solar=Normal AND CO2=Normal AND Wind=Medium AND N=Low AND E=Low AND W=0,Acceptable,0.4519590963157094,4,855,0.8961183795829598
Tin=Normal AND Tout=Normal AND Hin=Normal AND Hout=Normal AND L=Normal AND Solar=Normal AND CO2=Normal AND Wind=Medium AND N=Low AND E=Low AND W=1,Acceptable,0.4062328437503437,3,447,0.9717611523919596
Tin=Normal AND Tout=Normal AND Hin=Normal AND Hout=Normal AND L=Normal AND Solar=Normal AND CO2=Normal AND Wind=Medium AND N=Low AND E=Low AND W=3,Acceptable,0.3415714848557797,1,1012,0.13565315514213164
Tin=Normal AND Tout=Normal AND Hin=Normal AND Hout=Normal AND L=Normal AND Solar=Normal AND CO2=Normal AND Wind=Medium AND N=Low AND E=Low AND W=3,Good,0.5346993808436218,9,168,0.8638254774901818
Tin=Normal AND Tout=Normal AND Hin=Normal AND Hout=Normal AND L=Normal AND Solar=Normal AND CO2=Normal AND Wind=Medium AND N=Low AND E=Normal AND W=0,Acceptable,0.5500301626813915,23,14,0.858872982805667
Tin=Normal AND Tout=Normal AND Hin=Normal AND Hout=Normal AND L=Normal AND Solar=Normal AND CO2=Normal AND Wind=Medium AND N=Low AND E=Normal AND W=0,Good,0.4405714230603372,5,609,0.13128322934060704
Tin=Normal AND Tout=Normal AND Hin=Normal AND Hout=Normal AND L=Normal AND Solar=Normal AND CO2=Normal AND Wind=Medium AND N=Low AND E=Normal AND W=1,Acceptable,0.3790551209397891,3,185,0.8167726583430778
Tin=Normal AND Tout=Normal AND Hin=Normal AND Hout=Normal AND L=Normal AND Solar=Normal AND CO2=Normal AND Wind=Medium AND N=Low AND E=Normal AND W=1,Poor,0.42002618213465,1,973,0.18322734165306656
Tin=Normal AND Tout=Normal AND Hin=Normal AND Hout=Normal AND L=Normal AND Solar=Normal AND CO2=Normal AND Wind=Medium AND N=Low AND E=Normal AND W=3,Acceptable,0.3433607545736037,1,163,0.2230766888234865
Tin=Normal AND Tout=Normal AND Hin=Normal AND Hout=Normal AND L=Normal AND Solar=Normal AND CO2=Normal AND Wind=Medium AND N=Low AND E=Normal AND W=3,Good,0.4958761229169873,10,421,0.7672356781553427
Tin=Normal AND Tout=Normal AND Hin=Normal AND Hout=Normal AND L=Normal AND Solar=Normal AND CO2=Normal AND Wind=Medium AND N=Normal AND E=High AND W=3,Acceptable,0.4038396278726601,3,420,0.9814510336820536
Tin=Normal AND Tout=Normal AND Hin=Normal AND Hout=Normal AND L=Normal AND Solar=Normal AND CO2=Normal AND Wind=Medium AND N=Normal AND E=Low AND W=0,Acceptable,0.3637888163428581,2,176,0.9261733955014112
Tin=Normal AND Tout=Normal AND Hin=Normal AND Hout=Normal AND L=Normal AND Solar=Normal AND CO2=Normal AND Wind=Medium AND N=Normal AND E=Low AND W=3,Good,0.431476964698155,3,282,0.9741166288276506
Tin=Normal AND Tout=Normal AND Hin=Normal AND Hout=Normal AND L=Normal AND Solar=Normal AND CO2=Normal AND Wind=Medium AND N=Normal AND E=Normal AND W=0,Acceptable,0.553059860478154,44,12,0.895862946459984
Tin=Normal AND Tout=Normal AND Hin=Normal AND Hout=Normal AND L=Normal AND Solar=Normal AND CO2=Normal AND Wind=Medium AND N=Normal AND E=Normal AND W=0,Good,0.5762703146390287,4,227,0.091291442745137
Tin=Normal AND Tout=Normal AND Hin=Normal AND Hout=Normal AND L=Normal AND Solar=Normal AND CO2=Normal AND Wind=Medium AND N=Normal AND E=Normal AND W=1,Acceptable,0.5197139067794155,6,58,0.8933959538098187
Tin=Normal AND Tout=Normal AND Hin=Normal AND Hout=Normal AND L=Normal AND Solar=Normal AND CO2=Normal AND Wind=Medium AND N=Normal AND E=Normal AND W=3,Acceptable,0.4137172599148606,9,86,0.22905637362264555
Tin=Normal AND Tout=Normal AND Hin=Normal AND Hout=Normal AND L=Normal AND Solar=Normal AND CO2=Normal AND Wind=Medium AND N=Normal AND E=Normal AND W=3,Good,0.5689655172413791,31,10,0.770482867033843
Tin=Normal AND Tout=Normal AND Hin=Normal AND Hout=Wet AND L=High AND Solar=Low AND CO2=High AND Wind=Medium AND N=Normal AND E=Normal AND W=2,Poor,0.3611358004493205,1,1289,0.9999999999642339
Tin=Normal AND Tout=Normal AND Hin=Normal AND Hout=Wet AND L=High AND Solar=Low AND CO2=Normal AND Wind=High AND N=High AND E=Normal AND W=2,Poor,0.3750681737937714,1,61,0.9999999999438338
Tin=Normal AND Tout=Normal AND Hin=Normal AND Hout=Wet AND L=High AND Solar=Low AND CO2=Normal AND Wind=High AND N=Normal AND E=Normal AND W=1,Acceptable,0.4284001632853702,1,658,0.9999999999613498
Tin=Normal AND Tout=Normal AND Hin=Normal AND Hout=Wet AND L=High AND Solar=Low AND CO2=Normal AND Wind=Low AND N=Low AND E=Normal AND W=3,Acceptable,0.3961954252608525,1,1490,0.9999999999482125
Tin=Normal AND Tout=Normal AND Hin=Normal AND Hout=Wet AND L=High AND Solar=Low AND CO2=Normal AND Wind=Low AND N=Normal AND E=Normal AND W=1,Acceptable,0.6261042232937363,1,987,0.999999999987104
Tin=Normal AND Tout=Normal AND Hin=Normal AND Hout=Wet AND L=High AND Solar=Low AND CO2=Normal AND Wind=Medium AND N=High AND E=Normal AND W=1,Acceptable,0.4320967080781723,1,1409,0.9637428591579078
Tin=Normal AND Tout=Normal AND Hin=Normal AND Hout=Wet AND L=High AND Solar=Low AND CO2=Normal AND Wind=Medium AND N=Low AND E=Normal AND W=0,Acceptable,0.5475405384335122,1,717,0.9999999999643664
Tin=Normal AND Tout=Normal AND Hin=Normal AND Hout=Wet AND L=Low AND Solar=High AND CO2=Normal AND Wind=Low AND N=Low AND E=Low AND W=3,Good,0.3347980489861013,1,588,0.9999999999011718
Tin=Normal AND Tout=Normal AND Hin=Normal AND Hout=Wet AND L=Low AND Solar=High AND CO2=Normal AND Wind=Low AND N=Normal AND E=Normal AND W=3,Good,0.395188501851962,1,665,0.9944878568160764
Tin=Normal AND Tout=Normal AND Hin=Normal AND Hout=Wet AND L=Low AND Solar=High AND CO2=Normal AND Wind=Medium AND N=Normal AND E=Normal AND W=3,Good,0.3773946360153258,1,1507,0.992717561209745
Tin=Normal AND Tout=Normal AND Hin=Normal AND Hout=Wet AND L=Low AND Solar=Low AND CO2=Normal AND Wind=Medium AND N=Normal AND E=Normal AND W=1,Acceptable,0.360418722265876,1,431,0.9999999999097275
Tin=Normal AND Tout=Normal AND Hin=Normal AND Hout=Wet AND L=Low AND Solar=Normal AND CO2=Normal AND Wind=Low AND N=Low AND E=Low AND W=0,Acceptable,0.4749304132893099,1,1138,0.9999999999492046
Tin=Normal AND Tout=Normal AND Hin=Normal AND Hout=Wet AND L=Low AND Solar=Normal AND CO2=Normal AND Wind=Low AND N=Normal AND E=Normal AND W=0,Acceptable,0.3797495638306946,1,1389,0.999999999840935
Tin=Normal AND Tout=Normal AND Hin=Normal AND Hout=Wet AND L=Normal AND Solar=High AND CO2=Normal AND Wind=Low AND N=High AND E=Normal AND W=3,Good,0.3407833762409047,1,33,0.9958606580981851
Tin=Normal AND Tout=Normal AND Hin=Normal AND Hout=Wet AND L=Normal AND Solar=Low AND CO2=High AND Wind=Medium AND N=Low AND E=Normal AND W=1,Acceptable,0.3655111466615077,2,1291,0.41843353508377606
Tin=Normal AND Tout=Normal AND Hin=Normal AND Hout=Wet AND L=Normal AND Solar=Low AND CO2=Low AND Wind=High AND N=Low AND E=Normal AND W=2,Poor,0.3725259319006683,1,1390,0.9999999998907538
Tin=Normal AND Tout=Normal AND Hin=Normal AND Hout=Wet AND L=Normal AND Solar=Low AND CO2=Low AND Wind=Medium AND N=Low AND E=Normal AND W=1,Acceptable,0.3403606190136969,1,521,0.9534109982162783
Tin=Normal AND Tout=Normal AND Hin=Normal AND Hout=Wet AND L=Normal AND Solar=Low AND CO2=Low AND Wind=Medium AND N=Normal AND E=Normal AND W=1,Acceptable,0.3579240948071293,1,502,0.9687062262449369
Tin=Normal AND Tout=Normal AND Hin=Normal AND Hout=Wet AND L=Normal AND Solar=Low AND CO2=Normal AND Wind=High AND N=High AND E=Normal AND W=2,Poor,0.3582367550870698,1,899,0.9999999999684777
Tin=Normal AND Tout=Normal AND Hin=Normal AND Hout=Wet AND L=Normal AND Solar=Low AND CO2=Normal AND Wind=High AND N=Low AND E=Normal AND W=2,Poor,0.3521489825614237,1,610,0.999999999977327
Tin=Normal AND Tout=Normal AND Hin=Normal AND Hout=Wet AND L=Normal AND Solar=Low AND CO2=Normal AND Wind=High AND N=Normal AND E=Normal AND W=1,Acceptable,0.5071585568599795,3,239,0.9896531579183787
Tin=Normal AND Tout=Normal AND Hin=Normal AND Hout=Wet AND L=Normal AND Solar=Low AND CO2=Normal AND Wind=Low AND N=Normal AND E=High AND W=1,Acceptable,0.3495369078699306,1,952,0.999999999809655
Tin=Normal AND Tout=Normal AND Hin=Normal AND Hout=Wet AND L=Normal AND Solar=Low AND CO2=Normal AND Wind=Low AND N=Normal AND E=Normal AND W=0,Acceptable,0.3841543378105191,1,142,0.9999999999481969
Tin=Normal AND Tout=Normal AND Hin=Normal AND Hout=Wet AND L=Normal AND Solar=Low AND CO2=Normal AND Wind=Low AND N=Normal AND E=Normal AND W=1,Acceptable,0.3797572838830175,1,1571,0.9990019001662727
Tin=Normal AND Tout=Normal AND Hin=Normal AND Hout=Wet AND L=Normal AND Solar=Low AND CO2=Normal AND Wind=Medium AND N=High AND E=Low AND W=1,Acceptable,0.4425477347962393,1,902,0.9999999999895529
Tin=Normal AND Tout=Normal AND Hin=Normal AND Hout=Wet AND L=Normal AND Solar=Low AND CO2=Normal AND Wind=Medium AND N=High AND E=Normal AND W=1,Acceptable,0.4498973881736089,1,1074,0.9881920247583148
Tin=Normal AND Tout=Normal AND Hin=Normal AND Hout=Wet AND L=Normal AND Solar=Low AND CO2=Normal AND Wind=Medium AND N=High AND E=Normal AND W=2,Poor,0.4149101076706802,1,707,0.6103435926117325
Tin=Normal AND Tout=Normal AND Hin=Normal AND Hout=Wet AND L=Normal AND Solar=Low AND CO2=Normal AND Wind=Medium AND N=Low AND E=Normal AND W=1,Acceptable,0.474096253463761,4,1171,0.9134899717267101
Tin=Normal AND Tout=Normal AND Hin=Normal AND Hout=Wet AND L=Normal AND Solar=Low AND CO2=Normal AND Wind=Medium AND N=Normal AND E=Normal AND W=0,Acceptable,0.4498254008012629,1,195,0.964675541365212
Tin=Normal AND Tout=Normal AND Hin=Normal AND Hout=Wet AND L=Normal AND Solar=Low AND CO2=Normal AND Wind=Medium AND N=Normal AND E=Normal AND W=1,Acceptable,0.3716480097330858,1,316,0.9312950440569131
Tin=Normal AND Tout=Normal AND Hin=Normal AND Hout=Wet AND L=Normal AND Solar=Low AND CO2=Normal AND Wind=Medium AND N=Normal AND E=Normal AND W=3,Good,0.3564230681089367,1,1225,0.9783623457469687
Tin=Normal AND Tout=Normal AND Hin=Normal AND Hout=Wet AND L=Normal AND Solar=Normal AND CO2=High AND Wind=Medium AND N=Normal AND E=Normal AND W=3,Good,0.3929845286299583,1,921,0.9189676556240359
Tin=Normal AND Tout=Normal AND Hin=Normal AND Hout=Wet AND L=Normal AND Solar=Normal AND CO2=Low AND Wind=Low AND N=Normal AND E=Normal AND W=1,Acceptable,0.3796232658854366,1,1702,0.9999999997510626
Tin=Normal AND Tout=Normal AND Hin=Normal AND Hout=Wet AND L=Normal AND Solar=Normal AND CO2=Low AND Wind=Medium AND N=High AND E=Normal AND W=0,Acceptable,0.4638521948207198,1,1228,0.9738756488142434
Tin=Normal AND Tout=Normal AND Hin=Normal AND Hout=Wet AND L=Normal AND Solar=Normal AND CO2=Low AND Wind=Medium AND N=Normal AND E=Normal AND W=0,Acceptable,0.3509605001386142,1,1720,0.9549673906866777
Tin=Normal AND Tout=Normal AND Hin=Normal AND Hout=Wet AND L=Normal AND Solar=Normal AND CO2=Low AND Wind=Medium AND N=Normal AND E=Normal AND W=1,Acceptable,0.3688039477057019,1,85,0.9859673034883857
Tin=Normal AND Tout=Normal AND Hin=Normal AND Hout=Wet AND L=Normal AND Solar=Normal AND CO2=Normal AND Wind=High AND N=Normal AND E=Normal AND W=3,Good,0.4200660572117273,1,1748,0.9999999999313582
Tin=Normal AND Tout=Normal AND Hin=Normal AND Hout=Wet AND L=Normal AND Solar=Normal AND CO2=Normal AND Wind=Medium AND N=High AND E=High AND W=0,Acceptable,0.3754452905546661,1,1478,0.8924585070238865
Tin=Normal AND Tout=Normal AND Hin=Normal AND Hout=Wet AND L=Normal AND Solar=Normal AND CO2=Normal AND Wind=Medium AND N=High AND E=Normal AND W=0,Acceptable,0.356360034392615,2,261,0.954114986083714
Tin=Normal AND Tout=Normal AND Hin=Normal AND Hout=Wet AND L=Normal AND Solar=Normal AND CO2=Normal AND Wind=Medium AND N=High AND E=Normal AND W=3,Good,0.4030365171843675,1,959,0.9348783871268097
Tin=Normal AND Tout=Normal AND Hin=Normal AND Hout=Wet AND L=Normal AND Solar=Normal AND CO2=Normal AND Wind=Medium AND N=Low AND E=Low AND W=3,Good,0.365859995798298,1,371,0.6191775156352023
Tin=Normal AND Tout=Normal AND Hin=Normal AND Hout=Wet AND L=Normal AND Solar=Normal AND CO2=Normal AND Wind=Medium AND N=Low AND E=Normal AND W=0,Acceptable,0.3723536656891444,1,1216,0.49039429636213655
Tin=Normal AND Tout=Normal AND Hin=Normal AND Hout=Wet AND L=Normal AND Solar=Normal AND CO2=Normal AND Wind=Medium AND N=Low AND E=Normal AND W=0,Good,0.4337025984336971,1,237,0.5037569849142277
Tin=Normal AND Tout=Normal AND Hin=Normal AND Hout=Wet AND L=Normal AND Solar=Normal AND CO2=Normal AND Wind=Medium AND N=Low AND E=Normal AND W=3,Good,0.3521045042190062,1,46,0.7944885388307967
Tin=Normal AND Tout=Normal AND Hin=Normal AND Hout=Wet AND L=Normal AND Solar=Normal AND CO2=Normal AND Wind=Medium AND N=Normal AND E=Normal AND W=0,Acceptable,0.3801136954058616,5,900,0.9154140825623321
Tin=Normal AND Tout=Normal AND Hin=Normal AND Hout=Wet AND L=Normal AND Solar=Normal AND CO2=Normal AND Wind=Medium AND N=Normal AND E=Normal AND W=1,Acceptable,0.4271069659116438,3,87,0.8515953878648951
Tin=Normal AND Tout=Normal AND Hin=Normal AND Hout=Wet AND L=Normal AND Solar=Normal AND CO2=Normal AND Wind=Medium AND N=Normal AND E=Normal AND W=3,Good,0.4246920257244984,2,32,0.9775425437742609
Tin=Normal AND Tout=Normal AND Hin=Wet AND Hout=Normal AND L=High AND Solar=Low AND CO2=Normal AND Wind=High AND N=Normal AND E=Normal AND W=2,Poor,0.3824171621692703,1,1372,0.9999999999403593
Tin=Normal AND Tout=Normal AND Hin=Wet AND Hout=Normal AND L=High AND Solar=Low AND CO2=Normal AND Wind=Medium AND N=Low AND E=Normal AND W=1,Acceptable,0.3391187563086124,1,1278,0.9993431025063488
Tin=Normal AND Tout=Normal AND Hin=Wet AND Hout=Normal AND L=Low AND Solar=Normal AND CO2=Normal AND Wind=Low AND N=Normal AND E=Normal AND W=3,Good,0.4643769552841414,1,1721,0.9921775906160392
Tin=Normal AND Tout=Normal AND Hin=Wet AND Hout=Normal AND L=Low AND Solar=Normal AND CO2=Normal AND Wind=Medium AND N=Normal AND E=Normal AND W=3,Good,0.3448153292818794,1,522,0.9041972565212518
Tin=Normal AND Tout=Normal AND Hin=Wet AND Hout=Normal AND L=Normal AND Solar=Low AND CO2=High AND Wind=Medium AND N=High AND E=Normal AND W=0,Acceptable,0.3672144593159588,1,797,0.9999999999376815
Tin=Normal AND Tout=Normal AND Hin=Wet AND Hout=Normal AND L=Normal AND Solar=Low AND CO2=Low AND Wind=Low AND N=High AND E=Normal AND W=1,Acceptable,0.3469602050086759,1,734,0.9999999999118913
Tin=Normal AND Tout=Normal AND Hin=Wet AND Hout=Normal AND L=Normal AND Solar=Low AND CO2=Normal AND Wind=High AND N=Normal AND E=Normal AND W=1,Acceptable,0.3773946360153254,1,737,0.9999999998443473
Tin=Normal AND Tout=Normal AND Hin=Wet AND Hout=Normal AND L=Normal AND Solar=Low AND CO2=Normal AND Wind=Low AND N=High AND E=Normal AND W=1,Acceptable,0.3839669602163373,1,1595,0.9976196752939568
Tin=Normal AND Tout=Normal AND Hin=Wet AND Hout=Normal AND L=Normal AND Solar=Low AND CO2=Normal AND Wind=Medium AND N=High AND E=High AND W=2,Poor,0.3513000648414798,1,1336,0.999999999923299
Tin=Normal AND Tout=Normal AND Hin=Wet AND Hout=Normal AND L=Normal AND Solar=Low AND CO2=Normal AND Wind=Medium AND N=High AND E=Normal AND W=0,Acceptable,0.4584077641052924,3,483,0.9972113090872758
Tin=Normal AND Tout=Normal AND Hin=Wet AND Hout=Normal AND L=Normal AND Solar=Low AND CO2=Normal AND Wind=Medium AND N=High AND E=Normal AND W=1,Acceptable,0.4434568788863275,1,607,0.9826140685983724
Tin=Normal AND Tout=Normal AND Hin=Wet AND Hout=Normal AND L=Normal AND Solar=Low AND CO2=Normal AND Wind=Medium AND N=Normal AND E=Normal AND W=1,Acceptable,0.3952347715354725,1,1554,0.9201790380676823
Tin=Normal AND Tout=Normal AND Hin=Wet AND Hout=Normal AND L=Normal AND Solar=Normal AND CO2=Low AND Wind=Low AND N=Normal AND E=Normal AND W=3,Good,0.4103776510123892,1,984,0.9999999999645157
Tin=Normal AND Tout=Normal AND Hin=Wet AND Hout=Normal AND L=Normal AND Solar=Normal AND CO2=Low AND Wind=Medium AND N=High AND E=High AND W=0,Acceptable,0.3433450419180435,1,229,0.9999999998441389
Tin=Normal AND Tout=Normal AND Hin=Wet AND Hout=Normal AND L=Normal AND Solar=Normal AND CO2=Low AND Wind=Medium AND N=High AND E=Normal AND W=0,Acceptable,0.4056680647198766,1,1393,0.9908580769092116
Tin=Normal AND Tout=Normal AND Hin=Wet AND Hout=Normal AND L=Normal AND Solar=Normal AND CO2=Low AND Wind=Medium AND N=High AND E=Normal AND W=3,Acceptable,0.4367816091954026,1,1752,0.9984631245129314
Tin=Normal AND Tout=Normal AND Hin=Wet AND Hout=Normal AND L=Normal AND Solar=Normal AND CO2=Normal AND Wind=High AND N=Low AND E=Normal AND W=1,Acceptable,0.35549405442549,1,96,0.998661793017258
Tin=Normal AND Tout=Normal AND Hin=Wet AND Hout=Normal AND L=Normal AND Solar=Normal AND CO2=Normal AND Wind=Medium AND N=High AND E=Normal AND W=0,Acceptable,0.501283137053058,2,679,0.9930176349411183
Tin=Normal AND Tout=Normal AND Hin=Wet AND Hout=Normal AND L=Normal AND Solar=Normal AND CO2=Normal AND Wind=Medium AND N=High AND E=Normal AND W=1,Acceptable,0.4279440752012993,1,646,0.9723370485985605
Tin=Normal AND Tout=Normal AND Hin=Wet AND Hout=Normal AND L=Normal AND Solar=Normal AND CO2=Normal AND Wind=Medium AND N=High AND E=Normal AND W=3,Good,0.3692449637163354,1,1644,0.8721691887263084
Tin=Normal AND Tout=Normal AND Hin=Wet AND Hout=Normal AND L=Normal AND Solar=Normal AND CO2=Normal AND Wind=Medium AND N=Normal AND E=Normal AND W=0,Acceptable,0.3514807907120494,1,653,0.9904686595776847
Tin=Normal AND Tout=Normal AND Hin=Wet AND Hout=Wet AND L=High AND Solar=Low AND CO2=High AND Wind=Medium AND N=Normal AND E=Normal AND W=2,Poor,0.3335267266870433,1,1588,0.9999999999351543
Tin=Normal AND Tout=Normal AND Hin=Wet AND Hout=Wet AND L=High AND Solar=Low AND CO2=Normal AND Wind=High AND N=Normal AND E=Normal AND W=2,Poor,0.5141977680480637,1,1133,0.9999999999822179
Tin=Normal AND Tout=Normal AND Hin=Wet AND Hout=Wet AND L=High AND Solar=Low AND CO2=Normal AND Wind=Medium AND N=Low AND E=Normal AND W=1,Acceptable,0.4672843768588228,2,194,0.9085864731020603
Tin=Normal AND Tout=Normal AND Hin=Wet AND Hout=Wet AND L=High AND Solar=Low AND CO2=Normal AND Wind=Medium AND N=Normal AND E=Normal AND W=1,Acceptable,0.4624158033235351,2,809,0.634449526202666
Tin=Normal AND Tout=Normal AND Hin=Wet AND Hout=Wet AND L=Low AND Solar=High AND CO2=Normal AND Wind=Medium AND N=Normal AND E=Normal AND W=3,Good,0.4980319697206624,1,115,0.4215570606747704
Tin=Normal AND Tout=Normal AND Hin=Wet AND Hout=Wet AND L=Low AND Solar=Normal AND CO2=High AND Wind=Low AND N=Normal AND E=Normal AND W=0,Acceptable,0.4376181531616732,1,1505,0.9999999999725967
Tin=Normal AND Tout=Normal AND Hin=Wet AND Hout=Wet AND L=Low AND Solar=Normal AND CO2=High AND Wind=Medium AND N=High AND E=Normal AND W=0,Acceptable,0.4143788402948688,1,1540,0.9999999999785343
Tin=Normal AND Tout=Normal AND Hin=Wet AND Hout=Wet AND L=Low AND Solar=Normal AND CO2=Low AND Wind=Low AND N=High AND E=Normal AND W=3,Acceptable,0.3480212620093994,1,107,0.9999999998454524
Tin=Normal AND Tout=Normal AND Hin=Wet AND Hout=Wet AND L=Low AND Solar=Normal AND CO2=Normal AND Wind=Low AND N=Normal AND E=Normal AND W=3,Good,0.4205271022871674,3,519,0.9992307738428522
Tin=Normal AND Tout=Normal AND Hin=Wet AND Hout=Wet AND L=Low AND Solar=Normal AND CO2=Normal AND Wind=Medium AND N=High AND E=Normal AND W=0,Acceptable,0.4367816091954026,1,883,0.9999999999282758
Tin=Normal AND Tout=Normal AND Hin=Wet AND Hout=Wet AND L=Low AND Solar=Normal AND CO2=Normal AND Wind=Medium AND N=High AND E=Normal AND W=3,Good,0.3688491290178038,1,829,0.8305315914802874
Tin=Normal AND Tout=Normal AND Hin=Wet AND Hout=Wet AND L=Low AND Solar=Normal AND CO2=Normal AND Wind=Medium AND N=Normal AND E=Normal AND W=3,Good,0.3657929613064965,1,378,0.5145876674372394
Tin=Normal AND Tout=Normal AND Hin=Wet AND Hout=Wet AND L=Normal AND Solar=Low AND CO2=High AND Wind=High AND N=Low AND E=Normal AND W=1,Acceptable,0.3451428415847255,1,1461,0.9998237587265195
Tin=Normal AND Tout=Normal AND Hin=Wet AND Hout=Wet AND L=Normal AND Solar=Low AND CO2=High AND Wind=High AND N=Low AND E=Normal AND W=2,Poor,0.586485683779774,2,1351,0.9999999999959435
Tin=Normal AND Tout=Normal AND Hin=Wet AND Hout=Wet AND L=Normal AND Solar=Low AND CO2=High AND Wind=Medium AND N=High AND E=Normal AND W=1,Poor,0.3374458864457998,1,1032,0.980575319868636
Tin=Normal AND Tout=Normal AND Hin=Wet AND Hout=Wet AND L=Normal AND Solar=Low AND CO2=High AND Wind=Medium AND N=Low AND E=Normal AND W=1,Poor,0.436781609195402,2,783,0.910927639754928
Tin=Normal AND Tout=Normal AND Hin=Wet AND Hout=Wet AND L=Normal AND Solar=Low AND CO2=High AND Wind=Medium AND N=Normal AND E=Normal AND W=1,Acceptable,0.3773946360153258,1,20,0.1702001660238086
Tin=Normal AND Tout=Normal AND Hin=Wet AND Hout=Wet AND L=Normal AND Solar=Low AND CO2=Low AND Wind=Low AND N=Normal AND E=Normal AND W=0,Poor,0.4731800766283523,1,1605,0.9999999999912075
Tin=Normal AND Tout=Normal AND Hin=Wet AND Hout=Wet AND L=Normal AND Solar=Low AND CO2=Low AND Wind=Medium AND N=High AND E=Normal AND W=1,Acceptable,0.3426701845473026,1,235,0.9956876866610276
Tin=Normal AND Tout=Normal AND Hin=Wet AND Hout=Wet AND L=Normal AND Solar=Low AND CO2=Low AND Wind=Medium AND N=Normal AND E=Normal AND W=1,Acceptable,0.4419792921925785,4,391,0.8051483608522102
Tin=Normal AND Tout=Normal AND Hin=Wet AND Hout=Wet AND L=Normal AND Solar=Low AND CO2=Normal AND Wind=High AND N=High AND E=Normal AND W=1,Acceptable,0.6015418345297067,2,278,0.8724620588401739
Tin=Normal AND Tout=Normal AND Hin=Wet AND Hout=Wet AND L=Normal AND Solar=Low AND CO2=Normal AND Wind=High AND N=Low AND E=Normal AND W=1,Acceptable,0.4417045981175224,1,1258,0.9995448528717322
Tin=Normal AND Tout=Normal AND Hin=Wet AND Hout=Wet AND L=Normal AND Solar=Low AND CO2=Normal AND Wind=High AND N=Low AND E=Normal AND W=2,Poor,0.3724363685885146,1,642,0.9999999999691712
Tin=Normal AND Tout=Normal AND Hin=Wet AND Hout=Wet AND L=Normal AND Solar=Low AND CO2=Normal AND Wind=High AND N=Normal AND E=Normal AND W=1,Acceptable,0.3483424867793267,1,601,0.9999999999595565
Tin=Normal AND Tout=Normal AND Hin=Wet AND Hout=Wet AND L=Normal AND Solar=Low AND CO2=Normal AND Wind=Low AND N=High AND E=Normal AND W=1,Acceptable,0.434597138068918,1,72,0.9991484138834911
Tin=Normal AND Tout=Normal AND Hin=Wet AND Hout=Wet AND L=Normal AND Solar=Low AND CO2=Normal AND Wind=Low AND N=Low AND E=Normal AND W=0,Acceptable,0.3344663293390804,1,220,0.9999999997972022
Tin=Normal AND Tout=Normal AND Hin=Wet AND Hout=Wet AND L=Normal AND Solar=Low AND CO2=Normal AND Wind=Low AND N=Normal AND E=Normal AND W=1,Acceptable,0.3773946360153258,1,1504,0.9997388006729785
Tin=Normal AND Tout=Normal AND Hin=Wet AND Hout=Wet AND L=Normal AND Solar=Low AND CO2=Normal AND Wind=Low AND N=Normal AND E=Normal AND W=3,Acceptable,0.3457791121615602,1,643,0.9999999994968949
Tin=Normal AND Tout=Normal AND Hin=Wet AND Hout=Wet AND L=Normal AND Solar=Low AND CO2=Normal AND Wind=Medium AND N=High AND E=Normal AND W=0,Acceptable,0.3564955957541391,1,651,0.9980885226740939
Tin=Normal AND Tout=Normal AND Hin=Wet AND Hout=Wet AND L=Normal AND Solar=Low AND CO2=Normal AND Wind=Medium AND N=High AND E=Normal AND W=1,Acceptable,0.6256918366747184,7,587,0.9609009702356879
Tin=Normal AND Tout=Normal AND Hin=Wet AND Hout=Wet AND L=Normal AND Solar=Low AND CO2=Normal AND Wind=Medium AND N=Low AND E=Low AND W=1,Acceptable,0.434058403757054,2,1188,0.9176730537817315
Tin=Normal AND Tout=Normal AND Hin=Wet AND Hout=Wet AND L=Normal AND Solar=Low AND CO2=Normal AND Wind=Medium AND N=Low AND E=Normal AND W=1,Acceptable,0.436781609195402,2,1628,0.8639174972987481
Tin=Normal AND Tout=Normal AND Hin=Wet AND Hout=Wet AND L=Normal AND Solar=Low AND CO2=Normal AND Wind=Medium AND N=Low AND E=Normal AND W=2,Poor,0.6283524904214557,2,1358,0.9999999999931897
Tin=Normal AND Tout=Normal AND Hin=Wet AND Hout=Wet AND L=Normal AND Solar=Low AND CO2=Normal AND Wind=Medium AND N=Normal AND E=Normal AND W=0,Acceptable,0.4037244286169114,2,1432,0.9667026604933887
Tin=Normal AND Tout=Normal AND Hin=Wet AND Hout=Wet AND L=Normal AND Solar=Low AND CO2=Normal AND Wind=Medium AND N=Normal AND E=Normal AND W=1,Acceptable,0.5023078995626644,7,373,0.8530240749956399
Tin=Normal AND Tout=Normal AND Hin=Wet AND Hout=Wet AND L=Normal AND Solar=Low AND CO2=Normal AND Wind=Medium AND N=Normal AND E=Normal AND W=1,Poor,0.3847416352157077,3,1344,0.14697592500208764
Tin=Normal AND Tout=Normal AND Hin=Wet AND Hout=Wet AND L=Normal AND Solar=Low AND CO2=Normal AND Wind=Medium AND N=Normal AND E=Normal AND W=2,Poor,0.6444059446963675,2,889,0.9999999999968144
Tin=Normal AND Tout=Normal AND Hin=Wet AND Hout=Wet AND L=Normal AND Solar=Normal AND CO2=High AND Wind=Medium AND N=Normal AND E=Normal AND W=1,Poor,0.3773946360153258,1,577,0.9200163803541335
Tin=Normal AND Tout=Normal AND Hin=Wet AND Hout=Wet AND L=Normal AND Solar=Normal AND CO2=High AND Wind=Medium AND N=Normal AND E=Normal AND W=3,Acceptable,0.4235391540102372,1,53,0.9909481239943918
Tin=Normal AND Tout=Normal AND Hin=Wet AND Hout=Wet AND L=Normal AND Solar=Normal AND CO2=Low AND Wind=Medium AND N=Normal AND E=Normal AND W=0,Acceptable,0.3400654175341325,1,159,0.7325801125893175
Tin=Normal AND Tout=Normal AND Hin=Wet AND Hout=Wet AND L=Normal AND Solar=Normal AND CO2=Normal AND Wind=Low AND N=High AND E=Normal AND W=0,Acceptable,0.4367816091954026,2,271,0.9120623501128728
Tin=Normal AND Tout=Normal AND Hin=Wet AND Hout=Wet AND L=Normal AND Solar=Normal AND CO2=Normal AND Wind=Low AND N=Normal AND E=Normal AND W=0,Acceptable,0.626438882169967,2,481,0.9999999999963188
Tin=Normal AND Tout=Normal AND Hin=Wet AND Hout=Wet AND L=Normal AND Solar=Normal AND CO2=Normal AND Wind=Low AND N=Normal AND E=Normal AND W=3,Acceptable,0.3489836417556907,1,452,0.6751362286852381
Tin=Normal AND Tout=Normal AND Hin=Wet AND Hout=Wet AND L=Normal AND Solar=Normal AND CO2=Normal AND Wind=Low AND N=Normal AND E=Normal AND W=3,Good,0.3359168260465257,1,1482,0.3248637712912817
Tin=Normal AND Tout=Normal AND Hin=Wet AND Hout=Wet AND L=Normal AND Solar=Normal AND CO2=Normal AND Wind=Medium AND N=High AND E=Normal AND W=0,Acceptable,0.4367816091954026,3,692,0.7861311037861503
Tin=Normal AND Tout=Normal AND Hin=Wet AND Hout=Wet AND L=Normal AND Solar=Normal AND CO2=Normal AND Wind=Medium AND N=High AND E=Normal AND W=1,Acceptable,0.5438239049271246,3,281,0.9738278024025769
Tin=Normal AND Tout=Normal AND Hin=Wet AND Hout=Wet AND L=Normal AND Solar=Normal AND CO2=Normal AND Wind=Medium AND N=High AND E=Normal AND W=3,Acceptable,0.3478643350123054,1,1103,0.5588722217809752
Tin=Normal AND Tout=Normal AND Hin=Wet AND Hout=Wet AND L=Normal AND Solar=Normal AND CO2=Normal AND Wind=Medium AND N=Low AND E=Normal AND W=1,Acceptable,0.3460263883544564,1,401,0.6764951516223836
Tin=Normal AND Tout=Normal AND Hin=Wet AND Hout=Wet AND L=Normal AND Solar=Normal AND CO2=Normal AND Wind=Medium AND N=Normal AND E=Low AND W=1,Acceptable,0.3634698511031784,1,872,0.9999999998389371
Tin=Normal AND Tout=Normal AND Hin=Wet AND Hout=Wet AND L=Normal AND Solar=Normal AND CO2=Normal AND Wind=Medium AND N=Normal AND E=Normal AND W=0,Acceptable,0.3446142699520619,1,536,0.9500095417832215
Tin=Normal AND Tout=Normal AND Hin=Wet AND Hout=Wet AND L=Normal AND Solar=Normal AND CO2=Normal AND Wind=Medium AND N=Normal AND E=Normal AND W=1,Acceptable,0.3773946360153254,2,518,0.7174908426463354
Tin=Normal AND Tout=Normal AND Hin=Wet AND Hout=Wet AND L=Normal AND Solar=Normal AND CO2=Normal AND Wind=Medium AND N=Normal AND E=Normal AND W=1,Poor,0.3335748972183981,1,1240,0.2825091573488002
