antecedent,consequent,weight,count,source_row,confidence
Hin=Dry AND Hout=Dry AND L=Low AND Solar=High AND CO2=Normal AND Wind=Medium AND N=Low AND W=3,Acceptable,0.3422021230899399,1,559,0.7847939036216653
Hin=Dry AND Hout=Dry AND L=Normal AND Solar=Normal AND CO2=Normal AND Wind=Low AND N=Low AND W=3,Acceptable,0.4417605986726478,1,1396,0.47874460905168414
Hin=Dry AND Hout=Dry AND L=Normal AND Solar=Normal AND Wind=Medium AND N=Normal AND E=Normal AND W=3,Acceptable,0.3880291255617379,1,958,0.7719380133350537
Hin=Dry AND Hout=Dry AND Solar=Normal AND CO2=Normal AND Wind=Medium AND N=Normal AND E=High AND W=3,Poor,0.3412549709664377,1,1760,0.9796608620237744
Hin=Dry AND Hout=Dry AND Solar=Normal AND CO2=Normal AND Wind=Medium AND N=Normal AND E=Normal AND W=0,Acceptable,0.4631653806634147,1,11,0.8578444064830929
Hin=Dry AND Hout=Normal AND L=Normal AND Solar=Low AND CO2=High AND Wind=Medium AND N=Low AND W=0,Poor,0.4382891681034271,1,31,0.9087069886461295
Hin=Dry AND L=Low AND Solar=High AND CO2=Normal AND Wind=Low AND N=Normal AND E=High AND W=3,Acceptable,0.4130995612362753,1,767,0.9999999999967119
Hin=Normal AND Hout=Dry AND L=Normal AND Solar=Normal AND Wind=Medium AND N=Normal AND E=High AND W=3,Acceptable,0.370843424164077,1,764,0.7734883925549341
Hin=Normal AND Hout=Normal AND L=High AND CO2=Normal AND Wind=Medium AND N=Low AND E=Normal AND W=0,Acceptable,0.3579452921518115,1,258,0.971156878149702
Hin=Normal AND Hout=Normal AND L=High AND Solar=Low AND CO2=High AND N=Low AND E=Normal AND W=1,Poor,0.3656219389623868,1,344,0.9910744682571021
Hin=Normal AND Hout=Normal AND L=High AND Solar=Low AND CO2=High AND Wind=Low AND N=High AND W=3,Acceptable,0.392081521650118,1,1263,0.9999999999950674
Hin=Normal AND Hout=Normal AND L=High AND Solar=Low AND CO2=Normal AND N=Normal AND E=High AND W=1,Poor,0.4398912139606609,1,80,0.9723334210149892
Hin=Normal AND Hout=Normal AND L=High AND Solar=Low AND CO2=Normal AND N=Normal AND E=Normal AND W=1,Acceptable,0.4279348200827344,1,135,0.8974550620497289
Hin=Normal AND Hout=Normal AND L=High AND Solar=Low AND CO2=Normal AND Wind=Medium AND E=High AND W=2,Poor,0.3773946360153258,1,558,0.9999999999981686
Hin=Normal AND Hout=Normal AND L=High AND Solar=Low AND Wind=Medium AND N=Low AND E=Normal AND W=0,Acceptable,0.3924276811787918,1,16,0.9820668835322193
Hin=Normal AND Hout=Normal AND L=High AND Solar=Normal AND CO2=Normal AND Wind=Medium AND N=Normal AND W=0,Acceptable,0.4810703897285107,1,1174,0.9110473399126522
Hin=Normal AND Hout=Normal AND L=Low AND CO2=High AND Wind=Low AND N=Low AND E=Low AND W=3,Poor,0.3811679252813449,1,1274,0.8610417364529077
Hin=Normal AND Hout=Normal AND L=Low AND CO2=Low AND Wind=Medium AND N=High AND E=Low AND W=3,Acceptable,0.4107565445486801,1,1025,0.8961764268550486
Hin=Normal AND Hout=Normal AND L=Low AND Solar=High AND CO2=High AND Wind=Medium AND N=Normal AND W=3,Acceptable,0.4426960432168499,1,443,0.5034155191814993
Hin=Normal AND Hout=Normal AND L=Low AND Solar=High AND CO2=Normal AND Wind=Low AND E=High AND W=3,Acceptable,0.3932925461229098,1,139,0.9999999999992968
Hin=Normal AND Hout=Normal AND L=Low AND Solar=High AND Wind=Low AND N=Low AND E=Normal AND W=3,Good,0.4383871391727515,1,326,0.9152901563935594
Hin=Normal AND Hout=Normal AND L=Low AND Solar=High AND Wind=Low AND N=Normal AND E=Low AND W=3,Good,0.5513594772711643,1,2,0.9275672335258588
Hin=Normal AND Hout=Normal AND L=Low AND Solar=High AND Wind=Medium AND N=High AND E=High AND W=3,Acceptable,0.3526661253407057,1,779,0.9999999999961681
Hin=Normal AND Hout=Normal AND L=Low AND Solar=High AND Wind=Medium AND N=High AND E=Normal AND W=3,Good,0.4211229563313982,1,1176,0.7880766198081671
Hin=Normal AND Hout=Normal AND L=Low AND Solar=Normal AND CO2=High AND Wind=Medium AND N=Low AND W=3,Acceptable,0.4073535294910712,1,66,0.7754335719772557
Hin=Normal AND Hout=Normal AND L=Low AND Solar=Normal AND CO2=Normal AND Wind=Medium AND E=Normal AND W=3,Acceptable,0.3600729821443305,1,1518,0.287683437174533
Hin=Normal AND Hout=Normal AND L=Normal AND CO2=Normal AND Wind=Medium AND N=High AND E=High AND W=0,Poor,0.3472952432218205,1,1697,0.32977300109098256
Hin=Normal AND Hout=Normal AND L=Normal AND CO2=Normal AND Wind=Medium AND N=Low AND E=Normal AND W=0,Acceptable,0.3882677387968317,1,190,0.8011830100282133
Hin=Normal AND Hout=Normal AND L=Normal AND CO2=Normal AND Wind=Medium AND N=Normal AND E=Normal AND W=0,Acceptable,0.3492591028109878,1,414,0.8715314955606014
Hin=Normal AND Hout=Normal AND L=Normal AND Solar=High AND Wind=Medium AND N=Low AND E=Normal AND W=3,Acceptable,0.3365941275787321,1,1597,0.7070064693155699
Hin=Normal AND Hout=Normal AND L=Normal AND Solar=Low AND CO2=High AND Wind=High AND N=Normal AND W=0,Acceptable,0.4944528045799661,1,1602,0.9999999999969204
Hin=Normal AND Hout=Normal AND L=Normal AND Solar=Low AND CO2=Normal AND N=Low AND E=Normal AND W=1,Acceptable,0.396856404221475,1,1764,0.6124539145404948
Hin=Normal AND Hout=Normal AND L=Normal AND Solar=Low AND CO2=Normal AND Wind=Low AND N=Low AND W=3,Acceptable,0.3367744286002569,1,1167,0.7525868093546869
Hin=Normal AND Hout=Normal AND L=Normal AND Solar=Normal AND CO2=High AND Wind=Medium AND E=Normal AND W=0,Acceptable,0.5156400007955728,1,244,0.8482121930543756
Hin=Normal AND Hout=Normal AND L=Normal AND Solar=Normal AND CO2=Normal AND N=High AND E=Normal AND W=3,Good,0.4925042263744207,1,1694,0.6016459226727582
Hin=Normal AND Hout=Normal AND L=Normal AND Solar=Normal AND CO2=Normal AND N=Normal AND E=Normal AND W=3,Acceptable,0.4111386753124978,1,320,0.35715215399752326
Hin=Normal AND Hout=Normal AND L=Normal AND Solar=Normal AND CO2=Normal AND Wind=Medium AND E=High AND W=3,Acceptable,0.4038396278726601,1,420,0.846042483105703
Hin=Normal AND Hout=Normal AND L=Normal AND Solar=Normal AND CO2=Normal AND Wind=Medium AND N=High AND W=0,Acceptable,0.4509007059640627,1,1411,0.8234220862797279
Hin=Normal AND Hout=Normal AND L=Normal AND Solar=Normal AND Wind=Medium AND N=Low AND E=High AND W=3,Acceptable,0.3473852763623821,1,1666,0.7641323354468457
Hin=Normal AND Hout=Normal AND L=Normal AND Solar=Normal AND Wind=Medium AND N=Normal AND E=Normal AND W=0,Acceptable,0.4867367642840229,1,303,0.8509437656558997
Hin=Normal AND Hout=Normal AND Solar=Low AND CO2=Normal AND Wind=Low AND N=Low AND E=Normal AND W=3,Acceptable,0.3625827706879077,1,1464,0.7603722485063896
Hin=Normal AND Hout=Normal AND Solar=Low AND CO2=Normal AND Wind=Medium AND N=High AND E=Normal AND W=1,Acceptable,0.3725821070582273,1,1673,0.8094000545089203
Hin=Normal AND Hout=Normal AND Solar=Low AND CO2=Normal AND Wind=Medium AND N=Low AND E=Normal AND W=0,Acceptable,0.3503382766344813,1,754,0.8305916958346329
Hin=Normal AND Hout=Normal AND Solar=Normal AND CO2=High AND Wind=Medium AND N=Low AND E=Normal AND W=3,Acceptable,0.3844965020612395,1,1108,0.5471866122929974
Hin=Normal AND Hout=Normal AND Solar=Normal AND CO2=Normal AND Wind=Low AND N=High AND E=Normal AND W=3,Acceptable,0.3558759829060741,1,1172,0.3164861654463658
Hin=Normal AND Hout=Normal AND Solar=Normal AND CO2=Normal AND Wind=Low AND N=Normal AND E=Normal AND W=0,Acceptable,0.3797699130018898,1,661,0.9564563091303383
Hin=Normal AND Hout=Normal AND Solar=Normal AND CO2=Normal AND Wind=Medium AND N=Normal AND E=Normal AND W=1,Poor,0.3877436126134921,1,1099,0.3564839343984268
Hin=Normal AND Hout=Wet AND L=Normal AND Solar=Low AND CO2=Normal AND Wind=Medium AND N=Normal AND W=1,Poor,0.3553754448756979,1,648,0.2557622704009815
Hin=Normal AND Hout=Wet AND L=Normal AND Solar=Low AND Wind=Medium AND N=High AND E=Normal AND W=1,Acceptable,0.4498973881736089,1,1074,0.8227890007928287
Hin=Normal AND Hout=Wet AND L=Normal AND Solar=Low AND Wind=Medium AND N=Low AND E=Normal AND W=1,Acceptable,0.3655111466615077,1,1291,0.7505889920024666
Hin=Normal AND Hout=Wet AND L=Normal AND Solar=Low AND Wind=Medium AND N=Normal AND E=High AND W=0,Poor,0.3848620426525563,1,850,0.9999999999870617
Hin=Normal AND L=High AND Solar=Low AND CO2=Low AND Wind=Low AND N=High AND E=Normal AND W=3,Acceptable,0.4451799401210845,1,1339,0.9999999999979317
Hin=Normal AND L=Normal AND Solar=Low AND CO2=High AND Wind=Medium AND N=Low AND E=Normal AND W=1,Acceptable,0.3531819348100384,1,1726,0.3536427144471261
Hin=Normal AND L=Normal AND Solar=Normal AND CO2=Normal AND Wind=Low AND N=High AND E=Normal AND W=0,Acceptable,0.4606321570498404,2,1547,0.9531083692589729
Hin=Normal AND L=Normal AND Solar=Normal AND CO2=Normal AND Wind=Low AND N=Normal AND E=High AND W=3,Acceptable,0.3966144078797751,1,1281,0.9086392316175665
Hin=Normal AND L=Normal AND Solar=Normal AND CO2=Normal AND Wind=Low AND N=Normal AND E=Low AND W=3,Good,0.4222125440226797,1,156,0.8954789042656404
Hin=Wet AND Hout=Normal AND L=Normal AND Solar=Low AND CO2=Normal AND Wind=Medium AND N=High AND W=3,Acceptable,0.4162882188607112,1,1097,0.9999999999922529
Hin=Wet AND Hout=Wet AND L=High AND Solar=Low AND CO2=Normal AND N=Normal AND E=Normal AND W=1,Poor,0.3347710434196441,1,1573,0.7361620393626203
Hin=Wet AND Hout=Wet AND L=Low AND Solar=High AND CO2=Normal AND Wind=Medium AND N=Normal AND W=3,Good,0.3833986931374841,1,470,0.365940884770583
Hin=Wet AND Hout=Wet AND L=Normal AND Solar=Low AND CO2=Low AND Wind=Medium AND E=Normal AND W=1,Poor,0.4057794995688902,1,21,0.5244784342032289
Hin=Wet AND Hout=Wet AND L=Normal AND Solar=Low AND CO2=Normal AND Wind=Low AND E=Normal AND W=3,Acceptable,0.3457791121615602,1,643,0.999999999977676
Hin=Wet AND Hout=Wet AND L=Normal AND Solar=Low AND CO2=Normal AND Wind=Medium AND E=Normal AND W=2,Poor,0.6444059446963675,1,889,0.9999999999992588
Hin=Wet AND Hout=Wet AND L=Normal AND Solar=Low AND Wind=Low AND N=High AND E=Normal AND W=1,Acceptable,0.434597138068918,1,72,0.9979583513366459
Hin=Wet AND Hout=Wet AND L=Normal AND Solar=Low AND Wind=Medium AND N=High AND E=Normal AND W=1,Poor,0.4769862268280918,1,1008,0.27577147909054633
Hin=Wet AND Hout=Wet AND L=Normal AND Solar=Normal AND CO2=Normal AND Wind=Medium AND N=High AND W=0,Poor,0.5325596764756699,1,1070,0.6001221601979222
Hin=Wet AND Hout=Wet AND Solar=Low AND CO2=Normal AND Wind=High AND N=High AND E=Normal AND W=1,Acceptable,0.6015418345297067,1,278,0.7507601567360908
Hin=Wet AND Hout=Wet AND Solar=Low AND CO2=Normal AND Wind=High AND N=Normal AND E=Normal AND W=2,Poor,0.3888464223843993,1,1037,0.9999999999970794
Hin=Wet AND L=High AND Solar=Low AND CO2=Low AND Wind=Medium AND N=Normal AND E=Normal AND W=0,Acceptable,0.3520548526995845,1,1514,0.999999999991237
Hin=Wet AND L=Normal AND Solar=Normal AND CO2=Normal AND Wind=Medium AND N=High AND E=Normal AND W=3,Good,0.3692449637163354,1,1644,0.6150941846570046
Hout=Dry AND L=Normal AND Solar=Low AND CO2=Normal AND Wind=Medium AND N=High AND E=Normal AND W=0,Acceptable,0.4395834489727578,1,234,0.9792427814880849
Hout=Normal AND L=Normal AND Solar=Low AND CO2=Normal AND Wind=Medium AND N=High AND E=Normal AND W=0,Acceptable,0.4584077641052924,1,483,0.9649696366717907
Hout=Normal AND L=Normal AND Solar=Normal AND CO2=Normal AND Wind=Medium AND N=Normal AND E=Normal AND W=0,Acceptable,0.384300788155339,1,1235,0.847100553334293
Hout=Wet AND L=Normal AND Solar=Normal AND CO2=Normal AND Wind=Low AND N=Normal AND E=High AND W=1,Poor,0.4159599994898386,1,724,0.912770142808988
Tin=Cold AND Hin=Dry AND Hout=Dry AND L=Low AND CO2=Normal AND Wind=Medium AND E=Normal AND W=3,Poor,0.4731800766283526,1,593,0.8108198997209967
Tin=Cold AND Hin=Dry AND Hout=Dry AND L=Normal AND CO2=Normal AND N=Low AND E=Low AND W=3,Poor,0.4466687976915065,1,1305,0.9537303624693471
Tin=Cold AND Hin=Dry AND Hout=Dry AND L=Normal AND Solar=Normal AND CO2=Normal AND N=Low AND W=3,Poor,0.3597753203684974,1,426,0.934500427258498
Tin=Cold AND Hin=Dry AND Hout=Normal AND L=Normal AND Solar=Normal AND Wind=Medium AND N=Low AND W=3,Acceptable,0.3700933227249464,1,446,0.6794076790056696
Tin=Cold AND Hin=Dry AND Hout=Normal AND L=Normal AND Solar=Normal AND Wind=Medium AND N=Normal AND W=3,Poor,0.3859540272639616,1,127,0.7737547885089128
Tin=Cold AND Hin=Normal AND Hout=Normal AND CO2=Normal AND Wind=Medium AND N=Normal AND E=Normal AND W=1,Poor,0.4788219562652568,1,531,0.8806488843938026
Tin=Cold AND Hin=Normal AND Hout=Normal AND L=Low AND CO2=Normal AND N=Low AND E=Normal AND W=3,Poor,0.3960202776606257,1,1254,0.7062650135285211
Tin=Cold AND Hin=Normal AND Hout=Normal AND L=Low AND Solar=Normal AND CO2=Normal AND Wind=Low AND W=3,Poor,0.3773946360153258,1,335,0.7065609914284069
Tin=Cold AND Hin=Normal AND Hout=Normal AND L=Low AND Solar=Normal AND CO2=Normal AND Wind=Medium AND W=0,Poor,0.542873087207149,1,875,0.7030607788665522
Tin=Cold AND Hin=Normal AND Hout=Normal AND L=Normal AND CO2=High AND N=Normal AND E=Normal AND W=0,Poor,0.3871386740170477,1,253,0.8939602238361002
Tin=Cold AND Hin=Normal AND Hout=Normal AND L=Normal AND CO2=Normal AND Wind=Medium AND E=Normal AND W=1,Poor,0.3706821680857954,1,388,0.8750819515134519
Tin=Cold AND Hin=Normal AND Hout=Normal AND L=Normal AND Solar=Low AND CO2=Low AND Wind=Medium AND W=1,Poor,0.4162032197239707,1,924,0.9314033425026175
Tin=Cold AND Hin=Normal AND Hout=Normal AND L=Normal AND Solar=Low AND N=Normal AND E=High AND W=2,Poor,0.4671356299462585,1,1124,0.999999999995309
Tin=Cold AND Hin=Normal AND Hout=Normal AND L=Normal AND Solar=Low AND Wind=Low AND E=Normal AND W=1,Poor,0.4006939539806503,1,1183,0.6679713971098458
Tin=Cold AND Hin=Normal AND Hout=Normal AND L=Normal AND Solar=Normal AND CO2=Normal AND Wind=Low AND W=3,Poor,0.4279082258364604,1,1614,0.4627081073312514
Tin=Cold AND Hin=Normal AND Hout=Normal AND L=Normal AND Wind=Medium AND N=Low AND E=Normal AND W=3,Acceptable,0.3622823006646005,1,1071,0.6300070638742247
Tin=Cold AND Hin=Normal AND L=High AND Solar=Low AND CO2=Normal AND N=Low AND E=Normal AND W=1,Poor,0.3394202969066423,1,1435,0.9976111452599792
Tin=Cold AND Hin=Normal AND L=Normal AND Solar=Low AND CO2=Normal AND Wind=High AND E=Normal AND W=2,Poor,0.5167404860432353,1,192,0.9999999999988325
Tin=Cold AND Hin=Normal AND L=Normal AND Solar=Low AND Wind=Medium AND N=Normal AND E=Normal AND W=3,Acceptable,0.5293865726811088,1,289,0.9811630437407546
Tin=Cold AND Hin=Normal AND Solar=Low AND CO2=Normal AND Wind=High AND N=Normal AND E=Normal AND W=1,Poor,0.3829748785709784,1,311,0.9756777691321866
Tin=Cold AND Hin=Wet AND Hout=Wet AND L=High AND Solar=Low AND CO2=Normal AND Wind=Medium AND W=1,Poor,0.4792682174574195,1,825,0.9763432887886824
Tin=Cold AND Hin=Wet AND Hout=Wet AND L=Normal AND Solar=Low AND CO2=Normal AND N=Normal AND W=3,Poor,0.3470754564663936,1,941,0.9634702820792482
Tin=Cold AND Hin=Wet AND Hout=Wet AND L=Normal AND Solar=Normal AND CO2=Normal AND N=High AND W=3,Acceptable,0.4215796359616313,1,152,0.9999999999962538
Tin=Cold AND Hin=Wet AND L=Low AND CO2=High AND Wind=Low AND N=Low AND E=Low AND W=3,Poor,0.3579871876833983,1,1201,0.9999481887236673
Tin=Cold AND Hout=Normal AND L=Normal AND Solar=Normal AND CO2=High AND Wind=Medium AND N=Normal AND W=3,Poor,0.4110844947583645,1,837,0.8471564050378498
Tin=Cold AND Hout=Wet AND L=Normal AND CO2=Normal AND Wind=Medium AND N=Normal AND E=Normal AND W=1,Poor,0.3528675535429331,1,1712,0.8469597388647582
Tin=Cold AND Hout=Wet AND L=Normal AND Solar=Normal AND CO2=Low AND N=High AND E=Normal AND W=0,Poor,0.5264128667569693,1,1400,0.9999999999874377
Tin=Cold AND L=Normal AND Solar=Normal AND CO2=Normal AND Wind=Low AND N=Normal AND E=Normal AND W=3,Acceptable,0.3562649196688218,1,563,0.7580489781197268
Tin=Cold AND Tout=Cold AND Hin=Normal AND Hout=Normal AND L=Normal AND Solar=Normal AND Wind=Medium AND W=3,Poor,0.3892633926594656,1,1699,0.4941751829816199
Tin=Cold AND Tout=Cold AND Hin=Normal AND Hout=Normal AND Wind=Low AND N=Normal AND E=Normal AND W=0,Acceptable,0.442921736537652,1,1255,0.9999999999947911
Tin=Cold AND Tout=Cold AND Hin=Normal AND L=High AND Solar=Low AND CO2=Normal AND N=Low AND W=1,Poor,0.4628387830172555,1,828,0.9999999999990214
Tin=Cold AND Tout=Cold AND Hin=Normal AND L=Low AND Solar=High AND CO2=Normal AND E=Normal AND W=3,Acceptable,0.3527086859150868,1,1480,0.7179178734844696
Tin=Cold AND Tout=Cold AND Hin=Normal AND L=Normal AND Wind=Medium AND N=Low AND E=Normal AND W=1,Poor,0.4659510231010071,1,1568,0.9998253940956673
Tin=Cold AND Tout=Cold AND Hin=Normal AND Solar=Normal AND CO2=Normal AND Wind=Low AND N=Low AND W=3,Poor,0.5523749726897227,1,1373,0.9590589449239213
Tin=Cold AND Tout=Cold AND Hout=Dry AND L=Normal AND Solar=Low AND CO2=Normal AND Wind=Medium AND W=3,Acceptable,0.436781609195402,1,949,0.9999999999879285
Tin=Cold AND Tout=Cold AND Hout=Normal AND L=High AND CO2=Normal AND Wind=Medium AND E=Normal AND W=0,Poor,0.4691137071970641,1,923,0.8238777507128697
Tin=Cold AND Tout=Cold AND Hout=Normal AND Solar=Normal AND CO2=Normal AND Wind=Medium AND E=Normal AND W=3,Poor,0.3773946360153258,1,240,0.5126995584840345
Tin=Cold AND Tout=Cold AND L=Normal AND Solar=Low AND Wind=Low AND N=High AND E=Normal AND W=0,Poor,0.3600129144108526,1,801,0.9999999999913766
Tin=Cold AND Tout=Cold AND L=Normal AND Solar=Normal AND CO2=Normal AND Wind=Medium AND E=Normal AND W=0,Poor,0.4629614147806409,1,532,0.9244601444430812
Tin=Cold AND Tout=Hot AND L=Low AND Solar=High AND CO2=High AND N=Normal AND E=High AND W=3,Poor,0.4821109025009949,1,1051,0.9999999999982714
Tin=Cold AND Tout=Hot AND L=Normal AND Solar=Normal AND Wind=Low AND N=Normal AND E=High AND W=3,Poor,0.4824957705536721,1,386,0.9999999999912755
Tin=Cold AND Tout=Normal AND Hin=Dry AND Hout=Dry AND L=Low AND CO2=Normal AND N=Normal AND W=3,Poor,0.3365878066960143,1,823,0.9183407435746651
Tin=Cold AND Tout=Normal AND Hin=Dry AND L=Low AND Wind=Medium AND N=Low AND E=Low AND W=3,Poor,0.3760491235476814,1,1295,0.9969862336702833
Tin=Cold AND Tout=Normal AND Hin=Dry AND L=Normal AND Solar=Normal AND N=Low AND E=Normal AND W=3,Poor,0.3501116152988714,1,263,0.843060055463994
Tin=Cold AND Tout=Normal AND Hin=Normal AND Hout=Normal AND CO2=Normal AND N=Normal AND E=Normal AND W=3,Poor,0.4546007576302645,1,74,0.4047649413536814
Tin=Cold AND Tout=Normal AND Hin=Normal AND Hout=Normal AND L=Low AND N=Low AND E=Low AND W=3,Poor,0.4994269637045992,1,945,0.7629626040040256
Tin=Cold AND Tout=Normal AND Hin=Normal AND Hout=Normal AND L=Low AND N=Normal AND E=Normal AND W=3,Poor,0.5257761217899215,1,318,0.5370743705492752
Tin=Cold AND Tout=Normal AND Hin=Normal AND Hout=Normal AND L=Normal AND CO2=Normal AND Wind=Medium AND W=3,Acceptable,0.5480086674398579,1,203,0.6012767110496797
Tin=Cold AND Tout=Normal AND Hin=Normal AND Hout=Normal AND L=Normal AND Solar=Low AND E=Normal AND W=1,Poor,0.425586276885281,1,243,0.8564595148435853
Tin=Cold AND Tout=Normal AND Hin=Normal AND Hout=Normal AND L=Normal AND Solar=Normal AND N=Low AND W=1,Poor,0.3473659671844797,1,1440,0.7833063216923284
Tin=Cold AND Tout=Normal AND Hin=Normal AND Hout=Normal AND L=Normal AND Wind=High AND E=Normal AND W=1,Poor,0.4020504329107422,1,308,0.8553121884120757
Tin=Cold AND Tout=Normal AND Hin=Normal AND Hout=Normal AND L=Normal AND Wind=Low AND N=Low AND W=3,Acceptable,0.4391779850845796,1,826,0.7950660135192649
Tin=Cold AND Tout=Normal AND Hin=Normal AND Hout=Normal AND Solar=High AND CO2=Normal AND N=Normal AND W=3,Acceptable,0.3558858998514824,1,534,0.5503429083961429
Tin=Cold AND Tout=Normal AND Hin=Normal AND Hout=Normal AND Solar=Low AND CO2=Normal AND Wind=Low AND W=3,Poor,0.3773946360153254,1,222,0.7562067450188648
Tin=Cold AND Tout=Normal AND Hin=Normal AND Hout=Normal AND Solar=Low AND Wind=Medium AND E=Normal AND W=2,Poor,0.3364929902089473,1,1693,0.9999999999975553
Tin=Cold AND Tout=Normal AND Hin=Normal AND Hout=Normal AND Solar=Normal AND Wind=Low AND N=Low AND W=0,Poor,0.3614717269898669,1,307,0.7860692516883455
Tin=Cold AND Tout=Normal AND Hin=Normal AND Hout=Normal AND Wind=Low AND N=Normal AND E=Normal AND W=3,Poor,0.3529811925712891,1,436,0.5661039493234825
Tin=Cold AND Tout=Normal AND Hin=Normal AND Hout=Wet AND Solar=Low AND CO2=Normal AND N=Low AND W=1,Poor,0.3445279717945996,1,382,0.9137057867243091
Tin=Cold AND Tout=Normal AND Hin=Normal AND Hout=Wet AND Solar=Normal AND CO2=Normal AND N=Low AND W=3,Poor,0.3861426797501993,1,332,0.45600441596151114
Tin=Cold AND Tout=Normal AND Hin=Normal AND L=High AND Solar=Low AND N=Low AND E=Normal AND W=2,Poor,0.5145978513487178,1,1317,0.9999999999982487
Tin=Cold AND Tout=Normal AND Hin=Normal AND L=Normal AND CO2=Normal AND Wind=Medium AND E=Normal AND W=1,Poor,0.3385472899829632,1,736,0.8561968086717926
Tin=Cold AND Tout=Normal AND Hin=Normal AND L=Normal AND CO2=Normal AND Wind=Medium AND N=High AND W=0,Poor,0.3989659411812423,1,1181,0.4327734090490512
Tin=Cold AND Tout=Normal AND Hin=Normal AND Solar=Low AND CO2=High AND Wind=High AND N=Low AND W=1,Poor,0.3913341439890599,1,1219,0.9999999999980361
Tin=Cold AND Tout=Normal AND Hin=Normal AND Solar=Normal AND CO2=Low AND Wind=Low AND N=Normal AND W=3,Poor,0.3674510773478893,1,990,0.43306192059116805
Tin=Cold AND Tout=Normal AND Hin=Normal AND Solar=Normal AND CO2=Normal AND Wind=Medium AND E=Normal AND W=3,Acceptable,0.3366891191327501,1,295,0.6114712906588432
Tin=Cold AND Tout=Normal AND Hin=Wet AND CO2=Normal AND Wind=Medium AND N=High AND E=Normal AND W=1,Poor,0.3668424444186509,1,265,0.8052388304158327
Tin=Cold AND Tout=Normal AND Hin=Wet AND Hout=Normal AND L=Normal AND CO2=High AND Wind=Medium AND W=1,Poor,0.3773946360153254,1,221,0.99991282308467
Tin=Cold AND Tout=Normal AND Hin=Wet AND Hout=Wet AND Solar=Low AND CO2=Normal AND Wind=High AND W=2,Poor,0.3573498236157388,1,1730,0.9999999999985074
Tin=Cold AND Tout=Normal AND Hin=Wet AND Hout=Wet AND Solar=Low AND Wind=Medium AND E=Normal AND W=2,Poor,0.3526685589298159,1,411,0.9999999999978076
Tin=Cold AND Tout=Normal AND Hin=Wet AND Hout=Wet AND Wind=Medium AND N=Normal AND E=Normal AND W=1,Poor,0.3939720234359189,1,1429,0.8954965480649738
Tin=Cold AND Tout=Normal AND Hin=Wet AND Solar=Normal AND CO2=Normal AND Wind=Medium AND N=Low AND W=3,Poor,0.3725675569000884,1,1242,0.9983333731990371
Tin=Cold AND Tout=Normal AND Hout=Normal AND L=Low AND Solar=Normal AND CO2=Normal AND Wind=Low AND W=3,Poor,0.4227221916334387,1,513,0.6305055313764549
Tin=Cold AND Tout=Normal AND Hout=Normal AND L=Normal AND CO2=Normal AND Wind=Medium AND E=Normal AND W=1,Poor,0.3441384694402771,1,1192,0.8470742932392908
Tin=Cold AND Tout=Normal AND Hout=Normal AND L=Normal AND Solar=Low AND CO2=Normal AND N=Low AND W=0,Acceptable,0.3647205136662925,1,368,0.9431057886389574
Tin=Cold AND Tout=Normal AND Hout=Normal AND L=Normal AND Solar=Normal AND CO2=High AND N=Low AND W=3,Poor,0.4287446958491009,1,196,0.6773784895256018
Tin=Cold AND Tout=Normal AND Hout=Normal AND L=Normal AND Solar=Normal AND CO2=Low AND Wind=Medium AND W=0,Poor,0.3773946360153258,1,264,0.5498742231662996
Tin=Cold AND Tout=Normal AND Hout=Normal AND L=Normal AND Solar=Normal AND Wind=Medium AND N=High AND W=3,Poor,0.5512251989853849,1,956,0.8023925216384514
Tin=Cold AND Tout=Normal AND Hout=Normal AND Solar=Low AND CO2=Normal AND Wind=Low AND N=Normal AND W=0,Poor,0.3897883209680686,1,180,0.7984214423962259
Tin=Cold AND Tout=Normal AND Hout=Wet AND CO2=Normal AND Wind=Medium AND N=Normal AND E=Normal AND W=0,Poor,0.3442219303727093,1,1232,0.8643709060725614
Tin=Cold AND Tout=Normal AND Hout=Wet AND L=Normal AND CO2=Normal AND Wind=Medium AND E=Normal AND W=0,Poor,0.4731800766283526,1,116,0.7981144131218197
Tin=Cold AND Tout=Normal AND Hout=Wet AND L=Normal AND Solar=Normal AND CO2=Normal AND E=Normal AND W=1,Poor,0.4280570249361347,1,1545,0.8181876582813938
Tin=Cold AND Tout=Normal AND Hout=Wet AND Solar=Low AND CO2=Normal AND Wind=Medium AND N=Low AND W=1,Poor,0.4068680892565163,1,1421,0.8700284860868819
Tin=Cold AND Tout=Normal AND Hout=Wet AND Solar=Low AND Wind=Medium AND N=Low AND E=Normal AND W=1,Poor,0.3434333997028867,1,1069,0.8710240801757151
Tin=Cold AND Tout=Normal AND Hout=Wet AND Solar=Normal AND Wind=Low AND N=Low AND E=Low AND W=3,Acceptable,0.4786668166657922,1,313,0.9580600518038076
Tin=Cold AND Tout=Normal AND L=Low AND Solar=High AND CO2=Low AND Wind=Medium AND N=Low AND W=3,Acceptable,0.453727622846224,1,1559,0.9999999999957183
Tin=Cold AND Tout=Normal AND L=Normal AND CO2=High AND Wind=Medium AND N=Normal AND E=Normal AND W=0,Poor,0.3815167031304585,1,1557,0.8979935008518882
Tin=Cold AND Tout=Normal AND L=Normal AND Solar=Normal AND CO2=High AND N=Low AND E=Normal AND W=3,Acceptable,0.4280031673031662,1,852,0.5073672154719174
Tin=Cold AND Tout=Normal AND L=Normal AND Solar=Normal AND CO2=Normal AND Wind=Medium AND N=Low AND W=3,Acceptable,0.3886648532017841,1,465,0.5447813945678467
Tin=Hot AND Hin=Dry AND Hout=Dry AND L=Normal AND Solar=Low AND Wind=Medium AND N=High AND W=3,Poor,0.4712230537719842,1,1005,0.9981950999175881
Tin=Hot AND Hin=Normal AND Hout=Dry AND L=Low AND Solar=Normal AND CO2=Normal AND N=Normal AND W=3,Poor,0.3463808358310896,1,652,0.8970452467804055
Tin=Hot AND Hin=Normal AND Hout=Normal AND L=Low AND Solar=Normal AND Wind=Medium AND N=High AND W=0,Acceptable,0.3896403947961707,1,7,0.999999999995179
Tin=Hot AND Hin=Normal AND Hout=Normal AND L=Normal AND CO2=Low AND Wind=Low AND E=High AND W=0,Poor,0.543187051484243,1,24,0.9999999999969313
Tin=Hot AND Hin=Normal AND Hout=Normal AND L=Normal AND CO2=Normal AND N=Normal AND E=High AND W=0,Poor,0.4714847230565597,1,796,0.9999999999938662
Tin=Hot AND Hin=Normal AND Hout=Normal AND L=Normal AND CO2=Normal AND N=Normal AND E=High AND W=1,Poor,0.427728487860873,1,950,0.9946469089665834
Tin=Hot AND Hin=Normal AND Hout=Normal AND L=Normal AND Solar=Low AND Wind=Low AND N=Low AND W=0,Poor,0.3573691816756961,1,1535,0.9807245961454142
Tin=Hot AND Hin=Normal AND Hout=Normal AND L=Normal AND Solar=Normal AND CO2=Normal AND E=Normal AND W=3,Acceptable,0.3335812836990515,1,939,0.6431183003806237
Tin=Hot AND Hin=Normal AND Hout=Normal AND L=Normal AND Solar=Normal AND Wind=Medium AND E=High AND W=3,Acceptable,0.3468922912046755,1,913,0.99999999999728
Tin=Hot AND Hin=Normal AND Hout=Normal AND Solar=High AND CO2=Normal AND Wind=Medium AND N=Normal AND W=3,Acceptable,0.3970220141125652,1,591,0.6694919928456153
Tin=Hot AND Hin=Normal AND L=Normal AND CO2=Normal AND Wind=Low AND N=High AND E=High AND W=0,Poor,0.5190080495580247,1,759,0.9999999999971221
Tin=Hot AND Hout=Normal AND L=Normal AND CO2=Normal AND Wind=Medium AND N=Low AND E=Normal AND W=0,Poor,0.3523255786993358,1,132,0.7176300214134971
Tin=Hot AND Hout=Wet AND L=High AND Solar=Low AND Wind=High AND N=Low AND E=High AND W=2,Poor,0.4062946700934182,1,684,0.9999999999966999
Tin=Hot AND Hout=Wet AND L=Normal AND Solar=Low AND Wind=Medium AND N=High AND E=Normal AND W=1,Poor,0.342839458907068,1,1546,0.7957189859394633
Tin=Hot AND L=Low AND Solar=Normal AND CO2=Normal AND Wind=Medium AND N=Normal AND E=Low AND W=3,Acceptable,0.4057539969658134,1,505,0.7907319482103977
Tin=Hot AND Tout=Hot AND Hin=Wet AND Hout=Wet AND CO2=Low AND N=High AND E=Normal AND W=0,Poor,0.3648282223162863,1,1532,0.9899975785203843
Tin=Hot AND Tout=Hot AND Hin=Wet AND L=Normal AND Solar=Normal AND N=High AND E=Normal AND W=0,Acceptable,0.3785688590314227,1,100,0.27198491618667237
Tin=Hot AND Tout=Normal AND Hin=Dry AND Solar=High AND CO2=Normal AND Wind=Low AND N=Normal AND W=3,Acceptable,0.3690082613236389,1,468,0.9999999999899921
Tin=Hot AND Tout=Normal AND Hin=Normal AND Hout=Normal AND CO2=Normal AND N=High AND E=Normal AND W=1,Poor,0.4289694205315069,1,929,0.8433195208020055
Tin=Hot AND Tout=Normal AND Hin=Normal AND Hout=Normal AND CO2=Normal AND Wind=Medium AND N=High AND W=0,Poor,0.5942822249881934,1,848,0.5847696003747096
Tin=Hot AND Tout=Normal AND Hin=Normal AND Hout=Normal AND L=Low AND Wind=Low AND N=High AND W=3,Acceptable,0.3498951076605525,1,1684,0.8467136342214828
Tin=Hot AND Tout=Normal AND Hin=Normal AND Hout=Normal AND L=Normal AND Solar=Low AND E=Normal AND W=1,Poor,0.4489201125698855,1,365,0.7952219981420365
Tin=Hot AND Tout=Normal AND Hin=Normal AND Hout=Normal AND L=Normal AND Solar=Low AND Wind=Low AND W=1,Poor,0.3523656238219606,1,1248,0.6951856322433037
Tin=Hot AND Tout=Normal AND Hin=Normal AND Hout=Normal AND L=Normal AND Solar=Normal AND CO2=Normal AND W=3,Acceptable,0.3950788751943954,1,42,0.6483078176528018
Tin=Hot AND Tout=Normal AND Hin=Normal AND Hout=Normal AND L=Normal AND Solar=Normal AND Wind=High AND W=3,Poor,0.5689655172413791,1,1696,0.9999999999980734
Tin=Hot AND Tout=Normal AND Hin=Normal AND Hout=Normal AND L=Normal AND Wind=Medium AND N=Normal AND W=1,Poor,0.4236452419129148,1,881,0.8457503842918632
Tin=Hot AND Tout=Normal AND Hin=Normal AND Hout=Normal AND Solar=Low AND CO2=Normal AND N=High AND W=2,Poor,0.4427907286744215,1,19,0.9999999999988366
Tin=Hot AND Tout=Normal AND Hin=Normal AND Hout=Normal AND Solar=Low AND CO2=Normal AND N=Normal AND W=3,Acceptable,0.3486119472495699,1,224,0.9789505754787788
Tin=Hot AND Tout=Normal AND Hin=Normal AND Hout=Normal AND Solar=Normal AND Wind=Low AND E=Normal AND W=3,Acceptable,0.3888581730215206,1,435,0.8229358306703453
Tin=Hot AND Tout=Normal AND Hin=Normal AND L=Normal AND CO2=Normal AND N=Normal AND E=High AND W=1,Poor,0.3875461257570758,1,1495,0.9939674478763024
Tin=Hot AND Tout=Normal AND Hin=Normal AND L=Normal AND CO2=Normal AND Wind=Medium AND N=Low AND W=1,Poor,0.3421757665796295,1,738,0.7043964855540642
Tin=Hot AND Tout=Normal AND Hin=Normal AND Solar=Low AND CO2=Low AND N=High AND E=Normal AND W=0,Poor,0.4192193117900324,1,800,0.9657383996141085
Tin=Hot AND Tout=Normal AND Hin=Normal AND Solar=Normal AND Wind=Low AND N=Low AND E=High AND W=0,Poor,0.3829105584255267,1,617,0.9999999999906881
Tin=Hot AND Tout=Normal AND Hout=Dry AND Solar=Normal AND CO2=Normal AND Wind=Medium AND N=High AND W=3,Acceptable,0.3456967887265174,1,854,0.5691227842610491
Tin=Hot AND Tout=Normal AND Hout=Normal AND L=Normal AND CO2=Low AND N=High AND E=Low AND W=0,Poor,0.4630121911330362,1,1620,0.9997110322213033
Tin=Hot AND Tout=Normal AND Hout=Normal AND L=Normal AND Wind=Medium AND N=High AND E=Normal AND W=0,Acceptable,0.4219553918434484,1,1253,0.4614111424913306
Tin=Hot AND Tout=Normal AND Hout=Normal AND Solar=Low AND CO2=Normal AND N=Normal AND E=Normal AND W=0,Poor,0.3770086011444697,1,448,0.7887256686890123
Tin=Hot AND Tout=Normal AND Hout=Normal AND Solar=Normal AND CO2=Normal AND N=Low AND E=Normal AND W=3,Acceptable,0.3947300934515002,1,1020,0.888787736286627
Tin=Hot AND Tout=Normal AND Hout=Wet AND L=Normal AND CO2=Normal AND Wind=High AND E=Normal AND W=1,Poor,0.3658246247964421,1,769,0.9932187987776054
Tin=Hot AND Tout=Normal AND Hout=Wet AND L=Normal AND Wind=Low AND N=High AND E=Normal AND W=0,Poor,0.4674683445941412,1,3,0.9216890408639021
Tin=Hot AND Tout=Normal AND Hout=Wet AND Solar=Low AND CO2=Normal AND N=High AND E=Normal AND W=2,Poor,0.4566332364596533,1,989,0.9999999999912261
Tin=Hot AND Tout=Normal AND Hout=Wet AND Solar=Normal AND CO2=Normal AND N=High AND E=Normal AND W=0,Poor,0.568145334112651,1,301,0.9813754324376716
Tin=Hot AND Tout=Normal AND Hout=Wet AND Solar=Normal AND CO2=Normal AND Wind=Medium AND N=Normal AND W=0,Poor,0.5224509928556886,1,18,0.9620278754863842
Tin=Hot AND Tout=Normal AND L=High AND Solar=Low AND CO2=High AND Wind=Medium AND N=High AND W=3,Acceptable,0.3869731266160425,1,1073,0.9999999999977941
Tin=Hot AND Tout=Normal AND L=Low AND Solar=High AND CO2=Low AND N=Normal AND E=Low AND W=3,Poor,0.4005227825689295,1,1651,0.9994524450788715
Tin=Hot AND Tout=Normal AND L=Low AND Solar=High AND CO2=Normal AND Wind=Low AND N=Normal AND W=3,Acceptable,0.4390291637858702,1,1155,0.8182571675854449
Tin=Hot AND Tout=Normal AND L=Low AND Solar=High AND CO2=Normal AND Wind=Medium AND N=Normal AND W=3,Acceptable,0.3827717404657785,1,54,0.6266367665581103
Tin=Hot AND Tout=Normal AND L=Normal AND CO2=Low AND Wind=Medium AND N=High AND E=Normal AND W=1,Acceptable,0.4074087552107552,1,405,0.40646673907541364
Tin=Hot AND Tout=Normal AND L=Normal AND CO2=Normal AND Wind=Medium AND N=High AND E=High AND W=1,Poor,0.3442859042992816,1,1406,0.9940371475281394
Tin=Hot AND Tout=Normal AND L=Normal AND Solar=Normal AND CO2=Normal AND N=High AND E=Normal AND W=3,Poor,0.3639022552496286,1,1179,0.26197805789567563
Tin=Hot AND Tout=Normal AND Solar=Low AND CO2=Normal AND Wind=Medium AND N=High AND E=Normal AND W=1,Poor,0.368726454843558,1,1121,0.8432339906313572
Tin=Normal AND Hin=Dry AND Hout=Dry AND CO2=High AND Wind=Medium AND N=Low AND E=Normal AND W=3,Poor,0.3566012301200171,1,1044,0.6970425145386823
Tin=Normal AND Hin=Dry AND Hout=Dry AND CO2=Normal AND Wind=Low AND N=Low AND E=Normal AND W=0,Poor,0.4044737892122293,1,141,0.9222892395832266
Tin=Normal AND Hin=Dry AND Hout=Dry AND L=Low AND CO2=Normal AND N=Low AND E=Normal AND W=3,Acceptable,0.4615692200147027,1,698,0.7914535964723737
Tin=Normal AND Hin=Dry AND Hout=Dry AND L=Normal AND CO2=Normal AND Wind=Low AND N=High AND W=3,Acceptable,0.7441518232958071,1,1534,0.9992492016520511
Tin=Normal AND Hin=Dry AND Hout=Dry AND L=Normal AND CO2=Normal AND Wind=Low AND N=Low AND W=3,Acceptable,0.3553714737211895,1,1206,0.5562906588765333
Tin=Normal AND Hin=Dry AND Hout=Dry AND L=Normal AND Solar=Low AND CO2=Normal AND N=Normal AND W=1,Poor,0.3723426455275533,1,485,0.9743340693445635
Tin=Normal AND Hin=Dry AND Hout=Dry AND L=Normal AND Solar=Normal AND CO2=High AND N=High AND W=3,Acceptable,0.4164075396256542,1,868,0.9719341105959679
Tin=Normal AND Hin=Dry AND Hout=Dry AND L=Normal AND Solar=Normal AND CO2=Normal AND E=Normal AND W=3,Acceptable,0.4020395717550797,1,1704,0.7674097408260856
Tin=Normal AND Hin=Dry AND Hout=Dry AND Solar=Normal AND CO2=Normal AND N=Low AND E=Normal AND W=3,Acceptable,0.3982537476917002,1,241,0.7644599295396028
Tin=Normal AND Hin=Dry AND L=Low AND Solar=High AND Wind=Medium AND N=High AND E=Normal AND W=3,Good,0.3585021169147118,1,1159,0.9387567918257687
Tin=Normal AND Hin=Dry AND L=Low AND Solar=Normal AND CO2=Low AND Wind=Low AND N=Normal AND W=3,Acceptable,0.3478009794494409,1,69,0.9999999999966505
Tin=Normal AND Hin=Dry AND L=Low AND Solar=Normal AND CO2=Normal AND Wind=Low AND N=Low AND W=3,Acceptable,0.4664713387128232,1,709,0.9423626604707219
Tin=Normal AND Hin=Dry AND L=Normal AND CO2=Normal AND Wind=High AND N=Normal AND E=Normal AND W=1,Acceptable,0.3506666910748941,1,1740,0.490388854928289
Tin=Normal AND Hin=Dry AND L=Normal AND Solar=Normal AND CO2=Normal AND Wind=Low AND E=Normal AND W=0,Acceptable,0.4634769112351902,1,390,0.9615290025587626
Tin=Normal AND Hin=Dry AND L=Normal AND Solar=Normal AND CO2=Normal AND Wind=Medium AND N=Low AND W=3,Good,0.3779024908348641,1,77,0.4936503436009382
Tin=Normal AND Hin=Dry AND Solar=Low AND CO2=Normal AND Wind=High AND N=Low AND E=Normal AND W=0,Acceptable,0.4207108246285679,1,496,0.9999999999966346
Tin=Normal AND Hin=Dry AND Solar=Low AND CO2=Normal AND Wind=Medium AND N=High AND E=Normal AND W=1,Acceptable,0.4751711087288589,1,1185,0.9964684638668098
Tin=Normal AND Hin=Normal AND Hout=Dry AND CO2=High AND Wind=Medium AND N=High AND E=Normal AND W=3,Good,0.3591672868718011,1,638,0.8164168656410239
Tin=Normal AND Hin=Normal AND Hout=Dry AND L=Low AND Solar=Normal AND CO2=Normal AND Wind=Medium AND W=3,Good,0.5074100337891476,1,1293,0.7627352616305549
Tin=Normal AND Hin=Normal AND Hout=Dry AND L=Low AND Solar=Normal AND Wind=Low AND N=High AND W=3,Good,0.3626700276145818,1,71,0.8328418911270711
Tin=Normal AND Hin=Normal AND Hout=Dry AND L=Normal AND Solar=Normal AND CO2=Normal AND E=Normal AND W=3,Good,0.5389398768946566,1,154,0.5315122558468586
Tin=Normal AND Hin=Normal AND Hout=Dry AND Solar=Low AND CO2=Normal AND Wind=Medium AND E=Normal AND W=0,Acceptable,0.3360289996915148,1,419,0.9892429973152308
Tin=Normal AND Hin=Normal AND Hout=Dry AND Solar=Normal AND CO2=Normal AND Wind=Low AND N=Low AND W=3,Acceptable,0.3662993091195953,1,557,0.36472124948121015
Tin=Normal AND Hin=Normal AND Hout=Normal AND CO2=High AND Wind=Medium AND N=Normal AND E=Normal AND W=0,Acceptable,0.3936360428128947,1,207,0.9479385162397986
Tin=Normal AND Hin=Normal AND Hout=Normal AND CO2=Low AND Wind=Low AND N=Low AND E=Normal AND W=3,Good,0.3895218165525736,1,51,0.9999999999972218
Tin=Normal AND Hin=Normal AND Hout=Normal AND CO2=Normal AND Wind=Medium AND N=High AND E=Normal AND W=3,Good,0.4812688496523044,1,1471,0.6913228373088992
Tin=Normal AND Hin=Normal AND Hout=Normal AND L=High AND CO2=Low AND Wind=Medium AND E=Normal AND W=1,Poor,0.3773946360153254,1,794,0.7501797096168431
Tin=Normal AND Hin=Normal AND Hout=Normal AND L=High AND CO2=Normal AND Wind=High AND N=High AND W=1,Acceptable,0.3739777730105724,1,217,0.9999999999947323
Tin=Normal AND Hin=Normal AND Hout=Normal AND L=High AND Solar=Low AND CO2=Normal AND E=Normal AND W=2,Poor,0.3696275961267605,1,27,0.8985859609430872
Tin=Normal AND Hin=Normal AND Hout=Normal AND L=High AND Solar=Low AND CO2=Normal AND E=Normal AND W=3,Acceptable,0.4037003322307402,1,36,0.7634613536097344
Tin=Normal AND Hin=Normal AND Hout=Normal AND L=Low AND CO2=High AND Wind=Medium AND E=Normal AND W=3,Acceptable,0.3773946360153254,1,1426,0.7384137376603778
Tin=Normal AND Hin=Normal AND Hout=Normal AND L=Low AND CO2=Normal AND Wind=Low AND N=High AND W=3,Good,0.5263312897416509,1,389,0.8782984091708801
Tin=Normal AND Hin=Normal AND Hout=Normal AND L=Low AND CO2=Normal AND Wind=Low AND N=Low AND W=3,Good,0.3822996708946289,2,1382,0.8238475409327863
Tin=Normal AND Hin=Normal AND Hout=Normal AND L=Low AND CO2=Normal AND Wind=Medium AND N=Low AND W=3,Good,0.4356646434866943,1,45,0.9200011431139811
Tin=Normal AND Hin=Normal AND Hout=Normal AND L=Low AND Solar=High AND CO2=Low AND N=Normal AND W=3,Good,0.3374675245363902,1,1331,0.7083294422273944
Tin=Normal AND Hin=Normal AND Hout=Normal AND L=Low AND Solar=High AND CO2=Normal AND E=Normal AND W=3,Good,0.3626281312215351,1,5,0.8848187725394983
Tin=Normal AND Hin=Normal AND Hout=Normal AND L=Low AND Solar=High AND CO2=Normal AND N=High AND W=3,Good,0.5656010634994694,1,59,0.8696209259196768
Tin=Normal AND Hin=Normal AND Hout=Normal AND L=Low AND Solar=High AND CO2=Normal AND N=Normal AND W=3,Good,0.4900558464089206,1,68,0.7997840017934826
Tin=Normal AND Hin=Normal AND Hout=Normal AND L=Low AND Solar=Normal AND CO2=Normal AND Wind=Low AND W=0,Acceptable,0.3773946360153258,1,1353,0.997808550654981
Tin=Normal AND Hin=Normal AND Hout=Normal AND L=Low AND Solar=Normal AND CO2=Normal AND Wind=Medium AND W=3,Good,0.5129872996529364,1,23,0.7755003062124443
Tin=Normal AND Hin=Normal AND Hout=Normal AND L=Low AND Wind=Low AND N=High AND E=Normal AND W=3,Good,0.3346822438213531,1,1698,0.8840300448731246
Tin=Normal AND Hin=Normal AND Hout=Normal AND L=Normal AND CO2=Low AND Wind=Low AND N=Low AND W=0,Acceptable,0.3750490284024861,1,1439,0.9415440263447843
Tin=Normal AND Hin=Normal AND Hout=Normal AND L=Normal AND CO2=Low AND Wind=Medium AND N=High AND W=0,Acceptable,0.4109898855873795,1,128,0.985338448385882
Tin=Normal AND Hin=Normal AND Hout=Normal AND L=Normal AND CO2=Normal AND N=High AND E=Normal AND W=0,Acceptable,0.4833692822001204,1,375,0.9343520557145081
Tin=Normal AND Hin=Normal AND Hout=Normal AND L=Normal AND CO2=Normal AND N=Low AND E=Normal AND W=3,Acceptable,0.3659585212586774,1,1114,0.30535978755168447
Tin=Normal AND Hin=Normal AND Hout=Normal AND L=Normal AND CO2=Normal AND Wind=High AND E=Normal AND W=1,Acceptable,0.5384538145912666,1,464,0.9520252078598428
Tin=Normal AND Hin=Normal AND Hout=Normal AND L=Normal AND CO2=Normal AND Wind=Low AND E=High AND W=0,Acceptable,0.4215684163715142,1,1768,0.8712342917819236
Tin=Normal AND Hin=Normal AND Hout=Normal AND L=Normal AND CO2=Normal AND Wind=Low AND E=Normal AND W=3,Good,0.3902187901949372,1,1182,0.7630961705824552
Tin=Normal AND Hin=Normal AND Hout=Normal AND L=Normal AND CO2=Normal AND Wind=Medium AND E=Normal AND W=0,Acceptable,0.553059860478154,2,147,0.9025617217874391
Tin=Normal AND Hin=Normal AND Hout=Normal AND L=Normal AND CO2=Normal AND Wind=Medium AND E=Normal AND W=3,Good,0.3906112024254451,1,1271,0.6730479670660872
Tin=Normal AND Hin=Normal AND Hout=Normal AND L=Normal AND Solar=High AND Wind=Medium AND E=Normal AND W=3,Good,0.3773946360153258,1,1156,0.6332623598209562
Tin=Normal AND Hin=Normal AND Hout=Normal AND L=Normal AND Solar=Low AND CO2=Normal AND N=Low AND W=1,Poor,0.536572994553427,1,539,0.28068779634530033
Tin=Normal AND Hin=Normal AND Hout=Normal AND L=Normal AND Solar=Low AND N=High AND E=High AND W=0,Acceptable,0.3575030741868175,1,594,0.7838949571943827
Tin=Normal AND Hin=Normal AND Hout=Normal AND L=Normal AND Solar=Low AND N=Low AND E=High AND W=1,Poor,0.4191780868877915,1,1596,0.9439349349792184
Tin=Normal AND Hin=Normal AND Hout=Normal AND L=Normal AND Solar=Low AND N=Normal AND E=Normal AND W=1,Acceptable,0.5255875764973961,1,181,0.9125284962098152
Tin=Normal AND Hin=Normal AND Hout=Normal AND L=Normal AND Solar=Low AND Wind=High AND E=Normal AND W=1,Acceptable,0.3773946360153258,1,1321,0.9420913944980572
Tin=Normal AND Hin=Normal AND Hout=Normal AND L=Normal AND Solar=Normal AND CO2=High AND E=Normal AND W=3,Acceptable,0.4622363417604603,1,1695,0.5957004580352863
Tin=Normal AND Hin=Normal AND Hout=Normal AND L=Normal AND Solar=Normal AND CO2=Normal AND E=Normal AND W=0,Acceptable,0.5391121258919578,1,136,0.9052243069005155
Tin=Normal AND Hin=Normal AND Hout=Normal AND L=Normal AND Solar=Normal AND N=Low AND E=Normal AND W=0,Acceptable,0.4276619964689844,1,662,0.8780482111536322
Tin=Normal AND Hin=Normal AND Hout=Normal AND L=Normal AND Solar=Normal AND N=Low AND E=Normal AND W=3,Good,0.4639803006298057,1,246,0.7102983010844007
Tin=Normal AND Hin=Normal AND Hout=Normal AND L=Normal AND Solar=Normal AND Wind=Low AND N=High AND W=3,Acceptable,0.348024136190453,1,1612,0.3856211674196047
Tin=Normal AND Hin=Normal AND Hout=Normal AND L=Normal AND Solar=Normal AND Wind=Medium AND N=Low AND W=0,Acceptable,0.5278760254340492,1,1732,0.8446071668285797
Tin=Normal AND Hin=Normal AND Hout=Normal AND L=Normal AND Wind=Low AND N=Low AND E=Normal AND W=0,Acceptable,0.3978423686573594,1,1499,0.8875691652029113
Tin=Normal AND Hin=Normal AND Hout=Normal AND L=Normal AND Wind=Medium AND N=Normal AND E=Normal AND W=0,Acceptable,0.3773946360153258,1,110,0.9216996137650032
Tin=Normal AND Hin=Normal AND Hout=Normal AND L=Normal AND Wind=Medium AND N=Normal AND E=Normal AND W=1,Acceptable,0.5533707086307139,1,776,0.8891528739098074
Tin=Normal AND Hin=Normal AND Hout=Normal AND Solar=High AND CO2=Normal AND Wind=Low AND E=Normal AND W=3,Good,0.3743270483254731,1,267,0.8692227477406966
Tin=Normal AND Hin=Normal AND Hout=Normal AND Solar=Low AND CO2=High AND Wind=Medium AND N=High AND W=1,Poor,0.3720556362978197,1,134,0.6809048296743418
Tin=Normal AND Hin=Normal AND Hout=Normal AND Solar=Low AND CO2=Normal AND Wind=Medium AND E=Normal AND W=0,Acceptable,0.5209342299582645,1,667,0.9293205116026364
Tin=Normal AND Hin=Normal AND Hout=Normal AND Solar=Low AND CO2=Normal AND Wind=Medium AND E=Normal AND W=1,Acceptable,0.559549104332851,1,374,0.8882445618490356
Tin=Normal AND Hin=Normal AND Hout=Normal AND Solar=Normal AND CO2=Normal AND N=High AND E=Normal AND W=0,Acceptable,0.4638699507660158,1,117,0.9355068899686123
Tin=Normal AND Hin=Normal AND Hout=Normal AND Solar=Normal AND Wind=Low AND N=Low AND E=Normal AND W=0,Acceptable,0.3705493562891648,1,635,0.9158121967734265
Tin=Normal AND Hin=Normal AND Hout=Normal AND Solar=Normal AND Wind=Medium AND N=Low AND E=Normal AND W=0,Acceptable,0.3602704622322911,1,1272,0.894748278100577
Tin=Normal AND Hin=Normal AND Hout=Normal AND Solar=Normal AND Wind=Medium AND N=Normal AND E=Normal AND W=0,Acceptable,0.3370495410476623,1,932,0.9161110008262938
Tin=Normal AND Hin=Normal AND Hout=Normal AND Solar=Normal AND Wind=Medium AND N=Normal AND E=Normal AND W=3,Acceptable,0.4908100495634561,2,919,0.33606193478171476
Tin=Normal AND Hin=Normal AND Hout=Wet AND Solar=Low AND CO2=Normal AND N=Normal AND E=High AND W=1,Acceptable,0.3495369078699306,1,952,0.746216088046501
Tin=Normal AND Hin=Normal AND L=High AND Solar=Low AND CO2=High AND Wind=High AND N=Normal AND W=1,Poor,0.5919135770852872,1,393,0.9999999999985925
Tin=Normal AND Hin=Normal AND L=High AND Solar=Low AND CO2=Normal AND N=Low AND E=High AND W=2,Poor,0.4248705356681754,1,863,0.999999999997246
Tin=Normal AND Hin=Normal AND L=High AND Solar=Low AND Wind=Medium AND N=Low AND E=High AND W=1,Poor,0.3809796338127711,1,739,0.9304888756396962
Tin=Normal AND Hin=Normal AND L=Low AND CO2=Normal AND Wind=Medium AND N=High AND E=Normal AND W=3,Good,0.6335030824859813,1,721,0.7567757448124259
Tin=Normal AND Hin=Normal AND L=Low AND Solar=High AND Wind=Low AND N=High AND E=Normal AND W=3,Good,0.3742787864665919,1,1385,0.9096086510404573
Tin=Normal AND Hin=Normal AND L=Normal AND CO2=Low AND Wind=Medium AND N=High AND E=Normal AND W=0,Acceptable,0.4493606959156891,1,816,0.9924726001030695
Tin=Normal AND Hin=Normal AND L=Normal AND CO2=Normal AND Wind=Low AND N=Normal AND E=Normal AND W=0,Acceptable,0.3841543378105191,1,142,0.9300425735641432
Tin=Normal AND Hin=Normal AND L=Normal AND Solar=Low AND CO2=Normal AND Wind=High AND N=High AND W=2,Poor,0.3770191198810834,1,153,0.9999999999974507
Tin=Normal AND Hin=Normal AND L=Normal AND Solar=Low AND CO2=Normal AND Wind=High AND N=Low AND W=1,Acceptable,0.3685649184037676,1,1376,0.8594731396393847
Tin=Normal AND Hin=Normal AND L=Normal AND Solar=Low AND Wind=Medium AND N=Normal AND E=Normal AND W=1,Acceptable,0.3716480097330858,1,316,0.9190832592199992
Tin=Normal AND Hin=Normal AND L=Normal AND Solar=Normal AND CO2=Low AND Wind=Medium AND E=High AND W=0,Poor,0.4014494816065777,1,1355,0.22484160925609917
Tin=Normal AND Hin=Normal AND L=Normal AND Solar=Normal AND CO2=Normal AND N=Normal AND E=Normal AND W=3,Good,0.4731800766283523,1,106,0.7160578599535083
Tin=Normal AND Hin=Normal AND L=Normal AND Solar=Normal AND Wind=Low AND N=High AND E=Normal AND W=3,Good,0.4811491432098929,1,1619,0.6448911134374782
Tin=Normal AND Hin=Normal AND L=Normal AND Solar=Normal AND Wind=Low AND N=Normal AND E=Normal AND W=0,Acceptable,0.3808206550406814,1,991,0.946400107332615
Tin=Normal AND Hin=Normal AND L=Normal AND Solar=Normal AND Wind=Medium AND N=High AND E=Normal AND W=3,Acceptable,0.6215885223684088,2,1562,0.4745850093125702
Tin=Normal AND Hin=Normal AND L=Normal AND Solar=Normal AND Wind=Medium AND N=Low AND E=Normal AND W=3,Good,0.5160556289070394,2,283,0.7214876174741068
Tin=Normal AND Hin=Normal AND Solar=Low AND CO2=Normal AND Wind=Medium AND N=Low AND E=Normal AND W=1,Acceptable,0.4751067579713855,1,333,0.8102241745277298
Tin=Normal AND Hin=Normal AND Solar=Low AND CO2=Normal AND Wind=Medium AND N=Low AND E=Normal AND W=2,Poor,0.4477072618371319,1,1283,0.9999999999981838
Tin=Normal AND Hin=Normal AND Solar=Low AND CO2=Normal AND Wind=Medium AND N=Normal AND E=High AND W=0,Acceptable,0.3689371963664937,1,1087,0.9050752365746905
Tin=Normal AND Hin=Normal AND Solar=Normal AND CO2=High AND Wind=Medium AND N=Normal AND E=Normal AND W=3,Acceptable,0.3520054919300114,1,792,0.6529459136411556
Tin=Normal AND Hin=Wet AND Hout=Normal AND L=Normal AND Solar=Normal AND Wind=Medium AND N=High AND W=0,Acceptable,0.3433450419180435,1,229,0.9831034983857856
Tin=Normal AND Hin=Wet AND Hout=Wet AND L=Low AND Solar=High AND CO2=Low AND N=Low AND W=3,Good,0.4190632764278342,1,262,0.9999999999970215
Tin=Normal AND Hin=Wet AND Hout=Wet AND L=Low AND Solar=Normal AND CO2=Low AND N=High AND W=3,Acceptable,0.3464544520555458,1,1451,0.9999999999972665
Tin=Normal AND Hin=Wet AND Hout=Wet AND L=Normal AND CO2=Low AND Wind=Low AND E=Normal AND W=0,Poor,0.4731800766283523,1,1605,0.9911227656348275
Tin=Normal AND Hin=Wet AND Hout=Wet AND L=Normal AND CO2=Normal AND Wind=Low AND N=Low AND W=1,Acceptable,0.4404889547192053,1,1621,0.9999999999971714
Tin=Normal AND Hin=Wet AND Hout=Wet AND L=Normal AND CO2=Normal AND Wind=Medium AND E=Normal AND W=1,Acceptable,0.3773946360153254,1,518,0.8061531553070894
Tin=Normal AND Hin=Wet AND Hout=Wet AND L=Normal AND Solar=Normal AND CO2=Normal AND Wind=Low AND W=0,Acceptable,0.4367816091954026,1,271,0.9731632878381202
Tin=Normal AND Hin=Wet AND Hout=Wet AND Solar=Low AND CO2=High AND Wind=Medium AND E=Normal AND W=1,Acceptable,0.3773946360153258,1,20,0.17351304208659551
Tin=Normal AND Hin=Wet AND L=Low AND Solar=High AND CO2=Normal AND Wind=Medium AND N=High AND W=3,Acceptable,0.3899995082652276,1,1632,0.43901162529497734
Tin=Normal AND Hin=Wet AND L=Low AND Solar=Normal AND CO2=High AND N=Normal AND E=Normal AND W=0,Acceptable,0.4376181531616732,1,1505,0.9999999999970924
Tin=Normal AND Hin=Wet AND L=Normal AND Solar=Low AND CO2=Low AND N=High AND E=Normal AND W=0,Acceptable,0.3385540018244695,1,1163,0.8076087834489868
Tin=Normal AND Hin=Wet AND Solar=Low AND CO2=Normal AND Wind=Medium AND N=Low AND E=Normal AND W=1,Acceptable,0.3391187563086124,1,1278,0.8902162984178646
Tin=Normal AND Hout=Dry AND L=Low AND Solar=High AND CO2=Low AND N=Normal AND E=Normal AND W=3,Acceptable,0.5074395604026507,1,735,0.9733062453450883
Tin=Normal AND Hout=Dry AND L=Low AND Solar=High AND CO2=Normal AND Wind=Low AND N=Normal AND W=3,Good,0.4179671295549063,1,772,0.7988827938522222
Tin=Normal AND Hout=Dry AND L=Normal AND Solar=Normal AND CO2=Normal AND Wind=Low AND N=Low AND W=3,Good,0.5554142560581272,1,1142,0.6063394960951799
Tin=Normal AND Hout=Dry AND L=Normal AND Solar=Normal AND CO2=Normal AND Wind=Medium AND N=Normal AND W=3,Acceptable,0.4471145541956801,1,266,0.5783213747863297
Tin=Normal AND Hout=Dry AND Solar=Normal AND CO2=Normal AND Wind=High AND N=Low AND E=Normal AND W=0,Acceptable,0.3592127252639682,1,161,0.9999999999809436
Tin=Normal AND Hout=Normal AND L=High AND Solar=Low AND CO2=High AND N=High AND E=Normal AND W=1,Acceptable,0.4372284016882861,1,770,0.9736616993452885
Tin=Normal AND Hout=Normal AND L=Low AND Solar=High AND Wind=Medium AND N=High AND E=Normal AND W=3,Good,0.3452783937331085,1,645,0.7907700344724248
Tin=Normal AND Hout=Normal AND L=Low AND Solar=Normal AND CO2=Normal AND Wind=Low AND N=Normal AND W=3,Good,0.4731800766283523,1,257,0.6451383916965334
Tin=Normal AND Hout=Normal AND L=Low AND Solar=Normal AND CO2=Normal AND Wind=Medium AND E=Normal AND W=0,Acceptable,0.4321529568298052,1,406,0.967141630122455
Tin=Normal AND Hout=Normal AND L=Low AND Solar=Normal AND CO2=Normal AND Wind=Medium AND E=Normal AND W=3,Good,0.3448153292818794,1,522,0.7687299050970805
Tin=Normal AND Hout=Normal AND L=Low AND Solar=Normal AND CO2=Normal AND Wind=Medium AND N=High AND W=0,Acceptable,0.3491260146815741,1,1047,0.9823384728672794
Tin=Normal AND Hout=Normal AND L=Normal AND CO2=High AND Wind=Medium AND N=Low AND E=Normal AND W=3,Acceptable,0.3435027114748191,1,871,0.43393465643227064
Tin=Normal AND Hout=Normal AND L=Normal AND CO2=Normal AND Wind=Medium AND N=High AND E=Normal AND W=0,Acceptable,0.4568067711366588,2,1578,0.9438383099024213
Tin=Normal AND Hout=Normal AND L=Normal AND Solar=Low AND CO2=Normal AND Wind=Medium AND E=High AND W=1,Poor,0.3472998641988699,1,960,0.9280832337295147
Tin=Normal AND Hout=Normal AND L=Normal AND Solar=Low AND Wind=Medium AND N=Low AND E=Normal AND W=1,Acceptable,0.3821161824465747,1,460,0.8017866039639743
Tin=Normal AND Hout=Normal AND L=Normal AND Solar=Normal AND CO2=Low AND N=High AND E=Normal AND W=3,Acceptable,0.619981644695237,1,1296,0.658229984134102
Tin=Normal AND Hout=Normal AND L=Normal AND Solar=Normal AND CO2=Normal AND N=Normal AND E=Normal AND W=3,Good,0.3429636240468169,1,915,0.7180913685067202
Tin=Normal AND Hout=Normal AND L=Normal AND Solar=Normal AND Wind=Low AND N=Low AND E=Normal AND W=0,Acceptable,0.3868584217392387,1,1452,0.924307537508006
Tin=Normal AND Hout=Normal AND L=Normal AND Solar=Normal AND Wind=Low AND N=Normal AND E=Normal AND W=0,Acceptable,0.5534815537346159,1,15,0.944282380203748
Tin=Normal AND Hout=Normal AND L=Normal AND Solar=Normal AND Wind=Medium AND N=Low AND E=Low AND W=0,Acceptable,0.3813841739101188,1,918,0.8991359008641251
Tin=Normal AND Hout=Normal AND L=Normal AND Solar=Normal AND Wind=Medium AND N=Low AND E=Normal AND W=0,Acceptable,0.4241964134233999,1,1208,0.8828030326183204
Tin=Normal AND Hout=Normal AND Solar=Low AND CO2=Low AND Wind=Low AND N=Normal AND E=Normal AND W=0,Acceptable,0.3714778202195093,1,327,0.9826566538399456
Tin=Normal AND Hout=Normal AND Solar=Low AND CO2=Normal AND Wind=High AND N=High AND E=Normal AND W=2,Poor,0.3396112273198253,1,616,0.9999999999967517
Tin=Normal AND Hout=Normal AND Solar=Low AND CO2=Normal AND Wind=Medium AND N=Low AND E=High AND W=2,Poor,0.4303515044548908,1,1251,0.9999999999975431
Tin=Normal AND Hout=Normal AND Solar=Normal AND CO2=Low AND Wind=Low AND N=Low AND E=Normal AND W=3,Good,0.4791966760472289,1,111,0.9999999999968564
Tin=Normal AND Hout=Normal AND Solar=Normal AND CO2=Normal AND Wind=Low AND N=High AND E=Normal AND W=3,Good,0.4969518190108273,1,178,0.7803096596621198
Tin=Normal AND Hout=Wet AND L=High AND Solar=Low AND CO2=Normal AND N=Low AND E=Normal AND W=3,Acceptable,0.3961954252608525,1,1490,0.9848369543864592
Tin=Normal AND Hout=Wet AND L=High AND Solar=Low AND CO2=Normal AND Wind=High AND E=Normal AND W=1,Acceptable,0.4284001632853702,1,658,0.997300947618228
Tin=Normal AND Hout=Wet AND L=High AND Solar=Low AND CO2=Normal AND Wind=High AND N=High AND W=2,Poor,0.3750681737937714,1,61,0.9999999999945604
Tin=Normal AND Hout=Wet AND L=Low AND Solar=High AND Wind=Low AND N=Normal AND E=Normal AND W=3,Good,0.395188501851962,1,665,0.9981390953225049
Tin=Normal AND Hout=Wet AND L=Normal AND CO2=Low AND Wind=Medium AND N=High AND E=Normal AND W=0,Acceptable,0.4638521948207198,1,1228,0.9437365209448162
Tin=Normal AND Hout=Wet AND L=Normal AND CO2=Low AND Wind=Medium AND N=Normal AND E=Normal AND W=1,Acceptable,0.3840309038955792,1,201,0.8801104416035881
Tin=Normal AND Hout=Wet AND L=Normal AND Solar=Low AND CO2=High AND Wind=High AND N=Low AND W=2,Poor,0.586485683779774,1,1351,0.9999999999989733
Tin=Normal AND Hout=Wet AND L=Normal AND Solar=Low AND CO2=Normal AND N=High AND E=Normal AND W=2,Poor,0.4149101076706802,1,707,0.8203999731450552
Tin=Normal AND Hout=Wet AND L=Normal AND Solar=Low AND CO2=Normal AND N=Low AND E=Normal AND W=1,Acceptable,0.4417045981175224,1,1258,0.9356882244593068
Tin=Normal AND Hout=Wet AND L=Normal AND Solar=Low AND Wind=High AND N=Low AND E=Normal AND W=2,Poor,0.3724363685885146,1,642,0.9999999999990505
Tin=Normal AND Hout=Wet AND L=Normal AND Solar=Normal AND Wind=Medium AND N=High AND E=High AND W=0,Acceptable,0.3754452905546661,1,1478,0.9037337793529027
Tin=Normal AND Hout=Wet AND Solar=Low AND CO2=High AND Wind=Medium AND N=Low AND E=Normal AND W=1,Poor,0.436781609195402,1,783,0.7525250722255963
Tin=Normal AND L=Low AND Solar=High AND CO2=Normal AND Wind=Medium AND N=Low AND E=Normal AND W=3,Good,0.3482816031206678,1,279,0.7443324150226124
Tin=Normal AND L=Low AND Solar=High AND CO2=Normal AND Wind=Medium AND N=Normal AND E=Normal AND W=3,Good,0.4664033284704978,1,628,0.8328979329163795
Tin=Normal AND L=Low AND Solar=Normal AND CO2=Normal AND Wind=Low AND N=Normal AND E=Normal AND W=3,Good,0.4067917056904783,1,858,0.7039742393865756
Tin=Normal AND L=Normal AND Solar=Low AND CO2=Normal AND Wind=Medium AND N=High AND E=High AND W=2,Poor,0.3513000648414798,1,1336,0.999999999997672
Tin=Normal AND L=Normal AND Solar=Low AND CO2=Normal AND Wind=Medium AND N=High AND E=Low AND W=1,Acceptable,0.4425477347962393,1,902,0.99999999999779
Tin=Normal AND L=Normal AND Solar=Low AND CO2=Normal AND Wind=Medium AND N=High AND E=Normal AND W=0,Acceptable,0.5881565891944147,1,697,0.9836430808852648
Tin=Normal AND L=Normal AND Solar=Low AND CO2=Normal AND Wind=Medium AND N=High AND E=Normal AND W=2,Acceptable,0.3784141814313872,1,188,0.4886278620574383
Tin=Normal AND L=Normal AND Solar=Low AND CO2=Normal AND Wind=Medium AND N=Low AND E=Normal AND W=1,Acceptable,0.3920457339983686,1,713,0.850840582698303
Tin=Normal AND L=Normal AND Solar=Low AND CO2=Normal AND Wind=Medium AND N=Normal AND E=Normal AND W=1,Acceptable,0.580957308394782,1,1022,0.8913958321031874
Tin=Normal AND L=Normal AND Solar=Normal AND CO2=Low AND Wind=Medium AND N=Normal AND E=Normal AND W=0,Acceptable,0.3509605001386142,1,1720,0.9300401716268406
Tin=Normal AND L=Normal AND Solar=Normal AND CO2=Normal AND Wind=Low AND N=Normal AND E=Normal AND W=3,Good,0.5162856212020485,1,129,0.7251185513462084
Tin=Normal AND L=Normal AND Solar=Normal AND CO2=Normal AND Wind=Medium AND N=Normal AND E=Normal AND W=3,Good,0.3384366592844676,1,1350,0.6203496534122694
Tin=Normal AND Tout=Cold AND Hin=Normal AND CO2=Normal AND Wind=Low AND N=Low AND E=Normal AND W=0,Acceptable,0.335600820911124,1,118,0.9999999999967304
Tin=Normal AND Tout=Cold AND Hin=Normal AND Hout=Normal AND CO2=Normal AND N=Low AND E=High AND W=0,Acceptable,0.3441549042079683,1,1148,0.7475491702297015
Tin=Normal AND Tout=Cold AND Hin=Normal AND Hout=Normal AND CO2=Normal AND Wind=Medium AND N=Normal AND W=3,Good,0.4581762811202682,1,1528,0.3892432478200587
Tin=Normal AND Tout=Cold AND Hin=Normal AND Hout=Normal AND L=Low AND CO2=Normal AND N=High AND W=3,Acceptable,0.4348450116405467,1,1211,0.6879202708825473
Tin=Normal AND Tout=Cold AND Hin=Normal AND Hout=Normal AND L=Low AND Solar=Normal AND E=High AND W=3,Acceptable,0.4003562184842556,1,337,0.9999999999989078
Tin=Normal AND Tout=Cold AND Hin=Normal AND Hout=Normal AND L=Low AND Wind=Medium AND N=Low AND W=3,Acceptable,0.3675208253502359,1,901,0.9097196769603739
Tin=Normal AND Tout=Cold AND Hin=Normal AND Hout=Normal AND L=Normal AND CO2=Normal AND N=Low AND W=1,Acceptable,0.3658858759131481,1,455,0.2656348553356425
Tin=Normal AND Tout=Cold AND Hin=Normal AND Hout=Normal AND L=Normal AND CO2=Normal AND Wind=Medium AND W=1,Poor,0.3414620290132505,1,567,0.6940006748851009
Tin=Normal AND Tout=Cold AND Hin=Normal AND Hout=Normal AND L=Normal AND CO2=Normal AND Wind=Medium AND W=3,Acceptable,0.47721189979707,1,542,0.707616283199836
Tin=Normal AND Tout=Cold AND Hin=Normal AND Hout=Normal AND L=Normal AND N=Low AND E=High AND W=0,Poor,0.377617221388668,1,1581,0.4604634748223827
Tin=Normal AND Tout=Cold AND Hin=Normal AND Hout=Normal AND L=Normal AND Solar=Normal AND Wind=Medium AND W=3,Acceptable,0.400882665541265,1,584,0.7878541283575107
Tin=Normal AND Tout=Cold AND Hin=Normal AND Hout=Normal AND Solar=Normal AND CO2=Low AND Wind=Low AND W=0,Acceptable,0.3407181450588698,1,495,0.999999999997159
Tin=Normal AND Tout=Cold AND Hin=Normal AND Hout=Normal AND Solar=Normal AND CO2=Normal AND N=Normal AND W=0,Acceptable,0.3686774017317406,1,29,0.7952146610408815
Tin=Normal AND Tout=Cold AND Hin=Normal AND Hout=Normal AND Solar=Normal AND CO2=Normal AND Wind=Medium AND W=0,Acceptable,0.5743872302880488,1,339,0.8662625997475721
Tin=Normal AND Tout=Cold AND Hin=Normal AND Hout=Normal AND Solar=Normal AND CO2=Normal AND Wind=Medium AND W=3,Acceptable,0.4731800766283523,1,60,0.7697035084753311
Tin=Normal AND Tout=Cold AND Hin=Normal AND Hout=Normal AND Solar=Normal AND N=High AND E=High AND W=3,Acceptable,0.4123758398352674,1,1586,0.9999999999991341
Tin=Normal AND Tout=Cold AND Hin=Normal AND Hout=Normal AND Solar=Normal AND Wind=Low AND E=High AND W=3,Acceptable,0.4250860111469199,1,810,0.9443358803350004
Tin=Normal AND Tout=Cold AND Hin=Normal AND Hout=Wet AND L=Normal AND N=Normal AND E=Normal AND W=1,Acceptable,0.3865952044869255,1,884,0.7686461479031539
Tin=Normal AND Tout=Cold AND Hin=Normal AND L=Low AND Solar=Normal AND CO2=Normal AND Wind=Medium AND W=0,Acceptable,0.3663213930244158,1,183,0.9778139959773117
Tin=Normal AND Tout=Cold AND Hin=Normal AND L=Normal AND CO2=Low AND Wind=Low AND N=Low AND W=0,Acceptable,0.4381481381446027,1,487,0.9999999999968571
Tin=Normal AND Tout=Cold AND Hin=Normal AND Solar=Normal AND CO2=Normal AND Wind=Medium AND N=High AND W=3,Acceptable,0.4589193405410758,1,731,0.8978196975548804
Tin=Normal AND Tout=Cold AND Hin=Wet AND L=Normal AND Wind=Medium AND N=Low AND E=High AND W=1,Poor,0.3504615654326712,1,726,0.9542840439091409
Tin=Normal AND Tout=Cold AND Hin=Wet AND Solar=Low AND CO2=High AND Wind=Medium AND N=High AND W=2,Poor,0.3850184557265385,1,1613,0.9999999999901305
Tin=Normal AND Tout=Cold AND Hout=Dry AND L=Normal AND Solar=Normal AND N=High AND E=High AND W=3,Acceptable,0.350500631246539,1,997,0.9999999999972783
Tin=Normal AND Tout=Cold AND Hout=Normal AND L=Normal AND Solar=Normal AND CO2=High AND E=High AND W=3,Acceptable,0.4006370804860914,1,1728,0.9839303125728884
Tin=Normal AND Tout=Cold AND Hout=Wet AND L=High AND Solar=Low AND CO2=Low AND N=High AND W=1,Poor,0.3717294763636686,1,937,0.999999999997417
Tin=Normal AND Tout=Cold AND Hout=Wet AND L=Normal AND CO2=High AND N=High AND E=High AND W=1,Poor,0.3925007856759773,1,1395,0.9999999999984037
Tin=Normal AND Tout=Cold AND L=Low AND Solar=High AND CO2=Normal AND Wind=Medium AND E=High AND W=3,Acceptable,0.3748391371117122,1,674,0.9999999999982828
Tin=Normal AND Tout=Cold AND L=Low AND Solar=Normal AND Wind=Medium AND N=High AND E=High AND W=3,Acceptable,0.3408106900473823,2,1327,0.9999999999988852
Tin=Normal AND Tout=Cold AND L=Normal AND CO2=Normal AND Wind=Medium AND N=High AND E=High AND W=0,Acceptable,0.4180831898537511,1,1207,0.9282008488090174
Tin=Normal AND Tout=Cold AND L=Normal AND Solar=Low AND CO2=Normal AND Wind=Low AND E=High AND W=1,Poor,0.3633011884095368,1,1328,0.5211291168691775
Tin=Normal AND Tout=Cold AND L=Normal AND Solar=Low AND CO2=Normal AND Wind=Medium AND N=High AND W=2,Poor,0.354434013844141,1,581,0.9999999999973375
Tin=Normal AND Tout=Cold AND L=Normal AND Solar=Low AND Wind=Medium AND N=High AND E=High AND W=1,Poor,0.408320779993541,1,1135,0.9747243709360521
Tin=Normal AND Tout=Cold AND L=Normal AND Solar=Normal AND CO2=High AND Wind=Medium AND E=Normal AND W=3,Acceptable,0.3359938069819702,1,864,0.8012484569198932
Tin=Normal AND Tout=Cold AND L=Normal AND Solar=Normal AND CO2=Normal AND Wind=Low AND N=High AND W=3,Acceptable,0.3769771117708476,1,92,0.8805895741196115
Tin=Normal AND Tout=Cold AND L=Normal AND Solar=Normal AND Wind=Medium AND N=High AND E=Normal AND W=1,Acceptable,0.3753870824868233,1,1469,0.7555058637303802
Tin=Normal AND Tout=Cold AND Solar=Normal AND CO2=Normal AND Wind=Low AND N=Low AND E=Normal AND W=0,Acceptable,0.3707961289945307,1,1761,0.9999999999969053
Tin=Normal AND Tout=Cold AND Solar=Normal AND CO2=Normal AND Wind=Medium AND N=High AND E=Normal AND W=0,Acceptable,0.3358615688792827,1,976,0.9997268856098546
Tin=Normal AND Tout=Hot AND Hin=Dry AND L=Normal AND Solar=Normal AND CO2=Normal AND Wind=Medium AND W=3,Acceptable,0.3623487360921988,1,413,0.7250820982256383
Tin=Normal AND Tout=Hot AND Hin=Normal AND Hout=Normal AND CO2=Normal AND N=Normal AND E=High AND W=3,Acceptable,0.36613958415106,1,621,0.9162508990662647
Tin=Normal AND Tout=Hot AND Hin=Normal AND Hout=Normal AND CO2=Normal AND Wind=Low AND E=High AND W=3,Acceptable,0.3773946360153254,1,1708,0.9887610118979847
Tin=Normal AND Tout=Hot AND Hin=Normal AND Hout=Normal AND CO2=Normal AND Wind=Medium AND N=High AND W=0,Acceptable,0.3584617768138887,1,499,0.9978331603402826
Tin=Normal AND Tout=Hot AND Hin=Normal AND Hout=Normal AND CO2=Normal AND Wind=Medium AND N=Low AND W=3,Good,0.512384419028719,1,700,0.6316093997046203
Tin=Normal AND Tout=Hot AND Hin=Normal AND Hout=Normal AND L=High AND CO2=Normal AND Wind=Medium AND W=0,Acceptable,0.3452661683448274,1,442,0.9958682847240276
Tin=Normal AND Tout=Hot AND Hin=Normal AND Hout=Normal AND L=Low AND CO2=High AND N=Low AND W=3,Good,0.4327448557137899,1,815,0.9309431214362652
Tin=Normal AND Tout=Hot AND Hin=Normal AND Hout=Normal AND L=Low AND CO2=Normal AND Wind=Low AND W=3,Acceptable,0.5689655172413794,1,930,0.6232170913224103
Tin=Normal AND Tout=Hot AND Hin=Normal AND Hout=Normal AND L=Low AND Wind=Low AND E=Normal AND W=3,Good,0.3507347563302584,1,1312,0.5737693244649053
Tin=Normal AND Tout=Hot AND Hin=Normal AND Hout=Normal AND L=Normal AND CO2=Normal AND E=High AND W=1,Poor,0.3450539899924376,1,294,0.9636867702689703
Tin=Normal AND Tout=Hot AND Hin=Normal AND Hout=Normal AND L=Normal AND CO2=Normal AND N=Normal AND W=0,Acceptable,0.5729168469370023,1,654,0.9349492028561764
Tin=Normal AND Tout=Hot AND Hin=Normal AND Hout=Normal AND L=Normal AND CO2=Normal AND Wind=Medium AND W=3,Acceptable,0.5689655172413791,1,775,0.6934199628310443
Tin=Normal AND Tout=Hot AND Hin=Normal AND Hout=Normal AND L=Normal AND N=Normal AND E=High AND W=1,Poor,0.4193861863925939,1,992,0.9999999999981574
Tin=Normal AND Tout=Hot AND Hin=Normal AND Hout=Normal AND L=Normal AND Solar=Low AND N=Low AND W=2,Poor,0.3941816131444918,1,768,0.9999999999941284
Tin=Normal AND Tout=Hot AND Hin=Normal AND Hout=Normal AND Solar=Low AND CO2=Normal AND N=Normal AND W=2,Poor,0.3631843128762377,1,912,0.9999999999944538
Tin=Normal AND Tout=Hot AND Hin=Normal AND Hout=Normal AND Solar=Normal AND CO2=Low AND Wind=Medium AND W=0,Acceptable,0.4731800766283523,1,1463,0.9999763608973983
Tin=Normal AND Tout=Hot AND Hin=Normal AND Hout=Normal AND Solar=Normal AND N=Normal AND E=High AND W=0,Acceptable,0.4731800766283523,1,462,0.9559060980468401
Tin=Normal AND Tout=Hot AND Hin=Normal AND Hout=Normal AND Solar=Normal AND N=Normal AND E=High AND W=3,Acceptable,0.4356680104890221,2,1166,0.9560875287981768
Tin=Normal AND Tout=Hot AND Hin=Normal AND L=High AND Solar=Low AND Wind=Medium AND N=Normal AND W=0,Acceptable,0.6792879001934847,1,740,0.9995887522083657
Tin=Normal AND Tout=Hot AND Hin=Normal AND L=Low AND CO2=Normal AND N=High AND E=Normal AND W=3,Acceptable,0.4902732194515484,1,164,0.43994630675098156
Tin=Normal AND Tout=Hot AND Hin=Normal AND L=Low AND CO2=Normal AND Wind=Low AND N=Low AND W=3,Acceptable,0.4170355346613648,1,230,0.7424954236732849
Tin=Normal AND Tout=Hot AND Hin=Normal AND L=Low AND Solar=High AND N=Normal AND E=Normal AND W=3,Good,0.4063853041896803,1,517,0.8378717303047433
Tin=Normal AND Tout=Hot AND Hin=Normal AND Solar=Low AND CO2=Normal AND Wind=Medium AND N=Low AND W=1,Acceptable,0.3375917978902967,1,1412,0.982500252325107
Tin=Normal AND Tout=Hot AND Hin=Normal AND Solar=Low AND Wind=Medium AND N=Normal AND E=Normal AND W=1,Acceptable,0.3972649661661332,1,1527,0.9575320977936997
Tin=Normal AND Tout=Hot AND Hin=Wet AND Hout=Wet AND CO2=Normal AND N=Normal AND E=Normal AND W=0,Acceptable,0.3874054137091191,1,1199,0.8089884771131753
Tin=Normal AND Tout=Hot AND Hin=Wet AND L=Low AND CO2=Normal AND Wind=Medium AND N=High AND W=3,Acceptable,0.3645635157819661,1,579,0.7644101088844675
Tin=Normal AND Tout=Hot AND Hout=Dry AND L=Low AND CO2=Normal AND N=High AND E=Normal AND W=3,Acceptable,0.4899497430038702,1,1337,0.9155585689612475
Tin=Normal AND Tout=Hot AND Hout=Normal AND L=Low AND Solar=High AND CO2=Normal AND N=Low AND W=3,Acceptable,0.3834103020475343,1,803,0.49861750543637423
Tin=Normal AND Tout=Hot AND Hout=Normal AND L=Normal AND CO2=Normal AND Wind=Low AND E=Normal AND W=0,Acceptable,0.4294938895514448,1,1629,0.9262665810874043
Tin=Normal AND Tout=Hot AND Hout=Normal AND L=Normal AND CO2=Normal AND Wind=Low AND E=Normal AND W=3,Acceptable,0.5348766009893259,1,856,0.33776589123572454
Tin=Normal AND Tout=Hot AND Hout=Normal AND L=Normal AND Solar=Low AND CO2=High AND Wind=Medium AND W=1,Poor,0.4067433179514725,1,1484,0.8997969222802379
Tin=Normal AND Tout=Hot AND Hout=Normal AND L=Normal AND Solar=Normal AND CO2=Low AND Wind=Low AND W=3,Good,0.463302568326467,1,572,0.7815848016330483
Tin=Normal AND Tout=Hot AND L=Low AND Solar=High AND CO2=Low AND Wind=Low AND E=Normal AND W=3,Good,0.3947672628788359,1,270,0.988497713627714
Tin=Normal AND Tout=Hot AND L=Low AND Solar=High AND CO2=Normal AND N=High AND E=Normal AND W=3,Good,0.345865836422799,1,675,0.609132073052445
Tin=Normal AND Tout=Hot AND L=Normal AND CO2=Normal AND Wind=Low AND N=Normal AND E=High AND W=0,Acceptable,0.3464116371370668,1,1196,0.9999999999957647
Tin=Normal AND Tout=Hot AND L=Normal AND CO2=Normal AND Wind=Medium AND N=High AND E=Normal AND W=1,Acceptable,0.4258290720345348,1,1434,0.9743566151991849
Tin=Normal AND Tout=Hot AND L=Normal AND Solar=Normal AND CO2=Normal AND Wind=Medium AND N=High AND W=3,Acceptable,0.5591142710885753,1,40,0.8631163149019677
Tin=Normal AND Tout=Hot AND Solar=Normal AND CO2=Normal AND Wind=Medium AND N=High AND E=Normal AND W=0,Acceptable,0.3432140700693357,1,1105,0.9932705582936546
Tin=Normal AND Tout=Normal AND Hin=Dry AND CO2=Normal AND Wind=Medium AND N=Low AND E=Low AND W=3,Good,0.3789280153596887,1,1297,0.3876431924833782
Tin=Normal AND Tout=Normal AND Hin=Dry AND Hout=Dry AND L=Low AND Solar=Normal AND N=High AND W=3,Acceptable,0.3923019174869338,1,205,0.68847376755429
Tin=Normal AND Tout=Normal AND Hin=Dry AND Hout=Dry AND L=Normal AND CO2=Normal AND Wind=Low AND W=3,Acceptable,0.3497721201686074,1,1594,0.7005591999164078
Tin=Normal AND Tout=Normal AND Hin=Dry AND Hout=Dry AND L=Normal AND CO2=Normal AND Wind=Medium AND W=3,Acceptable,0.4119592185995713,1,749,0.7094201533099496
Tin=Normal AND Tout=Normal AND Hin=Dry AND Hout=Dry AND L=Normal AND Solar=Normal AND N=High AND W=3,Acceptable,0.5082978243835571,1,354,0.944702924037038
Tin=Normal AND Tout=Normal AND Hin=Dry AND Hout=Dry AND L=Normal AND Solar=Normal AND Wind=Medium AND W=3,Acceptable,0.4242987343689692,1,1361,0.7734430800935231
Tin=Normal AND Tout=Normal AND Hin=Dry AND Hout=Dry AND Solar=Normal AND CO2=High AND Wind=Medium AND W=3,Acceptable,0.3340172444613759,1,90,0.8506528262055252
Tin=Normal AND Tout=Normal AND Hin=Dry AND Hout=Dry AND Solar=Normal AND Wind=Low AND N=Normal AND W=3,Acceptable,0.4772626648927298,1,1194,0.7062923910860285
Tin=Normal AND Tout=Normal AND Hin=Dry AND Hout=Normal AND Solar=Normal AND CO2=Normal AND Wind=High AND W=3,Good,0.3513262882676907,1,920,0.988316357285701
Tin=Normal AND Tout=Normal AND Hin=Dry AND L=Low AND CO2=Normal AND Wind=Low AND N=Low AND W=3,Acceptable,0.4373668463744838,1,34,0.9331807588877435
Tin=Normal AND Tout=Normal AND Hin=Dry AND L=Low AND Solar=High AND Wind=Medium AND N=Normal AND W=3,Good,0.3516178385504145,1,1454,0.24093380864880684
Tin=Normal AND Tout=Normal AND Hin=Dry AND L=Low AND Wind=Medium AND N=Low AND E=Low AND W=3,Acceptable,0.4513676834487858,1,1487,0.7971401452170855
Tin=Normal AND Tout=Normal AND Hin=Dry AND L=Normal AND Solar=Normal AND Wind=Low AND N=Low AND W=3,Good,0.4210662091262731,1,1273,0.5425725554317422
Tin=Normal AND Tout=Normal AND Hin=Dry AND L=Normal AND Wind=Medium AND N=Normal AND E=Normal AND W=0,Acceptable,0.3825482238490393,1,1306,0.8732381267424582
Tin=Normal AND Tout=Normal AND Hin=Dry AND Solar=Normal AND CO2=Normal AND Wind=Medium AND N=Normal AND W=3,Acceptable,0.4103552425423646,1,933,0.5679181547961653
Tin=Normal AND Tout=Normal AND Hin=Normal AND Hout=Dry AND CO2=Normal AND N=High AND E=Normal AND W=0,Acceptable,0.4379928750275645,1,497,0.9954476519664613
Tin=Normal AND Tout=Normal AND Hin=Normal AND Hout=Normal AND CO2=Low AND N=High AND E=Normal AND W=1,Acceptable,0.3469384684667002,1,1316,0.9620704001748905
Tin=Normal AND Tout=Normal AND Hin=Normal AND Hout=Normal AND CO2=Low AND Wind=Low AND N=Normal AND W=3,Good,0.3551860780336916,1,1465,0.7438018752813598
Tin=Normal AND Tout=Normal AND Hin=Normal AND Hout=Normal AND CO2=Normal AND Wind=Low AND N=Low AND W=3,Good,0.3455031700557361,1,1018,0.8898670314068786
Tin=Normal AND Tout=Normal AND Hin=Normal AND Hout=Normal AND CO2=Normal AND Wind=Low AND N=Normal AND W=0,Acceptable,0.3521365810346722,1,62,0.9410544341816689
Tin=Normal AND Tout=Normal AND Hin=Normal AND Hout=Normal AND CO2=Normal AND Wind=Medium AND N=Normal AND W=3,Good,0.5025138576093543,1,91,0.8289155393984116
Tin=Normal AND Tout=Normal AND Hin=Normal AND Hout=Normal AND L=High AND CO2=Normal AND Wind=Low AND W=0,Acceptable,0.3773946360153258,1,545,0.9505327961141468
Tin=Normal AND Tout=Normal AND Hin=Normal AND Hout=Normal AND L=Low AND Solar=High AND N=Low AND W=3,Good,0.3609499460982666,1,155,0.8837451368343703
Tin=Normal AND Tout=Normal AND Hin=Normal AND Hout=Normal AND L=Low AND Solar=Normal AND N=High AND W=0,Acceptable,0.4261356958904005,1,103,0.9813307164713783
Tin=Normal AND Tout=Normal AND Hin=Normal AND Hout=Normal AND L=Low AND Solar=Normal AND N=High AND W=3,Good,0.4376132192733561,1,67,0.8177777479691429
Tin=Normal AND Tout=Normal AND Hin=Normal AND Hout=Normal AND L=Low AND Solar=Normal AND N=Normal AND W=3,Good,0.3364317508041222,1,1657,0.8387268793626219
Tin=Normal AND Tout=Normal AND Hin=Normal AND Hout=Normal AND L=Low AND Solar=Normal AND Wind=Low AND W=3,Good,0.4731800766283526,1,484,0.8766382288523423
Tin=Normal AND Tout=Normal AND Hin=Normal AND Hout=Normal AND L=Low AND Solar=Normal AND Wind=Medium AND W=0,Good,0.3636290465109197,1,1268,0.048902784382859346
Tin=Normal AND Tout=Normal AND Hin=Normal AND Hout=Normal AND L=Low AND Solar=Normal AND Wind=Medium AND W=3,Good,0.4753143223674244,1,0,0.8320887113188583
Tin=Normal AND Tout=Normal AND Hin=Normal AND Hout=Normal AND L=Low AND Wind=Low AND N=Low AND W=3,Good,0.4166772415344315,1,514,0.8879059909636892
Tin=Normal AND Tout=Normal AND Hin=Normal AND Hout=Normal AND L=Normal AND CO2=High AND E=Normal AND W=1,Acceptable,0.5011159485771658,1,911,0.5485180549688007
Tin=Normal AND Tout=Normal AND Hin=Normal AND Hout=Normal AND L=Normal AND CO2=Normal AND E=Normal AND W=1,Acceptable,0.3426501534668278,1,931,0.9084526044156829
Tin=Normal AND Tout=Normal AND Hin=Normal AND Hout=Normal AND L=Normal AND CO2=Normal AND N=Normal AND W=3,Good,0.5689655172413791,1,10,0.8259609868225297
Tin=Normal AND Tout=Normal AND Hin=Normal AND Hout=Normal AND L=Normal AND CO2=Normal AND Wind=High AND W=0,Acceptable,0.4452952023029327,1,50,0.9819429132983443
Tin=Normal AND Tout=Normal AND Hin=Normal AND Hout=Normal AND L=Normal AND CO2=Normal AND Wind=High AND W=1,Acceptable,0.4089818825137667,1,608,0.9321408415654047
Tin=Normal AND Tout=Normal AND Hin=Normal AND Hout=Normal AND L=Normal AND CO2=Normal AND Wind=Medium AND W=1,Acceptable,0.5197139067794155,1,58,0.8626198716813983
Tin=Normal AND Tout=Normal AND Hin=Normal AND Hout=Normal AND L=Normal AND N=High AND E=Normal AND W=0,Acceptable,0.4954436652451001,1,186,0.9127779398666633
Tin=Normal AND Tout=Normal AND Hin=Normal AND Hout=Normal AND L=Normal AND N=High AND E=Normal AND W=1,Acceptable,0.3771044388540925,1,482,0.937083339147351
Tin=Normal AND Tout=Normal AND Hin=Normal AND Hout=Normal AND L=Normal AND N=Low AND E=Normal AND W=0,Acceptable,0.5500301626813915,1,14,0.8465668446625596
Tin=Normal AND Tout=Normal AND Hin=Normal AND Hout=Normal AND L=Normal AND Solar=Low AND N=Low AND W=1,Acceptable,0.3987043816830916,1,1438,0.7988571600387502
Tin=Normal AND Tout=Normal AND Hin=Normal AND Hout=Normal AND L=Normal AND Solar=Low AND Wind=Medium AND W=1,Acceptable,0.3435293512752956,1,1292,0.8604200761620449
Tin=Normal AND Tout=Normal AND Hin=Normal AND Hout=Normal AND L=Normal AND Solar=Normal AND N=High AND W=0,Acceptable,0.5069593354546714,1,79,0.8957582122220765
Tin=Normal AND Tout=Normal AND Hin=Normal AND Hout=Normal AND L=Normal AND Solar=Normal AND N=High AND W=3,Good,0.3501135947286451,1,548,0.7241234363555616
Tin=Normal AND Tout=Normal AND Hin=Normal AND Hout=Normal AND L=Normal AND Solar=Normal AND N=Low AND W=0,Acceptable,0.4519590963157094,1,855,0.861581267547023
Tin=Normal AND Tout=Normal AND Hin=Normal AND Hout=Normal AND L=Normal AND Solar=Normal AND Wind=High AND W=3,Acceptable,0.3340486122810033,1,1638,0.5291860683834226
Tin=Normal AND Tout=Normal AND Hin=Normal AND Hout=Normal AND L=Normal AND Solar=Normal AND Wind=Low AND W=0,Acceptable,0.537849790455871,1,94,0.9043467627693865
Tin=Normal AND Tout=Normal AND Hin=Normal AND Hout=Normal AND L=Normal AND Wind=Low AND N=Normal AND W=0,Acceptable,0.3717197019261298,1,17,0.9034283541616674
Tin=Normal AND Tout=Normal AND Hin=Normal AND Hout=Normal AND L=Normal AND Wind=Low AND N=Normal AND W=3,Good,0.430126558148535,1,1685,0.815869566515804
Tin=Normal AND Tout=Normal AND Hin=Normal AND Hout=Normal AND L=Normal AND Wind=Medium AND N=Low AND W=0,Acceptable,0.4240532923204676,1,112,0.8405595377824651
Tin=Normal AND Tout=Normal AND Hin=Normal AND Hout=Normal AND Solar=High AND CO2=Normal AND N=Low AND W=3,Good,0.3496676018962061,1,1288,0.9083649176835894
Tin=Normal AND Tout=Normal AND Hin=Normal AND Hout=Normal AND Solar=Low AND CO2=High AND N=High AND W=0,Acceptable,0.5008261834922584,1,785,0.9999999999984615
Tin=Normal AND Tout=Normal AND Hin=Normal AND Hout=Normal AND Solar=Low AND CO2=Normal AND N=High AND W=3,Good,0.4418383876238717,1,55,0.8278156826791603
Tin=Normal AND Tout=Normal AND Hin=Normal AND Hout=Normal AND Solar=Low AND N=Normal AND E=Low AND W=1,Acceptable,0.4698048653057671,1,1111,0.9903958739174012
Tin=Normal AND Tout=Normal AND Hin=Normal AND Hout=Normal AND Solar=Low AND Wind=Low AND N=Normal AND W=0,Acceptable,0.4132607972726363,1,942,0.8736854069775076
Tin=Normal AND Tout=Normal AND Hin=Normal AND Hout=Normal AND Solar=Low AND Wind=Medium AND E=Normal AND W=0,Acceptable,0.3970397095258814,1,766,0.9238999122326447
Tin=Normal AND Tout=Normal AND Hin=Normal AND Hout=Normal AND Solar=Low AND Wind=Medium AND N=High AND W=1,Acceptable,0.5323696517510926,1,211,0.8538774894460011
Tin=Normal AND Tout=Normal AND Hin=Normal AND Hout=Normal AND Solar=Normal AND CO2=High AND N=Low AND W=3,Good,0.4314914278378928,1,865,0.6652100639558696
Tin=Normal AND Tout=Normal AND Hin=Normal AND Hout=Normal AND Solar=Normal AND CO2=Normal AND E=Normal AND W=0,Acceptable,0.3756522521488459,1,290,0.9154075086033479
Tin=Normal AND Tout=Normal AND Hin=Normal AND Hout=Normal AND Solar=Normal AND CO2=Normal AND N=Low AND W=0,Acceptable,0.3737564837024441,1,1444,0.8812510597419156
Tin=Normal AND Tout=Normal AND Hin=Normal AND Hout=Normal AND Solar=Normal AND CO2=Normal AND N=Low AND W=3,Good,0.5749170409292748,1,76,0.8838300886562118
Tin=Normal AND Tout=Normal AND Hin=Normal AND Hout=Normal AND Solar=Normal AND CO2=Normal AND Wind=High AND W=3,Good,0.334535210928361,1,763,0.7750886628554775
Tin=Normal AND Tout=Normal AND Hin=Normal AND Hout=Normal AND Solar=Normal AND CO2=Normal AND Wind=Low AND W=0,Acceptable,0.424850859014744,1,1716,0.9348443351297872
Tin=Normal AND Tout=Normal AND Hin=Normal AND Hout=Normal AND Solar=Normal AND CO2=Normal AND Wind=Medium AND W=1,Acceptable,0.3773946360153258,1,892,0.8517644378804011
Tin=Normal AND Tout=Normal AND Hin=Normal AND Hout=Normal AND Solar=Normal AND CO2=Normal AND Wind=Medium AND W=3,Good,0.431476964698155,1,282,0.8317660771064667
Tin=Normal AND Tout=Normal AND Hin=Normal AND Hout=Normal AND Solar=Normal AND Wind=Low AND N=High AND W=3,Good,0.4663838839546861,1,1212,0.7633677472832066
Tin=Normal AND Tout=Normal AND Hin=Normal AND Hout=Normal AND Solar=Normal AND Wind=Low AND N=Low AND W=0,Acceptable,0.5336560397696294,1,35,0.8905697171546796
Tin=Normal AND Tout=Normal AND Hin=Normal AND Hout=Normal AND Solar=Normal AND Wind=Medium AND E=Normal AND W=0,Acceptable,0.4098204422227793,1,573,0.9026056224193505
Tin=Normal AND Tout=Normal AND Hin=Normal AND Hout=Normal AND Solar=Normal AND Wind=Medium AND N=Low AND W=0,Acceptable,0.3497871764283807,1,328,0.8825241770687605
Tin=Normal AND Tout=Normal AND Hin=Normal AND Hout=Wet AND CO2=Normal AND Wind=Medium AND N=Low AND W=3,Good,0.3521045042190062,1,46,0.8290050986906048
Tin=Normal AND Tout=Normal AND Hin=Normal AND Hout=Wet AND L=Normal AND CO2=Normal AND N=Normal AND W=3,Good,0.3564230681089367,1,1225,0.979489717139251
Tin=Normal AND Tout=Normal AND Hin=Normal AND Hout=Wet AND L=Normal AND N=Normal AND E=Normal AND W=1,Acceptable,0.3579240948071293,1,502,0.9359090499533679
Tin=Normal AND Tout=Normal AND Hin=Normal AND Hout=Wet AND Solar=Normal AND CO2=Normal AND N=Low AND W=3,Good,0.365859995798298,1,371,0.6927136558592413
Tin=Normal AND Tout=Normal AND Hin=Normal AND Hout=Wet AND Solar=Normal AND Wind=Medium AND N=Normal AND W=3,Good,0.4246920257244984,1,32,0.9746471752147724
Tin=Normal AND Tout=Normal AND Hin=Normal AND L=High AND Solar=Low AND CO2=Low AND N=Low AND W=1,Acceptable,0.3356577978419763,1,961,0.6451811396911151
Tin=Normal AND Tout=Normal AND Hin=Normal AND L=Low AND CO2=High AND Wind=High AND N=High AND W=3,Good,0.3973907150403464,1,1252,0.5055053830108445
Tin=Normal AND Tout=Normal AND Hin=Normal AND L=Low AND CO2=Normal AND Wind=Medium AND E=Low AND W=3,Good,0.4008945204529411,1,664,0.904909880650858
Tin=Normal AND Tout=Normal AND Hin=Normal AND L=Low AND Solar=High AND CO2=Low AND N=Low AND W=3,Good,0.3538728493723251,1,1190,0.8649850096964439
Tin=Normal AND Tout=Normal AND Hin=Normal AND L=Low AND Solar=High AND CO2=Normal AND Wind=Medium AND W=3,Good,0.4862768878937933,3,543,0.8740217609241565
Tin=Normal AND Tout=Normal AND Hin=Normal AND L=Low AND Solar=High AND Wind=Low AND N=High AND W=3,Good,0.4948419555568636,1,232,0.9390686070812253
Tin=Normal AND Tout=Normal AND Hin=Normal AND L=Low AND Solar=Normal AND CO2=Normal AND N=High AND W=3,Good,0.4960505016934697,1,38,0.8425588105648908
Tin=Normal AND Tout=Normal AND Hin=Normal AND L=Normal AND CO2=High AND Wind=Medium AND E=Normal AND W=0,Acceptable,0.3960159256512011,1,41,0.9342893712652866
Tin=Normal AND Tout=Normal AND Hin=Normal AND L=Normal AND CO2=Normal AND Wind=Low AND N=Low AND W=0,Acceptable,0.4977809411348058,1,138,0.8287002700123436
Tin=Normal AND Tout=Normal AND Hin=Normal AND L=Normal AND Solar=Low AND CO2=High AND E=Normal AND W=2,Poor,0.3773946360153258,1,1677,0.9999999999960437
Tin=Normal AND Tout=Normal AND Hin=Normal AND L=Normal AND Solar=Low AND N=Low AND E=Normal AND W=0,Good,0.365262209941258,1,1107,0.22836989287041173
Tin=Normal AND Tout=Normal AND Hin=Normal AND L=Normal AND Solar=Normal AND CO2=Normal AND Wind=High AND W=3,Good,0.4200660572117273,1,1748,0.659421020530327
Tin=Normal AND Tout=Normal AND Hin=Normal AND L=Normal AND Solar=Normal AND CO2=Normal AND Wind=Low AND W=3,Good,0.5541417530597577,1,97,0.8378900403385188
Tin=Normal AND Tout=Normal AND Hin=Normal AND L=Normal AND Wind=Medium AND N=Low AND E=Normal AND W=3,Good,0.4424638198095538,1,492,0.7835007120996031
Tin=Normal AND Tout=Normal AND Hin=Normal AND Solar=Low AND CO2=High AND Wind=Low AND N=Normal AND W=1,Acceptable,0.3889794388052136,1,25,0.877110657889248
Tin=Normal AND Tout=Normal AND Hin=Normal AND Solar=Low AND Wind=Low AND N=Low AND E=Normal AND W=0,Acceptable,0.4136549429037702,1,637,0.7767086377558019
Tin=Normal AND Tout=Normal AND Hin=Normal AND Solar=Normal AND CO2=High AND N=Normal AND E=Normal AND W=3,Acceptable,0.4851482401578827,1,1516,0.6696095240545332
Tin=Normal AND Tout=Normal AND Hin=Normal AND Solar=Normal AND CO2=Normal AND Wind=Low AND N=Low AND W=3,Good,0.5748424457696919,1,624,0.892965479712893
Tin=Normal AND Tout=Normal AND Hin=Normal AND Solar=Normal AND CO2=Normal AND Wind=Medium AND N=Low AND W=1,Acceptable,0.4062328437503437,1,447,0.8541434944513072
Tin=Normal AND Tout=Normal AND Hin=Normal AND Solar=Normal AND Wind=Low AND N=High AND E=Normal AND W=0,Acceptable,0.3955314420645807,1,1422,0.9537990962555618
Tin=Normal AND Tout=Normal AND Hin=Normal AND Solar=Normal AND Wind=Medium AND N=High AND E=Normal AND W=3,Good,0.3350854394208361,1,1041,0.7246050250051251
Tin=Normal AND Tout=Normal AND Hin=Wet AND Hout=Normal AND Solar=Normal AND Wind=Medium AND N=Normal AND W=0,Acceptable,0.3514807907120494,1,653,0.9917853325568535
Tin=Normal AND Tout=Normal AND Hin=Wet AND Hout=Wet AND L=Normal AND CO2=Normal AND N=Low AND W=1,Acceptable,0.3460263883544564,1,401,0.9120750544635247
Tin=Normal AND Tout=Normal AND Hin=Wet AND Hout=Wet AND L=Normal AND CO2=Normal AND Wind=Low AND W=1,Acceptable,0.3773946360153258,1,1504,0.9834202955861298
Tin=Normal AND Tout=Normal AND Hin=Wet AND Hout=Wet AND L=Normal AND Solar=Low AND Wind=Medium AND W=1,Acceptable,0.3426701845473026,1,235,0.8137369267597636
Tin=Normal AND Tout=Normal AND Hin=Wet AND Hout=Wet AND L=Normal AND Wind=High AND E=Normal AND W=1,Acceptable,0.3451428415847255,1,1461,0.9316753393292798
Tin=Normal AND Tout=Normal AND Hin=Wet AND Hout=Wet AND L=Normal AND Wind=Medium AND E=Normal AND W=0,Acceptable,0.3400654175341325,1,159,0.880989076436878
Tin=Normal AND Tout=Normal AND Hin=Wet AND Hout=Wet AND L=Normal AND Wind=Medium AND E=Normal AND W=1,Poor,0.3773946360153258,1,577,0.25550501836181394
Tin=Normal AND Tout=Normal AND Hin=Wet AND Hout=Wet AND L=Normal AND Wind=Medium AND N=Normal AND W=1,Acceptable,0.4419792921925785,1,391,0.7651319842173114
Tin=Normal AND Tout=Normal AND Hin=Wet AND Hout=Wet AND L=Normal AND Wind=Medium AND N=Normal AND W=3,Acceptable,0.4235391540102372,1,53,0.8905868817448853
Tin=Normal AND Tout=Normal AND Hin=Wet AND Hout=Wet AND Solar=Low AND CO2=Normal AND E=Normal AND W=1,Acceptable,0.3483424867793267,1,601,0.8878218588184907
Tin=Normal AND Tout=Normal AND Hin=Wet AND Hout=Wet AND Solar=Low AND CO2=Normal AND E=Normal AND W=2,Poor,0.6283524904214557,1,1358,0.9999999999993773
Tin=Normal AND Tout=Normal AND Hin=Wet AND Hout=Wet AND Solar=Low AND CO2=Normal AND N=Low AND W=1,Acceptable,0.434058403757054,1,1188,0.9219111576257845
Tin=Normal AND Tout=Normal AND Hin=Wet AND Hout=Wet AND Solar=Normal AND CO2=Normal AND N=Normal AND W=3,Good,0.3657929613064965,1,378,0.45124026141692125
Tin=Normal AND Tout=Normal AND Hin=Wet AND L=High AND Solar=Low AND CO2=Normal AND Wind=Medium AND W=1,Acceptable,0.4624158033235351,1,809,0.8982096748603929
Tin=Normal AND Tout=Normal AND Hin=Wet AND L=Low AND CO2=Normal AND Wind=Medium AND N=High AND W=3,Good,0.3688491290178038,1,829,0.808860516787394
Tin=Normal AND Tout=Normal AND Hin=Wet AND L=Low AND Solar=High AND CO2=Normal AND N=Normal AND W=3,Good,0.4980319697206624,1,115,0.6486929565427568
Tin=Normal AND Tout=Normal AND Hin=Wet AND L=Low AND Solar=Normal AND CO2=Normal AND E=Normal AND W=0,Acceptable,0.4367816091954026,1,883,0.999999999994584
Tin=Normal AND Tout=Normal AND Hin=Wet AND L=Normal AND CO2=High AND Wind=Medium AND E=Normal AND W=0,Acceptable,0.3672144593159588,1,797,0.9899503819831593
Tin=Normal AND Tout=Normal AND Hin=Wet AND L=Normal AND CO2=Low AND N=High AND E=Normal AND W=1,Acceptable,0.3469602050086759,1,734,0.9983419820702899
Tin=Normal AND Tout=Normal AND Hin=Wet AND L=Normal AND CO2=Low AND Wind=Medium AND N=High AND W=0,Acceptable,0.4056680647198766,1,1393,0.9787046293315622
Tin=Normal AND Tout=Normal AND Hin=Wet AND L=Normal AND CO2=Normal AND N=High AND E=Normal AND W=1,Acceptable,0.4279440752012993,1,646,0.9427457163943124
Tin=Normal AND Tout=Normal AND Hin=Wet AND L=Normal AND CO2=Normal AND Wind=Medium AND E=Normal AND W=0,Acceptable,0.4367816091954026,1,692,0.9561999128076952
Tin=Normal AND Tout=Normal AND Hin=Wet AND L=Normal AND CO2=Normal AND Wind=Medium AND N=High AND W=0,Acceptable,0.3564955957541391,1,651,0.943985647854663
Tin=Normal AND Tout=Normal AND Hin=Wet AND L=Normal AND Solar=Normal AND CO2=Normal AND E=Normal AND W=0,Acceptable,0.3446142699520619,1,536,0.9596268707266717
Tin=Normal AND Tout=Normal AND Hin=Wet AND L=Normal AND Solar=Normal AND N=High AND E=Normal AND W=0,Acceptable,0.501283137053058,1,679,0.9366992434251068
Tin=Normal AND Tout=Normal AND Hin=Wet AND Solar=Normal AND CO2=Low AND Wind=Low AND N=Normal AND W=3,Good,0.4103776510123892,1,984,0.9999999999957825
Tin=Normal AND Tout=Normal AND Hout=Dry AND L=Low AND CO2=Low AND Wind=Medium AND N=Normal AND W=3,Acceptable,0.3457203621796385,1,345,0.7565525626991807
Tin=Normal AND Tout=Normal AND Hout=Dry AND L=Low AND CO2=Normal AND N=High AND E=Low AND W=3,Good,0.3468304990162829,1,1408,0.6992215561428538
Tin=Normal AND Tout=Normal AND Hout=Dry AND L=Low AND CO2=Normal AND Wind=Low AND E=Normal AND W=3,Good,0.4431723783991604,1,1330,0.7039890435868741
Tin=Normal AND Tout=Normal AND Hout=Dry AND L=Low AND CO2=Normal AND Wind=Low AND N=Normal AND W=3,Good,0.3390371806103544,1,969,0.8666088030061445
Tin=Normal AND Tout=Normal AND Hout=Dry AND L=Low AND CO2=Normal AND Wind=Medium AND N=Low AND W=3,Good,0.4516830216828993,1,619,0.5202361042518916
Tin=Normal AND Tout=Normal AND Hout=Dry AND L=Low AND Solar=High AND Wind=Low AND E=Normal AND W=3,Acceptable,0.3561883787999657,1,993,0.3150177155443529
Tin=Normal AND Tout=Normal AND Hout=Dry AND L=Low AND Solar=Normal AND Wind=Low AND N=Normal AND W=3,Good,0.3575901484686947,1,1460,0.8176099519900697
Tin=Normal AND Tout=Normal AND Hout=Dry AND L=Low AND Wind=Low AND N=Normal AND E=Low AND W=3,Good,0.4032582630550685,1,121,0.8848714307048884
Tin=Normal AND Tout=Normal AND Hout=Dry AND L=Normal AND CO2=Normal AND Wind=Medium AND E=Normal AND W=0,Acceptable,0.386379653504197,1,818,0.9507483745259976
Tin=Normal AND Tout=Normal AND Hout=Dry AND L=Normal AND Solar=Low AND CO2=Low AND E=Normal AND W=3,Acceptable,0.3379411190663977,1,1574,0.9369253402264586
Tin=Normal AND Tout=Normal AND Hout=Dry AND L=Normal AND Solar=Normal AND CO2=Normal AND E=Low AND W=3,Good,0.3789660196465582,1,490,0.6968195854022756
Tin=Normal AND Tout=Normal AND Hout=Dry AND Solar=Normal AND CO2=Normal AND Wind=Medium AND N=High AND W=3,Good,0.3926902975796242,1,1341,0.5315325387576318
Tin=Normal AND Tout=Normal AND Hout=Normal AND CO2=Low AND Wind=Low AND N=High AND E=Normal AND W=3,Good,0.4211311864244541,1,226,0.5685845714236247
Tin=Normal AND Tout=Normal AND Hout=Normal AND CO2=Low AND Wind=Medium AND N=High AND E=Normal AND W=1,Acceptable,0.5429250262794222,1,52,0.9709736078251159
Tin=Normal AND Tout=Normal AND Hout=Normal AND CO2=Normal AND Wind=Medium AND N=Normal AND E=Low AND W=3,Good,0.414616877270726,1,57,0.8859760758574124
Tin=Normal AND Tout=Normal AND Hout=Normal AND L=High AND CO2=Normal AND N=Normal AND E=Normal AND W=3,Good,0.3540110904825685,1,1577,0.5764690920932488
Tin=Normal AND Tout=Normal AND Hout=Normal AND L=High AND Solar=Low AND CO2=Normal AND N=Low AND W=1,Acceptable,0.5549280122948326,1,1713,0.9034171447101844
Tin=Normal AND Tout=Normal AND Hout=Normal AND L=Low AND CO2=Normal AND Wind=Medium AND N=Normal AND W=3,Good,0.4434724088944169,1,1634,0.8439696119061532
Tin=Normal AND Tout=Normal AND Hout=Normal AND L=Low AND Solar=High AND N=Low AND E=Low AND W=3,Good,0.5898935560634775,1,28,0.7821264793048722
Tin=Normal AND Tout=Normal AND Hout=Normal AND L=Low AND Solar=High AND Wind=Medium AND N=High AND W=3,Good,0.4368203083690757,1,977,0.8426408224274049
Tin=Normal AND Tout=Normal AND Hout=Normal AND L=Low AND Solar=High AND Wind=Medium AND N=Low AND W=3,Good,0.6606389123359446,1,1019,0.8114737085937371
Tin=Normal AND Tout=Normal AND Hout=Normal AND L=Low AND Solar=Normal AND Wind=Low AND N=Low AND W=3,Good,0.4617800855537544,1,549,0.7925468805897301
Tin=Normal AND Tout=Normal AND Hout=Normal AND L=Low AND Solar=Normal AND Wind=Medium AND N=High AND W=3,Good,0.4686791618690934,1,26,0.7762779976685323
Tin=Normal AND Tout=Normal AND Hout=Normal AND L=Low AND Solar=Normal AND Wind=Medium AND N=Normal AND W=3,Good,0.3579058006279982,1,1402,0.7977278462125865
Tin=Normal AND Tout=Normal AND Hout=Normal AND L=Normal AND CO2=Normal AND Wind=Medium AND N=Low AND W=1,Acceptable,0.3790551209397891,1,185,0.8586501884618617
Tin=Normal AND Tout=Normal AND Hout=Normal AND L=Normal AND CO2=Normal AND Wind=Medium AND N=Low AND W=3,Good,0.3553715119086949,1,526,0.8076341469321441
Tin=Normal AND Tout=Normal AND Hout=Normal AND L=Normal AND Solar=Low AND N=Normal AND E=Normal AND W=2,Poor,0.4992550769827532,1,179,0.8121389813971723
Tin=Normal AND Tout=Normal AND Hout=Normal AND L=Normal AND Solar=Low AND N=Normal AND E=Normal AND W=3,Good,0.3933224402551551,1,1004,0.7282983796588128
Tin=Normal AND Tout=Normal AND Hout=Normal AND L=Normal AND Solar=Normal AND Wind=Medium AND E=Low AND W=3,Good,0.4435262895605191,1,807,0.9136021460700207
Tin=Normal AND Tout=Normal AND Hout=Normal AND L=Normal AND Wind=Medium AND N=Low AND E=Normal AND W=0,Acceptable,0.4762130295702813,1,353,0.8692761021817541
Tin=Normal AND Tout=Normal AND Hout=Normal AND Solar=Low AND CO2=Low AND Wind=Medium AND N=Normal AND W=3,Good,0.3380039117080289,1,1615,0.9935549226450133
Tin=Normal AND Tout=Normal AND Hout=Normal AND Solar=Low AND CO2=Normal AND Wind=Medium AND N=Normal AND W=1,Acceptable,0.5632671583736434,1,1,0.9218866127093484
Tin=Normal AND Tout=Normal AND Hout=Normal AND Solar=Normal AND CO2=Normal AND Wind=High AND E=Normal AND W=3,Good,0.3582432215102988,1,423,0.8047310610124228
Tin=Normal AND Tout=Normal AND Hout=Normal AND Solar=Normal AND CO2=Normal AND Wind=Low AND N=Normal AND W=3,Good,0.3980333135032901,1,463,0.8626696581058617
Tin=Normal AND Tout=Normal AND Hout=Wet AND L=High AND CO2=Normal AND Wind=Low AND N=Normal AND W=1,Acceptable,0.6261042232937363,1,987,0.9751982716656139
Tin=Normal AND Tout=Normal AND Hout=Wet AND L=High AND Solar=Low AND CO2=Normal AND N=Low AND W=0,Acceptable,0.5475405384335122,1,717,0.9999999999941467
Tin=Normal AND Tout=Normal AND Hout=Wet AND L=High AND Solar=Low AND N=Normal AND E=Normal AND W=2,Poor,0.3335267266870433,1,1588,0.989867827829247
Tin=Normal AND Tout=Normal AND Hout=Wet AND L=Normal AND CO2=Low AND Wind=Medium AND E=Normal AND W=1,Acceptable,0.3688039477057019,1,85,0.8735058504134574
Tin=Normal AND Tout=Normal AND Hout=Wet AND L=Normal AND Solar=Low AND CO2=Normal AND N=Normal AND W=1,Acceptable,0.5071585568599795,1,239,0.9222364323299317
Tin=Normal AND Tout=Normal AND Hout=Wet AND L=Normal AND Solar=Low AND Wind=High AND N=Low AND W=2,Poor,0.3725259319006683,1,1390,0.9999999999989294
Tin=Normal AND Tout=Normal AND Hout=Wet AND L=Normal AND Solar=Low AND Wind=Medium AND N=Low AND W=1,Acceptable,0.3403606190136969,1,521,0.7845559103761517
Tin=Normal AND Tout=Normal AND Hout=Wet AND L=Normal AND Solar=Normal AND Wind=Medium AND N=Low AND W=0,Good,0.4337025984336971,1,237,0.5552440301045604
Tin=Normal AND Tout=Normal AND Hout=Wet AND Solar=High AND CO2=Normal AND N=Low AND E=Low AND W=3,Good,0.3347980489861013,1,588,0.9999999999935969
Tin=Normal AND Tout=Normal AND Hout=Wet AND Solar=Low AND CO2=Normal AND Wind=High AND E=Normal AND W=2,Poor,0.3582367550870698,1,899,0.986933101935362
Tin=Normal AND Tout=Normal AND Hout=Wet AND Solar=Low AND CO2=Normal AND Wind=Medium AND N=Normal AND W=1,Acceptable,0.5023078995626644,1,373,0.8713505331769938
Tin=Normal AND Tout=Normal AND Hout=Wet AND Solar=Normal AND CO2=High AND Wind=Medium AND N=Normal AND W=3,Good,0.3929845286299583,1,921,0.4088603074963578
Tin=Normal AND Tout=Normal AND L=High AND Solar=Low AND CO2=Normal AND Wind=High AND E=Normal AND W=1,Acceptable,0.3827951375873227,1,412,0.9453965961667363
Tin=Normal AND Tout=Normal AND L=High AND Solar=Low AND CO2=Normal AND Wind=Medium AND N=High AND W=1,Acceptable,0.434549265553478,1,1237,0.888726467462685
Tin=Normal AND Tout=Normal AND L=High AND Solar=Low AND Wind=High AND N=High AND E=Normal AND W=1,Acceptable,0.4053888005491161,1,364,0.999999999997626
Tin=Normal AND Tout=Normal AND L=Low AND CO2=High AND Wind=Medium AND N=Normal AND E=Normal AND W=3,Acceptable,0.3408942868842036,1,999,0.7010830416488407
Tin=Normal AND Tout=Normal AND L=Low AND CO2=Normal AND Wind=Low AND N=Low AND E=Low AND W=0,Acceptable,0.4749304132893099,1,1138,0.9999569849438643
Tin=Normal AND Tout=Normal AND L=Low AND Solar=High AND CO2=High AND N=High AND E=Low AND W=3,Acceptable,0.3463925971506423,1,1307,0.7859676901219546
Tin=Normal AND Tout=Normal AND L=Low AND Solar=High AND CO2=High AND N=Low AND E=Low AND W=3,Acceptable,0.3919631373641518,1,223,0.6909921123178661
Tin=Normal AND Tout=Normal AND L=Low AND Solar=High AND CO2=Low AND N=Normal AND E=Low AND W=3,Good,0.3475282350566799,1,1085,0.5090739672771596
Tin=Normal AND Tout=Normal AND L=Low AND Solar=High AND CO2=Normal AND N=Normal AND E=Low AND W=3,Acceptable,0.3400694932862207,1,503,0.24000374952045694
Tin=Normal AND Tout=Normal AND L=Low AND Solar=High AND CO2=Normal AND Wind=Low AND N=Normal AND W=3,Good,0.3849447391205287,2,9,0.871368563870467
Tin=Normal AND Tout=Normal AND L=Low AND Solar=Normal AND CO2=Low AND Wind=Medium AND N=High AND W=3,Good,0.4821792295016776,1,140,0.6206978318574042
Tin=Normal AND Tout=Normal AND L=Low AND Solar=Normal AND CO2=Normal AND Wind=Low AND N=Normal AND W=3,Good,0.4643769552841414,1,1721,0.8666704496506359
Tin=Normal AND Tout=Normal AND L=Normal AND CO2=Normal AND Wind=High AND N=Low AND E=Normal AND W=1,Acceptable,0.35549405442549,1,96,0.9262026985441615
Tin=Normal AND Tout=Normal AND L=Normal AND CO2=Normal AND Wind=Low AND N=High AND E=Normal AND W=0,Acceptable,0.4257876975410842,1,835,0.9433096933227703
Tin=Normal AND Tout=Normal AND L=Normal AND CO2=Normal AND Wind=Low AND N=High AND E=Normal AND W=1,Acceptable,0.3839669602163373,1,1595,0.9885536011681619
Tin=Normal AND Tout=Normal AND L=Normal AND Solar=High AND Wind=High AND N=Normal AND E=Normal AND W=3,Good,0.3439883638223555,1,1364,0.9898135781521703
Tin=Normal AND Tout=Normal AND L=Normal AND Solar=Low AND CO2=High AND Wind=High AND N=Low AND W=0,Acceptable,0.4904755630748939,1,1719,0.9999999999973714
Tin=Normal AND Tout=Normal AND L=Normal AND Solar=Low AND CO2=Normal AND Wind=Low AND E=Normal AND W=1,Acceptable,0.3797572838830175,1,1571,0.969531703996666
Tin=Normal AND Tout=Normal AND L=Normal AND Solar=Low AND CO2=Normal AND Wind=Low AND N=Normal AND W=0,Acceptable,0.3347734486373047,1,300,0.8746964547051538
Tin=Normal AND Tout=Normal AND L=Normal AND Solar=Low AND Wind=High AND N=Normal AND E=Normal AND W=2,Poor,0.5396097857021978,1,784,0.6761122983282417
Tin=Normal AND Tout=Normal AND L=Normal AND Solar=Normal AND CO2=High AND Wind=Medium AND N=High AND W=3,Good,0.3367995002783866,1,209,0.6469184793605502
Tin=Normal AND Tout=Normal AND L=Normal AND Solar=Normal AND CO2=Normal AND N=Normal AND E=Normal AND W=0,Acceptable,0.4374372186114561,1,274,0.9403713574169501
Tin=Normal AND Tout=Normal AND L=Normal AND Solar=Normal AND Wind=Medium AND N=High AND E=Normal AND W=0,Acceptable,0.356360034392615,1,261,0.9178542448606217
Tin=Normal AND Tout=Normal AND L=Normal AND Solar=Normal AND Wind=Medium AND N=Low AND E=Normal AND W=3,Good,0.3566943229391794,1,1036,0.7542382884794764
Tin=Normal AND Tout=Normal AND Solar=High AND CO2=Normal AND Wind=Low AND N=High AND E=Normal AND W=3,Good,0.3407833762409047,1,33,0.9185287658418325
Tin=Normal AND Tout=Normal AND Solar=Low AND CO2=Normal AND Wind=High AND N=Low AND E=Normal AND W=2,Poor,0.3521489825614237,1,610,0.9999999999976839
Tin=Normal AND Tout=Normal AND Solar=Low AND CO2=Normal AND Wind=High AND N=Normal AND E=Normal AND W=2,Poor,0.3824171621692703,1,1372,0.6106408634926213
Tin=Normal AND Tout=Normal AND Solar=Low AND CO2=Normal AND Wind=Medium AND N=Low AND E=Normal AND W=2,Poor,0.381575122076378,1,191,0.9999999999986325
Tin=Normal AND Tout=Normal AND Solar=Low AND CO2=Normal AND Wind=Medium AND N=Normal AND E=Normal AND W=0,Acceptable,0.4037244286169114,1,1432,0.9030206706793367
Tin=Normal AND Tout=Normal AND Solar=Low AND CO2=Normal AND Wind=Medium AND N=Normal AND E=Normal AND W=1,Acceptable,0.3952347715354725,2,431,0.9186441388426096
Tout=Cold AND Hin=Dry AND Hout=Dry AND L=Low AND CO2=Normal AND Wind=Low AND N=Low AND W=3,Acceptable,0.4467861918854097,1,165,0.9999999999989458
Tout=Cold AND Hin=Dry AND Hout=Dry AND Solar=Normal AND CO2=Normal AND N=Normal AND E=High AND W=3,Poor,0.3569424502526897,1,408,0.9248200481213991
Tout=Cold AND Hin=Dry AND Hout=Dry AND Solar=Normal AND Wind=Medium AND N=High AND E=Normal AND W=3,Poor,0.3878316056909303,1,473,0.9964352870905716
Tout=Cold AND Hin=Normal AND Hout=Normal AND CO2=Normal AND Wind=Low AND N=Normal AND E=High AND W=0,Acceptable,0.5153483668896927,1,586,0.8520335643675282
Tout=Cold AND Hin=Normal AND Hout=Normal AND CO2=Normal AND Wind=Medium AND N=Low AND E=Normal AND W=1,Poor,0.3686622817774463,1,1275,0.8587302543166342
Tout=Cold AND Hin=Normal AND Hout=Normal AND L=Low AND Solar=Normal AND Wind=Medium AND E=Normal AND W=0,Acceptable,0.3773946360153258,1,1092,0.8849400351952164
Tout=Cold AND Hin=Normal AND Hout=Normal AND L=Low AND Wind=Low AND N=Normal AND E=Normal AND W=3,Acceptable,0.3349606461223256,1,1500,0.5051797242677871
Tout=Cold AND Hin=Normal AND Hout=Normal AND L=Normal AND CO2=High AND N=Normal AND E=Normal AND W=3,Acceptable,0.497483090014881,1,720,0.7735090426728729
Tout=Cold AND Hin=Normal AND Hout=Normal AND L=Normal AND CO2=Normal AND Wind=Medium AND N=High AND W=1,Acceptable,0.370139682926876,1,175,0.5016863758461838
Tout=Cold AND Hin=Normal AND Hout=Normal AND L=Normal AND Solar=Low AND CO2=Normal AND E=Normal AND W=1,Poor,0.4448261135674538,1,861,0.6676195534139063
Tout=Cold AND Hin=Normal AND Hout=Normal AND L=Normal AND Solar=Low AND Wind=Medium AND E=High AND W=1,Poor,0.3773946360153254,1,1000,0.9582953171916209
Tout=Cold AND Hin=Normal AND Hout=Normal AND L=Normal AND Wind=Medium AND N=Low AND E=Normal AND W=3,Good,0.5439939089233604,1,1277,0.45165988904494075
Tout=Cold AND Hin=Normal AND Hout=Normal AND Solar=Low AND Wind=Medium AND N=High AND E=High AND W=2,Poor,0.4003014903202755,1,133,0.9999999999987977
Tout=Cold AND Hin=Normal AND Hout=Normal AND Solar=Normal AND CO2=Normal AND N=Low AND E=High AND W=3,Acceptable,0.3969460319733293,1,1346,0.6299717629103987
Tout=Cold AND Hin=Normal AND Hout=Normal AND Solar=Normal AND Wind=Medium AND N=High AND E=Normal AND W=0,Acceptable,0.3906723488730569,1,629,0.9875884709898827
Tout=Cold AND Hin=Normal AND L=Low AND Solar=High AND CO2=Normal AND Wind=Low AND E=Normal AND W=3,Good,0.4845115832355647,1,544,0.8811083587712324
Tout=Cold AND Hin=Normal AND L=Normal AND Solar=Low AND Wind=Medium AND N=Low AND E=High AND W=2,Poor,0.3943772158369219,1,249,0.9999999999959222
Tout=Cold AND Hin=Normal AND L=Normal AND Solar=Low AND Wind=Medium AND N=Low AND E=Normal AND W=1,Acceptable,0.4443555484014547,1,1610,0.3768887625710192
Tout=Cold AND Hin=Normal AND L=Normal AND Solar=Low AND Wind=Medium AND N=Normal AND E=Normal AND W=2,Poor,0.3441228095847664,1,1734,0.9999999999933177
Tout=Cold AND Hin=Normal AND L=Normal AND Solar=Normal AND CO2=Normal AND N=Low AND E=High AND W=0,Poor,0.4299686766839836,1,233,0.6125762273440865
Tout=Cold AND Hin=Normal AND L=Normal AND Solar=Normal AND CO2=Normal AND Wind=Low AND N=Normal AND W=3,Acceptable,0.3589991962569709,1,725,0.9348837043938457
Tout=Cold AND Hin=Normal AND L=Normal AND Solar=Normal AND CO2=Normal AND Wind=Medium AND E=Normal AND W=3,Acceptable,0.3592448803249207,1,1548,0.6391070653341016
Tout=Cold AND Hin=Wet AND Hout=Wet AND L=Normal AND Wind=Medium AND N=High AND E=High AND W=1,Poor,0.5158918431924724,1,1080,0.9999999999981825
Tout=Cold AND Hin=Wet AND Hout=Wet AND Solar=Low AND CO2=Normal AND Wind=Medium AND E=Normal AND W=1,Acceptable,0.3449277883849789,1,555,0.4731143216653536
Tout=Cold AND Hin=Wet AND L=Normal AND Solar=Low AND Wind=High AND N=Normal AND E=High AND W=1,Poor,0.3603905204439778,1,1391,0.999999999996573
Tout=Cold AND Hin=Wet AND Solar=Normal AND CO2=Normal AND Wind=Medium AND N=High AND E=Normal AND W=3,Acceptable,0.4679701210246036,1,528,0.5869068589116266
Tout=Cold AND Hout=Normal AND L=Low AND Solar=High AND CO2=Normal AND N=Normal AND E=High AND W=3,Acceptable,0.4975782691897827,1,570,0.9999999999992852
Tout=Cold AND Hout=Normal AND L=Low AND Solar=Normal AND CO2=Normal AND Wind=Medium AND E=High AND W=3,Acceptable,0.4731800766283523,1,113,0.992821010418003
Tout=Cold AND Hout=Normal AND L=Normal AND Solar=Low AND CO2=Normal AND Wind=Medium AND E=High AND W=1,Poor,0.3471002686724181,1,650,0.9457998209315912
Tout=Cold AND Hout=Normal AND L=Normal AND Solar=Normal AND CO2=Normal AND Wind=Medium AND E=High AND W=0,Acceptable,0.4425066143050819,1,70,0.670436827315601
Tout=Cold AND Hout=Normal AND L=Normal AND Solar=Normal AND CO2=Normal AND Wind=Medium AND E=Normal AND W=0,Poor,0.3850714174734134,1,444,0.39852804246994256
Tout=Cold AND Hout=Normal AND L=Normal AND Solar=Normal AND Wind=Medium AND N=Low AND E=Normal AND W=3,Acceptable,0.4135492769181966,1,690,0.7180741672828411
Tout=Cold AND Hout=Wet AND L=High AND Solar=Low AND Wind=Medium AND N=Low AND E=High AND W=1,Poor,0.3654173947976038,1,158,0.999999999996487
Tout=Cold AND L=High AND Solar=Low AND CO2=Normal AND Wind=Medium AND N=Normal AND E=High AND W=3,Acceptable,0.3340985334799966,1,319,0.9999999999964818
Tout=Cold AND L=Normal AND Solar=Low AND CO2=Normal AND Wind=High AND N=Low AND E=Normal AND W=1,Acceptable,0.3805548283738545,1,131,0.9639151925784525
Tout=Hot AND Hin=Dry AND Hout=Dry AND L=Low AND Solar=High AND CO2=Low AND N=Low AND W=3,Acceptable,0.4600599902246099,1,965,0.9999999999966375
Tout=Hot AND Hin=Dry AND Hout=Dry AND L=Normal AND CO2=Normal AND Wind=Medium AND E=Normal AND W=0,Acceptable,0.3973862257277976,1,1494,0.9911217745656845
Tout=Hot AND Hin=Dry AND Hout=Dry AND Solar=Normal AND CO2=Normal AND N=Low AND E=High AND W=3,Poor,0.3473248877922456,1,1600,0.9999999999985755
Tout=Hot AND Hin=Dry AND Hout=Dry AND Solar=Normal AND CO2=Normal AND N=Normal AND E=Normal AND W=3,Acceptable,0.514245934947933,1,1450,0.8692708653565276
Tout=Hot AND Hin=Dry AND L=Low AND CO2=High AND Wind=Medium AND N=Normal AND E=Normal AND W=3,Acceptable,0.3721919356847017,1,1502,0.9972925237246417
Tout=Hot AND Hin=Dry AND L=Normal AND CO2=Normal AND Wind=Low AND N=Low AND E=Normal AND W=3,Acceptable,0.3885355754067188,1,1125,0.9500568970013532
Tout=Hot AND Hin=Normal AND Hout=Dry AND Solar=Normal AND CO2=Normal AND N=Normal AND E=Normal AND W=3,Acceptable,0.4271468496632791,1,752,0.8297114173126607
Tout=Hot AND Hin=Normal AND Hout=Normal AND L=Low AND CO2=Normal AND N=Normal AND E=Normal AND W=3,Acceptable,0.4564110483382043,1,120,0.4198922552297261
Tout=Hot AND Hin=Normal AND Hout=Normal AND L=Low AND Solar=High AND N=Normal AND E=High AND W=3,Poor,0.6128459588116193,1,1158,0.8691663993598369
Tout=Hot AND Hin=Normal AND Hout=Normal AND L=Low AND Solar=Normal AND CO2=Normal AND Wind=Low AND W=3,Acceptable,0.5787142800764604,1,1481,0.7648332436660404
Tout=Hot AND Hin=Normal AND Hout=Normal AND L=Normal AND CO2=High AND Wind=Low AND N=Normal AND W=0,Acceptable,0.3393243374015733,1,1668,0.9999999999863795
Tout=Hot AND Hin=Normal AND Hout=Normal AND L=Normal AND CO2=Normal AND Wind=Medium AND E=High AND W=0,Acceptable,0.3788776375324927,1,1343,0.7653272379582272
Tout=Hot AND Hin=Normal AND Hout=Normal AND L=Normal AND CO2=Normal AND Wind=Medium AND N=Low AND W=1,Poor,0.3622608230267606,1,1418,0.5124065351542713
Tout=Hot AND Hin=Normal AND Hout=Normal AND L=Normal AND Solar=Normal AND CO2=Normal AND E=High AND W=3,Poor,0.4889323383650509,1,733,0.28927088630098335
Tout=Hot AND Hin=Normal AND Hout=Normal AND L=Normal AND Solar=Normal AND CO2=Normal AND Wind=Medium AND W=0,Poor,0.5492279296696279,1,102,0.18049100075880664
Tout=Hot AND Hin=Normal AND Hout=Normal AND L=Normal AND Solar=Normal AND Wind=Medium AND E=High AND W=0,Acceptable,0.3773946360153254,1,547,0.7659567522261224
Tout=Hot AND Hin=Normal AND Hout=Normal AND L=Normal AND Solar=Normal AND Wind=Medium AND E=Normal AND W=3,Good,0.3491912405747112,1,1260,0.4322638327769304
Tout=Hot AND Hin=Normal AND Hout=Normal AND L=Normal AND Wind=Low AND N=High AND E=Normal AND W=0,Acceptable,0.4395145674267336,1,1538,0.9999999999982503
Tout=Hot AND Hin=Normal AND Hout=Normal AND Solar=Low AND Wind=Medium AND N=Low AND E=Normal AND W=0,Acceptable,0.3752184198555848,1,1180,0.9505853602897094
Tout=Hot AND Hin=Normal AND Hout=Normal AND Solar=Normal AND CO2=Low AND N=High AND E=Normal AND W=0,Acceptable,0.5279576124022616,1,63,0.9995134737245329
Tout=Hot AND Hin=Normal AND Hout=Normal AND Solar=Normal AND CO2=Low AND N=High AND E=Normal AND W=3,Acceptable,0.5578261240236508,1,1326,0.8724857152895049
Tout=Hot AND Hin=Normal AND Hout=Normal AND Solar=Normal AND CO2=Normal AND Wind=Medium AND E=High AND W=3,Acceptable,0.385548015402834,1,711,0.7995960089095716
Tout=Hot AND Hin=Normal AND Hout=Normal AND Solar=Normal AND Wind=Medium AND N=Normal AND E=High AND W=3,Acceptable,0.3441844993509912,1,1013,0.9003540962142704
Tout=Hot AND Hin=Normal AND L=High AND Solar=Low AND Wind=Low AND N=Low AND E=Normal AND W=0,Acceptable,0.3888356656748061,1,323,0.9999001450462651
Tout=Hot AND Hin=Normal AND L=Normal AND CO2=High AND Wind=Medium AND N=Low AND E=High AND W=0,Poor,0.3653408849894689,1,1529,0.9999999999915604
Tout=Hot AND Hin=Normal AND L=Normal AND CO2=Normal AND Wind=Low AND N=High AND E=High AND W=3,Acceptable,0.5831948101783274,1,1298,0.9999999999985736
Tout=Hot AND Hin=Normal AND L=Normal AND CO2=Normal AND Wind=Low AND N=Low AND E=Normal AND W=3,Good,0.3334795817199466,1,1663,0.8587658221157969
Tout=Hot AND Hin=Normal AND L=Normal AND CO2=Normal AND Wind=Medium AND N=Low AND E=High AND W=3,Acceptable,0.3726019827082479,1,216,0.5899958678501744
Tout=Hot AND Hin=Normal AND L=Normal AND Solar=Normal AND Wind=Medium AND N=Low AND E=Normal AND W=0,Acceptable,0.4684427821997357,1,1415,0.9782850862636331
Tout=Hot AND Hin=Wet AND Hout=Wet AND L=Low AND Solar=High AND Wind=Medium AND E=Normal AND W=3,Acceptable,0.4345017183286493,1,789,0.7778023267675382
Tout=Hot AND Hin=Wet AND Hout=Wet AND L=Normal AND Wind=Medium AND N=Normal AND E=Normal AND W=0,Poor,0.347160879407887,1,1575,0.8660050655603694
Tout=Hot AND Hout=Normal AND L=Low AND CO2=Normal AND Wind=Low AND N=Normal AND E=Normal AND W=3,Good,0.5368437979785395,1,39,0.5876627526306419
Tout=Hot AND Hout=Normal AND Solar=High AND CO2=Normal AND Wind=Medium AND N=Low AND E=Normal AND W=3,Acceptable,0.4163248417602238,1,538,0.6299514110482648
Tout=Hot AND Hout=Wet AND L=Normal AND Solar=Low AND CO2=Normal AND Wind=Medium AND E=Normal AND W=1,Acceptable,0.4515748570028269,1,1533,0.9576836041054159
Tout=Hot AND L=High AND Solar=Low AND CO2=Normal AND Wind=Low AND N=Low AND E=Normal AND W=1,Acceptable,0.3442577567246339,1,200,0.9999999999909555
Tout=Hot AND L=Normal AND Solar=Normal AND CO2=High AND Wind=Low AND N=Low AND E=Normal AND W=3,Acceptable,0.3870041311340071,1,167,0.8481846552869924
Tout=Normal AND Hin=Dry AND Hout=Dry AND CO2=Normal AND Wind=Medium AND N=Normal AND E=Normal AND W=0,Poor,0.3892064869079467,1,995,0.4118762105139096
Tout=Normal AND Hin=Dry AND Hout=Dry AND L=High AND Solar=Low AND CO2=Normal AND Wind=Low AND W=0,Poor,0.449814108654158,1,506,0.9999999999961974
Tout=Normal AND Hin=Dry AND Hout=Dry AND L=Low AND Solar=High AND CO2=High AND Wind=Medium AND W=3,Poor,0.4266709397388764,1,730,0.9649749299214017
Tout=Normal AND Hin=Dry AND Hout=Dry AND L=Low AND Solar=High AND CO2=Low AND Wind=Low AND W=3,Acceptable,0.3468352275488481,1,1711,0.6102447429841006
Tout=Normal AND Hin=Dry AND Hout=Dry AND L=Low AND Solar=High AND CO2=Normal AND N=Normal AND W=3,Acceptable,0.3618546661362809,1,137,0.572796917042209
Tout=Normal AND Hin=Dry AND Hout=Dry AND L=Low AND Solar=High AND CO2=Normal AND Wind=Medium AND W=3,Acceptable,0.4035198216615709,1,361,0.7701657760600985
Tout=Normal AND Hin=Dry AND Hout=Dry AND L=Low AND Solar=High AND N=Low AND E=Low AND W=3,Acceptable,0.3726719458721603,1,1057,0.9665331005603521
Tout=Normal AND Hin=Dry AND Hout=Dry AND L=Low AND Solar=High AND Wind=Low AND N=High AND W=3,Poor,0.4050857730345154,1,1491,0.9763161752813566
Tout=Normal AND Hin=Dry AND Hout=Dry AND L=Low AND Solar=Normal AND CO2=High AND N=Normal AND W=3,Acceptable,0.3377189381315567,1,877,0.9995038609384485
Tout=Normal AND Hin=Dry AND Hout=Dry AND L=Normal AND CO2=Low AND Wind=Medium AND N=Normal AND W=0,Poor,0.4252209222071715,1,1303,0.48506245142981685
Tout=Normal AND Hin=Dry AND Hout=Dry AND L=Normal AND CO2=Normal AND Wind=Low AND N=Normal AND W=0,Acceptable,0.3804539570105357,1,887,0.9411147698693013
Tout=Normal AND Hin=Dry AND Hout=Dry AND L=Normal AND Solar=Low AND CO2=Low AND Wind=Medium AND W=0,Acceptable,0.4807397306945981,1,1384,0.9995555954789384
Tout=Normal AND Hin=Dry AND Hout=Dry AND L=Normal AND Solar=Normal AND CO2=Normal AND Wind=Medium AND W=0,Poor,0.3547796787113236,1,1762,0.3247628757285193
Tout=Normal AND Hin=Dry AND Hout=Normal AND Solar=High AND CO2=Normal AND Wind=Medium AND N=High AND W=3,Acceptable,0.3970974730769768,1,64,0.6675157027295513
Tout=Normal AND Hin=Dry AND Hout=Normal AND Solar=Normal AND CO2=High AND Wind=Low AND N=Low AND W=3,Acceptable,0.3388151943526495,1,682,0.6072526424296851
Tout=Normal AND Hin=Dry AND L=Low AND Solar=High AND Wind=Low AND N=Low AND E=Low AND W=3,Acceptable,0.3539916062670464,1,360,0.9999911318864458
Tout=Normal AND Hin=Dry AND L=Low AND Solar=High AND Wind=Medium AND N=Low AND E=Low AND W=3,Acceptable,0.511602576611697,1,962,0.8193193795779291
Tout=Normal AND Hin=Dry AND L=Normal AND Solar=Low AND CO2=High AND Wind=Medium AND N=Normal AND W=3,Acceptable,0.3737019978312523,1,1213,0.976469708444942
Tout=Normal AND Hin=Dry AND L=Normal AND Solar=Low AND Wind=Medium AND N=Low AND E=Normal AND W=0,Acceptable,0.3970630205936714,1,1501,0.8699737128148253
Tout=Normal AND Hin=Dry AND L=Normal AND Solar=Normal AND CO2=Normal AND Wind=Medium AND N=Low AND W=3,Good,0.354033685456545,1,242,0.473944586492691
Tout=Normal AND Hin=Normal AND Hout=Normal AND CO2=High AND Wind=Low AND N=High AND E=Normal AND W=3,Acceptable,0.364608602469564,1,148,0.6841000868322572
Tout=Normal AND Hin=Normal AND Hout=Normal AND CO2=High AND Wind=Medium AND N=Low AND E=Normal AND W=0,Acceptable,0.3915516367488048,1,564,0.9871804610002808
Tout=Normal AND Hin=Normal AND Hout=Normal AND CO2=Normal AND Wind=High AND N=Normal AND E=Normal AND W=1,Poor,0.3741074052193325,1,1356,0.30565092219767226
Tout=Normal AND Hin=Normal AND Hout=Normal AND CO2=Normal AND Wind=Low AND N=Low AND E=Low AND W=0,Acceptable,0.3647504669849548,1,1737,0.8426762048616605
Tout=Normal AND Hin=Normal AND Hout=Normal AND L=High AND Solar=Low AND CO2=Normal AND N=Normal AND W=3,Good,0.4059565595871064,1,1024,0.3651509947787863
Tout=Normal AND Hin=Normal AND Hout=Normal AND L=High AND Solar=Low AND Wind=Low AND E=Normal AND W=1,Poor,0.4349970882665966,1,957,0.267662398430599
Tout=Normal AND Hin=Normal AND Hout=Normal AND L=High AND Solar=Low AND Wind=Low AND N=Low AND W=0,Acceptable,0.3598801122060197,1,1285,0.9837016924430961
Tout=Normal AND Hin=Normal AND Hout=Normal AND L=Low AND CO2=Low AND N=High AND E=Low AND W=3,Acceptable,0.3470273743922451,1,1374,0.7669500904540135
Tout=Normal AND Hin=Normal AND Hout=Normal AND L=Low AND CO2=Low AND Wind=Low AND N=Normal AND W=3,Good,0.4175457758255952,1,523,0.7024476932862805
Tout=Normal AND Hin=Normal AND Hout=Normal AND L=Low AND Solar=High AND CO2=Low AND N=Low AND W=3,Good,0.3491774718992305,1,422,0.8204068181933475
Tout=Normal AND Hin=Normal AND Hout=Normal AND L=Low AND Solar=High AND CO2=Low AND N=Normal AND W=3,Acceptable,0.5165307353060704,1,615,0.42580187388621515
Tout=Normal AND Hin=Normal AND Hout=Normal AND L=Low AND Solar=High AND CO2=Normal AND N=Normal AND W=3,Good,0.4598708029993975,1,56,0.7880937021568085
Tout=Normal AND Hin=Normal AND Hout=Normal AND L=Low AND Solar=High AND CO2=Normal AND Wind=Medium AND W=3,Acceptable,0.3663374991757354,1,1223,0.1760705336433643
Tout=Normal AND Hin=Normal AND Hout=Normal AND L=Low AND Solar=High AND Wind=Medium AND E=Normal AND W=3,Acceptable,0.3589396618773308,1,247,0.21468943401301432
Tout=Normal AND Hin=Normal AND Hout=Normal AND L=Low AND Solar=Normal AND CO2=High AND E=Normal AND W=3,Good,0.4291243397866405,1,1191,0.3530399773869114
Tout=Normal AND Hin=Normal AND Hout=Normal AND L=Low AND Solar=Normal AND CO2=Low AND Wind=Low AND W=3,Acceptable,0.3540369065281143,1,1603,0.44732032825580026
Tout=Normal AND Hin=Normal AND Hout=Normal AND L=Low AND Solar=Normal AND CO2=Normal AND Wind=Medium AND W=3,Good,0.3728690087480603,1,122,0.7421696244649794
Tout=Normal AND Hin=Normal AND Hout=Normal AND L=Low AND Solar=Normal AND Wind=Low AND N=High AND W=0,Acceptable,0.4659264142829615,1,535,0.9999999999986363
Tout=Normal AND Hin=Normal AND Hout=Normal AND L=Low AND Solar=Normal AND Wind=Medium AND E=Normal AND W=0,Acceptable,0.3336318219877726,1,914,0.9291250928695698
Tout=Normal AND Hin=Normal AND Hout=Normal AND L=Low AND Solar=Normal AND Wind=Medium AND N=Normal AND W=3,Good,0.4557119130956804,1,172,0.7208477908116158
Tout=Normal AND Hin=Normal AND Hout=Normal AND L=Normal AND CO2=High AND Wind=Low AND N=Normal AND W=0,Poor,0.4401613536596543,1,1631,0.4538501713706228
Tout=Normal AND Hin=Normal AND Hout=Normal AND L=Normal AND CO2=High AND Wind=Medium AND N=Low AND W=1,Poor,0.4518898575128481,1,1054,0.8833184095177731
Tout=Normal AND Hin=Normal AND Hout=Normal AND L=Normal AND CO2=Low AND Wind=Low AND N=High AND W=0,Acceptable,0.4035394289104909,1,1011,0.8376105159712314
Tout=Normal AND Hin=Normal AND Hout=Normal AND L=Normal AND CO2=Normal AND N=High AND E=Normal AND W=1,Acceptable,0.3595811035278962,1,845,0.7889193022379984
Tout=Normal AND Hin=Normal AND Hout=Normal AND L=Normal AND CO2=Normal AND N=Normal AND E=Normal AND W=3,Good,0.492485424176544,1,49,0.643321954830626
Tout=Normal AND Hin=Normal AND Hout=Normal AND L=Normal AND CO2=Normal AND Wind=High AND N=High AND W=0,Acceptable,0.4814359403652264,1,321,0.9999999999984445
Tout=Normal AND Hin=Normal AND Hout=Normal AND L=Normal AND CO2=Normal AND Wind=Low AND E=Normal AND W=3,Acceptable,0.4249687090390171,1,1443,0.31003396200029304
Tout=Normal AND Hin=Normal AND Hout=Normal AND L=Normal AND CO2=Normal AND Wind=Low AND N=Low AND W=3,Acceptable,0.5122352274154782,1,43,0.2325969912427727
Tout=Normal AND Hin=Normal AND Hout=Normal AND L=Normal AND CO2=Normal AND Wind=Low AND N=Normal AND W=0,Acceptable,0.41202439994258,1,202,0.9162593436937129
Tout=Normal AND Hin=Normal AND Hout=Normal AND L=Normal AND CO2=Normal AND Wind=Medium AND E=Normal AND W=0,Acceptable,0.496007838349821,1,184,0.8507494893641259
Tout=Normal AND Hin=Normal AND Hout=Normal AND L=Normal AND CO2=Normal AND Wind=Medium AND N=Low AND W=0,Acceptable,0.3758974823864719,1,561,0.82403899989174
Tout=Normal AND Hin=Normal AND Hout=Normal AND L=Normal AND CO2=Normal AND Wind=Medium AND N=Low AND W=1,Acceptable,0.4959289018777162,1,424,0.7150096450601318
Tout=Normal AND Hin=Normal AND Hout=Normal AND L=Normal AND CO2=Normal AND Wind=Medium AND N=Normal AND W=0,Acceptable,0.5405906072374937,1,384,0.8661481830253576
Tout=Normal AND Hin=Normal AND Hout=Normal AND L=Normal AND Solar=Low AND CO2=Normal AND N=High AND W=3,Acceptable,0.3431637535390204,1,1433,0.2921135890121554
Tout=Normal AND Hin=Normal AND Hout=Normal AND L=Normal AND Solar=Low AND CO2=Normal AND Wind=Medium AND W=0,Acceptable,0.3729990124214276,1,551,0.8665256544112689
Tout=Normal AND Hin=Normal AND Hout=Normal AND L=Normal AND Solar=Normal AND CO2=High AND N=Low AND W=0,Acceptable,0.3632753844801106,1,869,0.9669140837019652
Tout=Normal AND Hin=Normal AND Hout=Normal AND L=Normal AND Solar=Normal AND CO2=High AND Wind=High AND W=3,Acceptable,0.439519102898844,1,377,0.7942576636235219
Tout=Normal AND Hin=Normal AND Hout=Normal AND L=Normal AND Solar=Normal AND CO2=Low AND N=Normal AND W=3,Acceptable,0.5242533431151536,1,655,0.5983302543726634
Tout=Normal AND Hin=Normal AND Hout=Normal AND L=Normal AND Solar=Normal AND CO2=Low AND Wind=High AND W=0,Acceptable,0.3699130774993178,1,1522,0.9999999999967761
Tout=Normal AND Hin=Normal AND Hout=Normal AND L=Normal AND Solar=Normal AND CO2=Normal AND Wind=Low AND W=3,Acceptable,0.3906960938119228,1,876,0.25904735582816596
Tout=Normal AND Hin=Normal AND Hout=Normal AND L=Normal AND Solar=Normal AND N=High AND E=Normal AND W=3,Good,0.4298128607171422,1,625,0.62326327419177
Tout=Normal AND Hin=Normal AND Hout=Normal AND L=Normal AND Solar=Normal AND N=Normal AND E=Normal AND W=1,Poor,0.3825115835775136,1,762,0.2630580381921621
Tout=Normal AND Hin=Normal AND Hout=Normal AND L=Normal AND Solar=Normal AND N=Normal AND E=Normal AND W=3,Acceptable,0.3343541169337152,1,686,0.3721606635665207
Tout=Normal AND Hin=Normal AND Hout=Normal AND L=Normal AND Solar=Normal AND Wind=Low AND E=Normal AND W=0,Acceptable,0.5277784423141226,1,476,0.8811931167383962
Tout=Normal AND Hin=Normal AND Hout=Normal AND L=Normal AND Solar=Normal AND Wind=Low AND E=Normal AND W=3,Acceptable,0.3773946360153258,1,1093,0.36766804759010147
Tout=Normal AND Hin=Normal AND Hout=Normal AND L=Normal AND Solar=Normal AND Wind=Medium AND E=Normal AND W=0,Acceptable,0.3457320517582525,1,537,0.8468083953754637
Tout=Normal AND Hin=Normal AND Hout=Normal AND L=Normal AND Solar=Normal AND Wind=Medium AND E=Normal AND W=3,Acceptable,0.3773626438747558,1,296,0.3451945137515427
Tout=Normal AND Hin=Normal AND Hout=Normal AND L=Normal AND Solar=Normal AND Wind=Medium AND N=Normal AND W=0,Acceptable,0.3637888163428581,1,176,0.8532814770468045
Tout=Normal AND Hin=Normal AND Hout=Normal AND Solar=High AND CO2=Normal AND Wind=Low AND E=Normal AND W=3,Acceptable,0.3773946360153254,1,778,0.22391906890034924
Tout=Normal AND Hin=Normal AND Hout=Normal AND Solar=Low AND CO2=High AND Wind=Medium AND E=Normal AND W=0,Acceptable,0.3652658926004486,1,1424,0.9121374638488738
Tout=Normal AND Hin=Normal AND Hout=Normal AND Solar=Low AND CO2=Low AND N=High AND E=Normal AND W=1,Acceptable,0.3645976362793907,1,1030,0.944982741585071
Tout=Normal AND Hin=Normal AND Hout=Normal AND Solar=Low AND CO2=Low AND Wind=Medium AND N=Normal AND W=2,Poor,0.4673401497929255,1,527,0.9999999999969682
Tout=Normal AND Hin=Normal AND Hout=Normal AND Solar=Low AND CO2=Normal AND N=High AND E=Normal AND W=0,Acceptable,0.4263690269590146,1,1448,0.9532548269436952
Tout=Normal AND Hin=Normal AND Hout=Normal AND Solar=Low AND CO2=Normal AND Wind=High AND N=Low AND W=2,Poor,0.3367869798364185,1,716,0.9999999999980904
Tout=Normal AND Hin=Normal AND Hout=Normal AND Solar=Low AND CO2=Normal AND Wind=Medium AND N=High AND W=1,Poor,0.6465407374670755,1,400,0.2631507232360071
Tout=Normal AND Hin=Normal AND Hout=Normal AND Solar=Low AND CO2=Normal AND Wind=Medium AND N=Low AND W=0,Acceptable,0.4931697475371852,1,1683,0.8272973769990001
Tout=Normal AND Hin=Normal AND Hout=Normal AND Solar=Low AND Wind=High AND N=High AND E=Normal AND W=1,Acceptable,0.3707742765373833,1,1269,0.9870746026710503
Tout=Normal AND Hin=Normal AND Hout=Normal AND Solar=Normal AND CO2=Low AND Wind=Low AND E=Normal AND W=3,Acceptable,0.4073747283692618,1,1370,0.5071402713666269
Tout=Normal AND Hin=Normal AND Hout=Normal AND Solar=Normal AND CO2=Normal AND N=Normal AND E=High AND W=0,Poor,0.3915778805631624,1,1633,0.6241361524555806
Tout=Normal AND Hin=Normal AND Hout=Normal AND Solar=Normal AND CO2=Normal AND Wind=Low AND N=Low AND W=3,Good,0.391350490030895,1,1401,0.808262023406339
Tout=Normal AND Hin=Normal AND Hout=Normal AND Solar=Normal AND CO2=Normal AND Wind=Medium AND E=Normal AND W=3,Acceptable,0.3615397244924657,1,694,0.2975100045359869
Tout=Normal AND Hin=Normal AND Hout=Normal AND Solar=Normal AND CO2=Normal AND Wind=Medium AND N=High AND W=0,Acceptable,0.4009397375116383,1,631,0.8286710833611654
Tout=Normal AND Hin=Normal AND Hout=Normal AND Solar=Normal AND CO2=Normal AND Wind=Medium AND N=High AND W=3,Good,0.645674513315935,1,162,0.6548038941939337
Tout=Normal AND Hin=Normal AND Hout=Normal AND Solar=Normal AND Wind=Medium AND N=Low AND E=Normal AND W=0,Acceptable,0.5123302117931234,1,236,0.8746097536366616
Tout=Normal AND Hin=Normal AND Hout=Normal AND Solar=Normal AND Wind=Medium AND N=Normal AND E=Normal AND W=3,Acceptable,0.429304835241572,1,1377,0.34594981150769377
Tout=Normal AND Hin=Normal AND Hout=Wet AND L=Low AND Solar=Normal AND Wind=Low AND N=Normal AND W=0,Acceptable,0.3797495638306946,1,1389,0.9999999999861452
Tout=Normal AND Hin=Normal AND Hout=Wet AND L=Normal AND CO2=Low AND Wind=Low AND N=Normal AND W=1,Acceptable,0.3796232658854366,1,1702,0.9999999999821377
Tout=Normal AND Hin=Normal AND Hout=Wet AND L=Normal AND CO2=Normal AND Wind=Medium AND N=Normal AND W=1,Poor,0.3766042497468057,1,715,0.2747654698017783
Tout=Normal AND Hin=Normal AND Hout=Wet AND Solar=Normal AND CO2=Normal AND Wind=Medium AND N=Low AND W=0,Acceptable,0.3656827626219132,1,65,0.6906284776606655
Tout=Normal AND Hin=Normal AND L=Low AND CO2=Normal AND Wind=Low AND N=Normal AND E=Low AND W=3,Good,0.3959610736971737,1,927,0.8686678345882409
Tout=Normal AND Hin=Normal AND L=Low AND Solar=High AND CO2=Normal AND Wind=High AND N=Normal AND W=3,Acceptable,0.3503544432339334,1,1676,0.25141497017456244
Tout=Normal AND Hin=Normal AND L=Low AND Solar=High AND CO2=Normal AND Wind=Medium AND N=High AND W=3,Acceptable,0.3535439189234088,1,1294,0.2716603007351106
Tout=Normal AND Hin=Normal AND L=Low AND Solar=Normal AND CO2=Normal AND Wind=Medium AND N=Normal AND W=0,Acceptable,0.6027495567966207,1,248,0.8886836513897396
Tout=Normal AND Hin=Normal AND L=Low AND Solar=Normal AND Wind=Low AND N=Normal AND E=Low AND W=3,Acceptable,0.3573926108238344,1,753,0.16837444205826244
Tout=Normal AND Hin=Normal AND L=Normal AND CO2=High AND Wind=Medium AND N=Low AND E=Normal AND W=0,Acceptable,0.3430811978590424,1,669,0.9660303117489845
Tout=Normal AND Hin=Normal AND L=Normal AND CO2=Normal AND Wind=Medium AND N=High AND E=High AND W=1,Poor,0.3541126322702713,1,745,0.9810407419073057
Tout=Normal AND Hin=Normal AND L=Normal AND Solar=High AND CO2=Low AND Wind=Low AND N=High AND W=3,Acceptable,0.3854369074990804,1,439,0.9723039349121377
Tout=Normal AND Hin=Normal AND L=Normal AND Solar=Low AND CO2=Low AND Wind=Low AND E=Normal AND W=1,Acceptable,0.4367816091954026,1,1747,0.8968326026230862
Tout=Normal AND Hin=Normal AND L=Normal AND Solar=Low AND CO2=Normal AND N=Low AND E=Low AND W=1,Poor,0.3841460819097087,1,1672,0.1880961045743016
Tout=Normal AND Hin=Normal AND L=Normal AND Solar=Low AND CO2=Normal AND Wind=Medium AND N=Low AND W=2,Poor,0.3396257480029703,1,44,0.9999999999979291
Tout=Normal AND Hin=Normal AND L=Normal AND Solar=Normal AND CO2=High AND Wind=Low AND N=High AND W=3,Acceptable,0.4187310940572259,1,672,0.76117573963286
Tout=Normal AND Hin=Normal AND L=Normal AND Solar=Normal AND CO2=Normal AND Wind=Low AND N=Normal AND W=3,Acceptable,0.4034373928847319,1,1542,0.25221994052465235
Tout=Normal AND Hin=Normal AND L=Normal AND Solar=Normal AND CO2=Normal AND Wind=Medium AND N=Low AND W=3,Good,0.5346993808436218,1,168,0.6153461291176499
Tout=Normal AND Hin=Normal AND L=Normal AND Solar=Normal AND Wind=Medium AND N=Low AND E=Low AND W=0,Acceptable,0.3735746138156142,1,480,0.9064880864656258
Tout=Normal AND Hin=Normal AND Solar=Low AND CO2=Normal AND Wind=Medium AND N=Low AND E=Normal AND W=1,Acceptable,0.5890803744470201,1,204,0.642486988483372
Tout=Normal AND Hin=Wet AND Hout=Normal AND L=Normal AND Solar=Low AND CO2=Normal AND E=Normal AND W=1,Acceptable,0.3773946360153254,1,737,0.7694827487484155
Tout=Normal AND Hin=Wet AND Hout=Normal AND Solar=Normal AND CO2=Low AND Wind=Medium AND E=Normal AND W=3,Acceptable,0.4367816091954026,1,1752,0.9509310816420058
Tout=Normal AND Hin=Wet AND Hout=Wet AND L=High AND Solar=Low AND Wind=High AND N=Normal AND W=2,Poor,0.5141977680480637,1,1133,0.9999999999973606
Tout=Normal AND Hin=Wet AND Hout=Wet AND L=Low AND CO2=Normal AND Wind=Medium AND N=Normal AND W=3,Acceptable,0.434359249529404,1,225,0.6611796459779323
Tout=Normal AND Hin=Wet AND Hout=Wet AND L=Normal AND CO2=Low AND N=Normal AND E=Normal AND W=1,Poor,0.4566857349982743,1,276,0.5145018548787179
Tout=Normal AND Hin=Wet AND Hout=Wet AND L=Normal AND CO2=Normal AND N=High AND E=Normal AND W=1,Acceptable,0.5438239049271246,1,281,0.8383701373282179
Tout=Normal AND Hin=Wet AND Hout=Wet AND L=Normal AND CO2=Normal AND Wind=Low AND N=High AND W=0,Acceptable,0.4578522394635939,1,568,0.6031770452751432
Tout=Normal AND Hin=Wet AND Hout=Wet AND L=Normal AND Solar=Normal AND CO2=Normal AND N=Normal AND W=3,Acceptable,0.3489836417556907,1,452,0.7978614408877848
Tout=Normal AND Hin=Wet AND Hout=Wet AND L=Normal AND Solar=Normal AND N=Normal AND E=Normal AND W=0,Acceptable,0.626438882169967,1,481,0.7814447081601711
Tout=Normal AND Hin=Wet AND Hout=Wet AND L=Normal AND Wind=Low AND N=High AND E=Normal AND W=3,Acceptable,0.4436098509796195,1,250,0.9767920002681416
Tout=Normal AND Hin=Wet AND Hout=Wet AND L=Normal AND Wind=Medium AND N=High AND E=Normal AND W=1,Acceptable,0.6256918366747184,1,587,0.8641332787821004
Tout=Normal AND Hin=Wet AND Hout=Wet AND Solar=Low AND CO2=Normal AND Wind=Low AND N=Low AND W=0,Acceptable,0.3344663293390804,1,220,0.9999999999905461
Tout=Normal AND Hin=Wet AND Hout=Wet AND Solar=Low AND Wind=Medium AND N=High AND E=Normal AND W=1,Poor,0.3374458864457998,1,1032,0.1843069149806846
Tout=Normal AND Hin=Wet AND Hout=Wet AND Solar=Normal AND Wind=Medium AND N=High AND E=Normal AND W=3,Acceptable,0.3478643350123054,1,1103,0.7710081698124184
Tout=Normal AND Hin=Wet AND L=Low AND Solar=Normal AND Wind=Low AND N=Normal AND E=Normal AND W=3,Good,0.4205271022871674,1,519,0.993878066469122
Tout=Normal AND Hin=Wet AND L=Normal AND Solar=Low AND CO2=Normal AND Wind=Medium AND N=High AND W=1,Acceptable,0.4434568788863275,1,607,0.9001346873364223
Tout=Normal AND Hin=Wet AND L=Normal AND Solar=Low AND Wind=High AND N=High AND E=Normal AND W=1,Poor,0.440555039543872,1,834,0.567122572937183
Tout=Normal AND Hin=Wet AND Solar=Normal AND CO2=High AND Wind=Medium AND N=High AND E=Normal AND W=0,Acceptable,0.4143788402948688,1,1540,0.9999999999975953
Tout=Normal AND Hout=Dry AND L=Low AND Solar=Normal AND CO2=Normal AND N=High AND E=Normal AND W=3,Good,0.5418409526246499,1,562,0.585227458911435
Tout=Normal AND Hout=Dry AND Solar=Low AND CO2=Normal AND Wind=Low AND N=High AND E=Normal AND W=1,Acceptable,0.3455490614016456,1,372,0.9994914867646056
Tout=Normal AND Hout=Normal AND L=Low AND Solar=High AND CO2=Normal AND Wind=Low AND N=Low AND W=3,Good,0.4151215321757957,1,1680,0.7511585247457456
Tout=Normal AND Hout=Normal AND L=Low AND Solar=High AND CO2=Normal AND Wind=Medium AND N=High AND W=3,Good,0.4367816091954026,1,13,0.768251183705242
Tout=Normal AND Hout=Normal AND L=Low AND Solar=Normal AND CO2=Low AND Wind=Low AND N=Normal AND W=3,Acceptable,0.350751680153495,1,1367,0.5194262327605247
Tout=Normal AND Hout=Normal AND L=Normal AND CO2=Low AND Wind=High AND N=Normal AND E=Normal AND W=0,Acceptable,0.4420718908871317,1,450,0.9999999999961879
Tout=Normal AND Hout=Normal AND L=Normal AND CO2=Low AND Wind=Low AND N=High AND E=Normal AND W=0,Acceptable,0.3625879235956171,1,843,0.8693299807851186
Tout=Normal AND Hout=Normal AND L=Normal AND Solar=Low AND CO2=Normal AND Wind=Medium AND N=Low AND W=0,Acceptable,0.3743589863534568,1,1123,0.8167017162602006
Tout=Normal AND Hout=Normal AND L=Normal AND Solar=Low AND Wind=High AND N=High AND E=Normal AND W=2,Poor,0.3860914557457573,1,245,0.9999999999982407
Tout=Normal AND Hout=Normal AND L=Normal AND Solar=Normal AND CO2=Normal AND Wind=Medium AND N=Low AND W=0,Acceptable,0.39906384151264,1,693,0.8541511501648335
Tout=Normal AND Hout=Normal AND L=Normal AND Solar=Normal AND Wind=Low AND N=High AND E=Normal AND W=0,Acceptable,0.466374937554563,1,75,0.9182073731053658
Tout=Normal AND Hout=Normal AND L=Normal AND Solar=Normal AND Wind=Medium AND N=Low AND E=Low AND W=3,Acceptable,0.4264606582051746,1,1062,0.2124342208920066
Tout=Normal AND Hout=Normal AND Solar=Low AND CO2=Low AND Wind=Medium AND N=Low AND E=Low AND W=3,Acceptable,0.4000482548455739,1,1098,0.9993797220734602
Tout=Normal AND Hout=Normal AND Solar=Low AND CO2=Normal AND Wind=Low AND N=High AND E=Normal AND W=1,Acceptable,0.4023392705302985,1,340,0.9844823863757134
Tout=Normal AND Hout=Normal AND Solar=Normal AND CO2=Low AND Wind=Medium AND N=High AND E=Normal AND W=3,Acceptable,0.3996490743423658,1,146,0.6660711368200513
Tout=Normal AND Hout=Wet AND L=High AND Solar=Low AND CO2=Normal AND Wind=Medium AND N=Low AND W=1,Acceptable,0.4672843768588228,1,194,0.6606990172981949
Tout=Normal AND Hout=Wet AND L=High AND Solar=Low AND Wind=Medium AND N=High AND E=Normal AND W=1,Acceptable,0.4320967080781723,1,1409,0.7895657861804428
Tout=Normal AND Hout=Wet AND L=Low AND CO2=Low AND Wind=Low AND N=High AND E=Normal AND W=3,Acceptable,0.3480212620093994,1,107,0.9999999999895064
Tout=Normal AND Hout=Wet AND L=Normal AND CO2=Normal AND Wind=Medium AND N=Normal AND E=Normal AND W=1,Acceptable,0.4271069659116438,1,87,0.7325340259711245
Tout=Normal AND Hout=Wet AND L=Normal AND Solar=Low AND CO2=Normal AND Wind=Medium AND N=Low AND W=1,Acceptable,0.474096253463761,2,1171,0.7534975358658489
Tout=Normal AND Hout=Wet AND L=Normal AND Solar=Low AND Wind=High AND N=High AND E=High AND W=1,Poor,0.4520460535557682,1,457,0.9999999999968103
Tout=Normal AND Hout=Wet AND L=Normal AND Solar=Normal AND CO2=Normal AND Wind=Medium AND E=Low AND W=1,Acceptable,0.3634698511031784,1,872,0.7161910603608292
Tout=Normal AND Hout=Wet AND Solar=Low AND CO2=Normal AND Wind=High AND N=Low AND E=Normal AND W=2,Poor,0.3388375583624839,1,238,0.9999999999985407
Tout=Normal AND L=High AND Solar=Low AND CO2=High AND Wind=Medium AND N=Normal AND E=Normal AND W=1,Poor,0.3366187393165028,1,1015,0.9156059404999632
Tout=Normal AND L=High AND Solar=Low AND CO2=High AND Wind=Medium AND N=Normal AND E=Normal AND W=2,Poor,0.3611358004493205,1,1289,0.9999999999963264
Tout=Normal AND L=High AND Solar=Low AND CO2=Low AND Wind=High AND N=Low AND E=High AND W=1,Poor,0.3350354670182199,1,1741,0.9999999999896082
Tout=Normal AND L=Low AND Solar=High AND CO2=Normal AND Wind=Low AND N=High AND E=Low AND W=3,Good,0.4627819569157766,1,30,0.7870644146234191
Tout=Normal AND L=Normal AND Solar=Low AND CO2=Low AND Wind=Medium AND N=Normal AND E=High AND W=1,Poor,0.3446635151746474,1,399,0.8424561604577387
Tout=Normal AND L=Normal AND Solar=Low AND CO2=Normal AND Wind=Medium AND N=Normal AND E=Normal AND W=0,Acceptable,0.4498254008012629,1,195,0.8391827713219812
Tout=Normal AND L=Normal AND Solar=Normal AND CO2=High AND Wind=Medium AND N=Normal AND E=Normal AND W=0,Poor,0.4731800766283526,1,93,0.22173172508207242
Tout=Normal AND L=Normal AND Solar=Normal AND CO2=Normal AND Wind=Low AND N=High AND E=Normal AND W=3,Good,0.4962728950344209,1,1157,0.6337058472294143
Tout=Normal AND L=Normal AND Solar=Normal AND CO2=Normal AND Wind=Low AND N=Normal AND E=Normal AND W=0,Acceptable,0.4615800962520739,1,370,0.9662724552668284
Tout=Normal AND L=Normal AND Solar=Normal AND CO2=Normal AND Wind=Medium AND N=High AND E=Normal AND W=0,Acceptable,0.3786405027296186,1,126,0.8045769951309911
Tout=Normal AND L=Normal AND Solar=Normal AND CO2=Normal AND Wind=Medium AND N=High AND E=Normal AND W=3,Good,0.4030365171843675,1,959,0.620423833444674
Tout=Normal AND L=Normal AND Solar=Normal AND CO2=Normal AND Wind=Medium AND N=Normal AND E=Normal AND W=0,Acceptable,0.3801136954058616,1,900,0.8441671157821009
