antecedent,consequent,weight,source_row
Tin=Normal AND Tout=Normal AND Hin=Normal AND Hout=Normal AND L=Low AND Solar=Normal AND CO2=Normal AND Wind=Medium AND N=Low AND E=Low AND W=3,Good,0.436781609195402,0
Tin=Normal AND Tout=Normal AND Hin=Normal AND Hout=Normal AND L=Normal AND Solar=Low AND CO2=Normal AND Wind=Medium AND N=Normal AND E=Normal AND W=1,Acceptable,0.5018667663185358,1
Tin=Normal AND Tout=Normal AND Hin=Normal AND Hout=Normal AND L=Low AND Solar=High AND CO2=Normal AND Wind=Low AND N=Normal AND E=Low AND W=3,Good,0.5513594772711643,2
Tin=Hot AND Tout=Normal AND Hin=Wet AND Hout=Wet AND L=Normal AND Solar=Normal AND CO2=Normal AND Wind=Low AND N=High AND E=Normal AND W=0,Poor,0.3908748192542317,3
Tin=Cold AND Tout=Normal AND Hin=Normal AND Hout=Normal AND L=Normal AND Solar=Normal AND CO2=Normal AND Wind=High AND N=Normal AND E=Normal AND W=3,Acceptable,0.3430685223478066,4
Tin=Normal AND Tout=Normal AND Hin=Normal AND Hout=Normal AND L=Low AND Solar=High AND CO2=Normal AND Wind=High AND N=Normal AND E=Normal AND W=3,Good,0.3626281312215351,5
Tin=Normal AND Tout=Normal AND Hin=Normal AND Hout=Normal AND L=Normal AND Solar=Low AND CO2=Normal AND Wind=Medium AND N=Normal AND E=Normal AND W=1,Acceptable,0.3776995625951109,6
Tin=Hot AND Tout=Normal AND Hin=Normal AND Hout=Normal AND L=Low AND Solar=Normal AND CO2=High AND Wind=Medium AND N=High AND E=Normal AND W=0,Acceptable,0.3896403947961707,7
Tin=Normal AND Tout=Normal AND Hin=Normal AND Hout=Normal AND L=Normal AND Solar=Normal AND CO2=Normal AND Wind=Low AND N=High AND E=Normal AND W=3,Acceptable,0.5753981039492658,8
Tin=Normal AND Tout=Normal AND Hin=Dry AND Hout=Dry AND L=Low AND Solar=High AND CO2=Normal AND Wind=Low AND N=Normal AND E=Low AND W=3,Good,0.3715768072517275,9
Tin=Normal AND Tout=Normal AND Hin=Normal AND Hout=Normal AND L=Normal AND Solar=Normal AND CO2=Normal AND Wind=Medium AND N=Normal AND E=Normal AND W=3,Good,0.4126564505499533,10
Tin=Normal AND Tout=Cold AND Hin=Dry AND Hout=Dry AND L=Normal AND Solar=Normal AND CO2=Normal AND Wind=Medium AND N=Normal AND E=Normal AND W=0,Acceptable,0.4631653806634147,11
Tin=Normal AND Tout=Normal AND Hin=Normal AND Hout=Normal AND L=Normal AND Solar=Normal AND CO2=Normal AND Wind=Medium AND N=Normal AND E=Normal AND W=0,Acceptable,0.3390519236416584,12
Tin=Normal AND Tout=Normal AND Hin=Normal AND Hout=Normal AND L=Low AND Solar=High AND CO2=Normal AND Wind=Medium AND N=High AND E=Low AND W=3,Good,0.3830583008575619,13
Tin=Normal AND Tout=Normal AND Hin=Normal AND Hout=Normal AND L=Normal AND Solar=Normal AND CO2=Normal AND Wind=Medium AND N=Low AND E=Normal AND W=0,Acceptable,0.3446236113962101,14
Tin=Normal AND Tout=Normal AND Hin=Normal AND Hout=Normal AND L=Normal AND Solar=Normal AND CO2=Low AND Wind=Low AND N=Normal AND E=Normal AND W=0,Acceptable,0.3451740394592685,15
Tin=Normal AND Tout=Hot AND Hin=Normal AND Hout=Normal AND L=High AND Solar=Low AND CO2=Normal AND Wind=Medium AND N=Low AND E=Normal AND W=0,Acceptable,0.3924276811787918,16
Tin=Normal AND Tout=Normal AND Hin=Normal AND Hout=Normal AND L=Normal AND Solar=Normal AND CO2=High AND Wind=Low AND N=Normal AND E=Normal AND W=0,Acceptable,0.3499092981010447,17
Tin=Hot AND Tout=Normal AND Hin=Wet AND Hout=Wet AND L=Normal AND Solar=Normal AND CO2=Normal AND Wind=Medium AND N=Normal AND E=Normal AND W=0,Poor,0.4197248730733079,18
Tin=Hot AND Tout=Normal AND Hin=Normal AND Hout=Normal AND L=Normal AND Solar=Low AND CO2=Normal AND Wind=High AND N=High AND E=High AND W=2,Poor,0.4427907286744215,19
Tin=Normal AND Tout=Normal AND Hin=Wet AND Hout=Wet AND L=Normal AND Solar=Low AND CO2=High AND Wind=Medium AND N=Normal AND E=Normal AND W=1,Acceptable,0.3773946360153258,20
Tin=Normal AND Tout=Cold AND Hin=Wet AND Hout=Wet AND L=Normal AND Solar=Low AND CO2=Low AND Wind=Medium AND N=Low AND E=Normal AND W=1,Poor,0.4057794995688902,21
Tin=Normal AND Tout=Normal AND Hin=Normal AND Hout=Normal AND L=Low AND Solar=Normal AND CO2=Normal AND Wind=Low AND N=Low AND E=Normal AND W=3,Good,0.33928728278155,22
Tin=Normal AND Tout=Normal AND Hin=Normal AND Hout=Normal AND L=Low AND Solar=Normal AND CO2=Normal AND Wind=Medium AND N=Normal AND E=Normal AND W=3,Good,0.3773946360153258,23
Tin=Hot AND Tout=Normal AND Hin=Normal AND Hout=Normal AND L=Normal AND Solar=Normal AND CO2=Low AND Wind=Low AND N=Normal AND E=High AND W=0,Poor,0.543187051484243,24
Tin=Normal AND Tout=Normal AND Hin=Normal AND Hout=Normal AND L=High AND Solar=Low AND CO2=High AND Wind=Low AND N=Normal AND E=Normal AND W=1,Acceptable,0.3889794388052136,25
Tin=Normal AND Tout=Normal AND Hin=Normal AND Hout=Normal AND L=Low AND Solar=Normal AND CO2=Normal AND Wind=Medium AND N=High AND E=Normal AND W=3,Good,0.4009496221878482,26
Tin=Normal AND Tout=Normal AND Hin=Normal AND Hout=Normal AND L=High AND Solar=Low AND CO2=Normal AND Wind=Medium AND N=Normal AND E=Normal AND W=2,Poor,0.3696275961267605,27
Tin=Normal AND Tout=Normal AND Hin=Normal AND Hout=Normal AND L=Low AND Solar=High AND CO2=Normal AND Wind=Medium AND N=Low AND E=Low AND W=3,Good,0.5898935560634775,28
Tin=Normal AND Tout=Cold AND Hin=Normal AND Hout=Normal AND L=Normal AND Solar=Normal AND CO2=Normal AND Wind=High AND N=Normal AND E=Normal AND W=0,Acceptable,0.3686774017317406,29
Tin=Normal AND Tout=Normal AND Hin=Normal AND Hout=Normal AND L=Low AND Solar=High AND CO2=Normal AND Wind=Low AND N=High AND E=Low AND W=3,Good,0.4627819569157766,30
Tin=Cold AND Tout=Normal AND Hin=Dry AND Hout=Normal AND L=Normal AND Solar=Low AND CO2=High AND Wind=Medium AND N=Low AND E=Normal AND W=0,Poor,0.4382891681034271,31
Tin=Normal AND Tout=Normal AND Hin=Normal AND Hout=Wet AND L=Normal AND Solar=Normal AND CO2=Normal AND Wind=Medium AND N=Normal AND E=Normal AND W=3,Good,0.4246920257244984,32
Tin=Normal AND Tout=Normal AND Hin=Normal AND Hout=Wet AND L=Normal AND Solar=High AND CO2=Normal AND Wind=Low AND N=High AND E=Normal AND W=3,Good,0.3407833762409047,33
Tin=Normal AND Tout=Normal AND Hin=Dry AND Hout=Normal AND L=Low AND Solar=Normal AND CO2=Normal AND Wind=Low AND N=Low AND E=Low AND W=3,Acceptable,0.4373668463744838,34
Tin=Normal AND Tout=Normal AND Hin=Normal AND Hout=Normal AND L=Normal AND Solar=Normal AND CO2=Normal AND Wind=Low AND N=Low AND E=Low AND W=0,Acceptable,0.5336560397696294,35
Tin=Normal AND Tout=Normal AND Hin=Normal AND Hout=Normal AND L=High AND Solar=Low AND CO2=Normal AND Wind=Low AND N=Normal AND E=Normal AND W=3,Acceptable,0.4037003322307402,36
Tin=Normal AND Tout=Normal AND Hin=Normal AND Hout=Normal AND L=Normal AND Solar=Normal AND CO2=Normal AND Wind=Medium AND N=Normal AND E=Normal AND W=3,Good,0.3629898162241795,37
Tin=Normal AND Tout=Normal AND Hin=Normal AND Hout=Normal AND L=Low AND Solar=Normal AND CO2=Normal AND Wind=Low AND N=High AND E=Normal AND W=3,Good,0.4009489776659939,38
Tin=Normal AND Tout=Hot AND Hin=Normal AND Hout=Normal AND L=Low AND Solar=High AND CO2=Normal AND Wind=Low AND N=Normal AND E=Normal AND W=3,Good,0.3828903745761146,39
Tin=Normal AND Tout=Hot AND Hin=Normal AND Hout=Normal AND L=Normal AND Solar=Normal AND CO2=Normal AND Wind=Medium AND N=High AND E=Normal AND W=3,Acceptable,0.4584392432332773,40
Tin=Normal AND Tout=Normal AND Hin=Normal AND Hout=Normal AND L=Normal AND Solar=Low AND CO2=High AND Wind=Medium AND N=High AND E=Normal AND W=0,Acceptable,0.3960159256512011,41
Tin=Hot AND Tout=Normal AND Hin=Normal AND Hout=Normal AND L=Normal AND Solar=Normal AND CO2=Normal AND Wind=Medium AND N=Normal AND E=Normal AND W=3,Acceptable,0.3710053713473431,42
Tin=Cold AND Tout=Normal AND Hin=Normal AND Hout=Normal AND L=Normal AND Solar=Normal AND CO2=Normal AND Wind=Low AND N=Low AND E=Low AND W=3,Acceptable,0.3786242113348723,43
Tin=Normal AND Tout=Normal AND Hin=Normal AND Hout=Normal AND L=Normal AND Solar=Low AND CO2=Normal AND Wind=Medium AND N=Low AND E=Low AND W=2,Poor,0.3396257480029703,44
Tin=Normal AND Tout=Normal AND Hin=Normal AND Hout=Normal AND L=Low AND Solar=High AND CO2=Normal AND Wind=Medium AND N=Low AND E=Normal AND W=3,Good,0.4141514807034246,45
Tin=Normal AND Tout=Normal AND Hin=Normal AND Hout=Wet AND L=Normal AND Solar=Normal AND CO2=Normal AND Wind=Medium AND N=Low AND E=Normal AND W=3,Good,0.3521045042190062,46
Tin=Normal AND Tout=Normal AND Hin=Dry AND Hout=Dry AND L=Low AND Solar=Normal AND CO2=Normal AND Wind=Medium AND N=Normal AND E=Normal AND W=3,Good,0.4596864894976507,47
Tin=Normal AND Tout=Normal AND Hin=Normal AND Hout=Normal AND L=Normal AND Solar=Normal AND CO2=Normal AND Wind=Medium AND N=Low AND E=Normal AND W=0,Acceptable,0.3506053321146514,48
Tin=Normal AND Tout=Normal AND Hin=Normal AND Hout=Normal AND L=Normal AND Solar=Low AND CO2=Normal AND Wind=Low AND N=Normal AND E=Normal AND W=3,Good,0.492485424176544,49
Tin=Normal AND Tout=Normal AND Hin=Normal AND Hout=Normal AND L=Normal AND Solar=Normal AND CO2=Normal AND Wind=High AND N=Normal AND E=Normal AND W=0,Acceptable,0.3979168733518676,50
Tin=Normal AND Tout=Normal AND Hin=Normal AND Hout=Normal AND L=Normal AND Solar=Normal AND CO2=Low AND Wind=Low AND N=Low AND E=Normal AND W=3,Good,0.3895218165525736,51
Tin=Normal AND Tout=Normal AND Hin=Normal AND Hout=Normal AND L=Normal AND Solar=Low AND CO2=Low AND Wind=Medium AND N=High AND E=Normal AND W=1,Acceptable,0.4165306731751612,52
Tin=Normal AND Tout=Normal AND Hin=Wet AND Hout=Wet AND L=Normal AND Solar=Normal AND CO2=High AND Wind=Medium AND N=Normal AND E=Normal AND W=3,Acceptable,0.4235391540102372,53
Tin=Hot AND Tout=Normal AND Hin=Normal AND Hout=Normal AND L=Low AND Solar=High AND CO2=Normal AND Wind=Medium AND N=Normal AND E=Normal AND W=3,Acceptable,0.3827717404657785,54
Tin=Normal AND Tout=Normal AND Hin=Normal AND Hout=Normal AND L=Normal AND Solar=Low AND CO2=Normal AND Wind=Medium AND N=High AND E=Normal AND W=3,Good,0.3714102616956274,55
Tin=Normal AND Tout=Normal AND Hin=Normal AND Hout=Normal AND L=Low AND Solar=High AND CO2=Normal AND Wind=Low AND N=Normal AND E=Normal AND W=3,Good,0.3581470701666859,56
Tin=Normal AND Tout=Normal AND Hin=Normal AND Hout=Normal AND L=Low AND Solar=Normal AND CO2=Normal AND Wind=Medium AND N=Normal AND E=Low AND W=3,Good,0.344648757630765,57
Tin=Normal AND Tout=Normal AND Hin=Normal AND Hout=Normal AND L=Normal AND Solar=Normal AND CO2=Normal AND Wind=Medium AND N=Normal AND E=Normal AND W=1,Acceptable,0.3471988810915178,58
Tin=Normal AND Tout=Normal AND Hin=Normal AND Hout=Normal AND L=Low AND Solar=High AND CO2=Normal AND Wind=Medium AND N=High AND E=Normal AND W=3,Good,0.4744374633571325,59
Tin=Normal AND Tout=Cold AND Hin=Normal AND Hout=Normal AND L=Normal AND Solar=Normal AND CO2=Normal AND Wind=Medium AND N=Normal AND E=Normal AND W=3,Acceptable,0.4731800766283523,60
Tin=Normal AND Tout=Normal AND Hin=Normal AND Hout=Wet AND L=High AND Solar=Low AND CO2=Normal AND Wind=High AND N=High AND E=Normal AND W=2,Poor,0.3750681737937714,61
Tin=Normal AND Tout=Normal AND Hin=Normal AND Hout=Normal AND L=Low AND Solar=Normal AND CO2=Normal AND Wind=Low AND N=Normal AND E=Normal AND W=0,Acceptable,0.3413017818818404,62
Tin=Normal AND Tout=Hot AND Hin=Normal AND Hout=Normal AND L=Normal AND Solar=Normal AND CO2=Low AND Wind=Medium AND N=High AND E=Normal AND W=0,Acceptable,0.5279576124022616,63
Tin=Normal AND Tout=Normal AND Hin=Dry AND Hout=Normal AND L=Normal AND Solar=High AND CO2=Normal AND Wind=Medium AND N=High AND E=Normal AND W=3,Acceptable,0.3970974730769768,64
Tin=Cold AND Tout=Normal AND Hin=Normal AND Hout=Wet AND L=Normal AND Solar=Normal AND CO2=Normal AND Wind=Medium AND N=Low AND E=Low AND W=0,Acceptable,0.3656827626219132,65
Tin=Normal AND Tout=Normal AND Hin=Normal AND Hout=Normal AND L=Low AND Solar=Normal AND CO2=High AND Wind=Medium AND N=Low AND E=Normal AND W=3,Acceptable,0.3813962762412359,66
Tin=Normal AND Tout=Normal AND Hin=Normal AND Hout=Normal AND L=Low AND Solar=Normal AND CO2=High AND Wind=Low AND N=High AND E=Normal AND W=3,Good,0.4349504078290536,67
Tin=Normal AND Tout=Normal AND Hin=Normal AND Hout=Normal AND L=Low AND Solar=High AND CO2=Normal AND Wind=Medium AND N=Normal AND E=Normal AND W=3,Good,0.3646142796811178,68
Tin=Normal AND Tout=Normal AND Hin=Dry AND Hout=Normal AND L=Low AND Solar=Normal AND CO2=Low AND Wind=Low AND N=Normal AND E=Normal AND W=3,Acceptable,0.3478009794494409,69
Tin=Normal AND Tout=Cold AND Hin=Normal AND Hout=Normal AND L=Normal AND Solar=Normal AND CO2=Normal AND Wind=Medium AND N=Normal AND E=High AND W=0,Acceptable,0.4425066143050819,70
Tin=Normal AND Tout=Normal AND Hin=Normal AND Hout=Dry AND L=Low AND Solar=Normal AND CO2=Normal AND Wind=Low AND N=High AND E=Normal AND W=3,Good,0.3626700276145818,71
Tin=Normal AND Tout=Normal AND Hin=Wet AND Hout=Wet AND L=Normal AND Solar=Low AND CO2=Normal AND Wind=Low AND N=High AND E=Normal AND W=1,Acceptable,0.434597138068918,72
Tin=Normal AND Tout=Normal AND Hin=Normal AND Hout=Normal AND L=Low AND Solar=High AND CO2=Normal AND Wind=Medium AND N=Normal AND E=Normal AND W=3,Good,0.3579900329651474,73
Tin=Cold AND Tout=Normal AND Hin=Normal AND Hout=Normal AND L=Normal AND Solar=Normal AND CO2=Normal AND Wind=High AND N=Normal AND E=Normal AND W=3,Poor,0.4546007576302645,74
Tin=Hot AND Tout=Normal AND Hin=Normal AND Hout=Normal AND L=Normal AND Solar=Normal AND CO2=Normal AND Wind=Low AND N=High AND E=Normal AND W=0,Acceptable,0.3337982105013281,75
Tin=Normal AND Tout=Normal AND Hin=Normal AND Hout=Normal AND L=Low AND Solar=Normal AND CO2=Normal AND Wind=Medium AND N=Low AND E=Normal AND W=3,Good,0.3662970927710791,76
Tin=Normal AND Tout=Normal AND Hin=Dry AND Hout=Normal AND L=Normal AND Solar=Normal AND CO2=Normal AND Wind=Medium AND N=Low AND E=Normal AND W=3,Good,0.3580867865978616,77
Tin=Normal AND Tout=Normal AND Hin=Normal AND Hout=Normal AND L=Low AND Solar=Normal AND CO2=Normal AND Wind=Low AND N=High AND E=Normal AND W=3,Good,0.4367816091954026,78
Tin=Normal AND Tout=Normal AND Hin=Normal AND Hout=Normal AND L=Normal AND Solar=Normal AND CO2=Normal AND Wind=Medium AND N=High AND E=Normal AND W=0,Acceptable,0.4782631618773909,79
Tin=Hot AND Tout=Normal AND Hin=Normal AND Hout=Normal AND L=High AND Solar=Low AND CO2=Normal AND Wind=Medium AND N=Normal AND E=High AND W=1,Poor,0.4398912139606609,80
Tin=Normal AND Tout=Hot AND Hin=Normal AND Hout=Normal AND L=Normal AND Solar=Normal AND CO2=Normal AND Wind=Low AND N=Normal AND E=High AND W=3,Acceptable,0.4356680104890221,81
Tin=Normal AND Tout=Normal AND Hin=Normal AND Hout=Normal AND L=Normal AND Solar=Normal AND CO2=Normal AND Wind=Medium AND N=Low AND E=Normal AND W=0,Acceptable,0.3718546861951174,82
Tin=Normal AND Tout=Normal AND Hin=Normal AND Hout=Normal AND L=Low AND Solar=Normal AND CO2=Normal AND Wind=Medium AND N=Normal AND E=Normal AND W=3,Good,0.3819159431681139,83
Tin=Cold AND Tout=Normal AND Hin=Normal AND Hout=Normal AND L=Normal AND Solar=Normal AND CO2=Normal AND Wind=Medium AND N=Low AND E=Normal AND W=3,Poor,0.5242090353412683,84
Tin=Normal AND Tout=Normal AND Hin=Normal AND Hout=Wet AND L=Normal AND Solar=Normal AND CO2=Low AND Wind=Medium AND N=Normal AND E=Normal AND W=1,Acceptable,0.3688039477057019,85
Tin=Normal AND Tout=Normal AND Hin=Normal AND Hout=Normal AND L=Normal AND Solar=Normal AND CO2=Normal AND Wind=Medium AND N=Normal AND E=Normal AND W=3,Acceptable,0.3921542786352155,86
Tin=Normal AND Tout=Normal AND Hin=Normal AND Hout=Wet AND L=Normal AND Solar=Normal AND CO2=Normal AND Wind=Medium AND N=Normal AND E=Normal AND W=1,Acceptable,0.3764697241776701,87
Tin=Normal AND Tout=Normal AND Hin=Normal AND Hout=Normal AND L=Low AND Solar=Normal AND CO2=Low AND Wind=Medium AND N=High AND E=Low AND W=3,Good,0.3382471424405466,88
Tin=Normal AND Tout=Normal AND Hin=Normal AND Hout=Normal AND L=Normal AND Solar=Normal AND CO2=Normal AND Wind=Medium AND N=Normal AND E=Normal AND W=3,Acceptable,0.3390367145177244,89
Tin=Normal AND Tout=Normal AND Hin=Dry AND Hout=Dry AND L=Normal AND Solar=Normal AND CO2=High AND Wind=Medium AND N=Low AND E=Normal AND W=3,Acceptable,0.3340172444613759,90
Tin=Normal AND Tout=Normal AND Hin=Normal AND Hout=Normal AND L=Normal AND Solar=Low AND CO2=Normal AND Wind=Medium AND N=Normal AND E=Normal AND W=3,Good,0.5025138576093543,91
Tin=Normal AND Tout=Cold AND Hin=Normal AND Hout=Dry AND L=Normal AND Solar=Normal AND CO2=Normal AND Wind=Low AND N=High AND E=Normal AND W=3,Acceptable,0.3769771117708476,92
Tin=Cold AND Tout=Normal AND Hin=Normal AND Hout=Normal AND L=Normal AND Solar=Normal AND CO2=High AND Wind=Medium AND N=Normal AND E=Normal AND W=0,Poor,0.3613358279329721,93
Tin=Normal AND Tout=Normal AND Hin=Normal AND Hout=Normal AND L=Normal AND Solar=Normal AND CO2=Normal AND Wind=Low AND N=Normal AND E=Normal AND W=0,Acceptable,0.3773946360153258,94
Tin=Cold AND Tout=Normal AND Hin=Normal AND Hout=Normal AND L=Normal AND Solar=Normal AND CO2=Normal AND Wind=Medium AND N=Low AND E=Low AND W=3,Poor,0.352626106161264,95
Tin=Normal AND Tout=Normal AND Hin=Wet AND Hout=Normal AND L=Normal AND Solar=Normal AND CO2=Normal AND Wind=High AND N=Low AND E=Normal AND W=1,Acceptable,0.35549405442549,96
Tin=Normal AND Tout=Normal AND Hin=Normal AND Hout=Normal AND L=Normal AND Solar=Normal AND CO2=Normal AND Wind=Low AND N=Low AND E=Low AND W=3,Good,0.4110270907377033,97
Tin=Normal AND Tout=Normal AND Hin=Normal AND Hout=Normal AND L=Normal AND Solar=Normal AND CO2=Normal AND Wind=Medium AND N=High AND E=Normal AND W=3,Acceptable,0.3356176325737902,98
Tin=Normal AND Tout=Normal AND Hin=Normal AND Hout=Normal AND L=Low AND Solar=High AND CO2=Normal AND Wind=Medium AND N=High AND E=Normal AND W=3,Good,0.4192515923969903,99
Tin=Hot AND Tout=Hot AND Hin=Wet AND Hout=Wet AND L=Normal AND Solar=Normal AND CO2=Normal AND Wind=Medium AND N=High AND E=Normal AND W=0,Acceptable,0.3785688590314227,100
Tin=Normal AND Tout=Normal AND Hin=Normal AND Hout=Normal AND L=Normal AND Solar=Normal AND CO2=Normal AND Wind=Low AND N=Normal AND E=Normal AND W=0,Acceptable,0.3811349725317582,101
Tin=Cold AND Tout=Hot AND Hin=Normal AND Hout=Normal AND L=Normal AND Solar=Normal AND CO2=Normal AND Wind=Medium AND N=Normal AND E=High AND W=0,Poor,0.3342678950517689,102
Tin=Normal AND Tout=Normal AND Hin=Normal AND Hout=Normal AND L=Low AND Solar=Normal AND CO2=Normal AND Wind=Medium AND N=High AND E=Normal AND W=0,Acceptable,0.4261356958904005,103
Tin=Normal AND Tout=Cold AND Hin=Normal AND Hout=Normal AND L=Normal AND Solar=Normal AND CO2=Normal AND Wind=Medium AND N=Normal AND E=High AND W=0,Poor,0.3718862541762485,104
Tin=Normal AND Tout=Normal AND Hin=Normal AND Hout=Normal AND L=Low AND Solar=Normal AND CO2=Normal AND Wind=Medium AND N=Low AND E=Normal AND W=3,Good,0.5749170409292748,105
Tin=Normal AND Tout=Hot AND Hin=Normal AND Hout=Normal AND L=Normal AND Solar=Normal AND CO2=Normal AND Wind=Low AND N=Normal AND E=Normal AND W=3,Good,0.4177251691120612,106
Tin=Normal AND Tout=Normal AND Hin=Wet AND Hout=Wet AND L=Low AND Solar=Normal AND CO2=Low AND Wind=Low AND N=High AND E=Normal AND W=3,Acceptable,0.3480212620093994,107
Tin=Normal AND Tout=Normal AND Hin=Normal AND Hout=Normal AND L=Normal AND Solar=Normal AND CO2=Normal AND Wind=Medium AND N=Normal AND E=Normal AND W=1,Acceptable,0.5197139067794155,108
Tin=Normal AND Tout=Normal AND Hin=Normal AND Hout=Normal AND L=Low AND Solar=High AND CO2=Low AND Wind=Medium AND N=Low AND E=Low AND W=3,Acceptable,0.436781609195402,109
Tin=Normal AND Tout=Normal AND Hin=Normal AND Hout=Normal AND L=Normal AND Solar=Normal AND CO2=Low AND Wind=Medium AND N=Normal AND E=Normal AND W=0,Acceptable,0.3349637327437514,110
Tin=Normal AND Tout=Normal AND Hin=Normal AND Hout=Normal AND L=Low AND Solar=Normal AND CO2=Low AND Wind=Low AND N=Low AND E=Normal AND W=3,Good,0.4791966760472289,111
Tin=Normal AND Tout=Normal AND Hin=Normal AND Hout=Normal AND L=Normal AND Solar=Normal AND CO2=High AND Wind=Medium AND N=Low AND E=Low AND W=0,Acceptable,0.4240532923204676,112
Tin=Normal AND Tout=Cold AND Hin=Normal AND Hout=Normal AND L=Low AND Solar=Normal AND CO2=Normal AND Wind=Medium AND N=Normal AND E=High AND W=3,Acceptable,0.4731800766283523,113
Tin=Normal AND Tout=Normal AND Hin=Normal AND Hout=Normal AND L=Low AND Solar=Normal AND CO2=Normal AND Wind=Medium AND N=Normal AND E=Normal AND W=3,Good,0.4158753199418101,114
Tin=Normal AND Tout=Normal AND Hin=Wet AND Hout=Wet AND L=Low AND Solar=High AND CO2=Normal AND Wind=Medium AND N=Normal AND E=Normal AND W=3,Good,0.4980319697206624,115
Tin=Cold AND Tout=Normal AND Hin=Normal AND Hout=Wet AND L=Normal AND Solar=Normal AND CO2=Normal AND Wind=Medium AND N=Normal AND E=Normal AND W=0,Poor,0.4731800766283526,116
Tin=Normal AND Tout=Normal AND Hin=Normal AND Hout=Normal AND L=Normal AND Solar=Normal AND CO2=Normal AND Wind=Low AND N=High AND E=Normal AND W=0,Acceptable,0.453870476282552,117
Tin=Normal AND Tout=Cold AND Hin=Normal AND Hout=Normal AND L=Normal AND Solar=Low AND CO2=Normal AND Wind=Low AND N=Low AND E=Normal AND W=0,Acceptable,0.335600820911124,118
Tin=Normal AND Tout=Normal AND Hin=Normal AND Hout=Normal AND L=Normal AND Solar=Normal AND CO2=Normal AND Wind=Medium AND N=High AND E=Normal AND W=0,Acceptable,0.5069593354546714,119
Tin=Normal AND Tout=Hot AND Hin=Normal AND Hout=Normal AND L=Low AND Solar=Normal AND CO2=Normal AND Wind=Medium AND N=Normal AND E=Normal AND W=3,Acceptable,0.4362029518175603,120
Tin=Normal AND Tout=Normal AND Hin=Dry AND Hout=Dry AND L=Low AND Solar=Normal AND CO2=Normal AND Wind=Low AND N=Normal AND E=Low AND W=3,Good,0.4032582630550685,121
Tin=Normal AND Tout=Normal AND Hin=Normal AND Hout=Normal AND L=Low AND Solar=Normal AND CO2=Normal AND Wind=Medium AND N=High AND E=Low AND W=3,Good,0.3728690087480603,122
Tin=Cold AND Tout=Hot AND Hin=Normal AND Hout=Normal AND L=Normal AND Solar=Normal AND CO2=Normal AND Wind=Medium AND N=Normal AND E=High AND W=0,Poor,0.5492279296696279,123
Tin=Cold AND Tout=Normal AND Hin=Normal AND Hout=Normal AND L=Normal AND Solar=Normal AND CO2=Normal AND Wind=High AND N=Normal AND E=Normal AND W=3,Poor,0.4373083726547295,124
Tin=Normal AND Tout=Normal AND Hin=Normal AND Hout=Normal AND L=Normal AND Solar=Normal AND CO2=Normal AND Wind=Low AND N=Low AND E=Low AND W=3,Good,0.4048806813130832,125
Tin=Cold AND Tout=Normal AND Hin=Normal AND Hout=Normal AND L=Normal AND Solar=Normal AND CO2=Normal AND Wind=Medium AND N=High AND E=Normal AND W=0,Acceptable,0.3786405027296186,126
Tin=Cold AND Tout=Normal AND Hin=Dry AND Hout=Normal AND L=Normal AND Solar=Normal AND CO2=Normal AND Wind=Medium AND N=Normal AND E=Normal AND W=3,Poor,0.3859540272639616,127
Tin=Normal AND Tout=Cold AND Hin=Normal AND Hout=Normal AND L=Normal AND Solar=Normal AND CO2=Low AND Wind=Medium AND N=High AND E=Normal AND W=0,Acceptable,0.4109898855873795,128
Tin=Normal AND Tout=Normal AND Hin=Normal AND Hout=Normal AND L=Normal AND Solar=Normal AND CO2=Normal AND Wind=Low AND N=Normal AND E=Normal AND W=3,Good,0.3508554518851825,129
Tin=Normal AND Tout=Normal AND Hin=Normal AND Hout=Normal AND L=Low AND Solar=High AND CO2=Normal AND Wind=Medium AND N=Normal AND E=Low AND W=3,Good,0.4862768878937933,130
Tin=Normal AND Tout=Cold AND Hin=Normal AND Hout=Normal AND L=Normal AND Solar=Low AND CO2=Normal AND Wind=High AND N=Low AND E=Normal AND W=1,Acceptable,0.3805548283738545,131
Tin=Hot AND Tout=Normal AND Hin=Normal AND Hout=Normal AND L=Normal AND Solar=Low AND CO2=Normal AND Wind=Medium AND N=Low AND E=Normal AND W=0,Poor,0.3523255786993358,132
Tin=Normal AND Tout=Cold AND Hin=Normal AND Hout=Normal AND L=High AND Solar=Low AND CO2=Normal AND Wind=Medium AND N=High AND E=High AND W=2,Poor,0.4003014903202755,133
Tin=Normal AND Tout=Normal AND Hin=Normal AND Hout=Normal AND L=Normal AND Solar=Low AND CO2=High AND Wind=Medium AND N=High AND E=Normal AND W=1,Poor,0.3367110383395288,134
Tin=Normal AND Tout=Normal AND Hin=Normal AND Hout=Normal AND L=High AND Solar=Low AND CO2=Normal AND Wind=High AND N=Normal AND E=Normal AND W=1,Acceptable,0.4279348200827344,135
Tin=Normal AND Tout=Cold AND Hin=Normal AND Hout=Normal AND L=Normal AND Solar=Normal AND CO2=Normal AND Wind=Medium AND N=Normal AND E=Normal AND W=0,Acceptable,0.334767211742786,136
Tin=Normal AND Tout=Normal AND Hin=Dry AND Hout=Dry AND L=Low AND Solar=High AND CO2=Normal AND Wind=Medium AND N=Normal AND E=Normal AND W=3,Acceptable,0.3618546661362809,137
Tin=Normal AND Tout=Normal AND Hin=Normal AND Hout=Normal AND L=Normal AND Solar=Normal AND CO2=Normal AND Wind=Low AND N=Low AND E=Normal AND W=0,Acceptable,0.4977809411348058,138
Tin=Hot AND Tout=Cold AND Hin=Normal AND Hout=Normal AND L=Low AND Solar=High AND CO2=Normal AND Wind=Low AND N=Normal AND E=High AND W=3,Acceptable,0.3932925461229098,139
Tin=Normal AND Tout=Normal AND Hin=Normal AND Hout=Normal AND L=Low AND Solar=Normal AND CO2=Low AND Wind=Medium AND N=High AND E=Normal AND W=3,Good,0.3427918222811428,140
Tin=Normal AND Tout=Normal AND Hin=Dry AND Hout=Dry AND L=High AND Solar=Low AND CO2=Normal AND Wind=Low AND N=Low AND E=Normal AND W=0,Poor,0.4044737892122293,141
Tin=Normal AND Tout=Normal AND Hin=Normal AND Hout=Wet AND L=Normal AND Solar=Low AND CO2=Normal AND Wind=Low AND N=Normal AND E=Normal AND W=0,Acceptable,0.3841543378105191,142
Tin=Normal AND Tout=Normal AND Hin=Normal AND Hout=Normal AND L=Low AND Solar=Normal AND CO2=Normal AND Wind=Medium AND N=Low AND E=Low AND W=3,Good,0.3996488725153653,143
Tin=Normal AND Tout=Normal AND Hin=Normal AND Hout=Normal AND L=Normal AND Solar=Normal AND CO2=Normal AND Wind=Medium AND N=Normal AND E=Normal AND W=3,Good,0.4468406120288408,144
Tin=Normal AND Tout=Hot AND Hin=Normal AND Hout=Normal AND L=Low AND Solar=High AND CO2=Normal AND Wind=Low AND N=Normal AND E=Normal AND W=3,Acceptable,0.4923627873221286,145
Tin=Normal AND Tout=Normal AND Hin=Dry AND Hout=Normal AND L=Normal AND Solar=Normal AND CO2=Low AND Wind=Medium AND N=High AND E=Normal AND W=3,Acceptable,0.3996490743423658,146
Tin=Normal AND Tout=Hot AND Hin=Normal AND Hout=Normal AND L=Normal AND Solar=Low AND CO2=Normal AND Wind=Medium AND N=Normal AND E=Normal AND W=0,Acceptable,0.3773946360153254,147
Tin=Hot AND Tout=Normal AND Hin=Normal AND Hout=Normal AND L=Low AND Solar=Normal AND CO2=High AND Wind=Low AND N=High AND E=Normal AND W=3,Acceptable,0.364608602469564,148
Tin=Normal AND Tout=Normal AND Hin=Dry AND Hout=Dry AND L=Low AND Solar=High AND CO2=Normal AND Wind=Medium AND N=Low AND E=Low AND W=3,Good,0.3355460643300882,149
Tin=Normal AND Tout=Normal AND Hin=Normal AND Hout=Normal AND L=Normal AND Solar=Low AND CO2=Normal AND Wind=Medium AND N=Normal AND E=Normal AND W=1,Acceptable,0.3773946360153254,150
Tin=Normal AND Tout=Normal AND Hin=Normal AND Hout=Normal AND L=Normal AND Solar=Low AND CO2=Normal AND Wind=Low AND N=Normal AND E=Normal AND W=0,Good,0.3681048702401487,151
Tin=Cold AND Tout=Normal AND Hin=Wet AND Hout=Wet AND L=Normal AND Solar=Normal AND CO2=Normal AND Wind=Medium AND N=High AND E=Normal AND W=3,Acceptable,0.4215796359616313,152
Tin=Normal AND Tout=Normal AND Hin=Normal AND Hout=Normal AND L=Normal AND Solar=Low AND CO2=Normal AND Wind=High AND N=High AND E=Normal AND W=2,Poor,0.3524153160075886,153
Tin=Normal AND Tout=Normal AND Hin=Normal AND Hout=Dry AND L=Normal AND Solar=Normal AND CO2=Normal AND Wind=Low AND N=Normal AND E=Normal AND W=3,Good,0.3470948799242327,154
Tin=Normal AND Tout=Normal AND Hin=Normal AND Hout=Normal AND L=Low AND Solar=High AND CO2=High AND Wind=Medium AND N=Low AND E=Low AND W=3,Good,0.3609499460982666,155
Tin=Normal AND Tout=Normal AND Hin=Normal AND Hout=Normal AND L=Normal AND Solar=Normal AND CO2=Normal AND Wind=Low AND N=Normal AND E=Low AND W=3,Good,0.4076202245825115,156
Tin=Normal AND Tout=Cold AND Hin=Normal AND Hout=Normal AND L=Low AND Solar=Normal AND CO2=Normal AND Wind=Medium AND N=Normal AND E=High AND W=3,Acceptable,0.404570192348193,157
Tin=Normal AND Tout=Cold AND Hin=Normal AND Hout=Wet AND L=High AND Solar=Low AND CO2=High AND Wind=Medium AND N=Low AND E=High AND W=1,Poor,0.3654173947976038,158
Tin=Normal AND Tout=Normal AND Hin=Wet AND Hout=Wet AND L=Normal AND Solar=Normal AND CO2=Low AND Wind=Medium AND N=Normal AND E=Normal AND W=0,Acceptable,0.3400654175341325,159
Tin=Normal AND Tout=Normal AND Hin=Normal AND Hout=Normal AND L=Low AND Solar=Normal AND CO2=Normal AND Wind=Medium AND N=Normal AND E=Normal AND W=3,Acceptable,0.5213912911580278,160
Tin=Normal AND Tout=Normal AND Hin=Normal AND Hout=Dry AND L=Normal AND Solar=Normal AND CO2=Normal AND Wind=High AND N=Low AND E=Normal AND W=0,Acceptable,0.3592127252639682,161
Tin=Normal AND Tout=Normal AND Hin=Normal AND Hout=Normal AND L=Normal AND Solar=Normal AND CO2=Normal AND Wind=Medium AND N=High AND E=Normal AND W=3,Good,0.3633625412442572,162
Tin=Normal AND Tout=Normal AND Hin=Normal AND Hout=Normal AND L=Normal AND Solar=Normal AND CO2=Normal AND Wind=Medium AND N=Low AND E=Normal AND W=3,Acceptable,0.3433607545736037,163
Tin=Normal AND Tout=Hot AND Hin=Normal AND Hout=Normal AND L=Low AND Solar=Normal AND CO2=Normal AND Wind=Medium AND N=High AND E=Normal AND W=3,Acceptable,0.4902732194515484,164
Tin=Normal AND Tout=Cold AND Hin=Dry AND Hout=Dry AND L=Low AND Solar=Normal AND CO2=Normal AND Wind=Low AND N=Low AND E=High AND W=3,Acceptable,0.3817660512172022,165
Tin=Normal AND Tout=Normal AND Hin=Normal AND Hout=Normal AND L=Normal AND Solar=Normal AND CO2=Normal AND Wind=Medium AND N=Low AND E=Normal AND W=0,Acceptable,0.3482813946125121,166
Tin=Normal AND Tout=Hot AND Hin=Normal AND Hout=Dry AND L=Normal AND Solar=Normal AND CO2=High AND Wind=Low AND N=Low AND E=Normal AND W=3,Acceptable,0.3870041311340071,167
Tin=Normal AND Tout=Normal AND Hin=Normal AND Hout=Normal AND L=Normal AND Solar=Normal AND CO2=Normal AND Wind=Medium AND N=Low AND E=Low AND W=3,Good,0.3403716793721358,168
Tin=Normal AND Tout=Normal AND Hin=Normal AND Hout=Normal AND L=Normal AND Solar=Normal AND CO2=Normal AND Wind=Medium AND N=Normal AND E=Normal AND W=0,Acceptable,0.3364674491053975,169
Tin=Normal AND Tout=Normal AND Hin=Normal AND Hout=Normal AND L=Low AND Solar=High AND CO2=Normal AND Wind=Medium AND N=Normal AND E=Low AND W=3,Good,0.4731800766283526,170
Tin=Normal AND Tout=Normal AND Hin=Normal AND Hout=Normal AND L=Normal AND Solar=Normal AND CO2=Normal AND Wind=Low AND N=Normal AND E=Normal AND W=3,Good,0.3606040257454495,171
Tin=Normal AND Tout=Normal AND Hin=Normal AND Hout=Normal AND L=Low AND Solar=Normal AND CO2=Low AND Wind=Medium AND N=Normal AND E=Normal AND W=3,Good,0.3825378852281411,172
Tin=Normal AND Tout=Normal AND Hin=Normal AND Hout=Normal AND L=Normal AND Solar=Low AND CO2=Normal AND Wind=Medium AND N=High AND E=Normal AND W=3,Good,0.3877275485242729,173
Tin=Normal AND Tout=Normal AND Hin=Normal AND Hout=Normal AND L=Normal AND Solar=Normal AND CO2=Normal AND Wind=Medium AND N=Low AND E=Normal AND W=0,Acceptable,0.3412871383138104,174
Tin=Normal AND Tout=Cold AND Hin=Normal AND Hout=Normal AND L=Normal AND Solar=Low AND CO2=Normal AND Wind=Medium AND N=High AND E=Normal AND W=1,Acceptable,0.370139682926876,175
Tin=Normal AND Tout=Normal AND Hin=Normal AND Hout=Normal AND L=Normal AND Solar=Normal AND CO2=Normal AND Wind=Medium AND N=Normal AND E=Low AND W=0,Acceptable,0.3637888163428581,176
Tin=Normal AND Tout=Normal AND Hin=Normal AND Hout=Normal AND L=Normal AND Solar=Normal AND CO2=Normal AND Wind=Medium AND N=Low AND E=Low AND W=3,Good,0.3991611279398288,177
Tin=Normal AND Tout=Normal AND Hin=Normal AND Hout=Normal AND L=Normal AND Solar=Normal AND CO2=Normal AND Wind=Low AND N=High AND E=Normal AND W=3,Good,0.4969518190108273,178
Tin=Normal AND Tout=Normal AND Hin=Normal AND Hout=Normal AND L=Normal AND Solar=Low AND CO2=Normal AND Wind=Medium AND N=Normal AND E=Normal AND W=2,Poor,0.3354858372555682,179
Tin=Cold AND Tout=Normal AND Hin=Normal AND Hout=Normal AND L=High AND Solar=Low AND CO2=Normal AND Wind=Low AND N=Normal AND E=Normal AND W=0,Poor,0.3897883209680686,180
Tin=Normal AND Tout=Normal AND Hin=Normal AND Hout=Normal AND L=Normal AND Solar=Low AND CO2=Normal AND Wind=High AND N=Normal AND E=Normal AND W=1,Acceptable,0.3796467238044735,181
Tin=Normal AND Tout=Normal AND Hin=Normal AND Hout=Normal AND L=Normal AND Solar=Normal AND CO2=Normal AND Wind=Low AND N=Normal AND E=Normal AND W=0,Acceptable,0.3773946360153254,182
Tin=Normal AND Tout=Cold AND Hin=Normal AND Hout=Dry AND L=Low AND Solar=Normal AND CO2=Normal AND Wind=Medium AND N=Normal AND E=High AND W=0,Acceptable,0.3663213930244158,183
Tin=Normal AND Tout=Normal AND Hin=Normal AND Hout=Normal AND L=Normal AND Solar=Low AND CO2=Normal AND Wind=Medium AND N=Normal AND E=Normal AND W=0,Acceptable,0.4731800766283526,184
Tin=Normal AND Tout=Normal AND Hin=Normal AND Hout=Normal AND L=Normal AND Solar=Normal AND CO2=Normal AND Wind=Medium AND N=Low AND E=Normal AND W=1,Acceptable,0.3790551209397891,185
Tin=Normal AND Tout=Normal AND Hin=Normal AND Hout=Normal AND L=Normal AND Solar=Low AND CO2=Normal AND Wind=Low AND N=High AND E=Normal AND W=0,Acceptable,0.3440895051199175,186
Tin=Hot AND Tout=Normal AND Hin=Normal AND Hout=Normal AND L=Normal AND Solar=Normal AND CO2=Normal AND Wind=Medium AND N=Normal AND E=Normal AND W=3,Acceptable,0.3488712314553803,187
Tin=Normal AND Tout=Normal AND Hin=Normal AND Hout=Normal AND L=Normal AND Solar=Low AND CO2=Normal AND Wind=Medium AND N=High AND E=Normal AND W=2,Acceptable,0.3784141814313872,188
Tin=Normal AND Tout=Normal AND Hin=Normal AND Hout=Normal AND L=Normal AND Solar=Normal AND CO2=Normal AND Wind=Medium AND N=High AND E=Normal AND W=0,Acceptable,0.4367816091954026,189
Tin=Normal AND Tout=Cold AND Hin=Normal AND Hout=Normal AND L=Normal AND Solar=Low AND CO2=Normal AND Wind=Medium AND N=Low AND E=Normal AND W=0,Acceptable,0.3882677387968317,190
Tin=Normal AND Tout=Normal AND Hin=Normal AND Hout=Normal AND L=Normal AND Solar=Low AND CO2=Normal AND Wind=Medium AND N=Low AND E=Normal AND W=2,Poor,0.381575122076378,191
Tin=Cold AND Tout=Normal AND Hin=Normal AND Hout=Normal AND L=Normal AND Solar=Low AND CO2=Normal AND Wind=High AND N=Normal AND E=Normal AND W=2,Poor,0.3658270792566395,192
Tin=Normal AND Tout=Normal AND Hin=Normal AND Hout=Normal AND L=Normal AND Solar=Normal AND CO2=Normal AND Wind=Medium AND N=Low AND E=Low AND W=3,Good,0.3466512176458934,193
Tin=Normal AND Tout=Normal AND Hin=Wet AND Hout=Wet AND L=High AND Solar=Low AND CO2=Normal AND Wind=Medium AND N=Low AND E=Normal AND W=1,Acceptable,0.4101200466682837,194
Tin=Normal AND Tout=Normal AND Hin=Normal AND Hout=Wet AND L=Normal AND Solar=Low AND CO2=Normal AND Wind=Medium AND N=Normal AND E=Normal AND W=0,Acceptable,0.4498254008012629,195
Tin=Cold AND Tout=Normal AND Hin=Normal AND Hout=Normal AND L=Normal AND Solar=Normal AND CO2=High AND Wind=Medium AND N=Low AND E=Low AND W=3,Poor,0.4287446958491009,196
Tin=Normal AND Tout=Normal AND Hin=Normal AND Hout=Normal AND L=Normal AND Solar=Normal AND CO2=Normal AND Wind=Low AND N=Normal AND E=Normal AND W=3,Good,0.3813114717099501,197
Tin=Normal AND Tout=Normal AND Hin=Normal AND Hout=Normal AND L=Normal AND Solar=Normal AND CO2=Normal AND Wind=Medium AND N=High AND E=Normal AND W=0,Acceptable,0.4291181577750501,198
Tin=Normal AND Tout=Normal AND Hin=Normal AND Hout=Normal AND L=Low AND Solar=High AND CO2=Normal AND Wind=High AND N=Normal AND E=Normal AND W=3,Good,0.3335512309523614,199
Tin=Normal AND Tout=Hot AND Hin=Normal AND Hout=Normal AND L=High AND Solar=Low AND CO2=Normal AND Wind=Low AND N=Low AND E=Normal AND W=1,Acceptable,0.3442577567246339,200
Tin=Normal AND Tout=Hot AND Hin=Normal AND Hout=Wet AND L=Normal AND Solar=Normal AND CO2=Low AND Wind=Medium AND N=Normal AND E=Normal AND W=1,Acceptable,0.3840309038955792,201
Tin=Normal AND Tout=Normal AND Hin=Normal AND Hout=Normal AND L=Normal AND Solar=Low AND CO2=Normal AND Wind=Low AND N=Normal AND E=Normal AND W=0,Acceptable,0.41202439994258,202
Tin=Cold AND Tout=Normal AND Hin=Normal AND Hout=Normal AND L=Normal AND Solar=Normal AND CO2=Normal AND Wind=Medium AND N=Normal AND E=Normal AND W=3,Acceptable,0.3662046699268336,203
Tin=Normal AND Tout=Normal AND Hin=Normal AND Hout=Normal AND L=Normal AND Solar=Low AND CO2=Normal AND Wind=Medium AND N=Low AND E=Normal AND W=1,Acceptable,0.4639971569113544,204
Tin=Normal AND Tout=Normal AND Hin=Dry AND Hout=Dry AND L=Low AND Solar=Normal AND CO2=Normal AND Wind=Medium AND N=High AND E=Normal AND W=3,Acceptable,0.3923019174869338,205
Tin=Normal AND Tout=Normal AND Hin=Normal AND Hout=Normal AND L=Normal AND Solar=Normal AND CO2=Normal AND Wind=Medium AND N=Low AND E=Normal AND W=0,Acceptable,0.5465830919674473,206
Tin=Normal AND Tout=Hot AND Hin=Normal AND Hout=Normal AND L=Normal AND Solar=Low AND CO2=High AND Wind=Medium AND N=Normal AND E=Normal AND W=0,Acceptable,0.3936360428128947,207
Tin=Normal AND Tout=Normal AND Hin=Normal AND Hout=Normal AND L=Normal AND Solar=Low AND CO2=Normal AND Wind=Medium AND N=Low AND E=Normal AND W=1,Acceptable,0.3878385802387431,208
Tin=Normal AND Tout=Normal AND Hin=Normal AND Hout=Normal AND L=Normal AND Solar=Normal AND CO2=High AND Wind=Medium AND N=High AND E=Normal AND W=3,Good,0.3367995002783866,209
Tin=Normal AND Tout=Normal AND Hin=Normal AND Hout=Normal AND L=Normal AND Solar=Low AND CO2=Normal AND Wind=Medium AND N=Normal AND E=Normal AND W=1,Acceptable,0.5632671583736434,210
Tin=Normal AND Tout=Normal AND Hin=Normal AND Hout=Normal AND L=Normal AND Solar=Low AND CO2=Normal AND Wind=Medium AND N=High AND E=Normal AND W=1,Acceptable,0.4250955483093412,211
Tin=Normal AND Tout=Hot AND Hin=Normal AND Hout=Normal AND L=Normal AND Solar=Normal AND CO2=High AND Wind=Medium AND N=High AND E=Normal AND W=3,Acceptable,0.6215885223684088,212
Tin=Normal AND Tout=Normal AND Hin=Normal AND Hout=Normal AND L=Low AND Solar=High AND CO2=Normal AND Wind=Low AND N=Normal AND E=Normal AND W=3,Good,0.4356647583192941,213
Tin=Normal AND Tout=Normal AND Hin=Normal AND Hout=Normal AND L=Normal AND Solar=Normal AND CO2=Normal AND Wind=Medium AND N=High AND E=Normal AND W=3,Good,0.4247120760856319,214
Tin=Normal AND Tout=Normal AND Hin=Normal AND Hout=Normal AND L=Low AND Solar=High AND CO2=Normal AND Wind=Medium AND N=High AND E=Normal AND W=3,Good,0.4084170396445972,215
Tin=Normal AND Tout=Hot AND Hin=Normal AND Hout=Normal AND L=Normal AND Solar=Normal AND CO2=Normal AND Wind=Medium AND N=Low AND E=High AND W=3,Acceptable,0.3726019827082479,216
Tin=Normal AND Tout=Cold AND Hin=Normal AND Hout=Normal AND L=High AND Solar=Low AND CO2=Normal AND Wind=High AND N=High AND E=Normal AND W=1,Acceptable,0.3739777730105724,217
Tin=Normal AND Tout=Normal AND Hin=Normal AND Hout=Normal AND L=Normal AND Solar=Normal AND CO2=Normal AND Wind=Medium AND N=High AND E=Normal AND W=0,Acceptable,0.3815035909798265,218
Tin=Normal AND Tout=Hot AND Hin=Normal AND Hout=Normal AND L=Normal AND Solar=Normal AND CO2=Normal AND Wind=Medium AND N=High AND E=Normal AND W=3,Acceptable,0.4399037865835865,219
Tin=Normal AND Tout=Normal AND Hin=Wet AND Hout=Wet AND L=Normal AND Solar=Low AND CO2=Normal AND Wind=Low AND N=Low AND E=Normal AND W=0,Acceptable,0.3344663293390804,220
Tin=Cold AND Tout=Normal AND Hin=Wet AND Hout=Normal AND L=Normal AND Solar=Normal AND CO2=High AND Wind=Medium AND N=Normal AND E=Normal AND W=1,Poor,0.3773946360153254,221
Tin=Cold AND Tout=Normal AND Hin=Normal AND Hout=Normal AND L=High AND Solar=Low AND CO2=Normal AND Wind=Low AND N=Normal AND E=Normal AND W=3,Poor,0.3773946360153254,222
Tin=Normal AND Tout=Normal AND Hin=Normal AND Hout=Normal AND L=Low AND Solar=High AND CO2=High AND Wind=Low AND N=Low AND E=Low AND W=3,Acceptable,0.3919631373641518,223
Tin=Hot AND Tout=Normal AND Hin=Normal AND Hout=Normal AND L=Normal AND Solar=Low AND CO2=Normal AND Wind=Low AND N=Normal AND E=Normal AND W=3,Acceptable,0.3486119472495699,224
Tin=Cold AND Tout=Normal AND Hin=Wet AND Hout=Wet AND L=Low AND Solar=High AND CO2=Normal AND Wind=Medium AND N=Normal AND E=Normal AND W=3,Acceptable,0.434359249529404,225
Tin=Normal AND Tout=Normal AND Hin=Normal AND Hout=Normal AND L=Low AND Solar=Normal AND CO2=Low AND Wind=Low AND N=High AND E=Normal AND W=3,Good,0.3806183953892064,226
Tin=Normal AND Tout=Normal AND Hin=Normal AND Hout=Normal AND L=Normal AND Solar=Normal AND CO2=Normal AND Wind=Medium AND N=Normal AND E=Normal AND W=0,Good,0.3988251428752111,227
Tin=Normal AND Tout=Normal AND Hin=Normal AND Hout=Normal AND L=Low AND Solar=Normal AND CO2=High AND Wind=Low AND N=High AND E=Normal AND W=3,Acceptable,0.3574466120351957,228
Tin=Normal AND Tout=Normal AND Hin=Wet AND Hout=Normal AND L=Normal AND Solar=Normal AND CO2=Low AND Wind=Medium AND N=High AND E=High AND W=0,Acceptable,0.3433450419180435,229
Tin=Normal AND Tout=Hot AND Hin=Normal AND Hout=Normal AND L=Low AND Solar=Normal AND CO2=Normal AND Wind=Low AND N=Low AND E=Normal AND W=3,Acceptable,0.4170355346613648,230
Tin=Normal AND Tout=Normal AND Hin=Normal AND Hout=Normal AND L=Low AND Solar=High AND CO2=Normal AND Wind=Medium AND N=High AND E=Normal AND W=3,Good,0.3685011320546614,231
Tin=Normal AND Tout=Normal AND Hin=Normal AND Hout=Normal AND L=Low AND Solar=High AND CO2=Normal AND Wind=Low AND N=High AND E=Normal AND W=3,Good,0.3526500580160637,232
Tin=Normal AND Tout=Cold AND Hin=Normal AND Hout=Normal AND L=Normal AND Solar=Normal AND CO2=Normal AND Wind=Medium AND N=Low AND E=High AND W=0,Poor,0.4299686766839836,233
Tin=Normal AND Tout=Normal AND Hin=Normal AND Hout=Dry AND L=Normal AND Solar=Low AND CO2=Normal AND Wind=Medium AND N=High AND E=Normal AND W=0,Acceptable,0.385694883677963,234
Tin=Normal AND Tout=Normal AND Hin=Wet AND Hout=Wet AND L=Normal AND Solar=Low AND CO2=Low AND Wind=Medium AND N=High AND E=Normal AND W=1,Acceptable,0.3426701845473026,235
Tin=Normal AND Tout=Normal AND Hin=Normal AND Hout=Normal AND L=Low AND Solar=Normal AND CO2=Normal AND Wind=Medium AND N=Low AND E=Normal AND W=0,Acceptable,0.410464296296786,236
Tin=Normal AND Tout=Normal AND Hin=Normal AND Hout=Wet AND L=Normal AND Solar=Normal AND CO2=Normal AND Wind=Medium AND N=Low AND E=Normal AND W=0,Good,0.4337025984336971,237
Tin=Cold AND Tout=Normal AND Hin=Normal AND Hout=Wet AND L=Normal AND Solar=Low AND CO2=Normal AND Wind=High AND N=Low AND E=Normal AND W=2,Poor,0.3388375583624839,238
Tin=Normal AND Tout=Normal AND Hin=Normal AND Hout=Wet AND L=Normal AND Solar=Low AND CO2=Normal AND Wind=High AND N=Normal AND E=Normal AND W=1,Acceptable,0.363259306091037,239
Tin=Cold AND Tout=Cold AND Hin=Normal AND Hout=Normal AND L=Normal AND Solar=Normal AND CO2=Normal AND Wind=Medium AND N=Normal AND E=Normal AND W=3,Poor,0.3773946360153258,240
Tin=Normal AND Tout=Normal AND Hin=Dry AND Hout=Dry AND L=Normal AND Solar=Normal AND CO2=Normal AND Wind=Medium AND N=Low AND E=Normal AND W=3,Acceptable,0.3982537476917002,241
Tin=Normal AND Tout=Normal AND Hin=Dry AND Hout=Dry AND L=Normal AND Solar=Normal AND CO2=Normal AND Wind=Medium AND N=Low AND E=Low AND W=3,Good,0.3357269458257918,242
Tin=Cold AND Tout=Normal AND Hin=Normal AND Hout=Normal AND L=Normal AND Solar=Low AND CO2=Normal AND Wind=Medium AND N=Low AND E=Normal AND W=1,Poor,0.348894186922099,243
Tin=Normal AND Tout=Normal AND Hin=Normal AND Hout=Normal AND L=Normal AND Solar=Normal AND CO2=High AND Wind=Medium AND N=Normal AND E=Normal AND W=0,Acceptable,0.3694109649714703,244
Tin=Normal AND Tout=Normal AND Hin=Normal AND Hout=Normal AND L=Normal AND Solar=Low AND CO2=Low AND Wind=High AND N=High AND E=Normal AND W=2,Poor,0.3860914557457573,245
Tin=Normal AND Tout=Hot AND Hin=Normal AND Hout=Normal AND L=Normal AND Solar=Normal AND CO2=Low AND Wind=Low AND N=Low AND E=Normal AND W=3,Good,0.4639803006298057,246
Tin=Normal AND Tout=Normal AND Hin=Normal AND Hout=Normal AND L=Low AND Solar=High AND CO2=High AND Wind=Medium AND N=High AND E=Normal AND W=3,Acceptable,0.3589396618773308,247
Tin=Normal AND Tout=Normal AND Hin=Normal AND Hout=Normal AND L=Low AND Solar=Normal AND CO2=Normal AND Wind=Medium AND N=Normal AND E=Normal AND W=0,Acceptable,0.358774646831997,248
Tin=Normal AND Tout=Cold AND Hin=Normal AND Hout=Normal AND L=Normal AND Solar=Low AND CO2=High AND Wind=Medium AND N=Low AND E=High AND W=2,Poor,0.3943772158369219,249
Tin=Hot AND Tout=Normal AND Hin=Wet AND Hout=Wet AND L=Normal AND Solar=Normal AND CO2=Normal AND Wind=Low AND N=High AND E=Normal AND W=3,Acceptable,0.4436098509796195,250
Tin=Normal AND Tout=Normal AND Hin=Wet AND Hout=Wet AND L=High AND Solar=Low AND CO2=Normal AND Wind=Medium AND N=Low AND E=Normal AND W=1,Acceptable,0.4672843768588228,251
Tin=Normal AND Tout=Normal AND Hin=Normal AND Hout=Normal AND L=Normal AND Solar=Low AND CO2=Normal AND Wind=High AND N=Normal AND E=Normal AND W=1,Acceptable,0.4325285294437989,252
Tin=Cold AND Tout=Cold AND Hin=Normal AND Hout=Normal AND L=Normal AND Solar=Low AND CO2=High AND Wind=Medium AND N=Normal AND E=Normal AND W=0,Poor,0.3871386740170477,253
Tin=Normal AND Tout=Normal AND Hin=Normal AND Hout=Normal AND L=Low AND Solar=Normal AND CO2=Normal AND Wind=Medium AND N=Low AND E=Normal AND W=0,Acceptable,0.4627031766099201,254
Tin=Normal AND Tout=Normal AND Hin=Normal AND Hout=Normal AND L=Normal AND Solar=Low AND CO2=Normal AND Wind=Medium AND N=High AND E=Normal AND W=3,Good,0.4418383876238717,255
Tin=Normal AND Tout=Normal AND Hin=Normal AND Hout=Normal AND L=Low AND Solar=High AND CO2=Normal AND Wind=Medium AND N=High AND E=Normal AND W=3,Good,0.5163665481944498,256
Tin=Normal AND Tout=Normal AND Hin=Normal AND Hout=Normal AND L=Low AND Solar=Normal AND CO2=Normal AND Wind=Low AND N=Normal AND E=Normal AND W=3,Good,0.4140395317677431,257
Tin=Normal AND Tout=Normal AND Hin=Normal AND Hout=Normal AND L=High AND Solar=Low AND CO2=Normal AND Wind=Medium AND N=Low AND E=Normal AND W=0,Acceptable,0.3579452921518115,258
Tin=Normal AND Tout=Normal AND Hin=Normal AND Hout=Normal AND L=Low AND Solar=Normal AND CO2=Normal AND Wind=Medium AND N=High AND E=Normal AND W=0,Acceptable,0.4058191899643171,259
Tin=Normal AND Tout=Normal AND Hin=Normal AND Hout=Normal AND L=Normal AND Solar=Normal AND CO2=Normal AND Wind=Low AND N=Normal AND E=Normal AND W=0,Acceptable,0.4120193848282941,260
Tin=Normal AND Tout=Normal AND Hin=Normal AND Hout=Wet AND L=Normal AND Solar=Normal AND CO2=Normal AND Wind=Medium AND N=High AND E=Normal AND W=0,Acceptable,0.356360034392615,261
Tin=Normal AND Tout=Hot AND Hin=Wet AND Hout=Wet AND L=Low AND Solar=High AND CO2=Low AND Wind=Medium AND N=Low AND E=Normal AND W=3,Good,0.4190632764278342,262
Tin=Cold AND Tout=Normal AND Hin=Dry AND Hout=Normal AND L=Normal AND Solar=Normal AND CO2=High AND Wind=Medium AND N=Low AND E=Normal AND W=3,Poor,0.3501116152988714,263
Tin=Cold AND Tout=Normal AND Hin=Normal AND Hout=Normal AND L=Normal AND Solar=Normal AND CO2=Low AND Wind=Medium AND N=Normal AND E=Normal AND W=0,Poor,0.3773946360153258,264
Tin=Cold AND Tout=Normal AND Hin=Wet AND Hout=Normal AND L=Low AND Solar=Normal AND CO2=Normal AND Wind=Medium AND N=High AND E=Normal AND W=1,Poor,0.3668424444186509,265
Tin=Normal AND Tout=Hot AND Hin=Dry AND Hout=Dry AND L=Normal AND Solar=Normal AND CO2=Normal AND Wind=Medium AND N=Normal AND E=Normal AND W=3,Acceptable,0.3347879644868775,266
Tin=Normal AND Tout=Normal AND Hin=Normal AND Hout=Normal AND L=Normal AND Solar=High AND CO2=Normal AND Wind=Low AND N=Normal AND E=Normal AND W=3,Good,0.3743270483254731,267
Tin=Normal AND Tout=Normal AND Hin=Normal AND Hout=Normal AND L=Normal AND Solar=Low AND CO2=Normal AND Wind=Medium AND N=Normal AND E=Normal AND W=0,Acceptable,0.3807735220176093,268
Tin=Normal AND Tout=Normal AND Hin=Normal AND Hout=Normal AND L=Normal AND Solar=Normal AND CO2=Normal AND Wind=Medium AND N=High AND E=Normal AND W=0,Acceptable,0.4500552670745198,269
Tin=Normal AND Tout=Hot AND Hin=Normal AND Hout=Normal AND L=Low AND Solar=High AND CO2=Low AND Wind=Low AND N=Normal AND E=Normal AND W=3,Good,0.3947672628788359,270
Tin=Normal AND Tout=Normal AND Hin=Wet AND Hout=Wet AND L=Normal AND Solar=Normal AND CO2=Normal AND Wind=Low AND N=High AND E=Normal AND W=0,Acceptable,0.4367816091954026,271
Tin=Cold AND Tout=Normal AND Hin=Normal AND Hout=Normal AND L=Normal AND Solar=Normal AND CO2=Normal AND Wind=Medium AND N=High AND E=Normal AND W=0,Poor,0.3554435549533212,272
Tin=Normal AND Tout=Normal AND Hin=Normal AND Hout=Normal AND L=Normal AND Solar=Normal AND CO2=Normal AND Wind=Medium AND N=High AND E=Normal AND W=3,Good,0.4367816091954026,273
Tin=Normal AND Tout=Normal AND Hin=Normal AND Hout=Dry AND L=Normal AND Solar=Normal AND CO2=Normal AND Wind=Medium AND N=Normal AND E=Normal AND W=0,Acceptable,0.3594039892607985,274
Tin=Normal AND Tout=Cold AND Hin=Normal AND Hout=Normal AND L=Normal AND Solar=Normal AND CO2=Normal AND Wind=Medium AND N=Normal AND E=Normal AND W=0,Acceptable,0.5391121258919578,275
Tin=Cold AND Tout=Normal AND Hin=Wet AND Hout=Wet AND L=Normal AND Solar=Low AND CO2=Low AND Wind=Medium AND N=Normal AND E=Normal AND W=1,Poor,0.4566857349982743,276
Tin=Normal AND Tout=Normal AND Hin=Normal AND Hout=Normal AND L=Low AND Solar=High AND CO2=Normal AND Wind=Medium AND N=Normal AND E=Normal AND W=3,Good,0.4731800766283523,277
Tin=Normal AND Tout=Normal AND Hin=Wet AND Hout=Wet AND L=Normal AND Solar=Low AND CO2=Normal AND Wind=High AND N=High AND E=Normal AND W=1,Acceptable,0.6015418345297067,278
Tin=Normal AND Tout=Normal AND Hin=Dry AND Hout=Normal AND L=Low AND Solar=High AND CO2=Normal AND Wind=Medium AND N=Low AND E=Normal AND W=3,Good,0.3342568895475387,279
Tin=Normal AND Tout=Normal AND Hin=Normal AND Hout=Normal AND L=Normal AND Solar=Low AND CO2=Normal AND Wind=Medium AND N=Normal AND E=High AND W=1,Acceptable,0.3407501857749133,280
Tin=Normal AND Tout=Normal AND Hin=Wet AND Hout=Wet AND L=Normal AND Solar=Normal AND CO2=Normal AND Wind=Medium AND N=High AND E=Normal AND W=1,Acceptable,0.5438239049271246,281
Tin=Normal AND Tout=Normal AND Hin=Normal AND Hout=Normal AND L=Normal AND Solar=Normal AND CO2=Normal AND Wind=Medium AND N=Normal AND E=Low AND W=3,Good,0.370592473109609,282
Tin=Normal AND Tout=Hot AND Hin=Normal AND Hout=Normal AND L=Normal AND Solar=Normal AND CO2=Normal AND Wind=Medium AND N=Low AND E=Normal AND W=3,Good,0.4071962432967282,283
Tin=Normal AND Tout=Normal AND Hin=Normal AND Hout=Normal AND L=Normal AND Solar=Low AND CO2=Normal AND Wind=High AND N=Normal AND E=Normal AND W=2,Acceptable,0.3863995340300414,284
Tin=Normal AND Tout=Normal AND Hin=Normal AND Hout=Normal AND L=Normal AND Solar=Normal AND CO2=Low AND Wind=Low AND N=Normal AND E=Normal AND W=0,Acceptable,0.5534815537346159,285
Tin=Normal AND Tout=Normal AND Hin=Normal AND Hout=Normal AND L=Normal AND Solar=Normal AND CO2=Normal AND Wind=Low AND N=Normal AND E=Normal AND W=3,Acceptable,0.3773946360153258,286
Tin=Normal AND Tout=Normal AND Hin=Normal AND Hout=Normal AND L=Normal AND Solar=Normal AND CO2=Normal AND Wind=Low AND N=Normal AND E=Normal AND W=3,Acceptable,0.36805953022437,287
Tin=Normal AND Tout=Normal AND Hin=Normal AND Hout=Normal AND L=Normal AND Solar=Normal AND CO2=Normal AND Wind=Low AND N=Low AND E=Normal AND W=0,Good,0.3555018931230291,288
Tin=Cold AND Tout=Normal AND Hin=Normal AND Hout=Normal AND L=Normal AND Solar=Low AND CO2=Normal AND Wind=Medium AND N=Normal AND E=Normal AND W=3,Acceptable,0.5293865726811088,289
Tin=Normal AND Tout=Normal AND Hin=Normal AND Hout=Normal AND L=Low AND Solar=Normal AND CO2=Normal AND Wind=High AND N=Normal AND E=Normal AND W=0,Acceptable,0.3756522521488459,290
Tin=Normal AND Tout=Normal AND Hin=Normal AND Hout=Normal AND L=Normal AND Solar=Normal AND CO2=Normal AND Wind=Low AND N=Normal AND E=Normal AND W=3,Good,0.3773946360153254,291
Tin=Normal AND Tout=Normal AND Hin=Normal AND Hout=Normal AND L=Normal AND Solar=Normal AND CO2=Normal AND Wind=High AND N=Normal AND E=Normal AND W=0,Acceptable,0.3773946360153254,292
Tin=Normal AND Tout=Normal AND Hin=Normal AND Hout=Wet AND L=Normal AND Solar=Normal AND CO2=Normal AND Wind=Medium AND N=Normal AND E=Normal AND W=3,Good,0.364456070162687,293
Tin=Normal AND Tout=Hot AND Hin=Normal AND Hout=Normal AND L=Normal AND Solar=Low AND CO2=Normal AND Wind=High AND N=High AND E=High AND W=1,Poor,0.3450539899924376,294
Tin=Cold AND Tout=Normal AND Hin=Normal AND Hout=Dry AND L=Normal AND Solar=Normal AND CO2=Normal AND Wind=Medium AND N=Normal AND E=Normal AND W=3,Acceptable,0.3366891191327501,295
Tin=Hot AND Tout=Normal AND Hin=Normal AND Hout=Normal AND L=Normal AND Solar=Normal AND CO2=Low AND Wind=Medium AND N=High AND E=Normal AND W=3,Acceptable,0.3773626438747558,296
Tin=Normal AND Tout=Normal AND Hin=Normal AND Hout=Normal AND L=Normal AND Solar=Normal AND CO2=High AND Wind=Low AND N=Normal AND E=Normal AND W=0,Acceptable,0.3717197019261298,297
Tin=Normal AND Tout=Normal AND Hin=Normal AND Hout=Normal AND L=Normal AND Solar=Normal AND CO2=Normal AND Wind=Medium AND N=Low AND E=Normal AND W=0,Acceptable,0.3665384728558387,298
Tin=Normal AND Tout=Cold AND Hin=Normal AND Hout=Normal AND L=Normal AND Solar=Normal AND CO2=Normal AND Wind=Medium AND N=Normal AND E=High AND W=0,Acceptable,0.3588016387312218,299
Tin=Normal AND Tout=Normal AND Hin=Normal AND Hout=Dry AND L=Normal AND Solar=Low AND CO2=Normal AND Wind=Low AND N=Normal AND E=Normal AND W=0,Acceptable,0.3347734486373047,300
Tin=Hot AND Tout=Normal AND Hin=Wet AND Hout=Wet AND L=Normal AND Solar=Normal AND CO2=Normal AND Wind=Medium AND N=High AND E=Normal AND W=0,Poor,0.568145334112651,301
Tin=Normal AND Tout=Hot AND Hin=Normal AND Hout=Normal AND L=Normal AND Solar=Normal AND CO2=Normal AND Wind=Medium AND N=Low AND E=Normal AND W=3,Good,0.5160556289070394,302
Tin=Cold AND Tout=Normal AND Hin=Normal AND Hout=Normal AND L=Normal AND Solar=Normal AND CO2=Normal AND Wind=Medium AND N=Normal AND E=Normal AND W=0,Acceptable,0.4867367642840229,303
Tin=Normal AND Tout=Normal AND Hin=Normal AND Hout=Normal AND L=Normal AND Solar=Normal AND CO2=Normal AND Wind=Medium AND N=Normal AND E=Normal AND W=0,Acceptable,0.4408334377893202,304
Tin=Normal AND Tout=Normal AND Hin=Dry AND Hout=Dry AND L=Normal AND Solar=Normal AND CO2=Normal AND Wind=Medium AND N=Normal AND E=Normal AND W=3,Good,0.4452472330909926,305
Tin=Normal AND Tout=Normal AND Hin=Normal AND Hout=Normal AND L=Normal AND Solar=Normal AND CO2=High AND Wind=Medium AND N=Normal AND E=Normal AND W=0,Acceptable,0.3773946360153258,306
Tin=Cold AND Tout=Normal AND Hin=Normal AND Hout=Normal AND L=Normal AND Solar=Normal AND CO2=Normal AND Wind=Low AND N=Low AND E=Normal AND W=0,Poor,0.3614717269898669,307
Tin=Cold AND Tout=Normal AND Hin=Normal AND Hout=Normal AND L=Normal AND Solar=Low AND CO2=Normal AND Wind=High AND N=Normal AND E=Normal AND W=1,Poor,0.4020504329107422,308
Tin=Normal AND Tout=Normal AND Hin=Normal AND Hout=Normal AND L=Normal AND Solar=Normal AND CO2=Normal AND Wind=Medium AND N=High AND E=Normal AND W=3,Good,0.3632818865562299,309
Tin=Cold AND Tout=Normal AND Hin=Normal AND Hout=Normal AND L=Normal AND Solar=Normal AND CO2=Normal AND Wind=Medium AND N=Normal AND E=Normal AND W=3,Acceptable,0.3402367701341156,310
Tin=Cold AND Tout=Normal AND Hin=Normal AND Hout=Wet AND L=Normal AND Solar=Low AND CO2=Normal AND Wind=High AND N=Normal AND E=Normal AND W=1,Poor,0.3829748785709784,311
Tin=Normal AND Tout=Normal AND Hin=Normal AND Hout=Normal AND L=Normal AND Solar=Normal AND CO2=Normal AND Wind=Medium AND N=Normal AND E=Normal AND W=0,Acceptable,0.3603056673876078,312
Tin=Cold AND Tout=Normal AND Hin=Normal AND Hout=Wet AND L=Low AND Solar=Normal AND CO2=Normal AND Wind=Low AND N=Low AND E=Low AND W=3,Acceptable,0.4786668166657922,313
Tin=Normal AND Tout=Normal AND Hin=Dry AND Hout=Normal AND L=Low AND Solar=High AND CO2=Normal AND Wind=Medium AND N=Low AND E=Normal AND W=3,Good,0.3482816031206678,314
Tin=Normal AND Tout=Cold AND Hin=Normal AND Hout=Normal AND L=Normal AND Solar=Normal AND CO2=Normal AND Wind=Medium AND N=Normal AND E=Normal AND W=3,Acceptable,0.4062108907458819,315
Tin=Normal AND Tout=Normal AND Hin=Normal AND Hout=Wet AND L=Normal AND Solar=Low AND CO2=Normal AND Wind=Medium AND N=Normal AND E=Normal AND W=1,Acceptable,0.3716480097330858,316
Tin=Normal AND Tout=Normal AND Hin=Normal AND Hout=Normal AND L=Normal AND Solar=Normal AND CO2=Normal AND Wind=Medium AND N=Normal AND E=Normal AND W=0,Acceptable,0.3487358768345632,317
Tin=Cold AND Tout=Normal AND Hin=Normal AND Hout=Normal AND L=Low AND Solar=Normal AND CO2=Normal AND Wind=Medium AND N=Normal AND E=Normal AND W=3,Poor,0.5257761217899215,318
Tin=Normal AND Tout=Cold AND Hin=Normal AND Hout=Normal AND L=High AND Solar=Low AND CO2=Normal AND Wind=Medium AND N=Normal AND E=High AND W=3,Acceptable,0.3340985334799966,319
Tin=Cold AND Tout=Normal AND Hin=Normal AND Hout=Normal AND L=Normal AND Solar=Normal AND CO2=Normal AND Wind=Low AND N=Normal AND E=Normal AND W=3,Acceptable,0.3472679029567315,320
Tin=Cold AND Tout=Normal AND Hin=Normal AND Hout=Normal AND L=Normal AND Solar=Normal AND CO2=Normal AND Wind=High AND N=High AND E=Normal AND W=0,Acceptable,0.4814359403652264,321
Tin=Normal AND Tout=Normal AND Hin=Normal AND Hout=Normal AND L=Normal AND Solar=Low AND CO2=Normal AND Wind=Medium AND N=Low AND E=Normal AND W=1,Acceptable,0.4214249873960325,322
Tin=Normal AND Tout=Hot AND Hin=Normal AND Hout=Normal AND L=High AND Solar=Low AND CO2=Normal AND Wind=Low AND N=Low AND E=Normal AND W=0,Acceptable,0.3888356656748061,323
Tin=Normal AND Tout=Normal AND Hin=Normal AND Hout=Normal AND L=Normal AND Solar=Normal AND CO2=Normal AND Wind=Medium AND N=High AND E=Normal AND W=3,Good,0.3623876317662066,324
Tin=Normal AND Tout=Normal AND Hin=Normal AND Hout=Normal AND L=Low AND Solar=High AND CO2=Normal AND Wind=Medium AND N=Normal AND E=Normal AND W=3,Good,0.3555470593834205,325
Tin=Normal AND Tout=Normal AND Hin=Normal AND Hout=Normal AND L=Low AND Solar=High AND CO2=Normal AND Wind=Low AND N=Low AND E=Normal AND W=3,Good,0.378892136367142,326
Tin=Normal AND Tout=Cold AND Hin=Normal AND Hout=Normal AND L=Normal AND Solar=Low AND CO2=Low AND Wind=Low AND N=Normal AND E=Normal AND W=0,Acceptable,0.3714778202195093,327
Tin=Normal AND Tout=Normal AND Hin=Normal AND Hout=Normal AND L=High AND Solar=Normal AND CO2=High AND Wind=Medium AND N=Low AND E=Normal AND W=0,Acceptable,0.3497871764283807,328
Tin=Normal AND Tout=Normal AND Hin=Normal AND Hout=Normal AND L=Normal AND Solar=Normal AND CO2=Normal AND Wind=Medium AND N=Normal AND E=Normal AND W=3,Good,0.3773946360153258,329
Tin=Normal AND Tout=Normal AND Hin=Normal AND Hout=Normal AND L=Low AND Solar=High AND CO2=Normal AND Wind=Medium AND N=Low AND E=Low AND W=3,Good,0.5676530533662562,330
Tin=Cold AND Tout=Normal AND Hin=Normal AND Hout=Normal AND L=Normal AND Solar=Normal AND CO2=Normal AND Wind=Medium AND N=Normal AND E=Normal AND W=0,Acceptable,0.398449985114931,331
Tin=Cold AND Tout=Normal AND Hin=Normal AND Hout=Wet AND L=Normal AND Solar=Normal AND CO2=Normal AND Wind=Medium AND N=Low AND E=Normal AND W=3,Poor,0.3861426797501993,332
Tin=Normal AND Tout=Hot AND Hin=Normal AND Hout=Wet AND L=Normal AND Solar=Low AND CO2=Normal AND Wind=Medium AND N=Low AND E=Normal AND W=1,Acceptable,0.4751067579713855,333
Tin=Normal AND Tout=Normal AND Hin=Normal AND Hout=Normal AND L=Normal AND Solar=Normal AND CO2=Normal AND Wind=Medium AND N=Normal AND E=Normal AND W=0,Acceptable,0.4193424336801446,334
Tin=Cold AND Tout=Cold AND Hin=Normal AND Hout=Normal AND L=Low AND Solar=Normal AND CO2=Normal AND Wind=Low AND N=Normal AND E=Normal AND W=3,Poor,0.3773946360153258,335
Tin=Normal AND Tout=Normal AND Hin=Normal AND Hout=Normal AND L=Low AND Solar=Normal AND CO2=Normal AND Wind=Medium AND N=Normal AND E=Low AND W=3,Good,0.3957493940146452,336
Tin=Normal AND Tout=Cold AND Hin=Normal AND Hout=Normal AND L=Low AND Solar=Normal AND CO2=High AND Wind=Medium AND N=Normal AND E=High AND W=3,Acceptable,0.4003562184842556,337
Tin=Normal AND Tout=Normal AND Hin=Normal AND Hout=Normal AND L=Normal AND Solar=Normal AND CO2=Normal AND Wind=Medium AND N=Normal AND E=Normal AND W=0,Acceptable,0.3689465123835179,338
Tin=Normal AND Tout=Cold AND Hin=Normal AND Hout=Normal AND L=Normal AND Solar=Normal AND CO2=Normal AND Wind=Medium AND N=High AND E=High AND W=0,Acceptable,0.5070173405600965,339
Tin=Normal AND Tout=Normal AND Hin=Normal AND Hout=Normal AND L=Normal AND Solar=Low AND CO2=Normal AND Wind=Low AND N=High AND E=Normal AND W=1,Acceptable,0.4023392705302985,340
Tin=Normal AND Tout=Normal AND Hin=Normal AND Hout=Normal AND L=Low AND Solar=Normal AND CO2=Normal AND Wind=Medium AND N=High AND E=Normal AND W=3,Good,0.4577537623956847,341
Tin=Normal AND Tout=Normal AND Hin=Normal AND Hout=Normal AND L=Normal AND Solar=Normal AND CO2=Normal AND Wind=High AND N=Normal AND E=Normal AND W=0,Acceptable,0.42681453847905,342
Tin=Normal AND Tout=Normal AND Hin=Normal AND Hout=Normal AND L=Normal AND Solar=Low AND CO2=Normal AND Wind=Medium AND N=Normal AND E=Normal AND W=0,Acceptable,0.3768828113340107,343
Tin=Cold AND Tout=Normal AND Hin=Normal AND Hout=Normal AND L=High AND Solar=Low AND CO2=High AND Wind=Medium AND N=Low AND E=Normal AND W=1,Poor,0.3656219389623868,344
Tin=Normal AND Tout=Normal AND Hin=Dry AND Hout=Dry AND L=Low AND Solar=High AND CO2=Low AND Wind=Medium AND N=Normal AND E=Low AND W=3,Acceptable,0.3457203621796385,345
Tin=Normal AND Tout=Normal AND Hin=Normal AND Hout=Normal AND L=Low AND Solar=Normal AND CO2=High AND Wind=Medium AND N=Normal AND E=Normal AND W=3,Good,0.4024039298613421,346
Tin=Normal AND Tout=Normal AND Hin=Normal AND Hout=Normal AND L=Normal AND Solar=Normal AND CO2=Normal AND Wind=Low AND N=Normal AND E=Normal AND W=0,Acceptable,0.4284931341081673,347
Tin=Normal AND Tout=Normal AND Hin=Normal AND Hout=Normal AND L=Normal AND Solar=Normal AND CO2=Normal AND Wind=Low AND N=High AND E=Normal AND W=3,Good,0.4828069078841502,348
Tin=Normal AND Tout=Normal AND Hin=Normal AND Hout=Normal AND L=Normal AND Solar=Normal AND CO2=Normal AND Wind=High AND N=Normal AND E=Normal AND W=0,Acceptable,0.365086825636739,349
Tin=Normal AND Tout=Normal AND Hin=Normal AND Hout=Normal AND L=Normal AND Solar=Normal AND CO2=Normal AND Wind=Low AND N=Normal AND E=Low AND W=3,Good,0.4222125440226797,350
Tin=Normal AND Tout=Normal AND Hin=Normal AND Hout=Normal AND L=Low AND Solar=Normal AND CO2=Normal AND Wind=Medium AND N=Normal AND E=Normal AND W=3,Good,0.4435173228390666,351
Tin=Normal AND Tout=Normal AND Hin=Normal AND Hout=Normal AND L=Normal AND Solar=Normal AND CO2=Normal AND Wind=Medium AND N=Normal AND E=Normal AND W=0,Acceptable,0.3544709004393582,352
Tin=Normal AND Tout=Normal AND Hin=Normal AND Hout=Normal AND L=Normal AND Solar=Low AND CO2=Normal AND Wind=Medium AND N=Low AND E=Normal AND W=0,Acceptable,0.3877806870178264,353
Tin=Normal AND Tout=Normal AND Hin=Dry AND Hout=Dry AND L=Normal AND Solar=Normal AND CO2=Normal AND Wind=Medium AND N=High AND E=Normal AND W=3,Acceptable,0.5082978243835571,354
Tin=Normal AND Tout=Normal AND Hin=Normal AND Hout=Normal AND L=Normal AND Solar=Normal AND CO2=High AND Wind=Medium AND N=Normal AND E=Normal AND W=0,Acceptable,0.5102533352960772,355
Tin=Normal AND Tout=Normal AND Hin=Normal AND Hout=Normal AND L=Low AND Solar=Normal AND CO2=High AND Wind=Medium AND N=Low AND E=Normal AND W=3,Acceptable,0.4073535294910712,356
Tin=Normal AND Tout=Normal AND Hin=Normal AND Hout=Normal AND L=Low AND Solar=Normal AND CO2=Normal AND Wind=Low AND N=High AND E=Normal AND W=3,Good,0.4960505016934697,357
Tin=Normal AND Tout=Normal AND Hin=Normal AND Hout=Dry AND L=Normal AND Solar=Normal AND CO2=Normal AND Wind=Low AND N=Normal AND E=Normal AND W=3,Good,0.5389398768946566,358
Tin=Normal AND Tout=Normal AND Hin=Normal AND Hout=Normal AND L=Low AND Solar=Normal AND CO2=Normal AND Wind=Medium AND N=High AND E=Normal AND W=3,Good,0.4686791618690934,359
Tin=Normal AND Tout=Normal AND Hin=Dry AND Hout=Normal AND L=Low AND Solar=High AND CO2=High AND Wind=Low AND N=Low AND E=Low AND W=3,Acceptable,0.3539916062670464,360
Tin=Normal AND Tout=Normal AND Hin=Dry AND Hout=Dry AND L=Low AND Solar=High AND CO2=Normal AND Wind=Medium AND N=Normal AND E=Low AND W=3,Acceptable,0.4035198216615709,361
Tin=Normal AND Tout=Normal AND Hin=Normal AND Hout=Normal AND L=Low AND Solar=High AND CO2=Normal AND Wind=Medium AND N=Low AND E=Low AND W=3,Good,0.35193510372551,362
Tin=Cold AND Tout=Normal AND Hin=Normal AND Hout=Normal AND L=Normal AND Solar=Low AND CO2=Normal AND Wind=High AND N=Normal AND E=Normal AND W=2,Poor,0.4224711323558037,363
Tin=Normal AND Tout=Normal AND Hin=Normal AND Hout=Normal AND L=High AND Solar=Low AND CO2=Normal AND Wind=High AND N=High AND E=Normal AND W=1,Acceptable,0.4053888005491161,364
Tin=Hot AND Tout=Normal AND Hin=Normal AND Hout=Normal AND L=Normal AND Solar=Low AND CO2=Normal AND Wind=Medium AND N=Normal AND E=Normal AND W=1,Poor,0.4489201125698855,365
Tin=Normal AND Tout=Normal AND Hin=Normal AND Hout=Normal AND L=Normal AND Solar=Normal AND CO2=Normal AND Wind=Medium AND N=Normal AND E=Normal AND W=3,Good,0.4112428523747892,366
Tin=Normal AND Tout=Normal AND Hin=Normal AND Hout=Normal AND L=Normal AND Solar=Normal AND CO2=Normal AND Wind=Low AND N=High AND E=Normal AND W=3,Acceptable,0.3532247592184692,367
Tin=Cold AND Tout=Normal AND Hin=Normal AND Hout=Normal AND L=Normal AND Solar=Low AND CO2=Normal AND Wind=Medium AND N=Low AND E=Normal AND W=0,Acceptable,0.3479430862090494,368
Tin=Normal AND Tout=Normal AND Hin=Normal AND Hout=Normal AND L=Normal AND Solar=Normal AND CO2=Normal AND Wind=Medium AND N=Low AND E=Normal AND W=0,Acceptable,0.3565852295212874,369
Tin=Cold AND Tout=Normal AND Hin=Normal AND Hout=Normal AND L=Normal AND Solar=Normal AND CO2=Normal AND Wind=Low AND N=Normal AND E=Normal AND W=0,Acceptable,0.3908490326597305,370
Tin=Normal AND Tout=Normal AND Hin=Normal AND Hout=Wet AND L=Normal AND Solar=Normal AND CO2=Normal AND Wind=Medium AND N=Low AND E=Low AND W=3,Good,0.365859995798298,371
Tin=Normal AND Tout=Normal AND Hin=Dry AND Hout=Dry AND L=High AND Solar=Low AND CO2=Normal AND Wind=Low AND N=High AND E=Normal AND W=1,Acceptable,0.3455490614016456,372
Tin=Normal AND Tout=Normal AND Hin=Wet AND Hout=Wet AND L=Normal AND Solar=Low AND CO2=Normal AND Wind=Medium AND N=Normal AND E=Normal AND W=1,Acceptable,0.3341640560417924,373
Tin=Normal AND Tout=Normal AND Hin=Normal AND Hout=Normal AND L=High AND Solar=Low AND CO2=Normal AND Wind=Medium AND N=Normal AND E=Normal AND W=1,Acceptable,0.3897858974496206,374
Tin=Normal AND Tout=Normal AND Hin=Normal AND Hout=Normal AND L=Normal AND Solar=Normal AND CO2=Normal AND Wind=High AND N=High AND E=Normal AND W=0,Acceptable,0.4833692822001204,375
Tin=Normal AND Tout=Normal AND Hin=Normal AND Hout=Normal AND L=Normal AND Solar=Normal AND CO2=Normal AND Wind=Medium AND N=High AND E=Normal AND W=0,Acceptable,0.3690403436104706,376
Tin=Normal AND Tout=Normal AND Hin=Normal AND Hout=Normal AND L=Normal AND Solar=Normal AND CO2=High AND Wind=High AND N=Normal AND E=Normal AND W=3,Acceptable,0.439519102898844,377
Tin=Normal AND Tout=Normal AND Hin=Wet AND Hout=Wet AND L=Low AND Solar=Normal AND CO2=Normal AND Wind=Medium AND N=Normal AND E=Normal AND W=3,Good,0.3657929613064965,378
Tin=Normal AND Tout=Normal AND Hin=Normal AND Hout=Normal AND L=Normal AND Solar=Normal AND CO2=Normal AND Wind=Medium AND N=Low AND E=Low AND W=3,Good,0.5346993808436218,379
Tin=Normal AND Tout=Normal AND Hin=Normal AND Hout=Normal AND L=Normal AND Solar=Normal AND CO2=Normal AND Wind=Low AND N=Normal AND E=Normal AND W=3,Good,0.4574097153093758,380
Tin=Cold AND Tout=Normal AND Hin=Dry AND Hout=Dry AND L=Normal AND Solar=Normal AND CO2=Normal AND Wind=Low AND N=Normal AND E=Normal AND W=3,Poor,0.3926059340600536,381
Tin=Cold AND Tout=Normal AND Hin=Normal AND Hout=Wet AND L=Normal AND Solar=Low AND CO2=Normal AND Wind=High AND N=Low AND E=Normal AND W=1,Poor,0.3445279717945996,382
Tin=Normal AND Tout=Normal AND Hin=Normal AND Hout=Normal AND L=Normal AND Solar=Normal AND CO2=Normal AND Wind=Medium AND N=Low AND E=Normal AND W=0,Acceptable,0.5166042028747919,383
Tin=Hot AND Tout=Normal AND Hin=Normal AND Hout=Normal AND L=Normal AND Solar=Normal AND CO2=Normal AND Wind=Medium AND N=Normal AND E=Normal AND W=0,Acceptable,0.5405906072374937,384
Tin=Normal AND Tout=Normal AND Hin=Normal AND Hout=Normal AND L=Normal AND Solar=Normal AND CO2=Normal AND Wind=Medium AND N=Low AND E=Normal AND W=0,Acceptable,0.4300595131467367,385
Tin=Cold AND Tout=Hot AND Hin=Normal AND Hout=Normal AND L=Normal AND Solar=Normal AND CO2=Low AND Wind=Low AND N=Normal AND E=High AND W=3,Poor,0.4824957705536721,386
Tin=Normal AND Tout=Cold AND Hin=Normal AND Hout=Normal AND L=Low AND Solar=Normal AND CO2=Normal AND Wind=Medium AND N=High AND E=High AND W=3,Acceptable,0.3385151827979682,387
Tin=Cold AND Tout=Normal AND Hin=Normal AND Hout=Normal AND L=Normal AND Solar=Normal AND CO2=Normal AND Wind=Medium AND N=High AND E=Normal AND W=1,Poor,0.3706821680857954,388
Tin=Normal AND Tout=Hot AND Hin=Normal AND Hout=Normal AND L=Low AND Solar=High AND CO2=Normal AND Wind=Low AND N=High AND E=Normal AND W=3,Good,0.3383358018762465,389
Tin=Normal AND Tout=Normal AND Hin=Dry AND Hout=Normal AND L=Normal AND Solar=Normal AND CO2=Normal AND Wind=Low AND N=Normal AND E=Normal AND W=0,Acceptable,0.3561314711396234,390
Tin=Normal AND Tout=Normal AND Hin=Wet AND Hout=Wet AND L=Normal AND Solar=Low AND CO2=Low AND Wind=Medium AND N=Normal AND E=Normal AND W=1,Acceptable,0.4419792921925785,391
Tin=Normal AND Tout=Normal AND Hin=Normal AND Hout=Normal AND L=Normal AND Solar=Normal AND CO2=Normal AND Wind=Medium AND N=Normal AND E=Normal AND W=1,Acceptable,0.3580616769180759,392
Tin=Normal AND Tout=Hot AND Hin=Normal AND Hout=Normal AND L=High AND Solar=Low AND CO2=High AND Wind=High AND N=Normal AND E=Normal AND W=1,Poor,0.5919135770852872,393
Tin=Normal AND Tout=Hot AND Hin=Normal AND Hout=Normal AND L=Normal AND Solar=Normal AND CO2=Normal AND Wind=Medium AND N=Low AND E=High AND W=3,Acceptable,0.3600716938429668,394
Tin=Normal AND Tout=Normal AND Hin=Normal AND Hout=Normal AND L=Normal AND Solar=Normal AND CO2=Normal AND Wind=Medium AND N=High AND E=Normal AND W=3,Good,0.4379046679320156,395
Tin=Normal AND Tout=Hot AND Hin=Normal AND Hout=Normal AND L=Low AND Solar=Normal AND CO2=Normal AND Wind=Low AND N=Normal AND E=Normal AND W=3,Good,0.5029897958850088,396
Tin=Normal AND Tout=Normal AND Hin=Normal AND Hout=Normal AND L=Low AND Solar=Normal AND CO2=Normal AND Wind=Medium AND N=Low AND E=Normal AND W=3,Good,0.3730891673130913,397
Tin=Normal AND Tout=Cold AND Hin=Normal AND Hout=Normal AND L=Normal AND Solar=Normal AND CO2=Normal AND Wind=Medium AND N=Normal AND E=Normal AND W=3,Good,0.4662047864511482,398
Tin=Normal AND Tout=Normal AND Hin=Normal AND Hout=Normal AND L=Normal AND Solar=Low AND CO2=Low AND Wind=Medium AND N=Normal AND E=High AND W=1,Poor,0.3446635151746474,399
Tin=Hot AND Tout=Normal AND Hin=Normal AND Hout=Normal AND L=Normal AND Solar=Low AND CO2=Normal AND Wind=Medium AND N=High AND E=Normal AND W=1,Poor,0.3501460549740094,400
Tin=Normal AND Tout=Normal AND Hin=Wet AND Hout=Wet AND L=Normal AND Solar=Normal AND CO2=Normal AND Wind=Medium AND N=Low AND E=Normal AND W=1,Acceptable,0.3460263883544564,401
Tin=Normal AND Tout=Normal AND Hin=Normal AND Hout=Normal AND L=Normal AND Solar=Low AND CO2=Normal AND Wind=Medium AND N=Low AND E=Normal AND W=0,Good,0.3472335867189761,402
Tin=Normal AND Tout=Normal AND Hin=Normal AND Hout=Normal AND L=Normal AND Solar=Normal AND CO2=Normal AND Wind=Low AND N=Normal AND E=Normal AND W=3,Good,0.480464275187936,403
Tin=Normal AND Tout=Normal AND Hin=Normal AND Hout=Normal AND L=Normal AND Solar=Normal AND CO2=Normal AND Wind=Medium AND N=Normal AND E=Normal AND W=3,Good,0.4731800766283526,404
Tin=Hot AND Tout=Normal AND Hin=Normal AND Hout=Normal AND L=Normal AND Solar=Normal AND CO2=Low AND Wind=Medium AND N=High AND E=Normal AND W=1,Acceptable,0.4074087552107552,405
Tin=Normal AND Tout=Hot AND Hin=Normal AND Hout=Normal AND L=Low AND Solar=Normal AND CO2=Normal AND Wind=Medium AND N=Normal AND E=Normal AND W=0,Acceptable,0.4321529568298052,406
Tin=Normal AND Tout=Normal AND Hin=Dry AND Hout=Normal AND L=Normal AND Solar=Normal AND CO2=Normal AND Wind=Low AND N=Low AND E=Normal AND W=3,Acceptable,0.3766276145732853,407
Tin=Normal AND Tout=Cold AND Hin=Dry AND Hout=Dry AND L=Low AND Solar=Normal AND CO2=Normal AND Wind=Medium AND N=Normal AND E=High AND W=3,Poor,0.3569424502526897,408
Tin=Normal AND Tout=Normal AND Hin=Normal AND Hout=Normal AND L=Low AND Solar=High AND CO2=Normal AND Wind=Low AND N=Normal AND E=Low AND W=3,Good,0.3617558260519275,409
Tin=Normal AND Tout=Normal AND Hin=Normal AND Hout=Normal AND L=Low AND Solar=High AND CO2=Normal AND Wind=Low AND N=Low AND E=Normal AND W=3,Good,0.436781609195402,410
Tin=Cold AND Tout=Normal AND Hin=Wet AND Hout=Wet AND L=Normal AND Solar=Low AND CO2=Low AND Wind=Medium AND N=Normal AND E=Normal AND W=2,Poor,0.3526685589298159,411
Tin=Normal AND Tout=Normal AND Hin=Normal AND Hout=Normal AND L=High AND Solar=Low AND CO2=Normal AND Wind=High AND N=Low AND E=Normal AND W=1,Acceptable,0.3827951375873227,412
Tin=Normal AND Tout=Hot AND Hin=Dry AND Hout=Normal AND L=Normal AND Solar=Normal AND CO2=Normal AND Wind=Medium AND N=Low AND E=Normal AND W=3,Acceptable,0.3623487360921988,413
Tin=Hot AND Tout=Hot AND Hin=Normal AND Hout=Normal AND L=Normal AND Solar=Normal AND CO2=Normal AND Wind=Medium AND N=Normal AND E=Normal AND W=0,Acceptable,0.3492591028109878,414
Tin=Normal AND Tout=Normal AND Hin=Normal AND Hout=Normal AND L=Low AND Solar=High AND CO2=Normal AND Wind=Low AND N=Normal AND E=Low AND W=3,Good,0.3557511328939536,415
Tin=Cold AND Tout=Normal AND Hin=Normal AND Hout=Normal AND L=Normal AND Solar=Normal AND CO2=Normal AND Wind=High AND N=Normal AND E=Normal AND W=3,Acceptable,0.364386377319616,416
Tin=Normal AND Tout=Hot AND Hin=Normal AND Hout=Normal AND L=Normal AND Solar=Normal AND CO2=Normal AND Wind=Medium AND N=Low AND E=Normal AND W=3,Acceptable,0.546722823968464,417
Tin=Normal AND Tout=Normal AND Hin=Normal AND Hout=Normal AND L=Low AND Solar=High AND CO2=Normal AND Wind=Low AND N=Low AND E=Low AND W=3,Acceptable,0.5090231471554553,418
Tin=Normal AND Tout=Cold AND Hin=Normal AND Hout=Dry AND L=Normal AND Solar=Low AND CO2=Normal AND Wind=Medium AND N=Normal AND E=Normal AND W=0,Acceptable,0.3360289996915148,419
Tin=Normal AND Tout=Normal AND Hin=Normal AND Hout=Normal AND L=Normal AND Solar=Normal AND CO2=Normal AND Wind=Medium AND N=Normal AND E=High AND W=3,Acceptable,0.3343879047677846,420
Tin=Normal AND Tout=Normal AND Hin=Normal AND Hout=Normal AND L=Normal AND Solar=Normal AND CO2=Normal AND Wind=Medium AND N=Low AND E=Normal AND W=3,Good,0.3778166585569392,421
Tin=Normal AND Tout=Normal AND Hin=Normal AND Hout=Normal AND L=Low AND Solar=High AND CO2=Low AND Wind=Low AND N=Low AND E=Normal AND W=3,Good,0.3491774718992305,422
Tin=Normal AND Tout=Normal AND Hin=Normal AND Hout=Normal AND L=Normal AND Solar=Normal AND CO2=Normal AND Wind=High AND N=Normal AND E=Normal AND W=3,Good,0.3582432215102988,423
Tin=Normal AND Tout=Normal AND Hin=Normal AND Hout=Normal AND L=Normal AND Solar=Low AND CO2=Normal AND Wind=Medium AND N=Low AND E=Low AND W=1,Acceptable,0.3459581988389528,424
Tin=Normal AND Tout=Normal AND Hin=Normal AND Hout=Normal AND L=Low AND Solar=Normal AND CO2=Normal AND Wind=Medium AND N=Normal AND E=Normal AND W=3,Good,0.401529077353924,425
Tin=Cold AND Tout=Normal AND Hin=Dry AND Hout=Dry AND L=Normal AND Solar=Normal AND CO2=Normal AND Wind=Medium AND N=Low AND E=Normal AND W=3,Poor,0.3597753203684974,426
Tin=Normal AND Tout=Normal AND Hin=Normal AND Hout=Normal AND L=Normal AND Solar=Normal AND CO2=Low AND Wind=Medium AND N=Normal AND E=Normal AND W=3,Good,0.4106444028788411,427
Tin=Normal AND Tout=Normal AND Hin=Normal AND Hout=Normal AND L=Normal AND Solar=Normal AND CO2=Normal AND Wind=Medium AND N=Normal AND E=Normal AND W=3,Good,0.365461520929877,428
Tin=Normal AND Tout=Normal AND Hin=Normal AND Hout=Normal AND L=Normal AND Solar=Normal AND CO2=Normal AND Wind=Medium AND N=Low AND E=Low AND W=3,Good,0.4543534393259155,429
Tin=Normal AND Tout=Normal AND Hin=Normal AND Hout=Normal AND L=Normal AND Solar=Low AND CO2=Normal AND Wind=Medium AND N=Normal AND E=Normal AND W=0,Acceptable,0.3576850187854736,430
Tin=Normal AND Tout=Normal AND Hin=Normal AND Hout=Wet AND L=Low AND Solar=Low AND CO2=Normal AND Wind=Medium AND N=Normal AND E=Normal AND W=1,Acceptable,0.360418722265876,431
Tin=Normal AND Tout=Normal AND Hin=Normal AND Hout=Normal AND L=Low AND Solar=High AND CO2=Normal AND Wind=Medium AND N=Low AND E=Low AND W=3,Good,0.4744391059675227,432
Tin=Normal AND Tout=Normal AND Hin=Normal AND Hout=Normal AND L=Low AND Solar=High AND CO2=Normal AND Wind=Medium AND N=Normal AND E=Normal AND W=3,Good,0.3887060824775593,433
Tin=Cold AND Tout=Normal AND Hin=Normal AND Hout=Normal AND L=Normal AND Solar=Low AND CO2=Normal AND Wind=Medium AND N=Low AND E=Normal AND W=0,Acceptable,0.3647205136662925,434
Tin=Hot AND Tout=Normal AND Hin=Normal AND Hout=Normal AND L=Normal AND Solar=Normal AND CO2=Normal AND Wind=Low AND N=Normal AND E=Normal AND W=3,Acceptable,0.3888581730215206,435
Tin=Cold AND Tout=Normal AND Hin=Normal AND Hout=Normal AND L=Low AND Solar=Normal AND CO2=Normal AND Wind=Low AND N=Normal AND E=Normal AND W=3,Poor,0.3529811925712891,436
Tin=Normal AND Tout=Normal AND Hin=Normal AND Hout=Normal AND L=Normal AND Solar=Low AND CO2=Normal AND Wind=Medium AND N=High AND E=Normal AND W=2,Poor,0.4529034597416338,437
Tin=Normal AND Tout=Normal AND Hin=Normal AND Hout=Normal AND L=Low AND Solar=High AND CO2=Normal AND Wind=Medium AND N=Low AND E=Low AND W=3,Good,0.4950328718661061,438
Tin=Normal AND Tout=Normal AND Hin=Normal AND Hout=Normal AND L=Normal AND Solar=High AND CO2=Low AND Wind=Low AND N=High AND E=Normal AND W=3,Acceptable,0.3854369074990804,439
Tin=Normal AND Tout=Normal AND Hin=Normal AND Hout=Normal AND L=Low AND Solar=Normal AND CO2=Normal AND Wind=Medium AND N=Normal AND E=Normal AND W=3,Good,0.340788740829657,440
Tin=Normal AND Tout=Normal AND Hin=Normal AND Hout=Normal AND L=Normal AND Solar=Normal AND CO2=Normal AND Wind=Medium AND N=Normal AND E=Normal AND W=0,Acceptable,0.4348156881422058,441
Tin=Normal AND Tout=Hot AND Hin=Normal AND Hout=Normal AND L=High AND Solar=Normal AND CO2=Normal AND Wind=Medium AND N=Normal AND E=Normal AND W=0,Acceptable,0.3452661683448274,442
Tin=Normal AND Tout=Normal AND Hin=Normal AND Hout=Normal AND L=Low AND Solar=High AND CO2=High AND Wind=Medium AND N=Normal AND E=Low AND W=3,Acceptable,0.4426960432168499,443
Tin=Cold AND Tout=Cold AND Hin=Normal AND Hout=Normal AND L=Normal AND Solar=Normal AND CO2=Normal AND Wind=Medium AND N=Normal AND E=Normal AND W=0,Poor,0.3773946360153258,444
Tin=Normal AND Tout=Normal AND Hin=Wet AND Hout=Wet AND L=Normal AND Solar=Normal AND CO2=Normal AND Wind=Medium AND N=High AND E=Normal AND W=1,Acceptable,0.3765028796213371,445
Tin=Cold AND Tout=Cold AND Hin=Dry AND Hout=Normal AND L=Normal AND Solar=Normal AND CO2=High AND Wind=Medium AND N=Low AND E=Normal AND W=3,Acceptable,0.3700933227249464,446
Tin=Normal AND Tout=Normal AND Hin=Normal AND Hout=Normal AND L=Normal AND Solar=Normal AND CO2=Normal AND Wind=Medium AND N=Low AND E=Low AND W=1,Acceptable,0.3568464230217275,447
Tin=Hot AND Tout=Normal AND Hin=Normal AND Hout=Normal AND L=Normal AND Solar=Low AND CO2=Normal AND Wind=Medium AND N=Normal AND E=Normal AND W=0,Poor,0.3770086011444697,448
Tin=Normal AND Tout=Normal AND Hin=Wet AND Hout=Wet AND L=Normal AND Solar=Low AND CO2=Normal AND Wind=High AND N=High AND E=Normal AND W=1,Acceptable,0.3996141801237094,449
Tin=Normal AND Tout=Normal AND Hin=Normal AND Hout=Normal AND L=Normal AND Solar=Low AND CO2=Low AND Wind=High AND N=Normal AND E=Normal AND W=0,Acceptable,0.4078799106665896,450
Tin=Normal AND Tout=Normal AND Hin=Normal AND Hout=Normal AND L=Normal AND Solar=Normal AND CO2=Normal AND Wind=Medium AND N=Normal AND E=Normal AND W=0,Acceptable,0.411413181306115,451
Tin=Normal AND Tout=Normal AND Hin=Wet AND Hout=Wet AND L=Normal AND Solar=Normal AND CO2=Normal AND Wind=Low AND N=Normal AND E=Normal AND W=3,Acceptable,0.3489836417556907,452
Tin=Normal AND Tout=Normal AND Hin=Normal AND Hout=Normal AND L=Normal AND Solar=Normal AND CO2=Low AND Wind=Medium AND N=Normal AND E=Normal AND W=3,Good,0.3627899662485924,453
Tin=Normal AND Tout=Hot AND Hin=Normal AND Hout=Normal AND L=Low AND Solar=High AND CO2=Normal AND Wind=Medium AND N=Normal AND E=Normal AND W=3,Acceptable,0.4438736828355887,454
Tin=Normal AND Tout=Cold AND Hin=Normal AND Hout=Normal AND L=Normal AND Solar=Normal AND CO2=Normal AND Wind=Medium AND N=Low AND E=Normal AND W=1,Acceptable,0.3658858759131481,455
Tin=Normal AND Tout=Hot AND Hin=Dry AND Hout=Dry AND L=Normal AND Solar=Normal AND CO2=Normal AND Wind=Medium AND N=Normal AND E=Normal AND W=3,Acceptable,0.4471145541956801,456
Tin=Hot AND Tout=Normal AND Hin=Wet AND Hout=Wet AND L=Normal AND Solar=Low AND CO2=High AND Wind=High AND N=High AND E=High AND W=1,Poor,0.4520460535557682,457
Tin=Normal AND Tout=Normal AND Hin=Normal AND Hout=Normal AND L=Normal AND Solar=Low AND CO2=Normal AND Wind=Low AND N=High AND E=Normal AND W=0,Acceptable,0.4954436652451001,458
Tin=Normal AND Tout=Normal AND Hin=Normal AND Hout=Normal AND L=Low AND Solar=Normal AND CO2=Normal AND Wind=Medium AND N=Normal AND E=Normal AND W=0,Acceptable,0.3688496642044945,459
Tin=Normal AND Tout=Normal AND Hin=Normal AND Hout=Normal AND L=Normal AND Solar=Low AND CO2=Low AND Wind=Medium AND N=Low AND E=Normal AND W=1,Acceptable,0.3821161824465747,460
Tin=Normal AND Tout=Cold AND Hin=Normal AND Hout=Normal AND L=Normal AND Solar=Normal AND CO2=Normal AND Wind=Medium AND N=Normal AND E=Normal AND W=0,Acceptable,0.3813756789698594,461
Tin=Normal AND Tout=Hot AND Hin=Normal AND Hout=Normal AND L=Normal AND Solar=Normal AND CO2=Normal AND Wind=Medium AND N=Normal AND E=High AND W=0,Acceptable,0.3400179854482698,462
Tin=Normal AND Tout=Normal AND Hin=Dry AND Hout=Normal AND L=Low AND Solar=Normal AND CO2=Normal AND Wind=Low AND N=Normal AND E=Normal AND W=3,Good,0.3980333135032901,463
Tin=Normal AND Tout=Normal AND Hin=Normal AND Hout=Normal AND L=Normal AND Solar=Normal AND CO2=Normal AND Wind=High AND N=Normal AND E=Normal AND W=1,Acceptable,0.4309227326315579,464
Tin=Cold AND Tout=Normal AND Hin=Normal AND Hout=Normal AND L=Normal AND Solar=Normal AND CO2=Normal AND Wind=Medium AND N=Low AND E=Normal AND W=3,Acceptable,0.3886648532017841,465
Tin=Normal AND Tout=Normal AND Hin=Normal AND Hout=Normal AND L=Normal AND Solar=Normal AND CO2=Normal AND Wind=Medium AND N=Low AND E=Low AND W=3,Good,0.3707408198686363,466
Tin=Normal AND Tout=Normal AND Hin=Normal AND Hout=Normal AND L=Low AND Solar=Normal AND CO2=Normal AND Wind=Low AND N=High AND E=Normal AND W=3,Good,0.4230037412577565,467
Tin=Hot AND Tout=Normal AND Hin=Dry AND Hout=Dry AND L=Normal AND Solar=High AND CO2=Normal AND Wind=Low AND N=Normal AND E=Normal AND W=3,Acceptable,0.3690082613236389,468
Tin=Normal AND Tout=Normal AND Hin=Normal AND Hout=Normal AND L=Normal AND Solar=Normal AND CO2=Normal AND Wind=Medium AND N=Normal AND E=Normal AND W=0,Acceptable,0.3545358844620874,469
Tin=Hot AND Tout=Hot AND Hin=Wet AND Hout=Wet AND L=Low AND Solar=High AND CO2=Normal AND Wind=Medium AND N=Normal AND E=Normal AND W=3,Good,0.3833986931374841,470
Tin=Normal AND Tout=Normal AND Hin=Normal AND Hout=Normal AND L=High AND Solar=Low AND CO2=Normal AND Wind=Medium AND N=Normal AND E=Normal AND W=1,Acceptable,0.3608003563503249,471
Tin=Normal AND Tout=Normal AND Hin=Normal AND Hout=Normal AND L=Normal AND Solar=Normal AND CO2=Normal AND Wind=Medium AND N=Normal AND E=Normal AND W=3,Acceptable,0.3773946360153254,472
Tin=Cold AND Tout=Cold AND Hin=Dry AND Hout=Dry AND L=Normal AND Solar=Normal AND CO2=Normal AND Wind=Medium AND N=High AND E=Normal AND W=3,Poor,0.3878316056909303,473
Tin=Normal AND Tout=Normal AND Hin=Normal AND Hout=Normal AND L=Normal AND Solar=Normal AND CO2=Normal AND Wind=Low AND N=Normal AND E=Normal AND W=3,Good,0.4524464493638071,474
Tin=Normal AND Tout=Normal AND Hin=Normal AND Hout=Normal AND L=Low AND Solar=Normal AND CO2=Normal AND Wind=Medium AND N=Normal AND E=Normal AND W=3,Good,0.380527493004987,475
Tin=Hot AND Tout=Normal AND Hin=Normal AND Hout=Normal AND L=Normal AND Solar=Normal AND CO2=Normal AND Wind=Low AND N=Normal AND E=Normal AND W=0,Acceptable,0.5277784423141226,476
Tin=Normal AND Tout=Hot AND Hin=Normal AND Hout=Normal AND L=Normal AND Solar=Normal AND CO2=Normal AND Wind=Medium AND N=High AND E=Normal AND W=3,Good,0.3856861078270187,477
Tin=Normal AND Tout=Normal AND Hin=Normal AND Hout=Normal AND L=Low AND Solar=Normal AND CO2=Low AND Wind=Medium AND N=High AND E=Normal AND W=3,Good,0.4452932130263539,478
Tin=Normal AND Tout=Normal AND Hin=Wet AND Hout=Wet AND L=Normal AND Solar=Low AND CO2=Normal AND Wind=Medium AND N=Normal AND E=Normal AND W=1,Acceptable,0.3715831019542565,479
Tin=Hot AND Tout=Normal AND Hin=Normal AND Hout=Normal AND L=Normal AND Solar=Normal AND CO2=Normal AND Wind=Medium AND N=Low AND E=Low AND W=0,Acceptable,0.3735746138156142,480
Tin=Normal AND Tout=Normal AND Hin=Wet AND Hout=Wet AND L=Normal AND Solar=Normal AND CO2=Normal AND Wind=Low AND N=Normal AND E=Normal AND W=0,Acceptable,0.431007869493262,481
Tin=Normal AND Tout=Normal AND Hin=Normal AND Hout=Normal AND L=Normal AND Solar=Normal AND CO2=Normal AND Wind=Medium AND N=High AND E=Normal AND W=1,Acceptable,0.3479299582107564,482
Tin=Normal AND Tout=Normal AND Hin=Wet AND Hout=Normal AND L=Normal AND Solar=Low AND CO2=Normal AND Wind=Medium AND N=High AND E=Normal AND W=0,Acceptable,0.336435622773795,483
Tin=Normal AND Tout=Normal AND Hin=Normal AND Hout=Normal AND L=Low AND Solar=Normal AND CO2=Normal AND Wind=Low AND N=Normal AND E=Low AND W=3,Good,0.4731800766283526,484
Tin=Normal AND Tout=Normal AND Hin=Dry AND Hout=Dry AND L=Normal AND Solar=Low AND CO2=Normal AND Wind=Medium AND N=Normal AND E=Normal AND W=1,Poor,0.3723426455275533,485
Tin=Normal AND Tout=Normal AND Hin=Normal AND Hout=Normal AND L=Normal AND Solar=Normal AND CO2=Normal AND Wind=Medium AND N=Normal AND E=Normal AND W=3,Good,0.341802789474374,486
Tin=Normal AND Tout=Cold AND Hin=Normal AND Hout=Normal AND L=Normal AND Solar=Normal AND CO2=Low AND Wind=Low AND N=Low AND E=Normal AND W=0,Acceptable,0.4381481381446027,487
Tin=Normal AND Tout=Normal AND Hin=Normal AND Hout=Normal AND L=Normal AND Solar=Low AND CO2=Normal AND Wind=Low AND N=Low AND E=Normal AND W=0,Good,0.3758867700802308,488
Tin=Normal AND Tout=Normal AND Hin=Normal AND Hout=Normal AND L=Normal AND Solar=Normal AND CO2=Normal AND Wind=Low AND N=Low AND E=Low AND W=0,Acceptable,0.4167183906493821,489
Tin=Normal AND Tout=Normal AND Hin=Normal AND Hout=Dry AND L=Normal AND Solar=Normal AND CO2=Normal AND Wind=Low AND N=Normal AND E=Low AND W=3,Good,0.3789660196465582,490
Tin=Normal AND Tout=Normal AND Hin=Normal AND Hout=Normal AND L=Normal AND Solar=Normal AND CO2=Normal AND Wind=Medium AND N=Low AND E=Normal AND W=0,Acceptable,0.3774038113443705,491
Tin=Normal AND Tout=Normal AND Hin=Normal AND Hout=Normal AND L=Normal AND Solar=Normal AND CO2=High AND Wind=Medium AND N=Low AND E=Normal AND W=3,Good,0.4424638198095538,492
Tin=Normal AND Tout=Normal AND Hin=Normal AND Hout=Normal AND L=Normal AND Solar=Normal AND CO2=High AND Wind=High AND N=Normal AND E=Normal AND W=3,Good,0.3854222819730672,493
Tin=Normal AND Tout=Normal AND Hin=Normal AND Hout=Normal AND L=Low AND Solar=Normal AND CO2=Normal AND Wind=Medium AND N=Low AND E=Low AND W=3,Good,0.3700953047193209,494
Tin=Normal AND Tout=Cold AND Hin=Normal AND Hout=Normal AND L=Normal AND Solar=Normal AND CO2=Low AND Wind=Low AND N=Normal AND E=Normal AND W=0,Acceptable,0.3407181450588698,495
Tin=Normal AND Tout=Normal AND Hin=Dry AND Hout=Normal AND L=Normal AND Solar=Low AND CO2=Normal AND Wind=High AND N=Low AND E=Normal AND W=0,Acceptable,0.4207108246285679,496
Tin=Normal AND Tout=Normal AND Hin=Normal AND Hout=Dry AND L=Normal AND Solar=Low AND CO2=Normal AND Wind=Low AND N=High AND E=Normal AND W=0,Acceptable,0.4379928750275645,497
Tin=Normal AND Tout=Hot AND Hin=Normal AND Hout=Normal AND L=Low AND Solar=Normal AND CO2=Normal AND Wind=Medium AND N=Normal AND E=Normal AND W=3,Good,0.5513610011704383,498
Tin=Normal AND Tout=Hot AND Hin=Normal AND Hout=Normal AND L=Normal AND Solar=Normal AND CO2=Normal AND Wind=Medium AND N=High AND E=Normal AND W=0,Acceptable,0.345711893870199,499
Tin=Cold AND Tout=Normal AND Hin=Normal AND Hout=Normal AND L=Normal AND Solar=Low AND CO2=Normal AND Wind=Medium AND N=Low AND E=Normal AND W=1,Poor,0.3675139944879313,500
Tin=Normal AND Tout=Normal AND Hin=Normal AND Hout=Normal AND L=Normal AND Solar=Normal AND CO2=Normal AND Wind=Medium AND N=High AND E=Normal AND W=3,Good,0.645674513315935,501
Tin=Normal AND Tout=Normal AND Hin=Normal AND Hout=Wet AND L=Normal AND Solar=Low AND CO2=Low AND Wind=Medium AND N=Normal AND E=Normal AND W=1,Acceptable,0.3579240948071293,502
Tin=Normal AND Tout=Normal AND Hin=Dry AND Hout=Dry AND L=Low AND Solar=High AND CO2=Normal AND Wind=High AND N=Normal AND E=Low AND W=3,Acceptable,0.3400694932862207,503
Tin=Normal AND Tout=Normal AND Hin=Normal AND Hout=Normal AND L=Normal AND Solar=Low AND CO2=High AND Wind=Medium AND N=High AND E=Normal AND W=1,Poor,0.3720556362978197,504
Tin=Hot AND Tout=Normal AND Hin=Normal AND Hout=Normal AND L=Low AND Solar=Normal AND CO2=Normal AND Wind=Medium AND N=Normal AND E=Low AND W=3,Acceptable,0.4057539969658134,505
Tin=Cold AND Tout=Normal AND Hin=Dry AND Hout=Dry AND L=High AND Solar=Low AND CO2=Normal AND Wind=Low AND N=Normal AND E=Normal AND W=0,Poor,0.449814108654158,506
Tin=Normal AND Tout=Normal AND Hin=Normal AND Hout=Normal AND L=Normal AND Solar=Low AND CO2=Normal AND Wind=Medium AND N=Normal AND E=Normal AND W=1,Acceptable,0.4232713741738,507
Tin=Normal AND Tout=Normal AND Hin=Normal AND Hout=Normal AND L=Low AND Solar=Normal AND CO2=Normal AND Wind=Medium AND N=High AND E=Normal AND W=3,Good,0.4219337737218606,508
Tin=Normal AND Tout=Normal AND Hin=Normal AND Hout=Normal AND L=Normal AND Solar=Low AND CO2=Normal AND Wind=Medium AND N=Normal AND E=Normal AND W=0,Acceptable,0.496007838349821,509
Tin=Normal AND Tout=Normal AND Hin=Normal AND Hout=Normal AND L=Normal AND Solar=Normal AND CO2=Normal AND Wind=Medium AND N=Normal AND E=High AND W=3,Acceptable,0.3883766567023222,510
Tin=Normal AND Tout=Normal AND Hin=Normal AND Hout=Normal AND L=Normal AND Solar=Normal AND CO2=Normal AND Wind=Medium AND N=Normal AND E=Normal AND W=0,Acceptable,0.3514788248545992,511
Tin=Normal AND Tout=Normal AND Hin=Normal AND Hout=Normal AND L=Normal AND Solar=Normal AND CO2=Normal AND Wind=Low AND N=Normal AND E=Normal AND W=3,Good,0.3773946360153258,512
Tin=Cold AND Tout=Normal AND Hin=Normal AND Hout=Normal AND L=Low AND Solar=Normal AND CO2=Normal AND Wind=Low AND N=Normal AND E=Low AND W=3,Poor,0.4227221916334387,513
Tin=Normal AND Tout=Normal AND Hin=Normal AND Hout=Normal AND L=Low AND Solar=Normal AND CO2=Low AND Wind=Low AND N=Low AND E=Low AND W=3,Good,0.4166772415344315,514
Tin=Normal AND Tout=Normal AND Hin=Normal AND Hout=Normal AND L=Low AND Solar=Normal AND CO2=Normal AND Wind=Medium AND N=Normal AND E=Normal AND W=3,Good,0.3827050466799405,515
Tin=Normal AND Tout=Normal AND Hin=Normal AND Hout=Normal AND L=Normal AND Solar=Normal AND CO2=Normal AND Wind=Medium AND N=High AND E=Normal AND W=0,Acceptable,0.4030449947486159,516
Tin=Normal AND Tout=Hot AND Hin=Normal AND Hout=Normal AND L=Low AND Solar=High AND CO2=Normal AND Wind=Medium AND N=Normal AND E=Normal AND W=3,Good,0.4063853041896803,517
Tin=Normal AND Tout=Normal AND Hin=Wet AND Hout=Wet AND L=Normal AND Solar=Normal AND CO2=Normal AND Wind=Medium AND N=Normal AND E=Normal AND W=1,Acceptable,0.3773946360153254,518
Tin=Normal AND Tout=Normal AND Hin=Wet AND Hout=Wet AND L=Low AND Solar=Normal AND CO2=Normal AND Wind=Low AND N=Normal AND E=Normal AND W=3,Good,0.4205271022871674,519
Tin=Normal AND Tout=Normal AND Hin=Wet AND Hout=Wet AND L=Normal AND Solar=Normal AND CO2=Normal AND Wind=Medium AND N=High AND E=Normal AND W=1,Acceptable,0.4856903768989287,520
Tin=Normal AND Tout=Normal AND Hin=Normal AND Hout=Wet AND L=Normal AND Solar=Low AND CO2=Low AND Wind=Medium AND N=Low AND E=Normal AND W=1,Acceptable,0.3403606190136969,521
Tin=Normal AND Tout=Normal AND Hin=Wet AND Hout=Normal AND L=Low AND Solar=Normal AND CO2=Normal AND Wind=Medium AND N=Normal AND E=Normal AND W=3,Good,0.3448153292818794,522
Tin=Normal AND Tout=Normal AND Hin=Normal AND Hout=Normal AND L=Low AND Solar=High AND CO2=Low AND Wind=Low AND N=Normal AND E=Normal AND W=3,Good,0.4175457758255952,523
Tin=Normal AND Tout=Normal AND Hin=Normal AND Hout=Normal AND L=Normal AND Solar=Normal AND CO2=Normal AND Wind=Low AND N=Normal AND E=Normal AND W=3,Good,0.3471638043140992,524
Tin=Normal AND Tout=Normal AND Hin=Normal AND Hout=Normal AND L=Normal AND Solar=Low AND CO2=Low AND Wind=Medium AND N=High AND E=Normal AND W=1,Acceptable,0.5429250262794222,525
Tin=Normal AND Tout=Normal AND Hin=Dry AND Hout=Normal AND L=Normal AND Solar=Normal AND CO2=Normal AND Wind=Medium AND N=Low AND E=Low AND W=3,Good,0.3553715119086949,526
Tin=Normal AND Tout=Normal AND Hin=Normal AND Hout=Normal AND L=Normal AND Solar=Low AND CO2=Low AND Wind=Medium AND N=Normal AND E=Normal AND W=2,Poor,0.4673401497929255,527
Tin=Normal AND Tout=Cold AND Hin=Wet AND Hout=Normal AND L=Normal AND Solar=Normal AND CO2=Normal AND Wind=Medium AND N=High AND E=Normal AND W=3,Acceptable,0.4679701210246036,528
Tin=Normal AND Tout=Normal AND Hin=Dry AND Hout=Dry AND L=Normal AND Solar=Normal AND CO2=Normal AND Wind=Medium AND N=Normal AND E=Normal AND W=3,Good,0.3687181202221534,529
Tin=Normal AND Tout=Normal AND Hin=Normal AND Hout=Normal AND L=Normal AND Solar=Normal AND CO2=Normal AND Wind=Medium AND N=Normal AND E=Normal AND W=3,Good,0.3847023299958947,530
Tin=Cold AND Tout=Normal AND Hin=Normal AND Hout=Normal AND L=Normal AND Solar=Low AND CO2=Normal AND Wind=Medium AND N=Normal AND E=Normal AND W=1,Poor,0.4788219562652568,531
Tin=Cold AND Tout=Cold AND Hin=Dry AND Hout=Normal AND L=Normal AND Solar=Normal AND CO2=Normal AND Wind=Medium AND N=Low AND E=Normal AND W=0,Poor,0.3398584500407556,532
Tin=Normal AND Tout=Normal AND Hin=Normal AND Hout=Normal AND L=Low AND Solar=High AND CO2=Normal AND Wind=Medium AND N=High AND E=Normal AND W=3,Good,0.3686816281420574,533
Tin=Cold AND Tout=Normal AND Hin=Normal AND Hout=Normal AND L=Normal AND Solar=High AND CO2=Normal AND Wind=Medium AND N=Normal AND E=Normal AND W=3,Acceptable,0.3558858998514824,534
Tin=Normal AND Tout=Normal AND Hin=Normal AND Hout=Normal AND L=Low AND Solar=Normal AND CO2=Normal AND Wind=Low AND N=High AND E=Normal AND W=0,Acceptable,0.3445858182376007,535
Tin=Normal AND Tout=Normal AND Hin=Wet AND Hout=Wet AND L=Normal AND Solar=Normal AND CO2=Normal AND Wind=Medium AND N=Normal AND E=Normal AND W=0,Acceptable,0.3446142699520619,536
Tin=Hot AND Tout=Normal AND Hin=Normal AND Hout=Normal AND L=Normal AND Solar=Normal AND CO2=Low AND Wind=Medium AND N=Normal AND E=Normal AND W=0,Acceptable,0.3457320517582525,537
Tin=Normal AND Tout=Hot AND Hin=Normal AND Hout=Normal AND L=Low AND Solar=High AND CO2=Normal AND Wind=Medium AND N=Low AND E=Normal AND W=3,Acceptable,0.4163248417602238,538
Tin=Normal AND Tout=Cold AND Hin=Normal AND Hout=Normal AND L=Normal AND Solar=Low AND CO2=Normal AND Wind=Medium AND N=Low AND E=High AND W=1,Poor,0.536572994553427,539
Tin=Normal AND Tout=Normal AND Hin=Dry AND Hout=Dry AND L=Low AND Solar=Normal AND CO2=Normal AND Wind=Medium AND N=Normal AND E=Normal AND W=3,Good,0.3773946360153258,540
Tin=Normal AND Tout=Normal AND Hin=Normal AND Hout=Normal AND L=Normal AND Solar=Normal AND CO2=Normal AND Wind=Medium AND N=Normal AND E=Normal AND W=0,Acceptable,0.3710687367669507,541
Tin=Normal AND Tout=Cold AND Hin=Normal AND Hout=Normal AND L=Normal AND Solar=Normal AND CO2=Normal AND Wind=Medium AND N=High AND E=High AND W=3,Acceptable,0.394059291975498,542
Tin=Normal AND Tout=Normal AND Hin=Normal AND Hout=Dry AND L=Low AND Solar=High AND CO2=Normal AND Wind=Medium AND N=Normal AND E=Normal AND W=3,Good,0.3720977471337379,543
Tin=Normal AND Tout=Cold AND Hin=Normal AND Hout=Normal AND L=Low AND Solar=High AND CO2=Normal AND Wind=Low AND N=Normal AND E=Normal AND W=3,Good,0.3773946360153258,544
Tin=Normal AND Tout=Normal AND Hin=Normal AND Hout=Normal AND L=High AND Solar=Normal AND CO2=Normal AND Wind=Low AND N=Normal AND E=Normal AND W=0,Acceptable,0.3773946360153258,545
Tin=Normal AND Tout=Normal AND Hin=Normal AND Hout=Normal AND L=Normal AND Solar=Normal AND CO2=Normal AND Wind=Medium AND N=Normal AND E=Low AND W=3,Good,0.431476964698155,546
Tin=Normal AND Tout=Hot AND Hin=Normal AND Hout=Normal AND L=Normal AND Solar=Normal AND CO2=Low AND Wind=Medium AND N=Normal AND E=High AND W=0,Acceptable,0.3773946360153254,547
Tin=Normal AND Tout=Normal AND Hin=Normal AND Hout=Normal AND L=Normal AND Solar=Normal AND CO2=High AND Wind=High AND N=High AND E=Normal AND W=3,Good,0.3501135947286451,548
Tin=Normal AND Tout=Normal AND Hin=Normal AND Hout=Normal AND L=Low AND Solar=Normal AND CO2=Normal AND Wind=Low AND N=Low AND E=Low AND W=3,Good,0.4617800855537544,549
Tin=Normal AND Tout=Normal AND Hin=Normal AND Hout=Normal AND L=Normal AND Solar=Low AND CO2=Normal AND Wind=Medium AND N=High AND E=Normal AND W=1,Acceptable,0.5323696517510926,550
Tin=Cold AND Tout=Normal AND Hin=Normal AND Hout=Normal AND L=Normal AND Solar=Low AND CO2=Normal AND Wind=Medium AND N=Normal AND E=Normal AND W=0,Acceptable,0.3729990124214276,551
Tin=Normal AND Tout=Normal AND Hin=Normal AND Hout=Normal AND L=Normal AND Solar=Low AND CO2=Normal AND Wind=Medium AND N=Low AND E=Normal AND W=0,Acceptable,0.3917164300492777,552
Tin=Normal AND Tout=Normal AND Hin=Normal AND Hout=Normal AND L=Normal AND Solar=Low AND CO2=Normal AND Wind=High AND N=Normal AND E=Normal AND W=1,Acceptable,0.5255875764973961,553
Tin=Normal AND Tout=Normal AND Hin=Normal AND Hout=Normal AND L=Normal AND Solar=Normal AND CO2=Normal AND Wind=Medium AND N=Low AND E=Normal AND W=0,Acceptable,0.3948759637223522,554
Tin=Normal AND Tout=Cold AND Hin=Wet AND Hout=Wet AND L=Normal AND Solar=Low AND CO2=Normal AND Wind=Medium AND N=Normal AND E=Normal AND W=1,Acceptable,0.3449277883849789,555
Tin=Normal AND Tout=Normal AND Hin=Normal AND Hout=Normal AND L=Normal AND Solar=Low AND CO2=Normal AND Wind=High AND N=Low AND E=Normal AND W=1,Poor,0.3369964435443098,556
Tin=Normal AND Tout=Normal AND Hin=Normal AND Hout=Dry AND L=Low AND Solar=Normal AND CO2=Normal AND Wind=Low AND N=Low AND E=Normal AND W=3,Acceptable,0.3662993091195953,557
Tin=Normal AND Tout=Normal AND Hin=Normal AND Hout=Normal AND L=High AND Solar=Low AND CO2=Normal AND Wind=Medium AND N=Normal AND E=High AND W=2,Poor,0.3773946360153258,558
Tin=Normal AND Tout=Normal AND Hin=Dry AND Hout=Dry AND L=Low AND Solar=High AND CO2=Normal AND Wind=Medium AND N=Low AND E=Normal AND W=3,Acceptable,0.3422021230899399,559
Tin=Normal AND Tout=Cold AND Hin=Normal AND Hout=Normal AND L=Normal AND Solar=Normal AND CO2=Normal AND Wind=Medium AND N=Normal AND E=High AND W=0,Acceptable,0.440594663341173,560
Tin=Cold AND Tout=Normal AND Hin=Normal AND Hout=Normal AND L=Normal AND Solar=Normal AND CO2=Normal AND Wind=Medium AND N=Low AND E=Normal AND W=0,Acceptable,0.3758974823864719,561
Tin=Normal AND Tout=Normal AND Hin=Normal AND Hout=Dry AND L=Low AND Solar=Normal AND CO2=Normal AND Wind=Medium AND N=High AND E=Normal AND W=3,Good,0.5418409526246499,562
Tin=Cold AND Tout=Normal AND Hin=Dry AND Hout=Dry AND L=Normal AND Solar=Normal AND CO2=Normal AND Wind=Low AND N=Normal AND E=Normal AND W=3,Acceptable,0.3562649196688218,563
Tin=Normal AND Tout=Normal AND Hin=Normal AND Hout=Normal AND L=Normal AND Solar=Low AND CO2=High AND Wind=Medium AND N=Low AND E=Normal AND W=0,Acceptable,0.3562634631461708,564
Tin=Cold AND Tout=Normal AND Hin=Normal AND Hout=Normal AND L=Normal AND Solar=Normal AND CO2=Normal AND Wind=Medium AND N=Normal AND E=Normal AND W=0,Poor,0.4013524320472924,565
Tin=Normal AND Tout=Hot AND Hin=Normal AND Hout=Normal AND L=Low AND Solar=Normal AND CO2=Normal AND Wind=Medium AND N=Normal AND E=Normal AND W=3,Acceptable,0.4564110483382043,566
Tin=Normal AND Tout=Cold AND Hin=Normal AND Hout=Normal AND L=Normal AND Solar=Normal AND CO2=Normal AND Wind=Medium AND N=Normal AND E=Normal AND W=1,Poor,0.3414620290132505,567
Tin=Cold AND Tout=Normal AND Hin=Wet AND Hout=Wet AND L=Normal AND Solar=Low AND CO2=Normal AND Wind=Low AND N=High AND E=Normal AND W=0,Acceptable,0.4578522394635939,568
Tin=Normal AND Tout=Normal AND Hin=Normal AND Hout=Normal AND L=Normal AND Solar=Normal AND CO2=Normal AND Wind=Low AND N=Low AND E=Low AND W=0,Acceptable,0.4376819464838359,569
Tin=Normal AND Tout=Cold AND Hin=Normal AND Hout=Normal AND L=Low AND Solar=High AND CO2=Normal AND Wind=Low AND N=Normal AND E=High AND W=3,Acceptable,0.4975782691897827,570
Tin=Normal AND Tout=Normal AND Hin=Normal AND Hout=Normal AND L=Normal AND Solar=Normal AND CO2=High AND Wind=Medium AND N=Normal AND E=Normal AND W=0,Acceptable,0.3773946360153258,571
Tin=Normal AND Tout=Hot AND Hin=Normal AND Hout=Normal AND L=Normal AND Solar=Normal AND CO2=Low AND Wind=Low AND N=Normal AND E=Normal AND W=3,Good,0.463302568326467,572
Tin=Normal AND Tout=Normal AND Hin=Normal AND Hout=Normal AND L=High AND Solar=Normal AND CO2=Normal AND Wind=Medium AND N=High AND E=Normal AND W=0,Acceptable,0.4098204422227793,573
Tin=Normal AND Tout=Normal AND Hin=Normal AND Hout=Normal AND L=Normal AND Solar=Normal AND CO2=Normal AND Wind=Medium AND N=Normal AND E=Normal AND W=0,Acceptable,0.448916026767734,574
Tin=Normal AND Tout=Normal AND Hin=Normal AND Hout=Normal AND L=Normal AND Solar=Normal AND CO2=Normal AND Wind=Medium AND N=Low AND E=Low AND W=3,Good,0.355775652617689,575
Tin=Normal AND Tout=Normal AND Hin=Normal AND Hout=Normal AND L=Normal AND Solar=Normal AND CO2=Normal AND Wind=Low AND N=High AND E=Normal AND W=0,Acceptable,0.3429459363257906,576
Tin=Normal AND Tout=Normal AND Hin=Wet AND Hout=Wet AND L=Normal AND Solar=Normal AND CO2=High AND Wind=Medium AND N=Normal AND E=Normal AND W=1,Poor,0.3773946360153258,577
Tin=Normal AND Tout=Normal AND Hin=Dry AND Hout=Dry AND L=Normal AND Solar=Normal AND CO2=Normal AND Wind=Medium AND N=Low AND E=Normal AND W=3,Acceptable,0.3489063691427283,578
Tin=Normal AND Tout=Hot AND Hin=Wet AND Hout=Wet AND L=Low AND Solar=Normal AND CO2=Normal AND Wind=Medium AND N=High AND E=High AND W=3,Acceptable,0.3645635157819661,579
Tin=Normal AND Tout=Normal AND Hin=Normal AND Hout=Normal AND L=Normal AND Solar=Normal AND CO2=Normal AND Wind=Low AND N=High AND E=Normal AND W=3,Good,0.4100760565592582,580
Tin=Normal AND Tout=Cold AND Hin=Normal AND Hout=Normal AND L=Normal AND Solar=Low AND CO2=Normal AND Wind=Medium AND N=High AND E=High AND W=2,Poor,0.354434013844141,581
Tin=Normal AND Tout=Normal AND Hin=Normal AND Hout=Normal AND L=Low AND Solar=Normal AND CO2=Normal AND Wind=Medium AND N=Low AND E=Normal AND W=3,Good,0.4070536584239858,582
Tin=Normal AND Tout=Normal AND Hin=Normal AND Hout=Normal AND L=Normal AND Solar=Normal AND CO2=Low AND Wind=Medium AND N=Normal AND E=Normal AND W=0,Acceptable,0.3773946360153258,583
Tin=Normal AND Tout=Cold AND Hin=Normal AND Hout=Normal AND L=Normal AND Solar=Normal AND CO2=High AND Wind=Medium AND N=Normal AND E=High AND W=3,Acceptable,0.400882665541265,584
Tin=Normal AND Tout=Normal AND Hin=Normal AND Hout=Normal AND L=Normal AND Solar=Normal AND CO2=Normal AND Wind=Low AND N=Normal AND E=Normal AND W=3,Good,0.4238031485734898,585
Tin=Normal AND Tout=Cold AND Hin=Normal AND Hout=Normal AND L=Normal AND Solar=Normal AND CO2=Normal AND Wind=Low AND N=Normal AND E=High AND W=0,Acceptable,0.5153483668896927,586
Tin=Normal AND Tout=Normal AND Hin=Wet AND Hout=Wet AND L=Normal AND Solar=Low AND CO2=Normal AND Wind=Medium AND N=High AND E=Normal AND W=1,Acceptable,0.3860750735659124,587
Tin=Normal AND Tout=Normal AND Hin=Normal AND Hout=Wet AND L=Low AND Solar=High AND CO2=Normal AND Wind=Low AND N=Low AND E=Low AND W=3,Good,0.3347980489861013,588
Tin=Normal AND Tout=Normal AND Hin=Normal AND Hout=Normal AND L=Normal AND Solar=Normal AND CO2=Normal AND Wind=Medium AND N=High AND E=Normal AND W=0,Acceptable,0.3483090414328351,589
Tin=Normal AND Tout=Normal AND Hin=Normal AND Hout=Normal AND L=Normal AND Solar=Low AND CO2=Normal AND Wind=High AND N=Normal AND E=Normal AND W=2,Acceptable,0.4747901107266928,590
Tin=Hot AND Tout=Normal AND Hin=Normal AND Hout=Normal AND L=Normal AND Solar=High AND CO2=Normal AND Wind=Medium AND N=Normal AND E=Normal AND W=3,Acceptable,0.3970220141125652,591
Tin=Normal AND Tout=Normal AND Hin=Normal AND Hout=Normal AND L=Normal AND Solar=Normal AND CO2=Normal AND Wind=Medium AND N=Normal AND E=Normal AND W=0,Acceptable,0.4353938559272376,592
Tin=Cold AND Tout=Normal AND Hin=Dry AND Hout=Dry AND L=Low AND Solar=Normal AND CO2=Normal AND Wind=Medium AND N=Normal AND E=Normal AND W=3,Poor,0.4731800766283526,593
Tin=Normal AND Tout=Cold AND Hin=Normal AND Hout=Normal AND L=Normal AND Solar=Low AND CO2=Normal AND Wind=Medium AND N=High AND E=High AND W=0,Acceptable,0.3575030741868175,594
Tin=Normal AND Tout=Normal AND Hin=Normal AND Hout=Normal AND L=Normal AND Solar=Normal AND CO2=Low AND Wind=Low AND N=Low AND E=Normal AND W=3,Good,0.3512677399107014,595
Tin=Hot AND Tout=Normal AND Hin=Normal AND Hout=Normal AND L=Normal AND Solar=Low AND CO2=Normal AND Wind=Medium AND N=High AND E=Normal AND W=1,Poor,0.3392463677492686,596
Tin=Normal AND Tout=Normal AND Hin=Normal AND Hout=Normal AND L=Normal AND Solar=Normal AND CO2=High AND Wind=Medium AND N=Low AND E=Normal AND W=3,Acceptable,0.3801472119156378,597
Tin=Normal AND Tout=Normal AND Hin=Normal AND Hout=Normal AND L=Normal AND Solar=Low AND CO2=Normal AND Wind=Medium AND N=Low AND E=Normal AND W=0,Acceptable,0.4055595554094549,598
Tin=Normal AND Tout=Normal AND Hin=Normal AND Hout=Normal AND L=Normal AND Solar=Low AND CO2=Normal AND Wind=Medium AND N=Low AND E=Normal AND W=1,Acceptable,0.3538390546178851,599
Tin=Normal AND Tout=Normal AND Hin=Normal AND Hout=Normal AND L=Normal AND Solar=Normal AND CO2=Normal AND Wind=Medium AND N=Normal AND E=Normal AND W=3,Good,0.3411820865149897,600
Tin=Normal AND Tout=Normal AND Hin=Wet AND Hout=Wet AND L=Normal AND Solar=Low AND CO2=Normal AND Wind=High AND N=Normal AND E=Normal AND W=1,Acceptable,0.3483424867793267,601
Tin=Normal AND Tout=Normal AND Hin=Normal AND Hout=Normal AND L=Normal AND Solar=Normal AND CO2=Normal AND Wind=Low AND N=Low AND E=Low AND W=3,Good,0.5541417530597577,602
Tin=Hot AND Tout=Normal AND Hin=Normal AND Hout=Normal AND L=Normal AND Solar=Normal AND CO2=Normal AND Wind=Medium AND N=Normal AND E=Normal AND W=0,Acceptable,0.3956182943360641,603
Tin=Normal AND Tout=Normal AND Hin=Normal AND Hout=Normal AND L=Normal AND Solar=Normal AND CO2=Normal AND Wind=Medium AND N=Low AND E=Normal AND W=3,Good,0.3606480573859145,604
Tin=Normal AND Tout=Normal AND Hin=Normal AND Hout=Normal AND L=Normal AND Solar=Normal AND CO2=Normal AND Wind=Medium AND N=Normal AND E=Normal AND W=0,Acceptable,0.3773144991463204,605
Tin=Normal AND Tout=Normal AND Hin=Normal AND Hout=Normal AND L=Low AND Solar=Normal AND CO2=Normal AND Wind=Medium AND N=High AND E=Normal AND W=3,Good,0.3415837278337574,606
Tin=Normal AND Tout=Normal AND Hin=Wet AND Hout=Normal AND L=Normal AND Solar=Low AND CO2=Normal AND Wind=Medium AND N=High AND E=Normal AND W=1,Acceptable,0.4434568788863275,607
Tin=Normal AND Tout=Normal AND Hin=Normal AND Hout=Normal AND L=Normal AND Solar=Low AND CO2=Normal AND Wind=High AND N=Normal AND E=Low AND W=1,Acceptable,0.4089818825137667,608
Tin=Normal AND Tout=Normal AND Hin=Normal AND Hout=Normal AND L=Normal AND Solar=Normal AND CO2=Normal AND Wind=Medium AND N=Low AND E=Normal AND W=0,Good,0.3507777885054626,609
Tin=Normal AND Tout=Normal AND Hin=Normal AND Hout=Wet AND L=Normal AND Solar=Low AND CO2=Normal AND Wind=High AND N=Low AND E=Normal AND W=2,Poor,0.3521489825614237,610
Tin=Normal AND Tout=Normal AND Hin=Normal AND Hout=Normal AND L=Low AND Solar=Normal AND CO2=Normal AND Wind=Medium AND N=Normal AND E=Low AND W=3,Good,0.414616877270726,611
Tin=Normal AND Tout=Normal AND Hin=Normal AND Hout=Normal AND L=Normal AND Solar=Normal AND CO2=Normal AND Wind=Medium AND N=High AND E=Normal AND W=0,Acceptable,0.4138888758989699,612
Tin=Normal AND Tout=Normal AND Hin=Normal AND Hout=Normal AND L=Normal AND Solar=Normal AND CO2=Low AND Wind=Medium AND N=Normal AND E=Normal AND W=0,Acceptable,0.3495269812315078,613
Tin=Normal AND Tout=Normal AND Hin=Normal AND Hout=Normal AND L=Normal AND Solar=Normal AND CO2=Normal AND Wind=Medium AND N=High AND E=Normal AND W=0,Acceptable,0.3971905504732236,614
Tin=Hot AND Tout=Normal AND Hin=Normal AND Hout=Normal AND L=Low AND Solar=High AND CO2=Low AND Wind=Medium AND N=Normal AND E=Normal AND W=3,Acceptable,0.5165307353060704,615
Tin=Normal AND Tout=Normal AND Hin=Normal AND Hout=Normal AND L=High AND Solar=Low AND CO2=Normal AND Wind=High AND N=High AND E=Normal AND W=2,Poor,0.3396112273198253,616
Tin=Hot AND Tout=Normal AND Hin=Normal AND Hout=Normal AND L=Normal AND Solar=Normal AND CO2=Normal AND Wind=Low AND N=Low AND E=High AND W=0,Poor,0.3829105584255267,617
Tin=Hot AND Tout=Normal AND Hin=Normal AND Hout=Normal AND L=Normal AND Solar=Normal AND CO2=Normal AND Wind=Low AND N=Normal AND E=Normal AND W=3,Acceptable,0.3773946360153254,618
Tin=Normal AND Tout=Normal AND Hin=Dry AND Hout=Dry AND L=Low AND Solar=Normal AND CO2=Normal AND Wind=Medium AND N=Low AND E=Low AND W=3,Good,0.4516830216828993,619
Tin=Normal AND Tout=Normal AND Hin=Normal AND Hout=Normal AND L=Low AND Solar=Normal AND CO2=High AND Wind=Medium AND N=Normal AND E=Normal AND W=3,Acceptable,0.3911726840002372,620
Tin=Normal AND Tout=Hot AND Hin=Normal AND Hout=Normal AND L=Normal AND Solar=High AND CO2=Normal AND Wind=Medium AND N=Normal AND E=High AND W=3,Acceptable,0.36613958415106,621
Tin=Normal AND Tout=Normal AND Hin=Normal AND Hout=Normal AND L=Low AND Solar=High AND CO2=Normal AND Wind=Medium AND N=Normal AND E=Normal AND W=3,Good,0.3341493986644149,622
Tin=Normal AND Tout=Normal AND Hin=Normal AND Hout=Normal AND L=Low AND Solar=Normal AND CO2=Normal AND Wind=Medium AND N=Normal AND E=Normal AND W=3,Good,0.3411981339967018,623
Tin=Normal AND Tout=Normal AND Hin=Normal AND Hout=Normal AND L=Normal AND Solar=Normal AND CO2=Normal AND Wind=Low AND N=Low AND E=Normal AND W=3,Good,0.3891461524994359,624
Tin=Hot AND Tout=Normal AND Hin=Normal AND Hout=Normal AND L=Normal AND Solar=Normal AND CO2=High AND Wind=Medium AND N=High AND E=Normal AND W=3,Good,0.4298128607171422,625
Tin=Normal AND Tout=Hot AND Hin=Normal AND Hout=Normal AND L=Normal AND Solar=Normal AND CO2=Normal AND Wind=Medium AND N=Normal AND E=High AND W=0,Acceptable,0.3773946360153254,626
Tin=Normal AND Tout=Normal AND Hin=Normal AND Hout=Normal AND L=Normal AND Solar=Low AND CO2=Normal AND Wind=Medium AND N=Low AND E=Low AND W=1,Acceptable,0.4959289018777162,627
Tin=Normal AND Tout=Cold AND Hin=Normal AND Hout=Wet AND L=Low AND Solar=High AND CO2=Normal AND Wind=Medium AND N=Normal AND E=Normal AND W=3,Good,0.4664033284704978,628
Tin=Normal AND Tout=Cold AND Hin=Normal AND Hout=Normal AND L=High AND Solar=Normal AND CO2=Normal AND Wind=Medium AND N=High AND E=Normal AND W=0,Acceptable,0.3906723488730569,629
Tin=Normal AND Tout=Normal AND Hin=Normal AND Hout=Normal AND L=Normal AND Solar=Normal AND CO2=Normal AND Wind=Medium AND N=Low AND E=Normal AND W=3,Good,0.3937493101601054,630
Tin=Cold AND Tout=Normal AND Hin=Normal AND Hout=Normal AND L=Low AND Solar=Normal AND CO2=Normal AND Wind=Medium AND N=High AND E=Normal AND W=0,Acceptable,0.4009397375116383,631
Tin=Normal AND Tout=Normal AND Hin=Normal AND Hout=Normal AND L=Normal AND Solar=Normal AND CO2=Normal AND Wind=Medium AND N=Low AND E=Normal AND W=0,Acceptable,0.3570313349699479,632
Tin=Normal AND Tout=Normal AND Hin=Normal AND Hout=Normal AND L=Normal AND Solar=Normal AND CO2=Normal AND Wind=Low AND N=Normal AND E=Normal AND W=0,Acceptable,0.4512994840377942,633
Tin=Cold AND Tout=Normal AND Hin=Normal AND Hout=Normal AND L=Normal AND Solar=Low AND CO2=Normal AND Wind=High AND N=Normal AND E=Normal AND W=2,Poor,0.5167404860432353,634
Tin=Normal AND Tout=Normal AND Hin=Normal AND Hout=Normal AND L=Low AND Solar=Normal AND CO2=Normal AND Wind=Low AND N=Low AND E=Normal AND W=0,Acceptable,0.3705493562891648,635
Tin=Normal AND Tout=Cold AND Hin=Normal AND Hout=Normal AND L=Normal AND Solar=Normal AND CO2=Normal AND Wind=Medium AND N=Low AND E=Normal AND W=3,Good,0.3474899145225734,636
Tin=Normal AND Tout=Normal AND Hin=Normal AND Hout=Normal AND L=Normal AND Solar=Low AND CO2=Normal AND Wind=Low AND N=Low AND E=Normal AND W=0,Acceptable,0.4136549429037702,637
Tin=Normal AND Tout=Normal AND Hin=Normal AND Hout=Dry AND L=Normal AND Solar=High AND CO2=High AND Wind=Medium AND N=High AND E=Normal AND W=3,Good,0.3591672868718011,638
Tin=Normal AND Tout=Normal AND Hin=Normal AND Hout=Normal AND L=Low AND Solar=High AND CO2=Normal AND Wind=Low AND N=Normal AND E=Low AND W=3,Good,0.4314635693037039,639
Tin=Cold AND Tout=Normal AND Hin=Normal AND Hout=Normal AND L=Normal AND Solar=Normal AND CO2=Normal AND Wind=Medium AND N=Low AND E=Normal AND W=3,Acceptable,0.3754159058595264,640
Tin=Normal AND Tout=Normal AND Hin=Normal AND Hout=Normal AND L=Normal AND Solar=Low AND CO2=Normal AND Wind=Medium AND N=High AND E=Normal AND W=1,Acceptable,0.4323990945721043,641
Tin=Normal AND Tout=Normal AND Hin=Wet AND Hout=Wet AND L=Normal AND Solar=Low AND CO2=Normal AND Wind=High AND N=Low AND E=Normal AND W=2,Poor,0.3724363685885146,642
Tin=Normal AND Tout=Normal AND Hin=Wet AND Hout=Wet AND L=Normal AND Solar=Low AND CO2=Normal AND Wind=Low AND N=Normal AND E=Normal AND W=3,Acceptable,0.3457791121615602,643
Tin=Normal AND Tout=Normal AND Hin=Normal AND Hout=Normal AND L=Normal AND Solar=Normal AND CO2=Normal AND Wind=Low AND N=Normal AND E=Normal AND W=0,Acceptable,0.4142084347702339,644
Tin=Normal AND Tout=Cold AND Hin=Normal AND Hout=Normal AND L=Low AND Solar=High AND CO2=Normal AND Wind=Medium AND N=High AND E=Normal AND W=3,Good,0.3452783937331085,645
Tin=Normal AND Tout=Normal AND Hin=Wet AND Hout=Normal AND L=Normal AND Solar=Normal AND CO2=Normal AND Wind=Medium AND N=High AND E=Normal AND W=1,Acceptable,0.4279440752012993,646
Tin=Normal AND Tout=Normal AND Hin=Normal AND Hout=Normal AND L=Normal AND Solar=Low AND CO2=Normal AND Wind=Medium AND N=Low AND E=Normal AND W=0,Good,0.4496028951967608,647
Tin=Cold AND Tout=Normal AND Hin=Normal AND Hout=Wet AND L=Normal AND Solar=Low AND CO2=Normal AND Wind=Medium AND N=Normal AND E=Normal AND W=1,Poor,0.3515023936856455,648
Tin=Normal AND Tout=Hot AND Hin=Normal AND Hout=Normal AND L=Low AND Solar=Normal AND CO2=Normal AND Wind=Medium AND N=Normal AND E=Normal AND W=3,Acceptable,0.3538495526053655,649
Tin=Cold AND Tout=Cold AND Hin=Dry AND Hout=Normal AND L=Normal AND Solar=Low AND CO2=Normal AND Wind=Medium AND N=Normal AND E=High AND W=1,Poor,0.3471002686724181,650
Tin=Normal AND Tout=Normal AND Hin=Wet AND Hout=Wet AND L=Normal AND Solar=Low AND CO2=Normal AND Wind=Medium AND N=High AND E=Normal AND W=0,Acceptable,0.3564955957541391,651
Tin=Hot AND Tout=Normal AND Hin=Normal AND Hout=Dry AND L=Low AND Solar=Normal AND CO2=Normal AND Wind=Low AND N=Normal AND E=High AND W=3,Poor,0.3463808358310896,652
Tin=Normal AND Tout=Normal AND Hin=Wet AND Hout=Normal AND L=Normal AND Solar=Normal AND CO2=Normal AND Wind=Medium AND N=Normal AND E=Normal AND W=0,Acceptable,0.3514807907120494,653
Tin=Normal AND Tout=Hot AND Hin=Normal AND Hout=Normal AND L=Normal AND Solar=Normal AND CO2=Normal AND Wind=Medium AND N=Normal AND E=Normal AND W=0,Acceptable,0.4507166811545824,654
Tin=Hot AND Tout=Normal AND Hin=Normal AND Hout=Normal AND L=Normal AND Solar=Normal AND CO2=Low AND Wind=Low AND N=Normal AND E=Normal AND W=3,Acceptable,0.4748214501698112,655
Tin=Normal AND Tout=Cold AND Hin=Normal AND Hout=Normal AND L=Low AND Solar=High AND CO2=Normal AND Wind=Low AND N=Normal AND E=High AND W=3,Acceptable,0.3654397793687802,656
Tin=Normal AND Tout=Hot AND Hin=Normal AND Hout=Normal AND L=Low AND Solar=Normal AND CO2=Normal AND Wind=Low AND N=Low AND E=Normal AND W=3,Good,0.380954853754907,657
Tin=Normal AND Tout=Normal AND Hin=Normal AND Hout=Wet AND L=High AND Solar=Low AND CO2=Normal AND Wind=High AND N=Normal AND E=Normal AND W=1,Acceptable,0.4284001632853702,658
Tin=Normal AND Tout=Normal AND Hin=Normal AND Hout=Wet AND L=Normal AND Solar=Low AND CO2=Normal AND Wind=High AND N=Normal AND E=Normal AND W=1,Acceptable,0.3333776802529576,659
Tin=Normal AND Tout=Normal AND Hin=Normal AND Hout=Dry AND L=Normal AND Solar=Normal AND CO2=High AND Wind=Medium AND N=Normal AND E=Normal AND W=3,Good,0.4226174281129535,660
Tin=Cold AND Tout=Normal AND Hin=Normal AND Hout=Normal AND L=Low AND Solar=Normal AND CO2=Normal AND Wind=Low AND N=Normal AND E=Normal AND W=0,Acceptable,0.3797699130018898,661
Tin=Normal AND Tout=Hot AND Hin=Normal AND Hout=Normal AND L=Normal AND Solar=Normal AND CO2=Normal AND Wind=Low AND N=Low AND E=Normal AND W=0,Acceptable,0.3339336468910139,662
Tin=Normal AND Tout=Normal AND Hin=Normal AND Hout=Normal AND L=Normal AND Solar=Normal AND CO2=Normal AND Wind=Medium AND N=Normal AND E=Normal AND W=3,Acceptable,0.3652825267506284,663
Tin=Normal AND Tout=Normal AND Hin=Normal AND Hout=Dry AND L=Low AND Solar=High AND CO2=Normal AND Wind=Medium AND N=Normal AND E=Low AND W=3,Good,0.3773946360153258,664
Tin=Normal AND Tout=Normal AND Hin=Normal AND Hout=Wet AND L=Low AND Solar=High AND CO2=Normal AND Wind=Low AND N=Normal AND E=Normal AND W=3,Good,0.395188501851962,665
Tin=Cold AND Tout=Normal AND Hin=Normal AND Hout=Normal AND L=Normal AND Solar=Normal AND CO2=Normal AND Wind=Medium AND N=Normal AND E=Normal AND W=3,Acceptable,0.5480086674398579,666
Tin=Normal AND Tout=Normal AND Hin=Normal AND Hout=Normal AND L=Normal AND Solar=Low AND CO2=Normal AND Wind=Medium AND N=High AND E=Normal AND W=0,Acceptable,0.4072136783115245,667
Tin=Normal AND Tout=Normal AND Hin=Normal AND Hout=Normal AND L=Normal AND Solar=Low AND CO2=Normal AND Wind=Medium AND N=Low AND E=Normal AND W=0,Acceptable,0.3449217735656461,668
Tin=Cold AND Tout=Normal AND Hin=Normal AND Hout=Normal AND L=Normal AND Solar=Normal AND CO2=High AND Wind=Medium AND N=Low AND E=Normal AND W=0,Acceptable,0.3430811978590424,669
Tin=Normal AND Tout=Normal AND Hin=Normal AND Hout=Wet AND L=Normal AND Solar=Normal AND CO2=Normal AND Wind=Medium AND N=Normal AND E=Normal AND W=1,Acceptable,0.3773946360153258,670
Tin=Normal AND Tout=Normal AND Hin=Normal AND Hout=Normal AND L=Low AND Solar=Normal AND CO2=Normal AND Wind=Medium AND N=Low AND E=Normal AND W=0,Acceptable,0.3395198893149809,671
Tin=Normal AND Tout=Normal AND Hin=Normal AND Hout=Normal AND L=Normal AND Solar=Normal AND CO2=High AND Wind=Low AND N=High AND E=Normal AND W=3,Acceptable,0.4187310940572259,672
Tin=Normal AND Tout=Normal AND Hin=Normal AND Hout=Normal AND L=Normal AND Solar=Normal AND CO2=Normal AND Wind=Low AND N=Normal AND E=Normal AND W=3,Good,0.4127662270192859,673
Tin=Normal AND Tout=Cold AND Hin=Normal AND Hout=Dry AND L=Low AND Solar=High AND CO2=Normal AND Wind=Medium AND N=Normal AND E=High AND W=3,Acceptable,0.3748391371117122,674
Tin=Normal AND Tout=Hot AND Hin=Wet AND Hout=Normal AND L=Low AND Solar=High AND CO2=Normal AND Wind=Medium AND N=High AND E=Normal AND W=3,Good,0.345865836422799,675
Tin=Normal AND Tout=Normal AND Hin=Normal AND Hout=Normal AND L=Normal AND Solar=Normal AND CO2=Normal AND Wind=Medium AND N=High AND E=Normal AND W=3,Good,0.4194074158584477,676
Tin=Normal AND Tout=Normal AND Hin=Normal AND Hout=Normal AND L=Low AND Solar=Normal AND CO2=Normal AND Wind=Low AND N=High AND E=Normal AND W=3,Good,0.4355893517252122,677
Tin=Normal AND Tout=Normal AND Hin=Normal AND Hout=Normal AND L=Low AND Solar=High AND CO2=Normal AND Wind=Medium AND N=Normal AND E=Normal AND W=3,Good,0.4731800766283523,678
Tin=Normal AND Tout=Normal AND Hin=Wet AND Hout=Normal AND L=Normal AND Solar=Normal AND CO2=Normal AND Wind=Medium AND N=High AND E=Normal AND W=0,Acceptable,0.3429642718183155,679
Tin=Cold AND Tout=Normal AND Hin=Normal AND Hout=Normal AND L=Normal AND Solar=Normal AND CO2=Normal AND Wind=Medium AND N=Normal AND E=Normal AND W=3,Acceptable,0.4222032680121088,680
Tin=Normal AND Tout=Normal AND Hin=Normal AND Hout=Normal AND L=Normal AND Solar=Normal AND CO2=Normal AND Wind=Medium AND N=Normal AND E=Normal AND W=3,Good,0.5225526278530317,681
Tin=Normal AND Tout=Normal AND Hin=Dry AND Hout=Normal AND L=Low AND Solar=Normal AND CO2=High AND Wind=Low AND N=Low AND E=Low AND W=3,Acceptable,0.3388151943526495,682
Tin=Normal AND Tout=Normal AND Hin=Normal AND Hout=Normal AND L=Normal AND Solar=Normal AND CO2=Normal AND Wind=Low AND N=Normal AND E=Normal AND W=0,Acceptable,0.424145193520596,683
Tin=Hot AND Tout=Normal AND Hin=Wet AND Hout=Wet AND L=High AND Solar=Low AND CO2=Normal AND Wind=High AND N=Low AND E=High AND W=2,Poor,0.4062946700934182,684
Tin=Normal AND Tout=Normal AND Hin=Normal AND Hout=Normal AND L=Normal AND Solar=Normal AND CO2=Normal AND Wind=Medium AND N=High AND E=Normal AND W=3,Good,0.3916481564695114,685
Tin=Normal AND Tout=Normal AND Hin=Normal AND Hout=Normal AND L=Normal AND Solar=Normal AND CO2=Low AND Wind=Medium AND N=Normal AND E=Normal AND W=3,Acceptable,0.3343541169337152,686
Tin=Normal AND Tout=Normal AND Hin=Normal AND Hout=Normal AND L=Low AND Solar=High AND CO2=Normal AND Wind=Medium AND N=Normal AND E=Low AND W=3,Acceptable,0.3834071497434936,687
Tin=Normal AND Tout=Normal AND Hin=Normal AND Hout=Normal AND L=Low AND Solar=High AND CO2=Normal AND Wind=Medium AND N=Normal AND E=Normal AND W=3,Good,0.4191692013661127,688
Tin=Normal AND Tout=Normal AND Hin=Normal AND Hout=Wet AND L=Normal AND Solar=Normal AND CO2=Normal AND Wind=Medium AND N=Normal AND E=Normal AND W=1,Acceptable,0.4271069659116438,689
Tin=Cold AND Tout=Cold AND Hin=Normal AND Hout=Normal AND L=Normal AND Solar=Normal AND CO2=Normal AND Wind=Medium AND N=Low AND E=Normal AND W=3,Acceptable,0.4135492769181966,690
Tin=Normal AND Tout=Normal AND Hin=Normal AND Hout=Normal AND L=Low AND Solar=High AND CO2=Normal AND Wind=Medium AND N=Normal AND E=Normal AND W=3,Good,0.4900558464089206,691
Tin=Normal AND Tout=Normal AND Hin=Wet AND Hout=Wet AND L=Normal AND Solar=Normal AND CO2=Normal AND Wind=Medium AND N=High AND E=Normal AND W=0,Acceptable,0.4367816091954026,692
Tin=Normal AND Tout=Normal AND Hin=Dry AND Hout=Normal AND L=Normal AND Solar=Normal AND CO2=Normal AND Wind=Medium AND N=Low AND E=Normal AND W=0,Acceptable,0.3612703177918768,693
Tin=Hot AND Tout=Normal AND Hin=Normal AND Hout=Normal AND L=Normal AND Solar=Normal AND CO2=Normal AND Wind=Medium AND N=High AND E=Normal AND W=3,Acceptable,0.3615397244924657,694
Tin=Normal AND Tout=Normal AND Hin=Wet AND Hout=Wet AND L=Normal AND Solar=Normal AND CO2=Normal AND Wind=Low AND N=High AND E=Normal AND W=0,Acceptable,0.4136223289276016,695
Tin=Normal AND Tout=Normal AND Hin=Normal AND Hout=Normal AND L=Normal AND Solar=Normal AND CO2=Normal AND Wind=Medium AND N=Normal AND E=Normal AND W=3,Good,0.3773946360153254,696
Tin=Normal AND Tout=Hot AND Hin=Normal AND Hout=Normal AND L=Normal AND Solar=Low AND CO2=Normal AND Wind=Medium AND N=High AND E=Normal AND W=0,Acceptable,0.5881565891944147,697
Tin=Normal AND Tout=Normal AND Hin=Dry AND Hout=Dry AND L=Low AND Solar=Normal AND CO2=Normal AND Wind=Medium AND N=Low AND E=Normal AND W=3,Acceptable,0.4615692200147027,698
Tin=Hot AND Tout=Normal AND Hin=Normal AND Hout=Normal AND L=Normal AND Solar=Normal AND CO2=Normal AND Wind=Medium AND N=Normal AND E=Normal AND W=3,Good,0.362788081884782,699
Tin=Normal AND Tout=Hot AND Hin=Normal AND Hout=Normal AND L=Low AND Solar=Normal AND CO2=Normal AND Wind=Medium AND N=Low AND E=Normal AND W=3,Good,0.512384419028719,700
Tin=Normal AND Tout=Normal AND Hin=Wet AND Hout=Wet AND L=Normal AND Solar=Low AND CO2=Normal AND Wind=Medium AND N=High AND E=Normal AND W=1,Acceptable,0.6256918366747184,701
Tin=Normal AND Tout=Cold AND Hin=Normal AND Hout=Normal AND L=Normal AND Solar=Low AND CO2=Normal AND Wind=Medium AND N=Low AND E=High AND W=1,Poor,0.3503546066680482,702
Tin=Normal AND Tout=Normal AND Hin=Normal AND Hout=Normal AND L=Normal AND Solar=Normal AND CO2=Normal AND Wind=Low AND N=Normal AND E=Normal AND W=0,Acceptable,0.4364181947842693,703
Tin=Normal AND Tout=Hot AND Hin=Normal AND Hout=Normal AND L=Normal AND Solar=Normal AND CO2=Normal AND Wind=Low AND N=Normal AND E=Normal AND W=3,Acceptable,0.3630162105740369,704
Tin=Normal AND Tout=Normal AND Hin=Normal AND Hout=Normal AND L=Normal AND Solar=Normal AND CO2=Normal AND Wind=Medium AND N=High AND E=Normal AND W=0,Good,0.4448629473193073,705
Tin=Normal AND Tout=Normal AND Hin=Normal AND Hout=Normal AND L=Normal AND Solar=Normal AND CO2=Normal AND Wind=Medium AND N=High AND E=Normal AND W=0,Acceptable,0.473990499813141,706
Tin=Normal AND Tout=Normal AND Hin=Normal AND Hout=Wet AND L=Normal AND Solar=Low AND CO2=Normal AND Wind=Medium AND N=High AND E=Normal AND W=2,Poor,0.4149101076706802,707
Tin=Normal AND Tout=Normal AND Hin=Normal AND Hout=Normal AND L=Low AND Solar=High AND CO2=Normal AND Wind=Medium AND N=Normal AND E=Normal AND W=3,Good,0.4135161415268047,708
Tin=Normal AND Tout=Normal AND Hin=Dry AND Hout=Normal AND L=Low AND Solar=Normal AND CO2=Normal AND Wind=Low AND N=Low AND E=Normal AND W=3,Acceptable,0.4664713387128232,709
Tin=Normal AND Tout=Normal AND Hin=Normal AND Hout=Normal AND L=Normal AND Solar=Normal AND CO2=Normal AND Wind=Medium AND N=Normal AND E=Normal AND W=0,Acceptable,0.5283145701159037,710
Tin=Cold AND Tout=Hot AND Hin=Normal AND Hout=Normal AND L=Low AND Solar=Normal AND CO2=Normal AND Wind=Medium AND N=Normal AND E=High AND W=3,Acceptable,0.385548015402834,711
Tin=Normal AND Tout=Normal AND Hin=Normal AND Hout=Normal AND L=Low AND Solar=Normal AND CO2=Normal AND Wind=Low AND N=Normal AND E=Normal AND W=0,Acceptable,0.3521365810346722,712
Tin=Normal AND Tout=Cold AND Hin=Normal AND Hout=Normal AND L=Normal AND Solar=Low AND CO2=Normal AND Wind=Medium AND N=Low AND E=Normal AND W=1,Acceptable,0.3920457339983686,713
Tin=Normal AND Tout=Normal AND Hin=Normal AND Hout=Normal AND L=Low AND Solar=Normal AND CO2=Low AND Wind=Medium AND N=High AND E=Normal AND W=3,Good,0.4821792295016776,714
Tin=Cold AND Tout=Normal AND Hin=Normal AND Hout=Wet AND L=Normal AND Solar=Normal AND CO2=Normal AND Wind=Medium AND N=Normal AND E=Normal AND W=1,Poor,0.3766042497468057,715
Tin=Normal AND Tout=Normal AND Hin=Normal AND Hout=Normal AND L=Normal AND Solar=Low AND CO2=Normal AND Wind=High AND N=Low AND E=Normal AND W=2,Poor,0.3367869798364185,716
Tin=Normal AND Tout=Normal AND Hin=Normal AND Hout=Wet AND L=High AND Solar=Low AND CO2=Normal AND Wind=Medium AND N=Low AND E=Normal AND W=0,Acceptable,0.5475405384335122,717
Tin=Normal AND Tout=Normal AND Hin=Normal AND Hout=Normal AND L=Normal AND Solar=Low AND CO2=Normal AND Wind=Medium AND N=Normal AND E=Normal AND W=2,Poor,0.4992550769827532,718
Tin=Normal AND Tout=Normal AND Hin=Normal AND Hout=Normal AND L=Normal AND Solar=Normal AND CO2=Normal AND Wind=Medium AND N=Normal AND E=Normal AND W=0,Good,0.5179089900442568,719
Tin=Normal AND Tout=Cold AND Hin=Normal AND Hout=Normal AND L=Normal AND Solar=Low AND CO2=High AND Wind=Low AND N=Normal AND E=Normal AND W=3,Acceptable,0.497483090014881,720
Tin=Normal AND Tout=Hot AND Hin=Normal AND Hout=Normal AND L=Low AND Solar=High AND CO2=Normal AND Wind=Medium AND N=High AND E=Normal AND W=3,Good,0.6335030824859813,721
Tin=Normal AND Tout=Normal AND Hin=Normal AND Hout=Normal AND L=Normal AND Solar=Normal AND CO2=Normal AND Wind=Medium AND N=Normal AND E=Normal AND W=3,Acceptable,0.4118580402757058,722
Tin=Normal AND Tout=Normal AND Hin=Normal AND Hout=Normal AND L=Normal AND Solar=Normal AND CO2=Normal AND Wind=Low AND N=Normal AND E=Normal AND W=0,Acceptable,0.4473025349041958,723
Tin=Hot AND Tout=Normal AND Hin=Normal AND Hout=Wet AND L=Normal AND Solar=Normal AND CO2=Normal AND Wind=Low AND N=Normal AND E=High AND W=1,Poor,0.4159599994898386,724
Tin=Normal AND Tout=Cold AND Hin=Normal AND Hout=Normal AND L=Normal AND Solar=Normal AND CO2=Normal AND Wind=Low AND N=Normal AND E=Normal AND W=3,Acceptable,0.3589991962569709,725
Tin=Normal AND Tout=Cold AND Hin=Wet AND Hout=Wet AND L=Normal AND Solar=Normal AND CO2=Normal AND Wind=Medium AND N=Low AND E=High AND W=1,Poor,0.3504615654326712,726
Tin=Normal AND Tout=Cold AND Hin=Normal AND Hout=Normal AND L=Normal AND Solar=Normal AND CO2=Normal AND Wind=Medium AND N=High AND E=High AND W=3,Acceptable,0.47721189979707,727
Tin=Normal AND Tout=Normal AND Hin=Normal AND Hout=Normal AND L=Normal AND Solar=Normal AND CO2=Normal AND Wind=Medium AND N=High AND E=Normal AND W=3,Good,0.337732813402212,728
Tin=Normal AND Tout=Normal AND Hin=Normal AND Hout=Normal AND L=Normal AND Solar=Normal AND CO2=Normal AND Wind=Low AND N=Normal AND E=Normal AND W=0,Acceptable,0.4588703598560127,729
Tin=Normal AND Tout=Normal AND Hin=Dry AND Hout=Dry AND L=Low AND Solar=High AND CO2=High AND Wind=Medium AND N=Normal AND E=Low AND W=3,Poor,0.4266709397388764,730
Tin=Normal AND Tout=Cold AND Hin=Normal AND Hout=Normal AND L=Normal AND Solar=Normal AND CO2=Normal AND Wind=Medium AND N=High AND E=Normal AND W=3,Acceptable,0.4589193405410758,731
Tin=Normal AND Tout=Normal AND Hin=Normal AND Hout=Normal AND L=Low AND Solar=High AND CO2=Normal AND Wind=Medium AND N=Normal AND E=Low AND W=3,Good,0.3773946360153258,732
Tin=Cold AND Tout=Hot AND Hin=Normal AND Hout=Normal AND L=Normal AND Solar=Normal AND CO2=Normal AND Wind=Medium AND N=Low AND E=High AND W=3,Poor,0.4889323383650509,733
Tin=Normal AND Tout=Normal AND Hin=Wet AND Hout=Normal AND L=Normal AND Solar=Low AND CO2=Low AND Wind=Low AND N=High AND E=Normal AND W=1,Acceptable,0.3469602050086759,734
Tin=Normal AND Tout=Hot AND Hin=Dry AND Hout=Dry AND L=Low AND Solar=High AND CO2=Low AND Wind=Medium AND N=Normal AND E=Normal AND W=3,Acceptable,0.5074395604026507,735
Tin=Cold AND Tout=Normal AND Hin=Normal AND Hout=Normal AND L=Normal AND Solar=Normal AND CO2=Normal AND Wind=Medium AND N=Low AND E=Normal AND W=1,Poor,0.3385472899829632,736
Tin=Normal AND Tout=Normal AND Hin=Wet AND Hout=Normal AND L=Normal AND Solar=Low AND CO2=Normal AND Wind=High AND N=Normal AND E=Normal AND W=1,Acceptable,0.3773946360153254,737
Tin=Hot AND Tout=Normal AND Hin=Normal AND Hout=Normal AND L=Normal AND Solar=Low AND CO2=Normal AND Wind=Medium AND N=Low AND E=Normal AND W=1,Poor,0.3421757665796295,738
Tin=Normal AND Tout=Normal AND Hin=Normal AND Hout=Normal AND L=High AND Solar=Low AND CO2=Low AND Wind=Medium AND N=Low AND E=High AND W=1,Poor,0.3809796338127711,739
Tin=Normal AND Tout=Hot AND Hin=Normal AND Hout=Normal AND L=High AND Solar=Low AND CO2=Normal AND Wind=Medium AND N=Normal AND E=Normal AND W=0,Acceptable,0.6792879001934847,740
Tin=Normal AND Tout=Normal AND Hin=Normal AND Hout=Dry AND L=Normal AND Solar=Normal AND CO2=Normal AND Wind=High AND N=Low AND E=Normal AND W=0,Acceptable,0.3388116074784089,741
Tin=Normal AND Tout=Normal AND Hin=Normal AND Hout=Normal AND L=Normal AND Solar=Normal AND CO2=Normal AND Wind=Medium AND N=Low AND E=Normal AND W=0,Good,0.3600110777942251,742
Tin=Normal AND Tout=Normal AND Hin=Normal AND Hout=Normal AND L=Normal AND Solar=Normal AND CO2=Normal AND Wind=Low AND N=Normal AND E=Normal AND W=3,Good,0.3773946360153258,743
Tin=Normal AND Tout=Normal AND Hin=Normal AND Hout=Normal AND L=Low AND Solar=Normal AND CO2=Normal AND Wind=Low AND N=Normal AND E=Normal AND W=3,Good,0.3394013606748726,744
Tin=Normal AND Tout=Normal AND Hin=Normal AND Hout=Normal AND L=Normal AND Solar=Low AND CO2=Normal AND Wind=Medium AND N=High AND E=High AND W=1,Poor,0.3541126322702713,745
Tin=Normal AND Tout=Normal AND Hin=Normal AND Hout=Normal AND L=Low AND Solar=Normal AND CO2=Normal AND Wind=Low AND N=Normal AND E=Low AND W=3,Good,0.3530723992152157,746
Tin=Normal AND Tout=Normal AND Hin=Normal AND Hout=Normal AND L=Normal AND Solar=Normal AND CO2=Normal AND Wind=Medium AND N=Normal AND E=Low AND W=3,Good,0.3981537765830373,747
Tin=Normal AND Tout=Normal AND Hin=Normal AND Hout=Normal AND L=Normal AND Solar=Normal AND CO2=High AND Wind=Low AND N=High AND E=Normal AND W=3,Good,0.4367816091954026,748
Tin=Normal AND Tout=Normal AND Hin=Dry AND Hout=Dry AND L=Normal AND Solar=Normal AND CO2=Normal AND Wind=Medium AND N=Normal AND E=Normal AND W=3,Acceptable,0.3342360969990955,749
Tin=Normal AND Tout=Normal AND Hin=Normal AND Hout=Normal AND L=Normal AND Solar=Normal AND CO2=Normal AND Wind=Low AND N=High AND E=Normal AND W=3,Acceptable,0.5010848860472291,750
Tin=Normal AND Tout=Normal AND Hin=Normal AND Hout=Dry AND L=Normal AND Solar=Normal AND CO2=Normal AND Wind=Medium AND N=Normal AND E=Normal AND W=0,Acceptable,0.4005759989132623,751
Tin=Normal AND Tout=Hot AND Hin=Normal AND Hout=Dry AND L=Normal AND Solar=Normal AND CO2=Normal AND Wind=Medium AND N=Normal AND E=Normal AND W=3,Acceptable,0.4271468496632791,752
Tin=Normal AND Tout=Normal AND Hin=Normal AND Hout=Dry AND L=Low AND Solar=Normal AND CO2=Normal AND Wind=Low AND N=Normal AND E=Low AND W=3,Acceptable,0.3573926108238344,753
Tin=Cold AND Tout=Cold AND Hin=Normal AND Hout=Normal AND L=High AND Solar=Low AND CO2=Normal AND Wind=Medium AND N=Low AND E=Normal AND W=0,Acceptable,0.3503382766344813,754
Tin=Cold AND Tout=Normal AND Hin=Normal AND Hout=Normal AND L=Normal AND Solar=Normal AND CO2=Normal AND Wind=Low AND N=Normal AND E=Normal AND W=3,Acceptable,0.4111386753124978,755
Tin=Normal AND Tout=Normal AND Hin=Normal AND Hout=Normal AND L=Low AND Solar=High AND CO2=Normal AND Wind=Medium AND N=Normal AND E=Normal AND W=3,Good,0.3773946360153254,756
Tin=Normal AND Tout=Normal AND Hin=Normal AND Hout=Normal AND L=Normal AND Solar=Normal AND CO2=Normal AND Wind=Low AND N=Normal AND E=Normal AND W=0,Acceptable,0.3856868621482679,757
Tin=Normal AND Tout=Normal AND Hin=Normal AND Hout=Normal AND L=Low AND Solar=High AND CO2=Normal AND Wind=Low AND N=Normal AND E=Low AND W=3,Good,0.417121184543763,758
Tin=Hot AND Tout=Normal AND Hin=Normal AND Hout=Normal AND L=Normal AND Solar=Normal AND CO2=Normal AND Wind=Low AND N=High AND E=High AND W=0,Poor,0.5190080495580247,759
Tin=Normal AND Tout=Normal AND Hin=Normal AND Hout=Normal AND L=Low AND Solar=Normal AND CO2=Normal AND Wind=Low AND N=Normal AND E=Normal AND W=3,Good,0.3974366384844979,760
Tin=Normal AND Tout=Normal AND Hin=Normal AND Hout=Normal AND L=Normal AND Solar=Low AND CO2=Low AND Wind=High AND N=Normal AND E=Normal AND W=0,Acceptable,0.4420718908871317,761
Tin=Cold AND Tout=Normal AND Hin=Normal AND Hout=Normal AND L=Normal AND Solar=Normal AND CO2=Low AND Wind=Low AND N=Normal AND E=Normal AND W=1,Poor,0.3825115835775136,762
Tin=Normal AND Tout=Normal AND Hin=Normal AND Hout=Normal AND L=Low AND Solar=Normal AND CO2=Normal AND Wind=High AND N=Normal AND E=Normal AND W=3,Good,0.334535210928361,763
Tin=Normal AND Tout=Normal AND Hin=Normal AND Hout=Dry AND L=Normal AND Solar=Normal AND CO2=Low AND Wind=Medium AND N=Normal AND E=High AND W=3,Acceptable,0.370843424164077,764
Tin=Normal AND Tout=Normal AND Hin=Normal AND Hout=Normal AND L=Normal AND Solar=Low AND CO2=Normal AND Wind=High AND N=Normal AND E=Normal AND W=1,Acceptable,0.3346929154234425,765
Tin=Normal AND Tout=Normal AND Hin=Normal AND Hout=Normal AND L=High AND Solar=Low AND CO2=Low AND Wind=Medium AND N=High AND E=Normal AND W=0,Acceptable,0.3970397095258814,766
Tin=Normal AND Tout=Cold AND Hin=Dry AND Hout=Dry AND L=Low AND Solar=High AND CO2=Normal AND Wind=Low AND N=Normal AND E=High AND W=3,Acceptable,0.4130995612362753,767
Tin=Normal AND Tout=Hot AND Hin=Normal AND Hout=Normal AND L=Normal AND Solar=Low AND CO2=Normal AND Wind=Medium AND N=Low AND E=Normal AND W=2,Poor,0.3941816131444918,768
Tin=Hot AND Tout=Normal AND Hin=Wet AND Hout=Wet AND L=Normal AND Solar=Normal AND CO2=Normal AND Wind=High AND N=High AND E=Normal AND W=1,Poor,0.3658246247964421,769
Tin=Normal AND Tout=Normal AND Hin=Normal AND Hout=Normal AND L=High AND Solar=Low AND CO2=High AND Wind=Medium AND N=High AND E=Normal AND W=1,Acceptable,0.4372284016882861,770
Tin=Normal AND Tout=Normal AND Hin=Normal AND Hout=Normal AND L=Normal AND Solar=Normal AND CO2=Normal AND Wind=Medium AND N=Normal AND E=Normal AND W=0,Good,0.5762703146390287,771
Tin=Normal AND Tout=Normal AND Hin=Normal AND Hout=Dry AND L=Low AND Solar=High AND CO2=Normal AND Wind=Low AND N=Normal AND E=Low AND W=3,Good,0.4179671295549063,772
Tin=Normal AND Tout=Normal AND Hin=Normal AND Hout=Normal AND L=Normal AND Solar=Normal AND CO2=Normal AND Wind=Medium AND N=Normal AND E=Normal AND W=0,Acceptable,0.3392856571672853,773
Tin=Normal AND Tout=Normal AND Hin=Normal AND Hout=Normal AND L=Low AND Solar=Normal AND CO2=Normal AND Wind=Medium AND N=Low AND E=Low AND W=3,Good,0.4753143223674244,774
Tin=Normal AND Tout=Hot AND Hin=Normal AND Hout=Normal AND L=Normal AND Solar=Normal AND CO2=Normal AND Wind=Medium AND N=Normal AND E=High AND W=3,Acceptable,0.5689655172413791,775
Tin=Normal AND Tout=Hot AND Hin=Normal AND Hout=Normal AND L=Normal AND Solar=Low AND CO2=Normal AND Wind=Medium AND N=Normal AND E=Normal AND W=1,Acceptable,0.5533707086307139,776
Tin=Normal AND Tout=Hot AND Hin=Normal AND Hout=Normal AND L=Low AND Solar=Normal AND CO2=Normal AND Wind=Medium AND N=Low AND E=Normal AND W=3,Good,0.3435699182745779,777
Tin=Hot AND Tout=Normal AND Hin=Normal AND Hout=Normal AND L=Normal AND Solar=High AND CO2=Normal AND Wind=Low AND N=Normal AND E=Normal AND W=3,Acceptable,0.3773946360153254,778
Tin=Hot AND Tout=Cold AND Hin=Normal AND Hout=Normal AND L=Low AND Solar=High AND CO2=Normal AND Wind=Medium AND N=High AND E=High AND W=3,Acceptable,0.3526661253407057,779
Tin=Normal AND Tout=Normal AND Hin=Normal AND Hout=Normal AND L=Low AND Solar=Normal AND CO2=Normal AND Wind=Medium AND N=High AND E=Normal AND W=3,Good,0.3513360199194987,780
Tin=Normal AND Tout=Cold AND Hin=Normal AND Hout=Normal AND L=Low AND Solar=High AND CO2=Normal AND Wind=Low AND N=Normal AND E=Normal AND W=3,Good,0.4845115832355647,781
Tin=Normal AND Tout=Normal AND Hin=Normal AND Hout=Normal AND L=Normal AND Solar=Normal AND CO2=Normal AND Wind=Medium AND N=Normal AND E=Normal AND W=0,Acceptable,0.4118631133520589,782
Tin=Normal AND Tout=Normal AND Hin=Wet AND Hout=Wet AND L=Normal AND Solar=Low AND CO2=High AND Wind=Medium AND N=Low AND E=Normal AND W=1,Poor,0.3488305934228047,783
Tin=Normal AND Tout=Normal AND Hin=Normal AND Hout=Normal AND L=Normal AND Solar=Low AND CO2=Normal AND Wind=High AND N=Normal AND E=Normal AND W=2,Poor,0.4304294656014698,784
Tin=Normal AND Tout=Normal AND Hin=Normal AND Hout=Normal AND L=Normal AND Solar=Low AND CO2=High AND Wind=Low AND N=High AND E=Normal AND W=0,Acceptable,0.5008261834922584,785
Tin=Normal AND Tout=Hot AND Hin=Normal AND Hout=Normal AND L=Low AND Solar=High AND CO2=Normal AND Wind=Low AND N=Normal AND E=Normal AND W=3,Good,0.5368437979785395,786
Tin=Normal AND Tout=Normal AND Hin=Normal AND Hout=Normal AND L=Low AND Solar=Normal AND CO2=Low AND Wind=Medium AND N=Normal AND E=Normal AND W=3,Good,0.3588597119779056,787
Tin=Normal AND Tout=Normal AND Hin=Normal AND Hout=Normal AND L=Normal AND Solar=Low AND CO2=Normal AND Wind=Medium AND N=Normal AND E=Normal AND W=3,Good,0.3504578053285146,788
Tin=Hot AND Tout=Hot AND Hin=Wet AND Hout=Wet AND L=Low AND Solar=High AND CO2=Normal AND Wind=Medium AND N=High AND E=Normal AND W=3,Acceptable,0.4345017183286493,789
Tin=Normal AND Tout=Normal AND Hin=Normal AND Hout=Normal AND L=Normal AND Solar=Low AND CO2=Normal AND Wind=High AND N=Normal AND E=Normal AND W=1,Acceptable,0.3445688824908386,790
Tin=Normal AND Tout=Normal AND Hin=Normal AND Hout=Normal AND L=Normal AND Solar=Normal AND CO2=Normal AND Wind=Low AND N=High AND E=Normal AND W=3,Good,0.3640112081730116,791
Tin=Normal AND Tout=Cold AND Hin=Normal AND Hout=Dry AND L=Normal AND Solar=Normal AND CO2=High AND Wind=Medium AND N=Normal AND E=Normal AND W=3,Acceptable,0.3520054919300114,792
Tin=Normal AND Tout=Normal AND Hin=Normal AND Hout=Normal AND L=Low AND Solar=Normal AND CO2=Normal AND Wind=Medium AND N=Low AND E=Normal AND W=0,Acceptable,0.5123302117931234,793
Tin=Normal AND Tout=Normal AND Hin=Normal AND Hout=Normal AND L=High AND Solar=Low AND CO2=Low AND Wind=Medium AND N=Normal AND E=Normal AND W=1,Poor,0.3773946360153254,794
Tin=Normal AND Tout=Normal AND Hin=Normal AND Hout=Normal AND L=Normal AND Solar=Normal AND CO2=Normal AND Wind=Medium AND N=High AND E=Normal AND W=0,Acceptable,0.4815031445725072,795
Tin=Hot AND Tout=Normal AND Hin=Normal AND Hout=Normal AND L=Normal AND Solar=Normal AND CO2=Normal AND Wind=Medium AND N=Normal AND E=High AND W=0,Poor,0.4714847230565597,796
Tin=Normal AND Tout=Normal AND Hin=Wet AND Hout=Normal AND L=Normal AND Solar=Low AND CO2=High AND Wind=Medium AND N=High AND E=Normal AND W=0,Acceptable,0.3672144593159588,797
Tin=Normal AND Tout=Normal AND Hin=Normal AND Hout=Normal AND L=Normal AND Solar=Normal AND CO2=Normal AND Wind=Medium AND N=High AND E=Normal AND W=0,Good,0.4352731732592049,798
Tin=Normal AND Tout=Normal AND Hin=Normal AND Hout=Normal AND L=Low AND Solar=Normal AND CO2=Normal AND Wind=Low AND N=Normal AND E=Normal AND W=3,Good,0.3671038298465024,799
Tin=Hot AND Tout=Normal AND Hin=Normal AND Hout=Normal AND L=High AND Solar=Low AND CO2=Low AND Wind=Low AND N=High AND E=Normal AND W=0,Poor,0.4192193117900324,800
Tin=Cold AND Tout=Cold AND Hin=Normal AND Hout=Normal AND L=Normal AND Solar=Low AND CO2=Normal AND Wind=Low AND N=High AND E=Normal AND W=0,Poor,0.3600129144108526,801
Tin=Normal AND Tout=Normal AND Hin=Normal AND Hout=Normal AND L=Normal AND Solar=Normal AND CO2=Normal AND Wind=Medium AND N=High AND E=Normal AND W=0,Acceptable,0.3692756840881891,802
Tin=Normal AND Tout=Hot AND Hin=Normal AND Hout=Normal AND L=Low AND Solar=High AND CO2=Normal AND Wind=Medium AND N=Low AND E=High AND W=3,Acceptable,0.3834103020475343,803
Tin=Normal AND Tout=Hot AND Hin=Dry AND Hout=Dry AND L=Low AND Solar=Normal AND CO2=Normal AND Wind=Medium AND N=Normal AND E=Normal AND W=3,Good,0.3574728777463443,804
Tin=Normal AND Tout=Normal AND Hin=Normal AND Hout=Normal AND L=Normal AND Solar=Low AND CO2=Normal AND Wind=Low AND N=Normal AND E=Normal AND W=3,Good,0.4078325300548397,805
Tin=Normal AND Tout=Normal AND Hin=Normal AND Hout=Normal AND L=Normal AND Solar=Normal AND CO2=Normal AND Wind=Low AND N=Normal AND E=Normal AND W=3,Good,0.3442494656895006,806
Tin=Normal AND Tout=Normal AND Hin=Dry AND Hout=Normal AND L=Normal AND Solar=Normal AND CO2=Normal AND Wind=Medium AND N=Normal AND E=Low AND W=3,Good,0.4435262895605191,807
Tin=Normal AND Tout=Normal AND Hin=Normal AND Hout=Normal AND L=Normal AND Solar=Normal AND CO2=Normal AND Wind=Low AND N=Low AND E=Low AND W=3,Good,0.4856811562102831,808
Tin=Normal AND Tout=Normal AND Hin=Wet AND Hout=Wet AND L=High AND Solar=Low AND CO2=Normal AND Wind=Medium AND N=Normal AND E=Normal AND W=1,Acceptable,0.4624158033235351,809
Tin=Normal AND Tout=Cold AND Hin=Normal AND Hout=Normal AND L=Normal AND Solar=Normal AND CO2=Normal AND Wind=Low AND N=Normal AND E=High AND W=3,Acceptable,0.4250860111469199,810
Tin=Cold AND Tout=Normal AND Hin=Normal AND Hout=Normal AND L=Normal AND Solar=Normal AND CO2=Normal AND Wind=Low AND N=High AND E=Normal AND W=0,Poor,0.3479961098288321,811
Tin=Normal AND Tout=Normal AND Hin=Normal AND Hout=Dry AND L=Low AND Solar=Normal AND CO2=Normal AND Wind=Medium AND N=High AND E=Normal AND W=3,Acceptable,0.3496034870308926,812
Tin=Normal AND Tout=Normal AND Hin=Normal AND Hout=Normal AND L=Normal AND Solar=Normal AND CO2=Low AND Wind=Medium AND N=Normal AND E=Normal AND W=0,Acceptable,0.3669209848226318,813
Tin=Normal AND Tout=Normal AND Hin=Normal AND Hout=Dry AND L=Normal AND Solar=Low AND CO2=Normal AND Wind=Medium AND N=High AND E=Normal AND W=0,Acceptable,0.4395834489727578,814
Tin=Normal AND Tout=Hot AND Hin=Normal AND Hout=Normal AND L=Low AND Solar=Normal AND CO2=High AND Wind=Low AND N=Low AND E=Normal AND W=3,Good,0.4327448557137899,815
Tin=Normal AND Tout=Normal AND Hin=Normal AND Hout=Normal AND L=Normal AND Solar=Normal AND CO2=Low AND Wind=Medium AND N=High AND E=Normal AND W=0,Acceptable,0.3398219049927599,816
Tin=Normal AND Tout=Normal AND Hin=Normal AND Hout=Wet AND L=Normal AND Solar=Low AND CO2=Normal AND Wind=High AND N=Normal AND E=Normal AND W=1,Acceptable,0.5071585568599795,817
Tin=Normal AND Tout=Normal AND Hin=Dry AND Hout=Dry AND L=Normal AND Solar=Normal AND CO2=Normal AND Wind=Medium AND N=Normal AND E=Normal AND W=0,Acceptable,0.3773946360153254,818
Tin=Normal AND Tout=Normal AND Hin=Normal AND Hout=Normal AND L=Low AND Solar=Normal AND CO2=High AND Wind=Medium AND N=Normal AND E=Normal AND W=3,Acceptable,0.408150421715858,819
Tin=Normal AND Tout=Normal AND Hin=Normal AND Hout=Normal AND L=Low AND Solar=Normal AND CO2=Normal AND Wind=Medium AND N=High AND E=Normal AND W=3,Good,0.4389597723879545,820
Tin=Normal AND Tout=Normal AND Hin=Normal AND Hout=Normal AND L=Low AND Solar=Normal AND CO2=Normal AND Wind=Medium AND N=Low AND E=Low AND W=3,Good,0.3693955573062027,821
Tin=Normal AND Tout=Normal AND Hin=Normal AND Hout=Normal AND L=Normal AND Solar=Low AND CO2=Normal AND Wind=Medium AND N=Low AND E=Normal AND W=1,Acceptable,0.3398163021790805,822
Tin=Cold AND Tout=Normal AND Hin=Dry AND Hout=Dry AND L=Low AND Solar=High AND CO2=Normal AND Wind=Low AND N=Normal AND E=Normal AND W=3,Poor,0.3365878066960143,823
Tin=Normal AND Tout=Normal AND Hin=Normal AND Hout=Normal AND L=Normal AND Solar=Normal AND CO2=Normal AND Wind=Medium AND N=Normal AND E=Normal AND W=3,Acceptable,0.4137172599148606,824
Tin=Cold AND Tout=Normal AND Hin=Wet AND Hout=Wet AND L=High AND Solar=Low AND CO2=Normal AND Wind=Medium AND N=Low AND E=Normal AND W=1,Poor,0.4792682174574195,825
Tin=Cold AND Tout=Normal AND Hin=Normal AND Hout=Normal AND L=Normal AND Solar=Normal AND CO2=High AND Wind=Low AND N=Low AND E=Low AND W=3,Acceptable,0.4391779850845796,826
Tin=Cold AND Tout=Normal AND Hin=Normal AND Hout=Normal AND L=Normal AND Solar=Normal AND CO2=Normal AND Wind=Low AND N=Normal AND E=Normal AND W=3,Acceptable,0.3961692539597586,827
Tin=Cold AND Tout=Cold AND Hin=Normal AND Hout=Normal AND L=High AND Solar=Low AND CO2=Normal AND Wind=Medium AND N=Low AND E=High AND W=1,Poor,0.4628387830172555,828
Tin=Normal AND Tout=Normal AND Hin=Wet AND Hout=Wet AND L=Low AND Solar=Normal AND CO2=Normal AND Wind=Medium AND N=High AND E=Normal AND W=3,Good,0.3688491290178038,829
Tin=Normal AND Tout=Normal AND Hin=Normal AND Hout=Normal AND L=Normal AND Solar=Low AND CO2=Normal AND Wind=Medium AND N=Normal AND E=Normal AND W=1,Acceptable,0.396388957346704,830
Tin=Hot AND Tout=Normal AND Hin=Normal AND Hout=Normal AND L=Normal AND Solar=Normal AND CO2=Low AND Wind=Low AND N=Normal AND E=Normal AND W=3,Acceptable,0.5242533431151536,831
Tin=Normal AND Tout=Normal AND Hin=Normal AND Hout=Normal AND L=Normal AND Solar=Normal AND CO2=Normal AND Wind=Medium AND N=Normal AND E=Normal AND W=3,Good,0.3773946360153254,832
Tin=Cold AND Tout=Normal AND Hin=Normal AND Hout=Normal AND L=Normal AND Solar=Normal AND CO2=High AND Wind=Medium AND N=Normal AND E=Normal AND W=0,Poor,0.4731800766283526,833
Tin=Hot AND Tout=Normal AND Hin=Wet AND Hout=Wet AND L=Normal AND Solar=Low AND CO2=Normal AND Wind=High AND N=High AND E=Normal AND W=1,Poor,0.440555039543872,834
Tin=Normal AND Tout=Normal AND Hin=Dry AND Hout=Dry AND L=Normal AND Solar=Normal AND CO2=Normal AND Wind=Low AND N=High AND E=Normal AND W=0,Acceptable,0.4257876975410842,835
Tin=Normal AND Tout=Normal AND Hin=Normal AND Hout=Normal AND L=Normal AND Solar=Normal AND CO2=Normal AND Wind=Medium AND N=High AND E=Normal AND W=0,Acceptable,0.4286042357400364,836
Tin=Cold AND Tout=Normal AND Hin=Normal AND Hout=Normal AND L=Normal AND Solar=Normal AND CO2=High AND Wind=Medium AND N=Normal AND E=Normal AND W=3,Poor,0.4110844947583645,837
Tin=Normal AND Tout=Hot AND Hin=Normal AND Hout=Normal AND L=Normal AND Solar=Normal AND CO2=Normal AND Wind=Medium AND N=High AND E=Normal AND W=0,Acceptable,0.3584617768138887,838
Tin=Normal AND Tout=Normal AND Hin=Normal AND Hout=Normal AND L=Low AND Solar=Normal AND CO2=Normal AND Wind=Low AND N=High AND E=Normal AND W=3,Good,0.3859731749084882,839
Tin=Normal AND Tout=Normal AND Hin=Normal AND Hout=Normal AND L=Normal AND Solar=Normal AND CO2=High AND Wind=Medium AND N=Normal AND E=Normal AND W=0,Acceptable,0.3529572986936888,840
Tin=Normal AND Tout=Hot AND Hin=Normal AND Hout=Normal AND L=Low AND Solar=High AND CO2=Normal AND Wind=Medium AND N=Normal AND E=Normal AND W=3,Good,0.3773946360153254,841
Tin=Normal AND Tout=Normal AND Hin=Normal AND Hout=Normal AND L=Normal AND Solar=Normal AND CO2=Normal AND Wind=Medium AND N=Normal AND E=Normal AND W=3,Good,0.4506963307311221,842
Tin=Cold AND Tout=Normal AND Hin=Normal AND Hout=Normal AND L=Normal AND Solar=Normal AND CO2=Low AND Wind=Low AND N=High AND E=Normal AND W=0,Acceptable,0.3625879235956171,843
Tin=Normal AND Tout=Normal AND Hin=Normal AND Hout=Normal AND L=Low AND Solar=High AND CO2=Normal AND Wind=Low AND N=High AND E=Normal AND W=3,Good,0.4948419555568636,844
Tin=Normal AND Tout=Normal AND Hin=Normal AND Hout=Normal AND L=Normal AND Solar=Normal AND CO2=Normal AND Wind=High AND N=High AND E=Normal AND W=1,Acceptable,0.358343487840554,845
Tin=Normal AND Tout=Normal AND Hin=Normal AND Hout=Normal AND L=Normal AND Solar=Normal AND CO2=Normal AND Wind=Medium AND N=Normal AND E=Normal AND W=3,Good,0.4048367116491329,846
Tin=Cold AND Tout=Normal AND Hin=Dry AND Hout=Dry AND L=Normal AND Solar=Normal AND CO2=Normal AND Wind=Medium AND N=Low AND E=Normal AND W=3,Poor,0.3563973153635644,847
Tin=Hot AND Tout=Normal AND Hin=Normal AND Hout=Normal AND L=Normal AND Solar=Normal AND CO2=Normal AND Wind=Medium AND N=High AND E=Normal AND W=0,Poor,0.5942822249881934,848
Tin=Normal AND Tout=Normal AND Hin=Dry AND Hout=Dry AND L=Normal AND Solar=Normal AND CO2=Normal AND Wind=Medium AND N=Low AND E=Normal AND W=3,Acceptable,0.3607386104720749,849
Tin=Normal AND Tout=Cold AND Hin=Normal AND Hout=Wet AND L=Normal AND Solar=Low AND CO2=Low AND Wind=Medium AND N=Normal AND E=High AND W=0,Poor,0.3848620426525563,850
Tin=Cold AND Tout=Normal AND Hin=Normal AND Hout=Normal AND L=Normal AND Solar=Normal AND CO2=High AND Wind=Medium AND N=Normal AND E=Normal AND W=0,Acceptable,0.3773946360153254,851
Tin=Cold AND Tout=Normal AND Hin=Normal AND Hout=Normal AND L=Normal AND Solar=Normal AND CO2=High AND Wind=Low AND N=Low AND E=Normal AND W=3,Acceptable,0.4280031673031662,852
Tin=Normal AND Tout=Cold AND Hin=Normal AND Hout=Normal AND L=Low AND Solar=Normal AND CO2=Normal AND Wind=Medium AND N=Normal AND E=High AND W=3,Acceptable,0.4731800766283523,853
Tin=Hot AND Tout=Normal AND Hin=Dry AND Hout=Dry AND L=Normal AND Solar=Normal AND CO2=Normal AND Wind=Medium AND N=High AND E=Normal AND W=3,Acceptable,0.3456967887265174,854
Tin=Normal AND Tout=Normal AND Hin=Normal AND Hout=Normal AND L=Normal AND Solar=Normal AND CO2=Normal AND Wind=Medium AND N=Low AND E=Low AND W=0,Acceptable,0.3802663064291511,855
Tin=Normal AND Tout=Hot AND Hin=Normal AND Hout=Normal AND L=Normal AND Solar=Low AND CO2=Normal AND Wind=Low AND N=High AND E=Normal AND W=3,Acceptable,0.5348766009893259,856
Tin=Hot AND Tout=Normal AND Hin=Normal AND Hout=Normal AND L=Normal AND Solar=Normal AND CO2=Normal AND Wind=Low AND N=High AND E=Normal AND W=3,Good,0.4464542474506955,857
Tin=Normal AND Tout=Hot AND Hin=Dry AND Hout=Dry AND L=Low AND Solar=Normal AND CO2=Normal AND Wind=Low AND N=Normal AND E=Normal AND W=3,Good,0.4067917056904783,858
Tin=Normal AND Tout=Normal AND Hin=Normal AND Hout=Normal AND L=Low AND Solar=High AND CO2=Normal AND Wind=Low AND N=High AND E=Low AND W=3,Good,0.3995510471261618,859
Tin=Normal AND Tout=Normal AND Hin=Normal AND Hout=Normal AND L=Normal AND Solar=Low AND CO2=Normal AND Wind=Medium AND N=High AND E=Normal AND W=1,Acceptable,0.4038099055634301,860
Tin=Cold AND Tout=Cold AND Hin=Normal AND Hout=Normal AND L=Normal AND Solar=Low AND CO2=Normal AND Wind=Medium AND N=Normal AND E=Normal AND W=1,Poor,0.3659576713913444,861
Tin=Normal AND Tout=Hot AND Hin=Normal AND Hout=Normal AND L=Low AND Solar=High AND CO2=Normal AND Wind=Medium AND N=High AND E=Normal AND W=3,Acceptable,0.6023728596676722,862
Tin=Normal AND Tout=Cold AND Hin=Normal AND Hout=Normal AND L=High AND Solar=Low AND CO2=Normal AND Wind=High AND N=Low AND E=High AND W=2,Poor,0.4248705356681754,863
Tin=Normal AND Tout=Cold AND Hin=Normal AND Hout=Wet AND L=Normal AND Solar=Normal AND CO2=High AND Wind=Medium AND N=Normal AND E=Normal AND W=3,Acceptable,0.3359938069819702,864
Tin=Normal AND Tout=Normal AND Hin=Normal AND Hout=Normal AND L=Normal AND Solar=Normal AND CO2=High AND Wind=Medium AND N=Low AND E=Low AND W=3,Good,0.4314914278378928,865
Tin=Cold AND Tout=Normal AND Hin=Dry AND Hout=Dry AND L=Normal AND Solar=Normal AND CO2=Normal AND Wind=Low AND N=Low AND E=Low AND W=3,Acceptable,0.356723147078603,866
Tin=Normal AND Tout=Normal AND Hin=Normal AND Hout=Normal AND L=Normal AND Solar=Normal AND CO2=Normal AND Wind=Low AND N=Low AND E=Normal AND W=3,Good,0.3493694741402466,867
Tin=Normal AND Tout=Normal AND Hin=Dry AND Hout=Dry AND L=Normal AND Solar=Normal AND CO2=High AND Wind=Medium AND N=High AND E=Normal AND W=3,Acceptable,0.4164075396256542,868
Tin=Normal AND Tout=Normal AND Hin=Normal AND Hout=Normal AND L=Normal AND Solar=Normal AND CO2=High AND Wind=Medium AND N=Low AND E=Normal AND W=0,Acceptable,0.3581267697183927,869
Tin=Cold AND Tout=Normal AND Hin=Normal AND Hout=Normal AND L=Low AND Solar=High AND CO2=Normal AND Wind=Medium AND N=Low AND E=Low AND W=3,Good,0.3535045803674257,870
Tin=Normal AND Tout=Normal AND Hin=Dry AND Hout=Normal AND L=Normal AND Solar=Normal AND CO2=High AND Wind=Medium AND N=Low AND E=Normal AND W=3,Acceptable,0.3435027114748191,871
Tin=Normal AND Tout=Normal AND Hin=Wet AND Hout=Wet AND L=Normal AND Solar=Normal AND CO2=Normal AND Wind=Medium AND N=Normal AND E=Low AND W=1,Acceptable,0.3634698511031784,872
Tin=Normal AND Tout=Normal AND Hin=Dry AND Hout=Normal AND L=Normal AND Solar=Normal AND CO2=Normal AND Wind=Medium AND N=Low AND E=Low AND W=3,Acceptable,0.4017011434170665,873
Tin=Normal AND Tout=Normal AND Hin=Dry AND Hout=Dry AND L=Normal AND Solar=Normal AND CO2=Normal AND Wind=Low AND N=Normal AND E=Normal AND W=3,Good,0.3773946360153258,874
Tin=Cold AND Tout=Normal AND Hin=Normal AND Hout=Normal AND L=Low AND Solar=Normal AND CO2=Normal AND Wind=Medium AND N=Low AND E=Low AND W=0,Poor,0.542873087207149,875
Tin=Cold AND Tout=Normal AND Hin=Normal AND Hout=Normal AND L=Normal AND Solar=Normal AND CO2=Normal AND Wind=Low AND N=Low AND E=Normal AND W=3,Acceptable,0.3906960938119228,876
Tin=Cold AND Tout=Normal AND Hin=Dry AND Hout=Dry AND L=Low AND Solar=Normal AND CO2=High AND Wind=Medium AND N=Normal AND E=Normal AND W=3,Acceptable,0.3377189381315567,877
Tin=Cold AND Tout=Normal AND Hin=Normal AND Hout=Normal AND L=Normal AND Solar=Normal AND CO2=Normal AND Wind=Medium AND N=Low AND E=Normal AND W=0,Poor,0.4270626989505528,878
Tin=Normal AND Tout=Normal AND Hin=Normal AND Hout=Normal AND L=Low AND Solar=Normal AND CO2=Normal AND Wind=Low AND N=High AND E=Normal AND W=3,Good,0.44149680665321,879
Tin=Normal AND Tout=Normal AND Hin=Normal AND Hout=Normal AND L=Normal AND Solar=Low AND CO2=Normal AND Wind=Medium AND N=High AND E=Normal AND W=1,Acceptable,0.4397152214129029,880
Tin=Hot AND Tout=Normal AND Hin=Normal AND Hout=Normal AND L=Normal AND Solar=Normal AND CO2=Normal AND Wind=Medium AND N=Normal AND E=Normal AND W=1,Poor,0.4236452419129148,881
Tin=Normal AND Tout=Normal AND Hin=Normal AND Hout=Normal AND L=Low AND Solar=Normal AND CO2=Normal AND Wind=Low AND N=Normal AND E=Normal AND W=3,Good,0.4252028751341203,882
Tin=Normal AND Tout=Normal AND Hin=Wet AND Hout=Wet AND L=Low AND Solar=Normal AND CO2=Normal AND Wind=Medium AND N=High AND E=Normal AND W=0,Acceptable,0.4367816091954026,883
Tin=Normal AND Tout=Cold AND Hin=Normal AND Hout=Wet AND L=Normal AND Solar=Low AND CO2=Normal AND Wind=Low AND N=Normal AND E=Normal AND W=1,Acceptable,0.3865952044869255,884
Tin=Normal AND Tout=Normal AND Hin=Wet AND Hout=Wet AND L=Normal AND Solar=Low AND CO2=Normal AND Wind=Medium AND N=High AND E=Normal AND W=1,Acceptable,0.4677985766672929,885
Tin=Normal AND Tout=Hot AND Hin=Normal AND Hout=Normal AND L=Normal AND Solar=Normal AND CO2=Low AND Wind=Low AND N=Normal AND E=Normal AND W=3,Acceptable,0.3858573546981435,886
Tin=Normal AND Tout=Normal AND Hin=Dry AND Hout=Dry AND L=Normal AND Solar=Normal AND CO2=Normal AND Wind=Low AND N=Normal AND E=Normal AND W=0,Acceptable,0.3804539570105357,887
Tin=Normal AND Tout=Normal AND Hin=Normal AND Hout=Normal AND L=Low AND Solar=High AND CO2=Normal AND Wind=Low AND N=Normal AND E=Normal AND W=3,Good,0.4598708029993975,888
Tin=Normal AND Tout=Normal AND Hin=Wet AND Hout=Wet AND L=Normal AND Solar=Low AND CO2=Normal AND Wind=Medium AND N=Normal AND E=Normal AND W=2,Poor,0.6444059446963675,889
Tin=Normal AND Tout=Normal AND Hin=Normal AND Hout=Normal AND L=Normal AND Solar=Normal AND CO2=Normal AND Wind=Low AND N=Normal AND E=Normal AND W=0,Acceptable,0.4192048061434039,890
Tin=Normal AND Tout=Normal AND Hin=Dry AND Hout=Normal AND L=Normal AND Solar=Normal AND CO2=Normal AND Wind=Medium AND N=Low AND E=Normal AND W=0,Acceptable,0.39906384151264,891
Tin=Normal AND Tout=Normal AND Hin=Normal AND Hout=Normal AND L=Low AND Solar=Normal AND CO2=Normal AND Wind=Medium AND N=Normal AND E=Low AND W=1,Acceptable,0.3773946360153258,892
Tin=Normal AND Tout=Normal AND Hin=Normal AND Hout=Normal AND L=Normal AND Solar=Normal AND CO2=Normal AND Wind=Medium AND N=Normal AND E=Normal AND W=0,Acceptable,0.3867578622958001,893
Tin=Normal AND Tout=Normal AND Hin=Normal AND Hout=Normal AND L=Low AND Solar=High AND CO2=Normal AND Wind=Medium AND N=High AND E=Normal AND W=3,Good,0.4433096369008962,894
Tin=Normal AND Tout=Normal AND Hin=Normal AND Hout=Normal AND L=Normal AND Solar=Normal AND CO2=Normal AND Wind=Low AND N=High AND E=Normal AND W=0,Acceptable,0.4209157418638616,895
Tin=Normal AND Tout=Normal AND Hin=Normal AND Hout=Normal AND L=Normal AND Solar=Normal AND CO2=Normal AND Wind=Low AND N=High AND E=Normal AND W=3,Good,0.454296093304854,896
Tin=Normal AND Tout=Normal AND Hin=Normal AND Hout=Normal AND L=Low AND Solar=High AND CO2=Normal AND Wind=Low AND N=Low AND E=Normal AND W=3,Good,0.4183626286034178,897
Tin=Normal AND Tout=Normal AND Hin=Normal AND Hout=Normal AND L=Normal AND Solar=Normal AND CO2=Normal AND Wind=Medium AND N=High AND E=Normal AND W=0,Good,0.4140570364955624,898
Tin=Normal AND Tout=Normal AND Hin=Normal AND Hout=Wet AND L=Normal AND Solar=Low AND CO2=Normal AND Wind=High AND N=High AND E=Normal AND W=2,Poor,0.3582367550870698,899
Tin=Normal AND Tout=Normal AND Hin=Normal AND Hout=Wet AND L=Normal AND Solar=Normal AND CO2=Normal AND Wind=Medium AND N=Normal AND E=Normal AND W=0,Acceptable,0.3485032768294251,900
Tin=Normal AND Tout=Cold AND Hin=Normal AND Hout=Normal AND L=Low AND Solar=Normal AND CO2=High AND Wind=Medium AND N=Low AND E=High AND W=3,Acceptable,0.3675208253502359,901
Tin=Normal AND Tout=Normal AND Hin=Normal AND Hout=Wet AND L=Normal AND Solar=Low AND CO2=Normal AND Wind=Medium AND N=High AND E=Low AND W=1,Acceptable,0.4425477347962393,902
Tin=Normal AND Tout=Normal AND Hin=Normal AND Hout=Normal AND L=Normal AND Solar=Low AND CO2=Normal AND Wind=Medium AND N=Normal AND E=Normal AND W=1,Acceptable,0.3774504790438011,903
Tin=Normal AND Tout=Normal AND Hin=Normal AND Hout=Normal AND L=Normal AND Solar=Low AND CO2=Normal AND Wind=Medium AND N=High AND E=Normal AND W=0,Acceptable,0.3938620830289914,904
Tin=Normal AND Tout=Normal AND Hin=Normal AND Hout=Normal AND L=Normal AND Solar=Normal AND CO2=Normal AND Wind=Medium AND N=Normal AND E=Low AND W=0,Acceptable,0.3462243693659799,905
Tin=Normal AND Tout=Normal AND Hin=Normal AND Hout=Normal AND L=Normal AND Solar=Normal AND CO2=Normal AND Wind=Medium AND N=Low AND E=Normal AND W=0,Good,0.3522658411701319,906
Tin=Normal AND Tout=Normal AND Hin=Normal AND Hout=Normal AND L=Normal AND Solar=Normal AND CO2=Normal AND Wind=Medium AND N=High AND E=Normal AND W=3,Good,0.4737755624701473,907
Tin=Normal AND Tout=Normal AND Hin=Normal AND Hout=Normal AND L=Low AND Solar=High AND CO2=Normal AND Wind=Medium AND N=Normal AND E=Normal AND W=3,Good,0.3721501670774418,908
Tin=Cold AND Tout=Cold AND Hin=Normal AND Hout=Normal AND L=Normal AND Solar=Normal AND CO2=Normal AND Wind=Medium AND N=Normal AND E=Normal AND W=0,Poor,0.3850714174734134,909
Tin=Hot AND Tout=Normal AND Hin=Normal AND Hout=Normal AND L=Low AND Solar=High AND CO2=Normal AND Wind=Medium AND N=Normal AND E=Normal AND W=3,Acceptable,0.3436847602496424,910
Tin=Normal AND Tout=Normal AND Hin=Normal AND Hout=Normal AND L=Normal AND Solar=Low AND CO2=High AND Wind=High AND N=Normal AND E=Normal AND W=1,Acceptable,0.5011159485771658,911
Tin=Normal AND Tout=Hot AND Hin=Normal AND Hout=Normal AND L=Normal AND Solar=Low AND CO2=Normal AND Wind=Medium AND N=Normal AND E=Normal AND W=2,Poor,0.3631843128762377,912
Tin=Hot AND Tout=Normal AND Hin=Normal AND Hout=Normal AND L=Normal AND Solar=Normal AND CO2=High AND Wind=Medium AND N=Low AND E=High AND W=3,Acceptable,0.3468922912046755,913
Tin=Normal AND Tout=Normal AND Hin=Normal AND Hout=Normal AND L=Low AND Solar=Normal AND CO2=High AND Wind=Medium AND N=Normal AND E=Normal AND W=0,Acceptable,0.3336318219877726,914
Tin=Normal AND Tout=Normal AND Hin=Dry AND Hout=Normal AND L=Normal AND Solar=Normal AND CO2=Normal AND Wind=Medium AND N=Normal AND E=Normal AND W=3,Good,0.3429636240468169,915
Tin=Normal AND Tout=Normal AND Hin=Normal AND Hout=Normal AND L=Normal AND Solar=Normal AND CO2=Normal AND Wind=Medium AND N=Low AND E=Normal AND W=0,Acceptable,0.5500301626813915,916
Tin=Cold AND Tout=Normal AND Hin=Normal AND Hout=Normal AND L=Normal AND Solar=Normal AND CO2=Normal AND Wind=Medium AND N=Normal AND E=Normal AND W=0,Acceptable,0.4411826999694656,917
Tin=Normal AND Tout=Normal AND Hin=Dry AND Hout=Normal AND L=Normal AND Solar=Normal AND CO2=Normal AND Wind=Medium AND N=Low AND E=Low AND W=0,Acceptable,0.3439587585864623,918
Tin=Normal AND Tout=Hot AND Hin=Normal AND Hout=Normal AND L=Normal AND Solar=Normal AND CO2=Normal AND Wind=Medium AND N=Normal AND E=Normal AND W=3,Acceptable,0.4908100495634561,919
Tin=Normal AND Tout=Normal AND Hin=Dry AND Hout=Normal AND L=Normal AND Solar=Normal AND CO2=Normal AND Wind=High AND N=Normal AND E=Normal AND W=3,Good,0.3513262882676907,920
Tin=Normal AND Tout=Normal AND Hin=Normal AND Hout=Wet AND L=Normal AND Solar=Normal AND CO2=High AND Wind=Medium AND N=Normal AND E=Normal AND W=3,Good,0.3929845286299583,921
Tin=Cold AND Tout=Normal AND Hin=Normal AND Hout=Normal AND L=Low AND Solar=Normal AND CO2=Normal AND Wind=Medium AND N=Normal AND E=Normal AND W=3,Acceptable,0.4439361215201944,922
Tin=Cold AND Tout=Cold AND Hin=Normal AND Hout=Normal AND L=High AND Solar=Normal AND CO2=Normal AND Wind=Medium AND N=Normal AND E=Normal AND W=0,Poor,0.4691137071970641,923
Tin=Cold AND Tout=Normal AND Hin=Normal AND Hout=Normal AND L=Normal AND Solar=Low AND CO2=Low AND Wind=Medium AND N=Low AND E=Normal AND W=1,Poor,0.4162032197239707,924
Tin=Cold AND Tout=Normal AND Hin=Normal AND Hout=Normal AND L=Normal AND Solar=Low AND CO2=Normal AND Wind=Medium AND N=Normal AND E=Normal AND W=0,Acceptable,0.3438591737344721,925
Tin=Hot AND Tout=Normal AND Hin=Normal AND Hout=Normal AND L=Low AND Solar=Normal AND CO2=Normal AND Wind=Medium AND N=High AND E=Normal AND W=3,Acceptable,0.4367816091954026,926
Tin=Hot AND Tout=Normal AND Hin=Normal AND Hout=Normal AND L=Low AND Solar=Normal AND CO2=Normal AND Wind=Low AND N=Normal AND E=Low AND W=3,Good,0.3959610736971737,927
Tin=Cold AND Tout=Normal AND Hin=Normal AND Hout=Normal AND L=Normal AND Solar=Low AND CO2=Normal AND Wind=Medium AND N=Normal AND E=Normal AND W=0,Poor,0.3529800610903821,928
Tin=Hot AND Tout=Normal AND Hin=Normal AND Hout=Normal AND L=Normal AND Solar=Normal AND CO2=Normal AND Wind=Medium AND N=High AND E=Normal AND W=1,Poor,0.4289694205315069,929
Tin=Normal AND Tout=Hot AND Hin=Normal AND Hout=Normal AND L=Low AND Solar=Normal AND CO2=Normal AND Wind=Low AND N=Normal AND E=Normal AND W=3,Acceptable,0.5689655172413794,930
Tin=Normal AND Tout=Normal AND Hin=Normal AND Hout=Normal AND L=Normal AND Solar=Normal AND CO2=Normal AND Wind=Low AND N=Normal AND E=Normal AND W=1,Acceptable,0.3426501534668278,931
Tin=Normal AND Tout=Normal AND Hin=Normal AND Hout=Normal AND L=Low AND Solar=Normal AND CO2=Low AND Wind=Medium AND N=Normal AND E=Normal AND W=0,Acceptable,0.3370495410476623,932
Tin=Normal AND Tout=Normal AND Hin=Dry AND Hout=Dry AND L=Low AND Solar=Normal AND CO2=Normal AND Wind=Medium AND N=Normal AND E=Normal AND W=3,Acceptable,0.4103552425423646,933
Tin=Normal AND Tout=Normal AND Hin=Normal AND Hout=Normal AND L=Normal AND Solar=Low AND CO2=Normal AND Wind=Medium AND N=High AND E=Normal AND W=1,Acceptable,0.3670633896498369,934
Tin=Normal AND Tout=Normal AND Hin=Normal AND Hout=Normal AND L=Normal AND Solar=Normal AND CO2=Normal AND Wind=Medium AND N=Low AND E=Low AND W=0,Acceptable,0.4519590963157094,935
Tin=Normal AND Tout=Normal AND Hin=Normal AND Hout=Normal AND L=Normal AND Solar=Normal AND CO2=Normal AND Wind=Medium AND N=Normal AND E=Normal AND W=3,Good,0.3962111925657434,936
Tin=Normal AND Tout=Cold AND Hin=Wet AND Hout=Wet AND L=High AND Solar=Low AND CO2=Low AND Wind=Medium AND N=High AND E=Normal AND W=1,Poor,0.3717294763636686,937
Tin=Normal AND Tout=Normal AND Hin=Normal AND Hout=Normal AND L=Normal AND Solar=Normal AND CO2=Normal AND Wind=High AND N=Normal AND E=Normal AND W=0,Acceptable,0.4452952023029327,938
Tin=Hot AND Tout=Hot AND Hin=Normal AND Hout=Normal AND L=Normal AND Solar=Normal AND CO2=Normal AND Wind=Medium AND N=High AND E=Normal AND W=3,Acceptable,0.3335812836990515,939
Tin=Normal AND Tout=Normal AND Hin=Normal AND Hout=Normal AND L=Low AND Solar=High AND CO2=Normal AND Wind=Low AND N=Low AND E=Normal AND W=3,Good,0.3652436730757729,940
Tin=Cold AND Tout=Cold AND Hin=Wet AND Hout=Wet AND L=Normal AND Solar=Low AND CO2=Normal AND Wind=Medium AND N=Normal AND E=Normal AND W=3,Poor,0.3470754564663936,941
Tin=Normal AND Tout=Normal AND Hin=Normal AND Hout=Normal AND L=Normal AND Solar=Low AND CO2=Low AND Wind=Low AND N=Normal AND E=Normal AND W=0,Acceptable,0.4132607972726363,942
Tin=Normal AND Tout=Normal AND Hin=Normal AND Hout=Normal AND L=Normal AND Solar=Low AND CO2=Normal AND Wind=Medium AND N=Normal AND E=Normal AND W=1,Acceptable,0.4325434862906803,943
Tin=Normal AND Tout=Normal AND Hin=Normal AND Hout=Normal AND L=Normal AND Solar=Normal AND CO2=Normal AND Wind=Medium AND N=Low AND E=Normal AND W=3,Good,0.3389333387701628,944
Tin=Cold AND Tout=Normal AND Hin=Normal AND Hout=Normal AND L=Low AND Solar=High AND CO2=Normal AND Wind=Medium AND N=Low AND E=Low AND W=3,Poor,0.4994269637045992,945
Tin=Normal AND Tout=Normal AND Hin=Normal AND Hout=Normal AND L=Low AND Solar=High AND CO2=Low AND Wind=Low AND N=Normal AND E=Normal AND W=3,Acceptable,0.3827228039380705,946
Tin=Normal AND Tout=Normal AND Hin=Normal AND Hout=Normal AND L=Low AND Solar=Normal AND CO2=Normal AND Wind=Medium AND N=Normal AND E=Normal AND W=0,Acceptable,0.4571697402958533,947
Tin=Cold AND Tout=Cold AND Hin=Normal AND Hout=Normal AND L=Low AND Solar=Normal AND CO2=Normal AND Wind=Low AND N=Normal AND E=Normal AND W=3,Acceptable,0.3773946360153258,948
Tin=Cold AND Tout=Cold AND Hin=Dry AND Hout=Dry AND L=Normal AND Solar=Low AND CO2=Normal AND Wind=Medium AND N=Low AND E=Normal AND W=3,Acceptable,0.436781609195402,949
Tin=Hot AND Tout=Normal AND Hin=Normal AND Hout=Normal AND L=Normal AND Solar=Normal AND CO2=Normal AND Wind=Medium AND N=Normal AND E=High AND W=1,Poor,0.427728487860873,950
Tin=Normal AND Tout=Normal AND Hin=Normal AND Hout=Wet AND L=Normal AND Solar=Normal AND CO2=Normal AND Wind=Medium AND N=Normal AND E=Normal AND W=0,Acceptable,0.3394915900711185,951
Tin=Normal AND Tout=Normal AND Hin=Normal AND Hout=Wet AND L=Normal AND Solar=Low AND CO2=Normal AND Wind=Low AND N=Normal AND E=High AND W=1,Acceptable,0.3495369078699306,952
Tin=Normal AND Tout=Normal AND Hin=Normal AND Hout=Normal AND L=Normal AND Solar=Low AND CO2=Normal AND Wind=High AND N=High AND E=Normal AND W=2,Poor,0.3770191198810834,953
Tin=Normal AND Tout=Normal AND Hin=Normal AND Hout=Normal AND L=Low AND Solar=High AND CO2=Normal AND Wind=Medium AND N=Normal AND E=Normal AND W=3,Good,0.3632021750015964,954
Tin=Normal AND Tout=Hot AND Hin=Normal AND Hout=Normal AND L=Low AND Solar=High AND CO2=Normal AND Wind=Medium AND N=Normal AND E=Normal AND W=3,Good,0.3860558747263474,955
Tin=Cold AND Tout=Normal AND Hin=Normal AND Hout=Normal AND L=Normal AND Solar=Normal AND CO2=Normal AND Wind=Medium AND N=High AND E=Normal AND W=3,Poor,0.5512251989853849,956
Tin=Cold AND Tout=Normal AND Hin=Normal AND Hout=Normal AND L=High AND Solar=Low AND CO2=High AND Wind=Low AND N=Normal AND E=Normal AND W=1,Poor,0.4349970882665966,957
Tin=Normal AND Tout=Normal AND Hin=Dry AND Hout=Dry AND L=Normal AND Solar=Normal AND CO2=High AND Wind=Medium AND N=Normal AND E=Normal AND W=3,Acceptable,0.3880291255617379,958
Tin=Normal AND Tout=Normal AND Hin=Normal AND Hout=Wet AND L=Normal AND Solar=Normal AND CO2=Normal AND Wind=Medium AND N=High AND E=Normal AND W=3,Good,0.4030365171843675,959
Tin=Normal AND Tout=Normal AND Hin=Normal AND Hout=Normal AND L=Normal AND Solar=Low AND CO2=Normal AND Wind=Medium AND N=Normal AND E=High AND W=1,Poor,0.3428548603801477,960
Tin=Normal AND Tout=Normal AND Hin=Normal AND Hout=Normal AND L=High AND Solar=Low AND CO2=Low AND Wind=Low AND N=Low AND E=Normal AND W=1,Acceptable,0.3356577978419763,961
Tin=Normal AND Tout=Normal AND Hin=Dry AND Hout=Normal AND L=Low AND Solar=High AND CO2=Normal AND Wind=Medium AND N=Low AND E=Low AND W=3,Acceptable,0.511602576611697,962
Tin=Normal AND Tout=Normal AND Hin=Normal AND Hout=Normal AND L=Normal AND Solar=Normal AND CO2=High AND Wind=Medium AND N=Low AND E=Normal AND W=3,Good,0.436781609195402,963
Tin=Normal AND Tout=Cold AND Hin=Normal AND Hout=Normal AND L=Normal AND Solar=Low AND CO2=Normal AND Wind=Low AND N=Low AND E=Normal AND W=3,Good,0.5445854475762115,964
Tin=Normal AND Tout=Hot AND Hin=Dry AND Hout=Dry AND L=Low AND Solar=High AND CO2=Low AND Wind=High AND N=Low AND E=Normal AND W=3,Acceptable,0.4600599902246099,965
Tin=Normal AND Tout=Normal AND Hin=Normal AND Hout=Normal AND L=Low AND Solar=Normal AND CO2=Normal AND Wind=Medium AND N=Normal AND E=Normal AND W=3,Good,0.5129872996529364,966
Tin=Normal AND Tout=Normal AND Hin=Normal AND Hout=Normal AND L=Normal AND Solar=Normal AND CO2=Normal AND Wind=Medium AND N=Low AND E=Low AND W=3,Good,0.379974966336434,967
Tin=Normal AND Tout=Normal AND Hin=Normal AND Hout=Normal AND L=Normal AND Solar=Low AND CO2=Normal AND Wind=Medium AND N=Low AND E=Normal AND W=0,Acceptable,0.3546113938664127,968
Tin=Normal AND Tout=Normal AND Hin=Normal AND Hout=Dry AND L=Low AND Solar=High AND CO2=Normal AND Wind=Low AND N=Normal AND E=Normal AND W=3,Good,0.3390371806103544,969
Tin=Normal AND Tout=Normal AND Hin=Normal AND Hout=Normal AND L=Normal AND Solar=Normal AND CO2=Low AND Wind=Low AND N=High AND E=Normal AND W=3,Acceptable,0.3761156724014019,970
Tin=Normal AND Tout=Normal AND Hin=Normal AND Hout=Normal AND L=Normal AND Solar=Normal AND CO2=Normal AND Wind=Medium AND N=Low AND E=Low AND W=1,Acceptable,0.4062328437503437,971
Tin=Normal AND Tout=Normal AND Hin=Normal AND Hout=Normal AND L=Low AND Solar=Normal AND CO2=High AND Wind=Medium AND N=High AND E=Normal AND W=3,Acceptable,0.4067240495690244,972
Tin=Normal AND Tout=Normal AND Hin=Normal AND Hout=Normal AND L=Normal AND Solar=Normal AND CO2=Normal AND Wind=Medium AND N=Low AND E=Normal AND W=1,Poor,0.42002618213465,973
Tin=Normal AND Tout=Normal AND Hin=Normal AND Hout=Normal AND L=Normal AND Solar=Normal AND CO2=Normal AND Wind=Medium AND N=Normal AND E=Normal AND W=3,Good,0.3633446711526062,974
Tin=Hot AND Tout=Normal AND Hin=Normal AND Hout=Normal AND L=Normal AND Solar=Normal AND CO2=Normal AND Wind=Medium AND N=High AND E=Normal AND W=0,Acceptable,0.4774690416481426,975
Tin=Normal AND Tout=Cold AND Hin=Normal AND Hout=Normal AND L=Normal AND Solar=Normal AND CO2=Normal AND Wind=Medium AND N=High AND E=Normal AND W=0,Acceptable,0.3358615688792827,976
Tin=Normal AND Tout=Normal AND Hin=Normal AND Hout=Normal AND L=Low AND Solar=High AND CO2=High AND Wind=Medium AND N=High AND E=Low AND W=3,Good,0.4368203083690757,977
Tin=Cold AND Tout=Normal AND Hin=Normal AND Hout=Normal AND L=Normal AND Solar=Low AND CO2=Normal AND Wind=Medium AND N=Low AND E=Normal AND W=1,Poor,0.4030651082581456,978
Tin=Normal AND Tout=Normal AND Hin=Normal AND Hout=Normal AND L=Normal AND Solar=Normal AND CO2=Low AND Wind=Medium AND N=High AND E=Normal AND W=0,Acceptable,0.3361860988328101,979
Tin=Normal AND Tout=Normal AND Hin=Normal AND Hout=Normal AND L=Normal AND Solar=Low AND CO2=Normal AND Wind=Medium AND N=Normal AND E=Normal AND W=1,Acceptable,0.4010638533640919,980
Tin=Normal AND Tout=Normal AND Hin=Wet AND Hout=Wet AND L=Normal AND Solar=Low AND CO2=Normal AND Wind=Medium AND N=High AND E=Normal AND W=1,Acceptable,0.3545134247338253,981
Tin=Normal AND Tout=Normal AND Hin=Normal AND Hout=Normal AND L=Normal AND Solar=Low AND CO2=Normal AND Wind=Medium AND N=Low AND E=Normal AND W=1,Acceptable,0.3829091109723535,982
Tin=Normal AND Tout=Normal AND Hin=Normal AND Hout=Normal AND L=Low AND Solar=Normal AND CO2=Normal AND Wind=Medium AND N=High AND E=Normal AND W=3,Acceptable,0.3570288377633772,983
Tin=Normal AND Tout=Normal AND Hin=Wet AND Hout=Normal AND L=Normal AND Solar=Normal AND CO2=Low AND Wind=Low AND N=Normal AND E=Normal AND W=3,Good,0.4103776510123892,984
Tin=Normal AND Tout=Normal AND Hin=Normal AND Hout=Normal AND L=Normal AND Solar=Low AND CO2=Normal AND Wind=Medium AND N=Low AND E=Low AND W=1,Acceptable,0.3655185210108542,985
Tin=Normal AND Tout=Normal AND Hin=Normal AND Hout=Normal AND L=Normal AND Solar=Normal AND CO2=Normal AND Wind=Medium AND N=Low AND E=Normal AND W=0,Acceptable,0.4095155308876593,986
Tin=Normal AND Tout=Normal AND Hin=Normal AND Hout=Wet AND L=High AND Solar=Low AND CO2=Normal AND Wind=Low AND N=Normal AND E=Normal AND W=1,Acceptable,0.6261042232937363,987
Tin=Normal AND Tout=Normal AND Hin=Normal AND Hout=Normal AND L=Normal AND Solar=Low AND CO2=Normal AND Wind=Medium AND N=Low AND E=Normal AND W=0,Acceptable,0.4762130295702813,988
Tin=Hot AND Tout=Normal AND Hin=Wet AND Hout=Wet AND L=Normal AND Solar=Low AND CO2=Normal AND Wind=High AND N=High AND E=Normal AND W=2,Poor,0.3352484049686015,989
Tin=Cold AND Tout=Normal AND Hin=Normal AND Hout=Normal AND L=Normal AND Solar=Normal AND CO2=Low AND Wind=Low AND N=Normal AND E=Low AND W=3,Poor,0.3674510773478893,990
Tin=Normal AND Tout=Normal AND Hin=Normal AND Hout=Dry AND L=Normal AND Solar=Normal AND CO2=Low AND Wind=Low AND N=Normal AND E=Normal AND W=0,Acceptable,0.3808206550406814,991
Tin=Normal AND Tout=Hot AND Hin=Normal AND Hout=Normal AND L=Normal AND Solar=Normal AND CO2=Normal AND Wind=Medium AND N=Normal AND E=High AND W=1,Poor,0.4193861863925939,992
Tin=Normal AND Tout=Normal AND Hin=Normal AND Hout=Dry AND L=Low AND Solar=High AND CO2=High AND Wind=Low AND N=High AND E=Normal AND W=3,Acceptable,0.3561883787999657,993
Tin=Normal AND Tout=Normal AND Hin=Normal AND Hout=Normal AND L=Normal AND Solar=Normal AND CO2=Normal AND Wind=Low AND N=Normal AND E=Normal AND W=3,Good,0.3796254991005815,994
Tin=Cold AND Tout=Normal AND Hin=Dry AND Hout=Dry AND L=Normal AND Solar=Low AND CO2=Normal AND Wind=Medium AND N=Normal AND E=Normal AND W=0,Poor,0.3892064869079467,995
Tin=Normal AND Tout=Normal AND Hin=Normal AND Hout=Normal AND L=Low AND Solar=Normal AND CO2=Normal AND Wind=Medium AND N=High AND E=Low AND W=3,Good,0.3454658289409386,996
Tin=Normal AND Tout=Cold AND Hin=Dry AND Hout=Dry AND L=Normal AND Solar=Normal AND CO2=Normal AND Wind=Medium AND N=High AND E=High AND W=3,Acceptable,0.350500631246539,997
Tin=Normal AND Tout=Normal AND Hin=Normal AND Hout=Normal AND L=Normal AND Solar=Normal AND CO2=Normal AND Wind=Medium AND N=Low AND E=Low AND W=3,Good,0.4256436186677034,998
Tin=Normal AND Tout=Normal AND Hin=Normal AND Hout=Normal AND L=Low AND Solar=High AND CO2=High AND Wind=Medium AND N=Normal AND E=Normal AND W=3,Acceptable,0.3408942868842036,999
Tin=Normal AND Tout=Cold AND Hin=Normal AND Hout=Normal AND L=Normal AND Solar=Low AND CO2=Low AND Wind=Medium AND N=Normal AND E=High AND W=1,Poor,0.3773946360153254,1000
Tin=Normal AND Tout=Normal AND Hin=Normal AND Hout=Normal AND L=Normal AND Solar=Low AND CO2=Normal AND Wind=Medium AND N=Low AND E=Normal AND W=1,Acceptable,0.5890803744470201,1001
Tin=Normal AND Tout=Normal AND Hin=Normal AND Hout=Normal AND L=Normal AND Solar=Normal AND CO2=Normal AND Wind=Low AND N=Low AND E=Low AND W=3,Good,0.3874035198334161,1002
Tin=Normal AND Tout=Normal AND Hin=Wet AND Hout=Wet AND L=Normal AND Solar=Low AND CO2=Normal AND Wind=Medium AND N=Normal AND E=Normal AND W=1,Acceptable,0.3773946360153254,1003
Tin=Normal AND Tout=Normal AND Hin=Normal AND Hout=Normal AND L=Normal AND Solar=Low AND CO2=Low AND Wind=Medium AND N=Normal AND E=Normal AND W=3,Good,0.3933224402551551,1004
Tin=Hot AND Tout=Normal AND Hin=Dry AND Hout=Dry AND L=Normal AND Solar=Low AND CO2=Low AND Wind=Medium AND N=High AND E=Normal AND W=3,Poor,0.4712230537719842,1005
Tin=Normal AND Tout=Normal AND Hin=Normal AND Hout=Normal AND L=Normal AND Solar=Normal AND CO2=Normal AND Wind=Medium AND N=High AND E=Normal AND W=3,Acceptable,0.4167483299307963,1006
Tin=Normal AND Tout=Normal AND Hin=Normal AND Hout=Normal AND L=Normal AND Solar=Normal AND CO2=Normal AND Wind=Medium AND N=Low AND E=Normal AND W=0,Acceptable,0.4287590889821526,1007
Tin=Normal AND Tout=Cold AND Hin=Wet AND Hout=Wet AND L=Normal AND Solar=Low AND CO2=Normal AND Wind=Medium AND N=High AND E=Normal AND W=1,Poor,0.4769862268280918,1008
Tin=Normal AND Tout=Normal AND Hin=Normal AND Hout=Normal AND L=Normal AND Solar=Normal AND CO2=Normal AND Wind=Medium AND N=Normal AND E=Normal AND W=3,Good,0.4385209371087361,1009
Tin=Normal AND Tout=Normal AND Hin=Normal AND Hout=Normal AND L=Normal AND Solar=Normal AND CO2=Normal AND Wind=Medium AND N=Normal AND E=Normal AND W=3,Good,0.3507463603569075,1010
Tin=Normal AND Tout=Normal AND Hin=Normal AND Hout=Normal AND L=Normal AND Solar=Normal AND CO2=Low AND Wind=Low AND N=High AND E=Normal AND W=0,Acceptable,0.4035394289104909,1011
Tin=Normal AND Tout=Normal AND Hin=Normal AND Hout=Normal AND L=Normal AND Solar=Normal AND CO2=Normal AND Wind=Medium AND N=Low AND E=Low AND W=3,Acceptable,0.3415714848557797,1012
Tin=Normal AND Tout=Hot AND Hin=Normal AND Hout=Normal AND L=Normal AND Solar=Normal AND CO2=High AND Wind=Medium AND N=Normal AND E=High AND W=3,Acceptable,0.3441844993509912,1013
Tin=Normal AND Tout=Normal AND Hin=Normal AND Hout=Normal AND L=Low AND Solar=Normal AND CO2=Normal AND Wind=Medium AND N=Normal AND E=Normal AND W=0,Acceptable,0.6027495567966207,1014
Tin=Normal AND Tout=Normal AND Hin=Dry AND Hout=Dry AND L=High AND Solar=Low AND CO2=High AND Wind=Medium AND N=Normal AND E=Normal AND W=1,Poor,0.3366187393165028,1015
Tin=Normal AND Tout=Normal AND Hin=Wet AND Hout=Wet AND L=Normal AND Solar=Low AND CO2=Normal AND Wind=Medium AND N=High AND E=Normal AND W=1,Acceptable,0.3979192494127224,1016
Tin=Normal AND Tout=Normal AND Hin=Normal AND Hout=Normal AND L=Normal AND Solar=Low AND CO2=Normal AND Wind=Medium AND N=Low AND E=Normal AND W=1,Acceptable,0.342311497156439,1017
Tin=Normal AND Tout=Normal AND Hin=Normal AND Hout=Normal AND L=Normal AND Solar=High AND CO2=Normal AND Wind=Low AND N=Low AND E=Normal AND W=3,Good,0.3455031700557361,1018
Tin=Normal AND Tout=Normal AND Hin=Normal AND Hout=Normal AND L=Low AND Solar=High AND CO2=Low AND Wind=Medium AND N=Low AND E=Low AND W=3,Good,0.6606389123359446,1019
Tin=Hot AND Tout=Normal AND Hin=Normal AND Hout=Normal AND L=Normal AND Solar=Normal AND CO2=Normal AND Wind=Medium AND N=Low AND E=Normal AND W=3,Acceptable,0.3947300934515002,1020
Tin=Normal AND Tout=Normal AND Hin=Normal AND Hout=Normal AND L=Normal AND Solar=Normal AND CO2=Low AND Wind=Medium AND N=High AND E=Normal AND W=0,Acceptable,0.3766396406281533,1021
Tin=Normal AND Tout=Normal AND Hin=Dry AND Hout=Normal AND L=Normal AND Solar=Low AND CO2=Normal AND Wind=Medium AND N=Normal AND E=Normal AND W=1,Acceptable,0.580957308394782,1022
Tin=Normal AND Tout=Normal AND Hin=Normal AND Hout=Normal AND L=Normal AND Solar=Low AND CO2=Normal AND Wind=Medium AND N=Normal AND E=Normal AND W=3,Acceptable,0.3425420568907563,1023
Tin=Normal AND Tout=Normal AND Hin=Normal AND Hout=Normal AND L=High AND Solar=Low AND CO2=Normal AND Wind=Medium AND N=Normal AND E=Normal AND W=3,Good,0.4059565595871064,1024
Tin=Hot AND Tout=Normal AND Hin=Normal AND Hout=Normal AND L=Low AND Solar=Normal AND CO2=Low AND Wind=Medium AND N=High AND E=Low AND W=3,Acceptable,0.4107565445486801,1025
Tin=Normal AND Tout=Normal AND Hin=Normal AND Hout=Normal AND L=Normal AND Solar=Normal AND CO2=Normal AND Wind=Low AND N=Normal AND E=Normal AND W=3,Good,0.506354126942429,1026
Tin=Cold AND Tout=Hot AND Hin=Normal AND Hout=Normal AND L=Normal AND Solar=Normal AND CO2=Normal AND Wind=Medium AND N=Normal AND E=High AND W=0,Poor,0.3505389321093978,1027
Tin=Normal AND Tout=Normal AND Hin=Normal AND Hout=Dry AND L=Normal AND Solar=Normal AND CO2=Normal AND Wind=Medium AND N=Normal AND E=Normal AND W=0,Acceptable,0.3395612493968654,1028
Tin=Normal AND Tout=Normal AND Hin=Normal AND Hout=Normal AND L=Normal AND Solar=Normal AND CO2=Normal AND Wind=Medium AND N=Normal AND E=Normal AND W=0,Acceptable,0.3877958500099399,1029
Tin=Normal AND Tout=Normal AND Hin=Normal AND Hout=Normal AND L=High AND Solar=Low AND CO2=Low AND Wind=Low AND N=High AND E=Normal AND W=1,Acceptable,0.3645976362793907,1030
Tin=Normal AND Tout=Normal AND Hin=Normal AND Hout=Normal AND L=Low AND Solar=Normal AND CO2=Normal AND Wind=Low AND N=Normal AND E=Normal AND W=3,Good,0.3639191468039052,1031
Tin=Normal AND Tout=Normal AND Hin=Wet AND Hout=Wet AND L=Normal AND Solar=Low AND CO2=High AND Wind=Medium AND N=High AND E=Normal AND W=1,Poor,0.3374458864457998,1032
Tin=Normal AND Tout=Normal AND Hin=Normal AND Hout=Normal AND L=Normal AND Solar=Low AND CO2=Normal AND Wind=Medium AND N=Low AND E=Normal AND W=0,Acceptable,0.3397245784494774,1033
Tin=Normal AND Tout=Normal AND Hin=Dry AND Hout=Dry AND L=Normal AND Solar=Normal AND CO2=Normal AND Wind=Medium AND N=Normal AND E=Normal AND W=3,Acceptable,0.3513886392847986,1034
Tin=Normal AND Tout=Normal AND Hin=Normal AND Hout=Normal AND L=Normal AND Solar=Normal AND CO2=Normal AND Wind=Medium AND N=High AND E=Normal AND W=3,Good,0.3349875893831074,1035
Tin=Normal AND Tout=Normal AND Hin=Normal AND Hout=Dry AND L=Normal AND Solar=Normal AND CO2=Normal AND Wind=Medium AND N=Low AND E=Normal AND W=3,Good,0.3557240666438636,1036
Tin=Normal AND Tout=Hot AND Hin=Wet AND Hout=Wet AND L=Normal AND Solar=Low AND CO2=Normal AND Wind=High AND N=Normal AND E=Normal AND W=2,Poor,0.3888464223843993,1037
Tin=Cold AND Tout=Normal AND Hin=Normal AND Hout=Normal AND L=Normal AND Solar=Normal AND CO2=Normal AND Wind=Low AND N=Low AND E=Low AND W=3,Acceptable,0.5122352274154782,1038
Tin=Normal AND Tout=Normal AND Hin=Normal AND Hout=Normal AND L=Normal AND Solar=Normal AND CO2=High AND Wind=Medium AND N=Normal AND E=Normal AND W=0,Acceptable,0.3773946360153254,1039
Tin=Normal AND Tout=Normal AND Hin=Normal AND Hout=Normal AND L=Normal AND Solar=Low AND CO2=Normal AND Wind=Medium AND N=Normal AND E=High AND W=1,Poor,0.3472998641988699,1040
Tin=Normal AND Tout=Normal AND Hin=Normal AND Hout=Dry AND L=Normal AND Solar=Normal AND CO2=High AND Wind=Medium AND N=High AND E=Normal AND W=3,Good,0.3350854394208361,1041
Tin=Normal AND Tout=Normal AND Hin=Normal AND Hout=Normal AND L=Low AND Solar=Normal AND CO2=Normal AND Wind=Medium AND N=Low AND E=Low AND W=3,Good,0.3556978741101457,1042
Tin=Normal AND Tout=Normal AND Hin=Normal AND Hout=Normal AND L=Normal AND Solar=Low AND CO2=Normal AND Wind=Medium AND N=Low AND E=Normal AND W=0,Acceptable,0.3679910780930698,1043
Tin=Normal AND Tout=Normal AND Hin=Dry AND Hout=Dry AND L=Low AND Solar=Normal AND CO2=High AND Wind=Medium AND N=Low AND E=Normal AND W=3,Poor,0.3566012301200171,1044
Tin=Normal AND Tout=Normal AND Hin=Normal AND Hout=Normal AND L=Normal AND Solar=Normal AND CO2=Normal AND Wind=Low AND N=Normal AND E=Normal AND W=0,Acceptable,0.3773946360153254,1045
Tin=Normal AND Tout=Normal AND Hin=Normal AND Hout=Normal AND L=Low AND Solar=Normal AND CO2=Normal AND Wind=Medium AND N=Normal AND E=Low AND W=3,Good,0.3632911826288003,1046
Tin=Normal AND Tout=Cold AND Hin=Normal AND Hout=Normal AND L=Low AND Solar=Normal AND CO2=Normal AND Wind=Medium AND N=High AND E=High AND W=0,Acceptable,0.3491260146815741,1047
Tin=Normal AND Tout=Normal AND Hin=Normal AND Hout=Normal AND L=Normal AND Solar=Normal AND CO2=Normal AND Wind=Low AND N=High AND E=Normal AND W=0,Acceptable,0.3990883882778131,1048
Tin=Cold AND Tout=Normal AND Hin=Normal AND Hout=Normal AND L=Normal AND Solar=Low AND CO2=Normal AND Wind=Medium AND N=Normal AND E=Normal AND W=1,Poor,0.3704880789305499,1049
Tin=Normal AND Tout=Normal AND Hin=Normal AND Hout=Normal AND L=Normal AND Solar=Normal AND CO2=Normal AND Wind=Medium AND N=Normal AND E=Normal AND W=3,Good,0.4026793207654803,1050
Tin=Cold AND Tout=Hot AND Hin=Dry AND Hout=Normal AND L=Low AND Solar=High AND CO2=High AND Wind=Medium AND N=Normal AND E=High AND W=3,Poor,0.4821109025009949,1051
Tin=Normal AND Tout=Normal AND Hin=Normal AND Hout=Dry AND L=Low AND Solar=High AND CO2=Normal AND Wind=Medium AND N=Normal AND E=Low AND W=3,Good,0.4008945204529411,1052
Tin=Normal AND Tout=Normal AND Hin=Wet AND Hout=Wet AND L=Normal AND Solar=Low AND CO2=Normal AND Wind=Medium AND N=Normal AND E=Normal AND W=2,Poor,0.5241904618453718,1053
Tin=Cold AND Tout=Normal AND Hin=Normal AND Hout=Normal AND L=Normal AND Solar=Low AND CO2=High AND Wind=Medium AND N=Low AND E=Normal AND W=1,Poor,0.3894879327762336,1054
Tin=Normal AND Tout=Normal AND Hin=Normal AND Hout=Normal AND L=Normal AND Solar=Normal AND CO2=Normal AND Wind=Medium AND N=Normal AND E=Normal AND W=3,Good,0.3431148647801564,1055
Tin=Normal AND Tout=Normal AND Hin=Normal AND Hout=Normal AND L=Normal AND Solar=Normal AND CO2=Normal AND Wind=Medium AND N=Normal AND E=Normal AND W=0,Acceptable,0.5052354447113904,1056
Tin=Normal AND Tout=Normal AND Hin=Dry AND Hout=Dry AND L=Low AND Solar=High AND CO2=Normal AND Wind=Medium AND N=Low AND E=Low AND W=3,Acceptable,0.3726719458721603,1057
Tin=Cold AND Tout=Normal AND Hin=Normal AND Hout=Normal AND L=Low AND Solar=Normal AND CO2=Normal AND Wind=Low AND N=Normal AND E=Normal AND W=3,Acceptable,0.3732490708653827,1058
Tin=Normal AND Tout=Normal AND Hin=Normal AND Hout=Normal AND L=Low AND Solar=High AND CO2=Normal AND Wind=Medium AND N=Low AND E=Low AND W=3,Good,0.3515406741000793,1059
Tin=Normal AND Tout=Normal AND Hin=Wet AND Hout=Normal AND L=Normal AND Solar=Normal AND CO2=Normal AND Wind=Medium AND N=High AND E=Normal AND W=0,Acceptable,0.501283137053058,1060
Tin=Normal AND Tout=Normal AND Hin=Normal AND Hout=Normal AND L=Low AND Solar=Normal AND CO2=Normal AND Wind=Medium AND N=Low AND E=Normal AND W=3,Good,0.3744745237333169,1061
Tin=Cold AND Tout=Normal AND Hin=Normal AND Hout=Normal AND L=Normal AND Solar=Normal AND CO2=Low AND Wind=Medium AND N=Low AND E=Low AND W=3,Acceptable,0.4264606582051746,1062
Tin=Normal AND Tout=Hot AND Hin=Normal AND Hout=Normal AND L=Normal AND Solar=Normal AND CO2=Normal AND Wind=Low AND N=Normal AND E=Normal AND W=3,Good,0.3422220840756391,1063
Tin=Normal AND Tout=Normal AND Hin=Normal AND Hout=Normal AND L=Normal AND Solar=Normal AND CO2=Normal AND Wind=Low AND N=Normal AND E=Normal AND W=0,Acceptable,0.3487452687317324,1064
Tin=Normal AND Tout=Normal AND Hin=Normal AND Hout=Normal AND L=Normal AND Solar=Normal AND CO2=Normal AND Wind=Medium AND N=Normal AND E=Normal AND W=3,Acceptable,0.360837474544682,1065
Tin=Normal AND Tout=Normal AND Hin=Normal AND Hout=Normal AND L=Normal AND Solar=Low AND CO2=Normal AND Wind=Low AND N=Normal AND E=Normal AND W=0,Acceptable,0.3340318191947122,1066
Tin=Normal AND Tout=Normal AND Hin=Normal AND Hout=Normal AND L=Normal AND Solar=Normal AND CO2=Normal AND Wind=Medium AND N=Normal AND E=Normal AND W=0,Acceptable,0.3473735261802575,1067
Tin=Cold AND Tout=Normal AND Hin=Normal AND Hout=Normal AND L=Low AND Solar=Normal AND CO2=Normal AND Wind=Medium AND N=Normal AND E=Normal AND W=3,Acceptable,0.4599553682080876,1068
Tin=Cold AND Tout=Normal AND Hin=Normal AND Hout=Wet AND L=Normal AND Solar=Low AND CO2=Normal AND Wind=Medium AND N=Low AND E=Normal AND W=1,Poor,0.3434333997028867,1069
Tin=Cold AND Tout=Normal AND Hin=Wet AND Hout=Wet AND L=Normal AND Solar=Normal AND CO2=Normal AND Wind=Medium AND N=High AND E=Normal AND W=0,Poor,0.5325596764756699,1070
Tin=Cold AND Tout=Normal AND Hin=Normal AND Hout=Normal AND L=Normal AND Solar=Normal AND CO2=Low AND Wind=Medium AND N=Low AND E=Normal AND W=3,Acceptable,0.336399421726278,1071
Tin=Normal AND Tout=Normal AND Hin=Normal AND Hout=Normal AND L=Low AND Solar=High AND CO2=Normal AND Wind=Medium AND N=Low AND E=Low AND W=3,Good,0.497295483351815,1072
Tin=Hot AND Tout=Normal AND Hin=Normal AND Hout=Dry AND L=High AND Solar=Low AND CO2=High AND Wind=Medium AND N=High AND E=Normal AND W=3,Acceptable,0.3869731266160425,1073
Tin=Normal AND Tout=Normal AND Hin=Normal AND Hout=Wet AND L=Normal AND Solar=Low AND CO2=Normal AND Wind=Medium AND N=High AND E=Normal AND W=1,Acceptable,0.4498973881736089,1074
Tin=Normal AND Tout=Hot AND Hin=Normal AND Hout=Normal AND L=Normal AND Solar=Normal AND CO2=Normal AND Wind=Medium AND N=Normal AND E=Normal AND W=0,Acceptable,0.3545507465760459,1075
Tin=Normal AND Tout=Normal AND Hin=Normal AND Hout=Normal AND L=Low AND Solar=High AND CO2=High AND Wind=Medium AND N=Normal AND E=Normal AND W=3,Good,0.5101319107310723,1076
Tin=Normal AND Tout=Normal AND Hin=Normal AND Hout=Normal AND L=Normal AND Solar=Normal AND CO2=Normal AND Wind=Medium AND N=Low AND E=Normal AND W=3,Good,0.3947989031640589,1077
Tin=Normal AND Tout=Normal AND Hin=Wet AND Hout=Wet AND L=Normal AND Solar=Normal AND CO2=Normal AND Wind=Low AND N=Normal AND E=Normal AND W=0,Acceptable,0.626438882169967,1078
Tin=Normal AND Tout=Cold AND Hin=Normal AND Hout=Normal AND L=Normal AND Solar=Normal AND CO2=Normal AND Wind=Medium AND N=High AND E=High AND W=0,Acceptable,0.5743872302880488,1079
Tin=Normal AND Tout=Cold AND Hin=Wet AND Hout=Wet AND L=Normal AND Solar=Low AND CO2=Normal AND Wind=Medium AND N=High AND E=High AND W=1,Poor,0.5158918431924724,1080
Tin=Normal AND Tout=Normal AND Hin=Normal AND Hout=Normal AND L=Normal AND Solar=Normal AND CO2=Normal AND Wind=Medium AND N=Low AND E=Normal AND W=0,Acceptable,0.3955319300673934,1081
Tin=Normal AND Tout=Normal AND Hin=Normal AND Hout=Normal AND L=Normal AND Solar=Low AND CO2=Normal AND Wind=Medium AND N=Low AND E=Normal AND W=1,Acceptable,0.4350872036439434,1082
Tin=Normal AND Tout=Hot AND Hin=Normal AND Hout=Normal AND L=Normal AND Solar=Normal AND CO2=Normal AND Wind=Medium AND N=Normal AND E=High AND W=3,Acceptable,0.3773946360153258,1083
Tin=Normal AND Tout=Normal AND Hin=Normal AND Hout=Normal AND L=Normal AND Solar=Normal AND CO2=Normal AND Wind=Medium AND N=Normal AND E=Normal AND W=3,Good,0.4229437119785133,1084
Tin=Normal AND Tout=Normal AND Hin=Normal AND Hout=Dry AND L=Low AND Solar=High AND CO2=Low AND Wind=Medium AND N=Normal AND E=Low AND W=3,Good,0.3475282350566799,1085
Tin=Normal AND Tout=Normal AND Hin=Normal AND Hout=Normal AND L=Low AND Solar=High AND CO2=Normal AND Wind=Medium AND N=High AND E=Normal AND W=3,Acceptable,0.3518151828114779,1086
Tin=Normal AND Tout=Normal AND Hin=Normal AND Hout=Normal AND L=Normal AND Solar=Low AND CO2=Normal AND Wind=Medium AND N=Normal AND E=High AND W=0,Acceptable,0.3689371963664937,1087
Tin=Normal AND Tout=Normal AND Hin=Normal AND Hout=Dry AND L=Normal AND Solar=Normal AND CO2=Normal AND Wind=Medium AND N=Normal AND E=Normal AND W=0,Acceptable,0.3648013427751759,1088
Tin=Normal AND Tout=Normal AND Hin=Normal AND Hout=Normal AND L=Normal AND Solar=Normal AND CO2=Normal AND Wind=Low AND N=Low AND E=Normal AND W=0,Acceptable,0.3434727928755418,1089
Tin=Normal AND Tout=Normal AND Hin=Normal AND Hout=Normal AND L=Normal AND Solar=Normal AND CO2=Normal AND Wind=Low AND N=Low AND E=Normal AND W=3,Good,0.5748424457696919,1090
Tin=Normal AND Tout=Normal AND Hin=Normal AND Hout=Normal AND L=Normal AND Solar=Normal AND CO2=Normal AND Wind=Medium AND N=Normal AND E=Normal AND W=0,Acceptable,0.3773946360153254,1091
Tin=Normal AND Tout=Cold AND Hin=Normal AND Hout=Normal AND L=Low AND Solar=Normal AND CO2=Normal AND Wind=Medium AND N=Normal AND E=Normal AND W=0,Acceptable,0.3773946360153258,1092
Tin=Normal AND Tout=Normal AND Hin=Normal AND Hout=Normal AND L=Normal AND Solar=Normal AND CO2=High AND Wind=Low AND N=Normal AND E=Normal AND W=3,Acceptable,0.3682445995494997,1093
Tin=Normal AND Tout=Normal AND Hin=Normal AND Hout=Normal AND L=Normal AND Solar=Normal AND CO2=Normal AND Wind=Medium AND N=Normal AND E=Normal AND W=0,Acceptable,0.3732890023006501,1094
Tin=Normal AND Tout=Normal AND Hin=Normal AND Hout=Normal AND L=Normal AND Solar=Normal AND CO2=Normal AND Wind=Medium AND N=Low AND E=Normal AND W=0,Acceptable,0.4143456110576762,1095
Tin=Normal AND Tout=Normal AND Hin=Normal AND Hout=Normal AND L=Normal AND Solar=Low AND CO2=Normal AND Wind=High AND N=Normal AND E=Normal AND W=2,Poor,0.5396097857021978,1096
Tin=Cold AND Tout=Hot AND Hin=Wet AND Hout=Normal AND L=Normal AND Solar=Low AND CO2=Normal AND Wind=Medium AND N=High AND E=Normal AND W=3,Acceptable,0.4162882188607112,1097
Tin=Normal AND Tout=Normal AND Hin=Normal AND Hout=Normal AND L=High AND Solar=Low AND CO2=Low AND Wind=Medium AND N=Low AND E=Low AND W=3,Acceptable,0.4000482548455739,1098
Tin=Cold AND Tout=Normal AND Hin=Normal AND Hout=Normal AND L=Normal AND Solar=Normal AND CO2=Normal AND Wind=Medium AND N=Normal AND E=Normal AND W=1,Poor,0.3877436126134921,1099
Tin=Normal AND Tout=Normal AND Hin=Normal AND Hout=Normal AND L=Normal AND Solar=Normal AND CO2=Normal AND Wind=Medium AND N=Low AND E=Normal AND W=3,Good,0.3598559768845919,1100
Tin=Normal AND Tout=Normal AND Hin=Normal AND Hout=Normal AND L=Normal AND Solar=Normal AND CO2=Normal AND Wind=Medium AND N=Low AND E=Normal AND W=0,Acceptable,0.4707981909689925,1101
Tin=Hot AND Tout=Normal AND Hin=Normal AND Hout=Normal AND L=Low AND Solar=Normal AND CO2=Normal AND Wind=Medium AND N=High AND E=Normal AND W=3,Acceptable,0.433911105976393,1102
Tin=Normal AND Tout=Normal AND Hin=Wet AND Hout=Wet AND L=Normal AND Solar=Normal AND CO2=Normal AND Wind=Medium AND N=High AND E=Normal AND W=3,Acceptable,0.3478643350123054,1103
Tin=Normal AND Tout=Normal AND Hin=Normal AND Hout=Normal AND L=Low AND Solar=Normal AND CO2=Normal AND Wind=Medium AND N=Normal AND E=Normal AND W=3,Good,0.36619158102055,1104
Tin=Normal AND Tout=Hot AND Hin=Normal AND Hout=Dry AND L=Low AND Solar=Normal AND CO2=Normal AND Wind=Medium AND N=High AND E=Normal AND W=0,Acceptable,0.3432140700693357,1105
Tin=Normal AND Tout=Cold AND Hin=Normal AND Hout=Normal AND L=Normal AND Solar=Normal AND CO2=Normal AND Wind=Medium AND N=High AND E=High AND W=0,Poor,0.3617293318915231,1106
Tin=Normal AND Tout=Normal AND Hin=Normal AND Hout=Normal AND L=Normal AND Solar=Low AND CO2=Low AND Wind=Low AND N=Low AND E=Normal AND W=0,Good,0.365262209941258,1107
Tin=Normal AND Tout=Cold AND Hin=Normal AND Hout=Normal AND L=Normal AND Solar=Normal AND CO2=High AND Wind=Medium AND N=Low AND E=Normal AND W=3,Acceptable,0.3844965020612395,1108
Tin=Normal AND Tout=Normal AND Hin=Normal AND Hout=Normal AND L=Normal AND Solar=Low AND CO2=Normal AND Wind=Medium AND N=Normal AND E=Normal AND W=1,Acceptable,0.3903468275908154,1109
Tin=Hot AND Tout=Normal AND Hin=Normal AND Hout=Normal AND L=Normal AND Solar=Normal AND CO2=Normal AND Wind=Medium AND N=Normal AND E=Normal AND W=1,Acceptable,0.3773946360153258,1110
Tin=Normal AND Tout=Normal AND Hin=Normal AND Hout=Normal AND L=Normal AND Solar=Low AND CO2=Normal AND Wind=Medium AND N=Normal AND E=Low AND W=1,Acceptable,0.4698048653057671,1111
Tin=Normal AND Tout=Normal AND Hin=Wet AND Hout=Normal AND L=Normal AND Solar=Low AND CO2=Normal AND Wind=Medium AND N=High AND E=Normal AND W=0,Acceptable,0.4584077641052924,1112
Tin=Normal AND Tout=Cold AND Hin=Normal AND Hout=Normal AND L=Normal AND Solar=Normal AND CO2=Normal AND Wind=Low AND N=Normal AND E=High AND W=0,Acceptable,0.3712465613656374,1113
Tin=Normal AND Tout=Cold AND Hin=Normal AND Hout=Normal AND L=Normal AND Solar=Normal AND CO2=Normal AND Wind=Low AND N=Low AND E=Normal AND W=3,Acceptable,0.3617312270785713,1114
Tin=Normal AND Tout=Normal AND Hin=Normal AND Hout=Normal AND L=Normal AND Solar=Low AND CO2=Normal AND Wind=High AND N=Normal AND E=Normal AND W=2,Acceptable,0.3931141931130528,1115
Tin=Normal AND Tout=Normal AND Hin=Normal AND Hout=Normal AND L=Normal AND Solar=Normal AND CO2=Normal AND Wind=Low AND N=Normal AND E=Normal AND W=0,Acceptable,0.4910780634151986,1116
Tin=Normal AND Tout=Normal AND Hin=Wet AND Hout=Wet AND L=Normal AND Solar=Low AND CO2=Normal AND Wind=Medium AND N=Normal AND E=Normal AND W=1,Acceptable,0.4687221442556315,1117
Tin=Cold AND Tout=Normal AND Hin=Normal AND Hout=Normal AND L=Low AND Solar=High AND CO2=Normal AND Wind=Medium AND N=Low AND E=Low AND W=3,Acceptable,0.4438735781279492,1118
Tin=Normal AND Tout=Normal AND Hin=Normal AND Hout=Normal AND L=Normal AND Solar=Normal AND CO2=Normal AND Wind=Medium AND N=Low AND E=Normal AND W=3,Good,0.391536271324202,1119
Tin=Normal AND Tout=Normal AND Hin=Normal AND Hout=Normal AND L=Low AND Solar=Normal AND CO2=Normal AND Wind=Low AND N=Normal AND E=Normal AND W=3,Good,0.3771872159747612,1120
Tin=Hot AND Tout=Normal AND Hin=Normal AND Hout=Wet AND L=High AND Solar=Low AND CO2=Normal AND Wind=Medium AND N=High AND E=Normal AND W=1,Poor,0.368726454843558,1121
Tin=Normal AND Tout=Normal AND Hin=Normal AND Hout=Normal AND L=Low AND Solar=Normal AND CO2=Low AND Wind=Medium AND N=High AND E=Normal AND W=3,Good,0.4471686053175281,1122
Tin=Normal AND Tout=Normal AND Hin=Dry AND Hout=Normal AND L=Normal AND Solar=Low AND CO2=Normal AND Wind=Medium AND N=Low AND E=Normal AND W=0,Acceptable,0.3743589863534568,1123
Tin=Cold AND Tout=Hot AND Hin=Normal AND Hout=Normal AND L=Normal AND Solar=Low AND CO2=Normal AND Wind=Medium AND N=Normal AND E=High AND W=2,Poor,0.4671356299462585,1124
Tin=Normal AND Tout=Hot AND Hin=Dry AND Hout=Normal AND L=Normal AND Solar=Normal AND CO2=Normal AND Wind=Low AND N=Low AND E=Normal AND W=3,Acceptable,0.3885355754067188,1125
Tin=Normal AND Tout=Normal AND Hin=Normal AND Hout=Normal AND L=Low AND Solar=Normal AND CO2=Low AND Wind=Medium AND N=Normal AND E=Normal AND W=3,Good,0.4557119130956804,1126
Tin=Normal AND Tout=Normal AND Hin=Normal AND Hout=Normal AND L=Normal AND Solar=Normal AND CO2=Normal AND Wind=Medium AND N=Low AND E=Normal AND W=0,Acceptable,0.3847625550378941,1127
Tin=Normal AND Tout=Normal AND Hin=Normal AND Hout=Normal AND L=Normal AND Solar=Low AND CO2=Normal AND Wind=Medium AND N=Normal AND E=Normal AND W=0,Acceptable,0.3473552191445164,1128
Tin=Normal AND Tout=Normal AND Hin=Normal AND Hout=Normal AND L=Normal AND Solar=Low AND CO2=Normal AND Wind=Low AND N=Low AND E=Normal AND W=0,Good,0.3369679529832888,1129
Tin=Normal AND Tout=Normal AND Hin=Normal AND Hout=Normal AND L=Normal AND Solar=Low AND CO2=Normal AND Wind=Medium AND N=High AND E=Normal AND W=1,Acceptable,0.3776692297314663,1130
Tin=Normal AND Tout=Normal AND Hin=Normal AND Hout=Normal AND L=Normal AND Solar=Normal AND CO2=High AND Wind=Medium AND N=Low AND E=Normal AND W=0,Acceptable,0.3381931684618223,1131
Tin=Normal AND Tout=Normal AND Hin=Normal AND Hout=Normal AND L=Normal AND Solar=Normal AND CO2=Normal AND Wind=Medium AND N=Normal AND E=Normal AND W=0,Acceptable,0.5064338830345555,1132
Tin=Normal AND Tout=Normal AND Hin=Wet AND Hout=Wet AND L=High AND Solar=Low AND CO2=Normal AND Wind=High AND N=Normal AND E=Normal AND W=2,Poor,0.5141977680480637,1133
Tin=Normal AND Tout=Normal AND Hin=Normal AND Hout=Dry AND L=Low AND Solar=Normal AND CO2=Low AND Wind=Medium AND N=Normal AND E=Normal AND W=3,Good,0.3411809509050904,1134
Tin=Normal AND Tout=Cold AND Hin=Wet AND Hout=Normal AND L=Normal AND Solar=Low AND CO2=Low AND Wind=Medium AND N=High AND E=High AND W=1,Poor,0.408320779993541,1135
Tin=Normal AND Tout=Normal AND Hin=Wet AND Hout=Wet AND L=Normal AND Solar=Normal AND CO2=Normal AND Wind=Medium AND N=Normal AND E=Normal AND W=1,Acceptable,0.375250483535729,1136
Tin=Normal AND Tout=Normal AND Hin=Normal AND Hout=Normal AND L=Normal AND Solar=Normal AND CO2=Normal AND Wind=Medium AND N=High AND E=Normal AND W=0,Acceptable,0.3655527742066267,1137
Tin=Normal AND Tout=Normal AND Hin=Normal AND Hout=Wet AND L=Low AND Solar=Normal AND CO2=Normal AND Wind=Low AND N=Low AND E=Low AND W=0,Acceptable,0.4749304132893099,1138
Tin=Normal AND Tout=Normal AND Hin=Normal AND Hout=Normal AND L=Normal AND Solar=Normal AND CO2=High AND Wind=Medium AND N=Low AND E=Low AND W=3,Good,0.4206691908877455,1139
Tin=Cold AND Tout=Normal AND Hin=Normal AND Hout=Normal AND L=Normal AND Solar=Normal AND CO2=Normal AND Wind=Low AND N=Normal AND E=Normal AND W=0,Acceptable,0.4615800962520739,1140
Tin=Normal AND Tout=Normal AND Hin=Normal AND Hout=Dry AND L=Normal AND Solar=Normal AND CO2=Normal AND Wind=Low AND N=High AND E=Normal AND W=3,Acceptable,0.4654889663637967,1141
Tin=Normal AND Tout=Normal AND Hin=Dry AND Hout=Dry AND L=Normal AND Solar=Normal AND CO2=Normal AND Wind=Low AND N=Low AND E=Low AND W=3,Good,0.5554142560581272,1142
Tin=Normal AND Tout=Normal AND Hin=Normal AND Hout=Normal AND L=Normal AND Solar=Normal AND CO2=Normal AND Wind=Low AND N=Low AND E=Low AND W=0,Acceptable,0.499934526694096,1143
Tin=Normal AND Tout=Normal AND Hin=Normal AND Hout=Normal AND L=High AND Solar=Low AND CO2=Normal AND Wind=Medium AND N=Normal AND E=Normal AND W=1,Acceptable,0.3659525218319301,1144
Tin=Normal AND Tout=Normal AND Hin=Normal AND Hout=Normal AND L=Normal AND Solar=Normal AND CO2=Normal AND Wind=Low AND N=Normal AND E=Normal AND W=3,Acceptable,0.3655854746559989,1145
Tin=Normal AND Tout=Normal AND Hin=Normal AND Hout=Normal AND L=Normal AND Solar=Low AND CO2=Low AND Wind=Medium AND N=Low AND E=Normal AND W=1,Poor,0.4068683851279024,1146
Tin=Normal AND Tout=Hot AND Hin=Normal AND Hout=Normal AND L=Normal AND Solar=Normal AND CO2=Normal AND Wind=Medium AND N=Normal AND E=Normal AND W=0,Acceptable,0.5729168469370023,1147
Tin=Normal AND Tout=Cold AND Hin=Normal AND Hout=Normal AND L=Normal AND Solar=Low AND CO2=Normal AND Wind=Low AND N=Low AND E=High AND W=0,Acceptable,0.3441549042079683,1148
Tin=Normal AND Tout=Normal AND Hin=Normal AND Hout=Normal AND L=Normal AND Solar=Normal AND CO2=Normal AND Wind=Low AND N=High AND E=Normal AND W=0,Acceptable,0.4638699507660158,1149
Tin=Normal AND Tout=Normal AND Hin=Normal AND Hout=Normal AND L=Normal AND Solar=Normal AND CO2=Low AND Wind=Medium AND N=High AND E=Normal AND W=0,Acceptable,0.3931522333888326,1150
Tin=Normal AND Tout=Normal AND Hin=Normal AND Hout=Dry AND L=Normal AND Solar=Normal AND CO2=Normal AND Wind=Medium AND N=Normal AND E=Normal AND W=0,Acceptable,0.4374372186114561,1151
Tin=Normal AND Tout=Normal AND Hin=Normal AND Hout=Normal AND L=Low AND Solar=Normal AND CO2=Normal AND Wind=Medium AND N=Low AND E=Low AND W=3,Good,0.3947643892428478,1152
Tin=Normal AND Tout=Normal AND Hin=Normal AND Hout=Normal AND L=Normal AND Solar=Normal AND CO2=Normal AND Wind=Medium AND N=Normal AND E=Normal AND W=0,Acceptable,0.3451396818739142,1153
Tin=Normal AND Tout=Normal AND Hin=Normal AND Hout=Normal AND L=Low AND Solar=Normal AND CO2=Normal AND Wind=Medium AND N=High AND E=Normal AND W=0,Acceptable,0.3874712095891951,1154
Tin=Hot AND Tout=Normal AND Hin=Normal AND Hout=Normal AND L=Low AND Solar=High AND CO2=Normal AND Wind=Low AND N=Normal AND E=Normal AND W=3,Acceptable,0.3367196300073826,1155
Tin=Normal AND Tout=Normal AND Hin=Normal AND Hout=Normal AND L=Normal AND Solar=High AND CO2=High AND Wind=Medium AND N=Normal AND E=Normal AND W=3,Good,0.3773946360153258,1156
Tin=Normal AND Tout=Normal AND Hin=Normal AND Hout=Dry AND L=Normal AND Solar=Normal AND CO2=Normal AND Wind=Low AND N=High AND E=Normal AND W=3,Good,0.4962728950344209,1157
Tin=Cold AND Tout=Hot AND Hin=Normal AND Hout=Normal AND L=Low AND Solar=High AND CO2=Normal AND Wind=Medium AND N=Normal AND E=High AND W=3,Poor,0.6128459588116193,1158
Tin=Normal AND Tout=Normal AND Hin=Dry AND Hout=Normal AND L=Low AND Solar=High AND CO2=Normal AND Wind=Medium AND N=High AND E=Normal AND W=3,Good,0.3585021169147118,1159
Tin=Normal AND Tout=Normal AND Hin=Normal AND Hout=Normal AND L=Normal AND Solar=Low AND CO2=Normal AND Wind=Medium AND N=High AND E=Normal AND W=0,Acceptable,0.5209342299582645,1160
Tin=Normal AND Tout=Normal AND Hin=Normal AND Hout=Normal AND L=Normal AND Solar=Normal AND CO2=Normal AND Wind=Low AND N=High AND E=Normal AND W=0,Good,0.4352342785415192,1161
Tin=Normal AND Tout=Normal AND Hin=Normal AND Hout=Normal AND L=Normal AND Solar=Low AND CO2=Normal AND Wind=Medium AND N=Normal AND E=Normal AND W=0,Acceptable,0.3642884917609998,1162
Tin=Normal AND Tout=Cold AND Hin=Wet AND Hout=Normal AND L=Normal AND Solar=Low AND CO2=Low AND Wind=Low AND N=High AND E=Normal AND W=0,Acceptable,0.3385540018244695,1163
Tin=Hot AND Tout=Normal AND Hin=Normal AND Hout=Normal AND L=Low AND Solar=High AND CO2=Normal AND Wind=Medium AND N=Normal AND E=Normal AND W=3,Poor,0.4145310714813381,1164
Tin=Normal AND Tout=Normal AND Hin=Normal AND Hout=Normal AND L=Normal AND Solar=Normal AND CO2=Normal AND Wind=Medium AND N=Normal AND E=Normal AND W=0,Acceptable,0.3943219273998348,1165
Tin=Normal AND Tout=Hot AND Hin=Normal AND Hout=Normal AND L=Low AND Solar=Normal AND CO2=Normal AND Wind=Medium AND N=Normal AND E=High AND W=3,Acceptable,0.350123583042983,1166
Tin=Normal AND Tout=Cold AND Hin=Normal AND Hout=Normal AND L=Normal AND Solar=Low AND CO2=Normal AND Wind=Low AND N=Low AND E=Normal AND W=3,Acceptable,0.3367744286002569,1167
Tin=Normal AND Tout=Normal AND Hin=Normal AND Hout=Normal AND L=Normal AND Solar=Low AND CO2=Normal AND Wind=High AND N=Normal AND E=Normal AND W=1,Acceptable,0.3721252178781772,1168
Tin=Cold AND Tout=Normal AND Hin=Normal AND Hout=Normal AND L=Normal AND Solar=Low AND CO2=High AND Wind=Medium AND N=Low AND E=Normal AND W=1,Poor,0.3856440521689523,1169
Tin=Normal AND Tout=Normal AND Hin=Normal AND Hout=Normal AND L=Low AND Solar=Normal AND CO2=Normal AND Wind=Medium AND N=Normal AND E=Normal AND W=3,Acceptable,0.3377538874522462,1170
Tin=Normal AND Tout=Normal AND Hin=Normal AND Hout=Wet AND L=Normal AND Solar=Low AND CO2=Normal AND Wind=Medium AND N=Low AND E=Normal AND W=1,Acceptable,0.3403433337235979,1171
Tin=Cold AND Tout=Normal AND Hin=Normal AND Hout=Normal AND L=Low AND Solar=Normal AND CO2=Normal AND Wind=Low AND N=High AND E=Normal AND W=3,Acceptable,0.3558759829060741,1172
Tin=Normal AND Tout=Normal AND Hin=Wet AND Hout=Wet AND L=Normal AND Solar=Low AND CO2=Low AND Wind=Medium AND N=Normal AND E=Normal AND W=1,Acceptable,0.3495016783367773,1173
Tin=Normal AND Tout=Normal AND Hin=Normal AND Hout=Normal AND L=High AND Solar=Normal AND CO2=Normal AND Wind=Medium AND N=Normal AND E=Normal AND W=0,Acceptable,0.4810703897285107,1174
Tin=Normal AND Tout=Normal AND Hin=Normal AND Hout=Normal AND L=Low AND Solar=Normal AND CO2=Normal AND Wind=Medium AND N=Normal AND E=Normal AND W=3,Good,0.3350395422438094,1175
Tin=Normal AND Tout=Normal AND Hin=Normal AND Hout=Normal AND L=Low AND Solar=High AND CO2=Low AND Wind=Medium AND N=High AND E=Normal AND W=3,Good,0.4211229563313982,1176
Tin=Normal AND Tout=Normal AND Hin=Normal AND Hout=Normal AND L=Normal AND Solar=Normal AND CO2=Normal AND Wind=Medium AND N=Normal AND E=Normal AND W=0,Acceptable,0.3345052295383601,1177
Tin=Normal AND Tout=Normal AND Hin=Dry AND Hout=Dry AND L=Low AND Solar=High AND CO2=Low AND Wind=Medium AND N=Normal AND E=Low AND W=3,Poor,0.3430600309599957,1178
Tin=Hot AND Tout=Normal AND Hin=Normal AND Hout=Dry AND L=Normal AND Solar=Normal AND CO2=Normal AND Wind=Medium AND N=High AND E=Normal AND W=3,Poor,0.3639022552496286,1179
Tin=Normal AND Tout=Hot AND Hin=Normal AND Hout=Normal AND L=Normal AND Solar=Low AND CO2=Normal AND Wind=Medium AND N=Low AND E=Normal AND W=0,Acceptable,0.3752184198555848,1180
Tin=Cold AND Tout=Normal AND Hin=Normal AND Hout=Normal AND L=Normal AND Solar=Low AND CO2=Normal AND Wind=Medium AND N=High AND E=Normal AND W=0,Poor,0.3989659411812423,1181
Tin=Normal AND Tout=Normal AND Hin=Normal AND Hout=Normal AND L=Normal AND Solar=Low AND CO2=Normal AND Wind=Low AND N=Low AND E=Normal AND W=3,Good,0.3902187901949372,1182
Tin=Cold AND Tout=Normal AND Hin=Normal AND Hout=Normal AND L=Normal AND Solar=Low AND CO2=Normal AND Wind=Low AND N=Low AND E=Normal AND W=1,Poor,0.4006939539806503,1183
Tin=Normal AND Tout=Normal AND Hin=Normal AND Hout=Normal AND L=Normal AND Solar=Low AND CO2=Normal AND Wind=Low AND N=Low AND E=Normal AND W=0,Acceptable,0.3599138221529774,1184
Tin=Normal AND Tout=Normal AND Hin=Dry AND Hout=Dry AND L=Normal AND Solar=Low AND CO2=Normal AND Wind=Medium AND N=High AND E=Normal AND W=1,Acceptable,0.4751711087288589,1185
Tin=Normal AND Tout=Normal AND Hin=Normal AND Hout=Normal AND L=Normal AND Solar=Normal AND CO2=Normal AND Wind=Low AND N=Low AND E=Normal AND W=0,Acceptable,0.3404003443426877,1186
Tin=Normal AND Tout=Normal AND Hin=Normal AND Hout=Normal AND L=Normal AND Solar=Normal AND CO2=Normal AND Wind=Medium AND N=High AND E=Normal AND W=0,Acceptable,0.4371170401930579,1187
Tin=Normal AND Tout=Normal AND Hin=Wet AND Hout=Wet AND L=Normal AND Solar=Low AND CO2=Normal AND Wind=Medium AND N=Low AND E=Low AND W=1,Acceptable,0.434058403757054,1188
Tin=Normal AND Tout=Normal AND Hin=Normal AND Hout=Normal AND L=Normal AND Solar=Normal AND CO2=Normal AND Wind=Medium AND N=High AND E=Normal AND W=0,Acceptable,0.4367816091954026,1189
Tin=Normal AND Tout=Normal AND Hin=Normal AND Hout=Normal AND L=Low AND Solar=High AND CO2=Low AND Wind=Medium AND N=Low AND E=Normal AND W=3,Good,0.3538728493723251,1190
Tin=Normal AND Tout=Normal AND Hin=Normal AND Hout=Normal AND L=Low AND Solar=Normal AND CO2=High AND Wind=Medium AND N=High AND E=Normal AND W=3,Good,0.4291243397866405,1191
Tin=Cold AND Tout=Normal AND Hin=Wet AND Hout=Normal AND L=Normal AND Solar=Normal AND CO2=Normal AND Wind=Medium AND N=Normal AND E=Normal AND W=1,Poor,0.3441384694402771,1192
Tin=Normal AND Tout=Normal AND Hin=Normal AND Hout=Normal AND L=Low AND Solar=Normal AND CO2=Low AND Wind=Medium AND N=High AND E=Normal AND W=3,Good,0.3881483231376997,1193
Tin=Normal AND Tout=Normal AND Hin=Dry AND Hout=Dry AND L=Normal AND Solar=Normal AND CO2=Normal AND Wind=Low AND N=Normal AND E=Normal AND W=3,Acceptable,0.4772626648927298,1194
Tin=Normal AND Tout=Normal AND Hin=Normal AND Hout=Normal AND L=Normal AND Solar=Low AND CO2=Normal AND Wind=Medium AND N=Normal AND E=Normal AND W=0,Acceptable,0.3376284710496283,1195
Tin=Normal AND Tout=Hot AND Hin=Normal AND Hout=Normal AND L=Normal AND Solar=Normal AND CO2=Normal AND Wind=Low AND N=Normal AND E=High AND W=0,Acceptable,0.3464116371370668,1196
Tin=Normal AND Tout=Normal AND Hin=Normal AND Hout=Normal AND L=Normal AND Solar=Normal AND CO2=Normal AND Wind=Medium AND N=Normal AND E=Normal AND W=0,Acceptable,0.3587603031768149,1197
Tin=Normal AND Tout=Normal AND Hin=Normal AND Hout=Normal AND L=Low AND Solar=Normal AND CO2=Normal AND Wind=Low AND N=High AND E=Normal AND W=0,Acceptable,0.4659264142829615,1198
Tin=Normal AND Tout=Hot AND Hin=Wet AND Hout=Wet AND L=Normal AND Solar=Normal AND CO2=Normal AND Wind=Medium AND N=Normal AND E=Normal AND W=0,Acceptable,0.3874054137091191,1199
Tin=Normal AND Tout=Normal AND Hin=Normal AND Hout=Normal AND L=Normal AND Solar=Normal AND CO2=Normal AND Wind=Low AND N=Low AND E=Normal AND W=3,Good,0.4002936565621963,1200
Tin=Cold AND Tout=Normal AND Hin=Wet AND Hout=Normal AND L=Low AND Solar=Normal AND CO2=High AND Wind=Low AND N=Low AND E=Low AND W=3,Poor,0.3579871876833983,1201
Tin=Normal AND Tout=Normal AND Hin=Normal AND Hout=Wet AND L=Normal AND Solar=Normal AND CO2=Normal AND Wind=Medium AND N=Normal AND E=Normal AND W=0,Acceptable,0.340524853367242,1202
Tin=Normal AND Tout=Normal AND Hin=Normal AND Hout=Normal AND L=Low AND Solar=High AND CO2=Normal AND Wind=Low AND N=Low AND E=Normal AND W=3,Good,0.3616524843483596,1203
Tin=Normal AND Tout=Normal AND Hin=Normal AND Hout=Normal AND L=Normal AND Solar=Low AND CO2=Normal AND Wind=Medium AND N=Normal AND E=Normal AND W=2,Poor,0.471784704575393,1204
Tin=Normal AND Tout=Normal AND Hin=Normal AND Hout=Normal AND L=Normal AND Solar=Low AND CO2=Low AND Wind=Medium AND N=High AND E=Normal AND W=1,Acceptable,0.3445394479866616,1205
Tin=Normal AND Tout=Hot AND Hin=Dry AND Hout=Dry AND L=Normal AND Solar=High AND CO2=Normal AND Wind=Low AND N=Low AND E=Normal AND W=3,Acceptable,0.3553714737211895,1206
Tin=Normal AND Tout=Cold AND Hin=Normal AND Hout=Dry AND L=Normal AND Solar=Low AND CO2=Normal AND Wind=Medium AND N=High AND E=High AND W=0,Acceptable,0.4180831898537511,1207
Tin=Normal AND Tout=Hot AND Hin=Normal AND Hout=Normal AND L=Normal AND Solar=Normal AND CO2=Normal AND Wind=Medium AND N=Low AND E=Normal AND W=0,Acceptable,0.4241964134233999,1208
Tin=Normal AND Tout=Normal AND Hin=Normal AND Hout=Normal AND L=Normal AND Solar=Low AND CO2=Normal AND Wind=Medium AND N=High AND E=Normal AND W=1,Acceptable,0.4130557110336051,1209
Tin=Normal AND Tout=Normal AND Hin=Normal AND Hout=Normal AND L=Low AND Solar=Normal AND CO2=Normal AND Wind=Medium AND N=Normal AND E=Normal AND W=0,Acceptable,0.4018230575081877,1210
Tin=Normal AND Tout=Cold AND Hin=Normal AND Hout=Normal AND L=Low AND Solar=Normal AND CO2=Normal AND Wind=Low AND N=High AND E=Normal AND W=3,Acceptable,0.4348450116405467,1211
Tin=Normal AND Tout=Normal AND Hin=Normal AND Hout=Normal AND L=Normal AND Solar=Normal AND CO2=Low AND Wind=Low AND N=High AND E=Normal AND W=3,Good,0.4663838839546861,1212
Tin=Normal AND Tout=Normal AND Hin=Dry AND Hout=Normal AND L=Normal AND Solar=Low AND CO2=High AND Wind=Medium AND N=Normal AND E=Normal AND W=3,Acceptable,0.3737019978312523,1213
Tin=Normal AND Tout=Normal AND Hin=Wet AND Hout=Wet AND L=Normal AND Solar=Low AND CO2=Normal AND Wind=Medium AND N=High AND E=Normal AND W=1,Acceptable,0.3649170972917311,1214
Tin=Normal AND Tout=Normal AND Hin=Normal AND Hout=Normal AND L=Normal AND Solar=Normal AND CO2=Low AND Wind=Low AND N=Normal AND E=Normal AND W=0,Acceptable,0.4858741735927968,1215
Tin=Normal AND Tout=Normal AND Hin=Normal AND Hout=Wet AND L=Normal AND Solar=Normal AND CO2=Normal AND Wind=Medium AND N=Low AND E=Normal AND W=0,Acceptable,0.3723536656891444,1216
Tin=Cold AND Tout=Normal AND Hin=Normal AND Hout=Normal AND L=Normal AND Solar=Normal AND CO2=Low AND Wind=Medium AND N=Low AND E=Normal AND W=3,Acceptable,0.3622823006646005,1217
Tin=Cold AND Tout=Normal AND Hin=Normal AND Hout=Wet AND L=Normal AND Solar=Low AND CO2=Normal AND Wind=Medium AND N=Normal AND E=Normal AND W=1,Poor,0.3553754448756979,1218
Tin=Cold AND Tout=Normal AND Hin=Normal AND Hout=Normal AND L=Normal AND Solar=Low AND CO2=High AND Wind=High AND N=Low AND E=Normal AND W=1,Poor,0.3913341439890599,1219
Tin=Cold AND Tout=Normal AND Hin=Normal AND Hout=Normal AND L=Normal AND Solar=Normal AND CO2=Normal AND Wind=Low AND N=High AND E=Normal AND W=0,Acceptable,0.4292936889844473,1220
Tin=Normal AND Tout=Normal AND Hin=Wet AND Hout=Wet AND L=Normal AND Solar=Low AND CO2=Normal AND Wind=Medium AND N=Low AND E=Low AND W=1,Acceptable,0.4032112613493892,1221
Tin=Normal AND Tout=Normal AND Hin=Normal AND Hout=Normal AND L=Normal AND Solar=Low AND CO2=Normal AND Wind=Medium AND N=High AND E=Normal AND W=1,Acceptable,0.4367816091954026,1222
Tin=Hot AND Tout=Normal AND Hin=Normal AND Hout=Normal AND L=Low AND Solar=High AND CO2=Normal AND Wind=Medium AND N=High AND E=Low AND W=3,Acceptable,0.3663374991757354,1223
Tin=Normal AND Tout=Normal AND Hin=Normal AND Hout=Normal AND L=Low AND Solar=Normal AND CO2=Normal AND Wind=Low AND N=Normal AND E=Normal AND W=3,Good,0.3803283222319003,1224
Tin=Normal AND Tout=Normal AND Hin=Normal AND Hout=Wet AND L=Normal AND Solar=Low AND CO2=Normal AND Wind=Medium AND N=Normal AND E=Normal AND W=3,Good,0.3564230681089367,1225
Tin=Normal AND Tout=Normal AND Hin=Normal AND Hout=Normal AND L=Low AND Solar=High AND CO2=Normal AND Wind=Low AND N=High AND E=Normal AND W=3,Good,0.3350468056413282,1226
Tin=Normal AND Tout=Normal AND Hin=Normal AND Hout=Normal AND L=Normal AND Solar=High AND CO2=High AND Wind=Medium AND N=Normal AND E=Normal AND W=3,Good,0.3773946360153254,1227
Tin=Normal AND Tout=Normal AND Hin=Normal AND Hout=Wet AND L=Normal AND Solar=Normal AND CO2=Low AND Wind=Medium AND N=High AND E=Normal AND W=0,Acceptable,0.4638521948207198,1228
Tin=Normal AND Tout=Normal AND Hin=Wet AND Hout=Wet AND L=Normal AND Solar=Low AND CO2=Normal AND Wind=Medium AND N=Normal AND E=Normal AND W=1,Acceptable,0.3666584180641848,1229
Tin=Normal AND Tout=Normal AND Hin=Normal AND Hout=Normal AND L=Normal AND Solar=Normal AND CO2=Normal AND Wind=Medium AND N=Normal AND E=Normal AND W=1,Acceptable,0.4478226123785834,1230
Tin=Normal AND Tout=Hot AND Hin=Normal AND Hout=Normal AND L=Low AND Solar=High AND CO2=Normal AND Wind=Medium AND N=High AND E=Normal AND W=3,Acceptable,0.339623699659636,1231
Tin=Cold AND Tout=Normal AND Hin=Wet AND Hout=Wet AND L=Normal AND Solar=Normal AND CO2=Normal AND Wind=Medium AND N=Normal AND E=Normal AND W=0,Poor,0.3442219303727093,1232
Tin=Normal AND Tout=Normal AND Hin=Normal AND Hout=Normal AND L=Normal AND Solar=Normal AND CO2=Normal AND Wind=Medium AND N=Normal AND E=Normal AND W=3,Good,0.3773946360153258,1233
Tin=Normal AND Tout=Normal AND Hin=Normal AND Hout=Normal AND L=Normal AND Solar=Normal AND CO2=Normal AND Wind=Medium AND N=High AND E=Normal AND W=1,Acceptable,0.3514513643337585,1234
Tin=Normal AND Tout=Normal AND Hin=Dry AND Hout=Normal AND L=Normal AND Solar=Normal AND CO2=Normal AND Wind=Medium AND N=Normal AND E=Normal AND W=0,Acceptable,0.384300788155339,1235
Tin=Normal AND Tout=Hot AND Hin=Normal AND Hout=Normal AND L=Normal AND Solar=Normal AND CO2=Normal AND Wind=Medium AND N=High AND E=Normal AND W=3,Acceptable,0.413687414703184,1236
Tin=Normal AND Tout=Normal AND Hin=Normal AND Hout=Normal AND L=High AND Solar=Low AND CO2=Normal AND Wind=Medium AND N=High AND E=Normal AND W=1,Acceptable,0.3834792445579877,1237
Tin=Normal AND Tout=Normal AND Hin=Normal AND Hout=Normal AND L=Normal AND Solar=Normal AND CO2=Normal AND Wind=Medium AND N=Low AND E=Normal AND W=1,Acceptable,0.3402422205436332,1238
Tin=Normal AND Tout=Hot AND Hin=Normal AND Hout=Normal AND L=Normal AND Solar=Normal AND CO2=Normal AND Wind=Medium AND N=High AND E=Normal AND W=3,Good,0.3794815155594667,1239
Tin=Normal AND Tout=Normal AND Hin=Wet AND Hout=Wet AND L=Normal AND Solar=Normal AND CO2=Normal AND Wind=Medium AND N=Normal AND E=Normal AND W=1,Poor,0.3335748972183981,1240
Tin=Normal AND Tout=Normal AND Hin=Normal AND Hout=Normal AND L=Normal AND Solar=Low AND CO2=Normal AND Wind=Low AND N=High AND E=Normal AND W=0,Acceptable,0.3366465154306227,1241
Tin=Cold AND Tout=Normal AND Hin=Wet AND Hout=Wet AND L=Normal AND Solar=Normal AND CO2=Normal AND Wind=Medium AND N=Low AND E=Low AND W=3,Poor,0.3725675569000884,1242
Tin=Normal AND Tout=Normal AND Hin=Dry AND Hout=Normal AND L=Low AND Solar=Normal AND CO2=Normal AND Wind=Medium AND N=Normal AND E=Normal AND W=3,Acceptable,0.3481360908551952,1243
Tin=Normal AND Tout=Normal AND Hin=Normal AND Hout=Normal AND L=High AND Solar=Normal AND CO2=Normal AND Wind=Medium AND N=Normal AND E=Normal AND W=0,Acceptable,0.3674919294351416,1244
Tin=Normal AND Tout=Normal AND Hin=Normal AND Hout=Normal AND L=Normal AND Solar=Normal AND CO2=Low AND Wind=Low AND N=High AND E=Normal AND W=3,Acceptable,0.4329008485708074,1245
Tin=Normal AND Tout=Normal AND Hin=Normal AND Hout=Normal AND L=Normal AND Solar=Normal AND CO2=Normal AND Wind=Medium AND N=Normal AND E=Normal AND W=3,Good,0.510165655829171,1246
Tin=Normal AND Tout=Normal AND Hin=Normal AND Hout=Wet AND L=Normal AND Solar=Normal AND CO2=Normal AND Wind=Medium AND N=Normal AND E=Normal AND W=0,Acceptable,0.3471946301325353,1247
Tin=Hot AND Tout=Normal AND Hin=Normal AND Hout=Normal AND L=Normal AND Solar=Low AND CO2=Normal AND Wind=Low AND N=Normal AND E=Normal AND W=1,Poor,0.3523656238219606,1248
Tin=Hot AND Tout=Normal AND Hin=Normal AND Hout=Normal AND L=Normal AND Solar=Normal AND CO2=Normal AND Wind=Medium AND N=Normal AND E=Normal AND W=3,Acceptable,0.3950788751943954,1249
Tin=Normal AND Tout=Normal AND Hin=Normal AND Hout=Normal AND L=Normal AND Solar=Normal AND CO2=Low AND Wind=Medium AND N=High AND E=Normal AND W=0,Acceptable,0.4493606959156891,1250
Tin=Normal AND Tout=Cold AND Hin=Normal AND Hout=Normal AND L=Normal AND Solar=Low AND CO2=Normal AND Wind=Medium AND N=Low AND E=High AND W=2,Poor,0.4303515044548908,1251
Tin=Normal AND Tout=Normal AND Hin=Normal AND Hout=Normal AND L=Low AND Solar=High AND CO2=High AND Wind=High AND N=High AND E=Normal AND W=3,Good,0.3973907150403464,1252
Tin=Hot AND Tout=Normal AND Hin=Normal AND Hout=Normal AND L=Normal AND Solar=Normal AND CO2=High AND Wind=Medium AND N=High AND E=Normal AND W=0,Acceptable,0.4219553918434484,1253
Tin=Cold AND Tout=Normal AND Hin=Normal AND Hout=Normal AND L=Low AND Solar=High AND CO2=Normal AND Wind=Medium AND N=Low AND E=Normal AND W=3,Poor,0.3960202776606257,1254
Tin=Cold AND Tout=Cold AND Hin=Normal AND Hout=Normal AND L=Normal AND Solar=Low AND CO2=Normal AND Wind=Low AND N=Normal AND E=Normal AND W=0,Acceptable,0.442921736537652,1255
Tin=Hot AND Tout=Normal AND Hin=Normal AND Hout=Normal AND L=Normal AND Solar=Normal AND CO2=Normal AND Wind=Medium AND N=Normal AND E=Normal AND W=3,Acceptable,0.3520334710302712,1256
Tin=Normal AND Tout=Normal AND Hin=Normal AND Hout=Normal AND L=Low AND Solar=High AND CO2=Normal AND Wind=Low AND N=High AND E=Normal AND W=3,Good,0.3610690190214021,1257
Tin=Normal AND Tout=Normal AND Hin=Wet AND Hout=Wet AND L=Normal AND Solar=Low AND CO2=Normal AND Wind=High AND N=Low AND E=Normal AND W=1,Acceptable,0.4417045981175224,1258
Tin=Normal AND Tout=Normal AND Hin=Normal AND Hout=Normal AND L=Normal AND Solar=Normal AND CO2=Normal AND Wind=Medium AND N=Normal AND E=Normal AND W=3,Good,0.5689655172413791,1259
Tin=Normal AND Tout=Hot AND Hin=Normal AND Hout=Normal AND L=Normal AND Solar=Normal AND CO2=Low AND Wind=Medium AND N=Normal AND E=Normal AND W=3,Good,0.3491912405747112,1260
Tin=Normal AND Tout=Normal AND Hin=Normal AND Hout=Normal AND L=Normal AND Solar=Normal AND CO2=Normal AND Wind=Low AND N=Normal AND E=Normal AND W=0,Acceptable,0.4979787370351322,1261
Tin=Cold AND Tout=Normal AND Hin=Normal AND Hout=Normal AND L=Normal AND Solar=Normal AND CO2=Normal AND Wind=Medium AND N=Normal AND E=Normal AND W=0,Acceptable,0.3773946360153254,1262
Tin=Normal AND Tout=Normal AND Hin=Normal AND Hout=Normal AND L=High AND Solar=Low AND CO2=High AND Wind=Low AND N=High AND E=Normal AND W=3,Acceptable,0.392081521650118,1263
Tin=Normal AND Tout=Normal AND Hin=Normal AND Hout=Normal AND L=Low AND Solar=Normal AND CO2=Normal AND Wind=Medium AND N=High AND E=Normal AND W=3,Acceptable,0.3584043312659775,1264
Tin=Normal AND Tout=Normal AND Hin=Normal AND Hout=Normal AND L=Normal AND Solar=Normal AND CO2=Normal AND Wind=Low AND N=High AND E=Normal AND W=3,Good,0.4110772952876175,1265
Tin=Normal AND Tout=Normal AND Hin=Normal AND Hout=Normal AND L=Low AND Solar=High AND CO2=Normal AND Wind=Medium AND N=Normal AND E=Normal AND W=3,Good,0.4633085543335457,1266
Tin=Normal AND Tout=Normal AND Hin=Normal AND Hout=Normal AND L=Normal AND Solar=Normal AND CO2=Normal AND Wind=Medium AND N=High AND E=Normal AND W=1,Acceptable,0.3771044388540925,1267
Tin=Normal AND Tout=Normal AND Hin=Normal AND Hout=Normal AND L=Low AND Solar=Normal AND CO2=Low AND Wind=Medium AND N=Normal AND E=Low AND W=0,Good,0.3636290465109197,1268
Tin=Cold AND Tout=Normal AND Hin=Normal AND Hout=Normal AND L=Normal AND Solar=Low AND CO2=Normal AND Wind=High AND N=High AND E=Normal AND W=1,Acceptable,0.3707742765373833,1269
Tin=Normal AND Tout=Hot AND Hin=Wet AND Hout=Normal AND L=Normal AND Solar=Normal AND CO2=Normal AND Wind=Medium AND N=High AND E=Normal AND W=0,Acceptable,0.3648988481637587,1270
Tin=Normal AND Tout=Normal AND Hin=Normal AND Hout=Normal AND L=Normal AND Solar=Low AND CO2=Normal AND Wind=Medium AND N=Low AND E=Normal AND W=3,Good,0.3906112024254451,1271
Tin=Normal AND Tout=Cold AND Hin=Normal AND Hout=Normal AND L=Normal AND Solar=Normal AND CO2=Normal AND Wind=Medium AND N=Low AND E=Normal AND W=0,Acceptable,0.3602704622322911,1272
Tin=Normal AND Tout=Normal AND Hin=Dry AND Hout=Normal AND L=Normal AND Solar=Normal AND CO2=Normal AND Wind=Low AND N=Low AND E=Normal AND W=3,Good,0.4210662091262731,1273
Tin=Cold AND Tout=Normal AND Hin=Normal AND Hout=Normal AND L=Low AND Solar=Normal AND CO2=High AND Wind=Low AND N=Low AND E=Low AND W=3,Poor,0.3811679252813449,1274
Tin=Cold AND Tout=Cold AND Hin=Normal AND Hout=Normal AND L=High AND Solar=Low AND CO2=Normal AND Wind=Medium AND N=Low AND E=Normal AND W=1,Poor,0.3686622817774463,1275
Tin=Normal AND Tout=Normal AND Hin=Normal AND Hout=Normal AND L=Normal AND Solar=Normal AND CO2=Normal AND Wind=Medium AND N=Low AND E=Normal AND W=0,Good,0.4146247285066614,1276
Tin=Normal AND Tout=Cold AND Hin=Normal AND Hout=Normal AND L=Normal AND Solar=Low AND CO2=Normal AND Wind=Medium AND N=Low AND E=Normal AND W=3,Good,0.5439939089233604,1277
Tin=Normal AND Tout=Normal AND Hin=Wet AND Hout=Normal AND L=High AND Solar=Low AND CO2=Normal AND Wind=Medium AND N=Low AND E=Normal AND W=1,Acceptable,0.3391187563086124,1278
Tin=Normal AND Tout=Normal AND Hin=Wet AND Hout=Wet AND L=Normal AND Solar=Low AND CO2=Low AND Wind=Medium AND N=Normal AND E=Normal AND W=1,Acceptable,0.3562557035306881,1279
Tin=Normal AND Tout=Hot AND Hin=Normal AND Hout=Normal AND L=Low AND Solar=Normal AND CO2=Normal AND Wind=Medium AND N=Low AND E=Normal AND W=3,Good,0.3762605681220579,1280
Tin=Hot AND Tout=Normal AND Hin=Normal AND Hout=Normal AND L=Normal AND Solar=Normal AND CO2=Normal AND Wind=Low AND N=Normal AND E=High AND W=3,Acceptable,0.3966144078797751,1281
Tin=Normal AND Tout=Normal AND Hin=Normal AND Hout=Wet AND L=Normal AND Solar=Low AND CO2=Normal AND Wind=Medium AND N=Low AND E=Normal AND W=1,Acceptable,0.3828161987215693,1282
Tin=Normal AND Tout=Normal AND Hin=Normal AND Hout=Normal AND L=High AND Solar=Low AND CO2=Normal AND Wind=Medium AND N=Low AND E=Normal AND W=2,Poor,0.4477072618371319,1283
Tin=Normal AND Tout=Normal AND Hin=Normal AND Hout=Normal AND L=Normal AND Solar=Normal AND CO2=Normal AND Wind=Low AND N=Normal AND E=Normal AND W=0,Good,0.3371372057082017,1284
Tin=Normal AND Tout=Normal AND Hin=Normal AND Hout=Normal AND L=High AND Solar=Low AND CO2=Normal AND Wind=Low AND N=Low AND E=Normal AND W=0,Acceptable,0.3598801122060197,1285
Tin=Normal AND Tout=Hot AND Hin=Normal AND Hout=Normal AND L=Normal AND Solar=Normal AND CO2=Normal AND Wind=Low AND N=Normal AND E=Normal AND W=3,Good,0.4731800766283523,1286
Tin=Normal AND Tout=Normal AND Hin=Normal AND Hout=Normal AND L=Normal AND Solar=Normal AND CO2=High AND Wind=Medium AND N=Normal AND E=Normal AND W=3,Good,0.3735391069976126,1287
Tin=Normal AND Tout=Normal AND Hin=Normal AND Hout=Normal AND L=Low AND Solar=High AND CO2=Normal AND Wind=High AND N=Low AND E=Low AND W=3,Good,0.3496676018962061,1288
Tin=Normal AND Tout=Normal AND Hin=Normal AND Hout=Wet AND L=High AND Solar=Low AND CO2=High AND Wind=Medium AND N=Normal AND E=Normal AND W=2,Poor,0.3611358004493205,1289
Tin=Normal AND Tout=Normal AND Hin=Normal AND Hout=Normal AND L=Normal AND Solar=Normal AND CO2=Normal AND Wind=Medium AND N=Low AND E=Low AND W=0,Acceptable,0.4266781908530639,1290
Tin=Normal AND Tout=Normal AND Hin=Normal AND Hout=Wet AND L=Normal AND Solar=Low AND CO2=High AND Wind=Medium AND N=Low AND E=Normal AND W=1,Acceptable,0.338981099822726,1291
Tin=Normal AND Tout=Normal AND Hin=Normal AND Hout=Normal AND L=Normal AND Solar=Low AND CO2=Low AND Wind=Medium AND N=Normal AND E=Normal AND W=1,Acceptable,0.3435293512752956,1292
Tin=Normal AND Tout=Normal AND Hin=Normal AND Hout=Dry AND L=Low AND Solar=Normal AND CO2=Normal AND Wind=Medium AND N=Normal AND E=Normal AND W=3,Good,0.5074100337891476,1293
Tin=Hot AND Tout=Normal AND Hin=Normal AND Hout=Normal AND L=Low AND Solar=High AND CO2=Normal AND Wind=Medium AND N=High AND E=Normal AND W=3,Acceptable,0.3535439189234088,1294
Tin=Cold AND Tout=Normal AND Hin=Dry AND Hout=Normal AND L=Low AND Solar=High AND CO2=High AND Wind=Medium AND N=Low AND E=Low AND W=3,Poor,0.3760491235476814,1295
Tin=Normal AND Tout=Normal AND Hin=Normal AND Hout=Normal AND L=Normal AND Solar=Normal AND CO2=Low AND Wind=Medium AND N=High AND E=Normal AND W=3,Acceptable,0.619981644695237,1296
Tin=Normal AND Tout=Normal AND Hin=Dry AND Hout=Normal AND L=Low AND Solar=Normal AND CO2=Normal AND Wind=Medium AND N=Low AND E=Low AND W=3,Good,0.3789280153596887,1297
Tin=Normal AND Tout=Hot AND Hin=Normal AND Hout=Normal AND L=Normal AND Solar=Normal AND CO2=Normal AND Wind=Low AND N=High AND E=High AND W=3,Acceptable,0.5831948101783274,1298
Tin=Normal AND Tout=Normal AND Hin=Normal AND Hout=Normal AND L=Low AND Solar=Normal AND CO2=High AND Wind=Medium AND N=Normal AND E=Normal AND W=3,Acceptable,0.3768778341892765,1299
Tin=Normal AND Tout=Normal AND Hin=Normal AND Hout=Normal AND L=Low AND Solar=High AND CO2=Normal AND Wind=Low AND N=High AND E=Normal AND W=3,Good,0.4858865990840484,1300
Tin=Normal AND Tout=Normal AND Hin=Normal AND Hout=Dry AND L=Normal AND Solar=Normal AND CO2=Normal AND Wind=Medium AND N=Low AND E=Normal AND W=3,Good,0.3566943229391794,1301
Tin=Normal AND Tout=Normal AND Hin=Normal AND Hout=Normal AND L=Low AND Solar=Normal AND CO2=Normal AND Wind=Low AND N=Low AND E=Normal AND W=3,Good,0.3581657314107598,1302
Tin=Cold AND Tout=Normal AND Hin=Dry AND Hout=Dry AND L=Normal AND Solar=Normal AND CO2=Low AND Wind=Medium AND N=Normal AND E=Normal AND W=0,Poor,0.4252209222071715,1303
Tin=Normal AND Tout=Normal AND Hin=Normal AND Hout=Dry AND L=Normal AND Solar=Normal AND CO2=Normal AND Wind=Medium AND N=Normal AND E=Normal AND W=0,Acceptable,0.3788279585485266,1304
Tin=Cold AND Tout=Normal AND Hin=Dry AND Hout=Dry AND L=Normal AND Solar=Normal AND CO2=Normal AND Wind=Low AND N=Low AND E=Low AND W=3,Poor,0.4466687976915065,1305
Tin=Normal AND Tout=Normal AND Hin=Dry AND Hout=Normal AND L=Normal AND Solar=Normal AND CO2=Low AND Wind=Medium AND N=Normal AND E=Normal AND W=0,Acceptable,0.3825482238490393,1306
Tin=Normal AND Tout=Normal AND Hin=Normal AND Hout=Dry AND L=Low AND Solar=High AND CO2=High AND Wind=High AND N=High AND E=Low AND W=3,Acceptable,0.3463925971506423,1307
Tin=Normal AND Tout=Normal AND Hin=Dry AND Hout=Normal AND L=Normal AND Solar=Normal AND CO2=Normal AND Wind=Low AND N=Low AND E=Normal AND W=3,Good,0.3555270031253704,1308
Tin=Normal AND Tout=Hot AND Hin=Normal AND Hout=Normal AND L=Normal AND Solar=Normal AND CO2=Normal AND Wind=Medium AND N=Normal AND E=High AND W=1,Poor,0.3773946360153254,1309
Tin=Normal AND Tout=Normal AND Hin=Normal AND Hout=Normal AND L=Low AND Solar=High AND CO2=Normal AND Wind=Medium AND N=Low AND E=Low AND W=3,Good,0.45080489454646,1310
Tin=Normal AND Tout=Normal AND Hin=Dry AND Hout=Normal AND L=Normal AND Solar=Normal AND CO2=Normal AND Wind=Low AND N=Normal AND E=Normal AND W=0,Acceptable,0.4634769112351902,1311
Tin=Normal AND Tout=Hot AND Hin=Normal AND Hout=Normal AND L=Low AND Solar=Normal AND CO2=High AND Wind=Low AND N=Normal AND E=Normal AND W=3,Good,0.3507347563302584,1312
Tin=Normal AND Tout=Hot AND Hin=Normal AND Hout=Normal AND L=Normal AND Solar=Normal AND CO2=Normal AND Wind=Medium AND N=High AND E=Normal AND W=3,Acceptable,0.5591142710885753,1313
Tin=Normal AND Tout=Normal AND Hin=Normal AND Hout=Normal AND L=Normal AND Solar=Normal AND CO2=Normal AND Wind=Medium AND N=Low AND E=Low AND W=1,Acceptable,0.3434255546943726,1314
Tin=Normal AND Tout=Normal AND Hin=Normal AND Hout=Normal AND L=Normal AND Solar=Low AND CO2=Normal AND Wind=Medium AND N=Low AND E=Low AND W=1,Acceptable,0.4280455020633633,1315
Tin=Normal AND Tout=Normal AND Hin=Normal AND Hout=Normal AND L=Normal AND Solar=Normal AND CO2=Low AND Wind=Medium AND N=High AND E=Normal AND W=1,Acceptable,0.3469384684667002,1316
Tin=Cold AND Tout=Normal AND Hin=Normal AND Hout=Normal AND L=High AND Solar=Low AND CO2=Normal AND Wind=Medium AND N=Low AND E=Normal AND W=2,Poor,0.5145978513487178,1317
Tin=Normal AND Tout=Normal AND Hin=Normal AND Hout=Normal AND L=Normal AND Solar=Normal AND CO2=Normal AND Wind=Medium AND N=Normal AND E=Normal AND W=0,Acceptable,0.528545939652438,1318
Tin=Hot AND Tout=Normal AND Hin=Normal AND Hout=Normal AND L=Normal AND Solar=Normal AND CO2=Normal AND Wind=Low AND N=Normal AND E=Normal AND W=0,Poor,0.3773946360153254,1319
Tin=Hot AND Tout=Normal AND Hin=Normal AND Hout=Normal AND L=Low AND Solar=High AND CO2=Normal AND Wind=Medium AND N=High AND E=Normal AND W=3,Good,0.3981173813884405,1320
Tin=Normal AND Tout=Normal AND Hin=Normal AND Hout=Normal AND L=Normal AND Solar=Low AND CO2=Low AND Wind=High AND N=Normal AND E=Normal AND W=1,Acceptable,0.3773946360153258,1321
Tin=Normal AND Tout=Normal AND Hin=Normal AND Hout=Normal AND L=Low AND Solar=High AND CO2=Normal AND Wind=Medium AND N=High AND E=Low AND W=3,Good,0.4367816091954026,1322
Tin=Normal AND Tout=Normal AND Hin=Wet AND Hout=Wet AND L=Normal AND Solar=Low AND CO2=Normal AND Wind=Medium AND N=Normal AND E=Normal AND W=1,Acceptable,0.5023078995626644,1323
Tin=Normal AND Tout=Normal AND Hin=Normal AND Hout=Normal AND L=Low AND Solar=High AND CO2=Normal AND Wind=Medium AND N=Low AND E=Low AND W=3,Good,0.5179221662964137,1324
Tin=Normal AND Tout=Normal AND Hin=Dry AND Hout=Dry AND L=Low AND Solar=Normal AND CO2=Normal AND Wind=Medium AND N=Low AND E=Normal AND W=3,Good,0.3400046055577702,1325
Tin=Normal AND Tout=Hot AND Hin=Normal AND Hout=Normal AND L=Low AND Solar=Normal AND CO2=Low AND Wind=Medium AND N=High AND E=Normal AND W=3,Acceptable,0.5578261240236508,1326
Tin=Normal AND Tout=Cold AND Hin=Dry AND Hout=Normal AND L=Low AND Solar=Normal AND CO2=Low AND Wind=Medium AND N=High AND E=High AND W=3,Acceptable,0.3408106900473823,1327
Tin=Normal AND Tout=Cold AND Hin=Normal AND Hout=Normal AND L=Normal AND Solar=Low AND CO2=Normal AND Wind=Low AND N=High AND E=High AND W=1,Poor,0.3633011884095368,1328
Tin=Normal AND Tout=Hot AND Hin=Normal AND Hout=Normal AND L=Low AND Solar=High AND CO2=Normal AND Wind=Medium AND N=Normal AND E=Normal AND W=3,Good,0.397749521599184,1329
Tin=Normal AND Tout=Normal AND Hin=Normal AND Hout=Dry AND L=Low AND Solar=Normal AND CO2=Normal AND Wind=Low AND N=Normal AND E=Normal AND W=3,Good,0.4431723783991604,1330
Tin=Normal AND Tout=Normal AND Hin=Normal AND Hout=Normal AND L=Low AND Solar=High AND CO2=Low AND Wind=Medium AND N=Normal AND E=Normal AND W=3,Good,0.3374675245363902,1331
Tin=Normal AND Tout=Normal AND Hin=Normal AND Hout=Normal AND L=High AND Solar=Low AND CO2=Normal AND Wind=Medium AND N=Normal AND E=Normal AND W=1,Acceptable,0.4948634954726461,1332
Tin=Normal AND Tout=Normal AND Hin=Normal AND Hout=Normal AND L=Low AND Solar=Normal AND CO2=Normal AND Wind=Low AND N=Normal AND E=Normal AND W=3,Good,0.4731800766283523,1333
Tin=Normal AND Tout=Normal AND Hin=Dry AND Hout=Normal AND L=Low AND Solar=High AND CO2=Normal AND Wind=Low AND N=Normal AND E=Low AND W=3,Good,0.3849447391205287,1334
Tin=Normal AND Tout=Cold AND Hin=Normal AND Hout=Normal AND L=Normal AND Solar=Normal AND CO2=Normal AND Wind=Medium AND N=High AND E=High AND W=0,Acceptable,0.468582677475509,1335
Tin=Normal AND Tout=Normal AND Hin=Wet AND Hout=Normal AND L=Normal AND Solar=Low AND CO2=Normal AND Wind=Medium AND N=High AND E=High AND W=2,Poor,0.3513000648414798,1336
Tin=Normal AND Tout=Hot AND Hin=Dry AND Hout=Dry AND L=Low AND Solar=Normal AND CO2=Normal AND Wind=High AND N=High AND E=Normal AND W=3,Acceptable,0.4899497430038702,1337
Tin=Normal AND Tout=Normal AND Hin=Normal AND Hout=Normal AND L=Normal AND Solar=Normal AND CO2=Normal AND Wind=Medium AND N=Normal AND E=High AND W=3,Acceptable,0.4038396278726601,1338
Tin=Normal AND Tout=Normal AND Hin=Normal AND Hout=Normal AND L=High AND Solar=Low AND CO2=Low AND Wind=Low AND N=High AND E=Normal AND W=3,Acceptable,0.4451799401210845,1339
Tin=Normal AND Tout=Normal AND Hin=Normal AND Hout=Normal AND L=Normal AND Solar=Normal AND CO2=Normal AND Wind=Medium AND N=Normal AND E=Normal AND W=0,Acceptable,0.4731800766283526,1340
Tin=Normal AND Tout=Normal AND Hin=Normal AND Hout=Dry AND L=Normal AND Solar=Normal AND CO2=Normal AND Wind=Medium AND N=High AND E=Normal AND W=3,Good,0.3926902975796242,1341
Tin=Normal AND Tout=Normal AND Hin=Normal AND Hout=Normal AND L=Normal AND Solar=Normal AND CO2=Low AND Wind=Medium AND N=High AND E=Normal AND W=0,Acceptable,0.3825699590715008,1342
Tin=Normal AND Tout=Hot AND Hin=Normal AND Hout=Normal AND L=Normal AND Solar=Low AND CO2=Normal AND Wind=Medium AND N=Low AND E=High AND W=0,Acceptable,0.3788776375324927,1343
Tin=Normal AND Tout=Normal AND Hin=Wet AND Hout=Wet AND L=Normal AND Solar=Low AND CO2=Normal AND Wind=Medium AND N=Normal AND E=Normal AND W=1,Poor,0.3773946360153258,1344
Tin=Normal AND Tout=Normal AND Hin=Normal AND Hout=Normal AND L=Normal AND Solar=Normal AND CO2=Normal AND Wind=Low AND N=Normal AND E=Normal AND W=0,Acceptable,0.4214818665596893,1345
Tin=Normal AND Tout=Cold AND Hin=Normal AND Hout=Normal AND L=Normal AND Solar=Normal AND CO2=Normal AND Wind=Low AND N=Low AND E=High AND W=3,Acceptable,0.3969460319733293,1346
Tin=Normal AND Tout=Normal AND Hin=Normal AND Hout=Normal AND L=Low AND Solar=Normal AND CO2=High AND Wind=Low AND N=High AND E=Normal AND W=3,Good,0.4376132192733561,1347
Tin=Normal AND Tout=Normal AND Hin=Normal AND Hout=Normal AND L=Normal AND Solar=Low AND CO2=Normal AND Wind=Medium AND N=High AND E=Normal AND W=1,Acceptable,0.3591641538442113,1348
Tin=Normal AND Tout=Cold AND Hin=Normal AND Hout=Normal AND L=Normal AND Solar=Normal AND CO2=Normal AND Wind=Medium AND N=High AND E=High AND W=0,Acceptable,0.3450834780897281,1349
Tin=Normal AND Tout=Normal AND Hin=Normal AND Hout=Dry AND L=Normal AND Solar=Normal AND CO2=Normal AND Wind=Medium AND N=Normal AND E=Normal AND W=3,Good,0.3384366592844676,1350
Tin=Normal AND Tout=Normal AND Hin=Wet AND Hout=Wet AND L=Normal AND Solar=Low AND CO2=High AND Wind=High AND N=Low AND E=Normal AND W=2,Poor,0.586485683779774,1351
Tin=Normal AND Tout=Normal AND Hin=Normal AND Hout=Normal AND L=Normal AND Solar=Normal AND CO2=Normal AND Wind=High AND N=Normal AND E=Normal AND W=1,Acceptable,0.5384538145912666,1352
Tin=Normal AND Tout=Cold AND Hin=Normal AND Hout=Normal AND L=Low AND Solar=Normal AND CO2=Normal AND Wind=Low AND N=Normal AND E=Normal AND W=0,Acceptable,0.3773946360153258,1353
Tin=Normal AND Tout=Normal AND Hin=Normal AND Hout=Normal AND L=Normal AND Solar=Normal AND CO2=Normal AND Wind=Medium AND N=Low AND E=Normal AND W=3,Good,0.3993007410427438,1354
Tin=Normal AND Tout=Cold AND Hin=Normal AND Hout=Normal AND L=Normal AND Solar=Normal AND CO2=Low AND Wind=Medium AND N=Low AND E=High AND W=0,Poor,0.4014494816065777,1355
Tin=Hot AND Tout=Normal AND Hin=Normal AND Hout=Normal AND L=High AND Solar=Normal AND CO2=Normal AND Wind=High AND N=Normal AND E=Normal AND W=1,Poor,0.3741074052193325,1356
Tin=Normal AND Tout=Normal AND Hin=Normal AND Hout=Normal AND L=Normal AND Solar=Normal AND CO2=Normal AND Wind=Medium AND N=Normal AND E=Normal AND W=3,Good,0.3773946360153258,1357
Tin=Normal AND Tout=Normal AND Hin=Wet AND Hout=Wet AND L=Normal AND Solar=Low AND CO2=Normal AND Wind=Medium AND N=Low AND E=Normal AND W=2,Poor,0.6283524904214557,1358
Tin=Hot AND Tout=Normal AND Hin=Wet AND Hout=Wet AND L=Normal AND Solar=Normal AND CO2=Normal AND Wind=Medium AND N=Normal AND E=Normal AND W=0,Poor,0.5224509928556886,1359
Tin=Normal AND Tout=Normal AND Hin=Normal AND Hout=Normal AND L=Normal AND Solar=Normal AND CO2=Normal AND Wind=Low AND N=Normal AND E=Normal AND W=3,Good,0.3584643977813316,1360
Tin=Normal AND Tout=Normal AND Hin=Dry AND Hout=Dry AND L=Normal AND Solar=Normal AND CO2=Normal AND Wind=Medium AND N=Normal AND E=Low AND W=3,Acceptable,0.4242987343689692,1361
Tin=Normal AND Tout=Normal AND Hin=Normal AND Hout=Normal AND L=Low AND Solar=Normal AND CO2=Normal AND Wind=Medium AND N=Low AND E=Normal AND W=3,Acceptable,0.3599374299747069,1362
Tin=Normal AND Tout=Normal AND Hin=Normal AND Hout=Normal AND L=Normal AND Solar=Normal AND CO2=Normal AND Wind=Medium AND N=Normal AND E=Normal AND W=3,Good,0.436398288036733,1363
Tin=Normal AND Tout=Normal AND Hin=Normal AND Hout=Normal AND L=Normal AND Solar=High AND CO2=Normal AND Wind=High AND N=Normal AND E=Normal AND W=3,Good,0.3439883638223555,1364
Tin=Normal AND Tout=Normal AND Hin=Normal AND Hout=Normal AND L=Normal AND Solar=Normal AND CO2=Normal AND Wind=Low AND N=Low AND E=Normal AND W=3,Good,0.4967931488763549,1365
Tin=Normal AND Tout=Normal AND Hin=Normal AND Hout=Normal AND L=Low AND Solar=Normal AND CO2=Normal AND Wind=Medium AND N=Low AND E=Low AND W=3,Good,0.3514025065790715,1366
Tin=Hot AND Tout=Normal AND Hin=Normal AND Hout=Normal AND L=Low AND Solar=Normal AND CO2=Low AND Wind=Low AND N=Normal AND E=High AND W=3,Acceptable,0.350751680153495,1367
Tin=Normal AND Tout=Normal AND Hin=Normal AND Hout=Normal AND L=Low AND Solar=High AND CO2=Normal AND Wind=Medium AND N=Low AND E=Normal AND W=3,Good,0.4356646434866943,1368
Tin=Normal AND Tout=Normal AND Hin=Normal AND Hout=Normal AND L=Normal AND Solar=Low AND CO2=High AND Wind=Medium AND N=Low AND E=Normal AND W=0,Acceptable,0.3915516367488048,1369
Tin=Normal AND Tout=Normal AND Hin=Normal AND Hout=Normal AND L=Normal AND Solar=Normal AND CO2=Low AND Wind=Low AND N=Normal AND E=Normal AND W=3,Acceptable,0.4073747283692618,1370
Tin=Normal AND Tout=Normal AND Hin=Normal AND Hout=Normal AND L=High AND Solar=Low AND CO2=Normal AND Wind=Medium AND N=Normal AND E=Normal AND W=1,Acceptable,0.3565752128215894,1371
Tin=Normal AND Tout=Normal AND Hin=Wet AND Hout=Normal AND L=High AND Solar=Low AND CO2=Normal AND Wind=High AND N=Normal AND E=Normal AND W=2,Poor,0.3824171621692703,1372
Tin=Cold AND Tout=Cold AND Hin=Normal AND Hout=Normal AND L=Normal AND Solar=Normal AND CO2=Normal AND Wind=Low AND N=Low AND E=High AND W=3,Poor,0.5523749726897227,1373
Tin=Normal AND Tout=Normal AND Hin=Normal AND Hout=Normal AND L=Low AND Solar=Normal AND CO2=Low AND Wind=Medium AND N=High AND E=Low AND W=3,Acceptable,0.3470273743922451,1374
Tin=Normal AND Tout=Hot AND Hin=Normal AND Hout=Normal AND L=Low AND Solar=Normal AND CO2=Normal AND Wind=Medium AND N=Normal AND E=Normal AND W=3,Acceptable,0.3773946360153254,1375
Tin=Normal AND Tout=Normal AND Hin=Normal AND Hout=Normal AND L=Normal AND Solar=Low AND CO2=Normal AND Wind=High AND N=Low AND E=Normal AND W=1,Acceptable,0.3685649184037676,1376
Tin=Hot AND Tout=Normal AND Hin=Normal AND Hout=Normal AND L=Normal AND Solar=Normal AND CO2=High AND Wind=Medium AND N=Normal AND E=Normal AND W=3,Acceptable,0.429304835241572,1377
Tin=Normal AND Tout=Normal AND Hin=Normal AND Hout=Normal AND L=Low AND Solar=Normal AND CO2=Normal AND Wind=Medium AND N=Low AND E=Low AND W=3,Good,0.3886537705448825,1378
Tin=Normal AND Tout=Normal AND Hin=Normal AND Hout=Normal AND L=Normal AND Solar=Normal AND CO2=Normal AND Wind=Low AND N=Normal AND E=Normal AND W=0,Acceptable,0.5078927267103153,1379
Tin=Normal AND Tout=Normal AND Hin=Normal AND Hout=Normal AND L=Normal AND Solar=Low AND CO2=Normal AND Wind=Medium AND N=Normal AND E=Normal AND W=1,Acceptable,0.4631663755805387,1380
Tin=Normal AND Tout=Normal AND Hin=Normal AND Hout=Normal AND L=Normal AND Solar=Normal AND CO2=Normal AND Wind=Low AND N=Normal AND E=Normal AND W=3,Good,0.4904552125903711,1381
Tin=Normal AND Tout=Hot AND Hin=Normal AND Hout=Normal AND L=Low AND Solar=High AND CO2=Normal AND Wind=Low AND N=Low AND E=Normal AND W=3,Good,0.3678896519306988,1382
Tin=Normal AND Tout=Normal AND Hin=Wet AND Hout=Wet AND L=Normal AND Solar=Low AND CO2=High AND Wind=High AND N=Low AND E=Normal AND W=2,Poor,0.4720361179217794,1383
Tin=Normal AND Tout=Normal AND Hin=Dry AND Hout=Dry AND L=Normal AND Solar=Low AND CO2=Low AND Wind=Medium AND N=Normal AND E=Normal AND W=0,Acceptable,0.4807397306945981,1384
Tin=Normal AND Tout=Normal AND Hin=Normal AND Hout=Normal AND L=Low AND Solar=High AND CO2=Low AND Wind=Low AND N=High AND E=Normal AND W=3,Good,0.3742787864665919,1385
Tin=Normal AND Tout=Normal AND Hin=Normal AND Hout=Normal AND L=Normal AND Solar=Normal AND CO2=Normal AND Wind=Medium AND N=Normal AND E=Normal AND W=0,Acceptable,0.3734807362538043,1386
Tin=Hot AND Tout=Normal AND Hin=Normal AND Hout=Normal AND L=Normal AND Solar=Normal AND CO2=Normal AND Wind=Medium AND N=Normal AND E=Normal AND W=0,Acceptable,0.476970719231016,1387
Tin=Normal AND Tout=Normal AND Hin=Normal AND Hout=Normal AND L=Low AND Solar=High AND CO2=Normal AND Wind=Medium AND N=High AND E=Normal AND W=3,Good,0.3723868580721031,1388
Tin=Normal AND Tout=Normal AND Hin=Normal AND Hout=Wet AND L=Low AND Solar=Normal AND CO2=Normal AND Wind=Low AND N=Normal AND E=Normal AND W=0,Acceptable,0.3797495638306946,1389
Tin=Normal AND Tout=Normal AND Hin=Normal AND Hout=Wet AND L=Normal AND Solar=Low AND CO2=Low AND Wind=High AND N=Low AND E=Normal AND W=2,Poor,0.3725259319006683,1390
Tin=Normal AND Tout=Cold AND Hin=Wet AND Hout=Normal AND L=Normal AND Solar=Low AND CO2=Low AND Wind=High AND N=Normal AND E=High AND W=1,Poor,0.3603905204439778,1391
Tin=Normal AND Tout=Normal AND Hin=Normal AND Hout=Normal AND L=Normal AND Solar=Low AND CO2=Normal AND Wind=Medium AND N=Normal AND E=Normal AND W=1,Acceptable,0.3773946360153254,1392
Tin=Normal AND Tout=Normal AND Hin=Wet AND Hout=Normal AND L=Normal AND Solar=Normal AND CO2=Low AND Wind=Medium AND N=High AND E=Normal AND W=0,Acceptable,0.4056680647198766,1393
Tin=Normal AND Tout=Normal AND Hin=Dry AND Hout=Dry AND L=Normal AND Solar=Normal AND CO2=Normal AND Wind=Medium AND N=Normal AND E=Normal AND W=3,Acceptable,0.3524546214453617,1394
Tin=Normal AND Tout=Cold AND Hin=Wet AND Hout=Wet AND L=Normal AND Solar=Normal AND CO2=High AND Wind=Medium AND N=High AND E=High AND W=1,Poor,0.3925007856759773,1395
Tin=Normal AND Tout=Normal AND Hin=Dry AND Hout=Dry AND L=Normal AND Solar=Normal AND CO2=Normal AND Wind=Low AND N=Low AND E=Normal AND W=3,Acceptable,0.4417605986726478,1396
Tin=Cold AND Tout=Cold AND Hin=Dry AND Hout=Normal AND L=Normal AND Solar=Normal AND CO2=Normal AND Wind=Medium AND N=Low AND E=Normal AND W=0,Poor,0.4629614147806409,1397
Tin=Normal AND Tout=Hot AND Hin=Normal AND Hout=Normal AND L=Low AND Solar=Normal AND CO2=Normal AND Wind=Low AND N=Normal AND E=Normal AND W=3,Good,0.370052003608281,1398
Tin=Normal AND Tout=Normal AND Hin=Wet AND Hout=Normal AND L=Normal AND Solar=Low AND CO2=Normal AND Wind=Medium AND N=High AND E=Normal AND W=0,Acceptable,0.4028734777530468,1399
Tin=Cold AND Tout=Normal AND Hin=Wet AND Hout=Wet AND L=Normal AND Solar=Normal AND CO2=Low AND Wind=Medium AND N=High AND E=Normal AND W=0,Poor,0.5264128667569693,1400
Tin=Normal AND Tout=Normal AND Hin=Normal AND Hout=Normal AND L=High AND Solar=Normal AND CO2=Normal AND Wind=Low AND N=Low AND E=Low AND W=3,Good,0.391350490030895,1401
Tin=Normal AND Tout=Normal AND Hin=Dry AND Hout=Normal AND L=Low AND Solar=Normal AND CO2=Normal AND Wind=Medium AND N=Normal AND E=Normal AND W=3,Good,0.3579058006279982,1402
Tin=Normal AND Tout=Normal AND Hin=Normal AND Hout=Wet AND L=Normal AND Solar=Normal AND CO2=Normal AND Wind=Medium AND N=High AND E=Normal AND W=0,Acceptable,0.3363698629285806,1403
Tin=Normal AND Tout=Normal AND Hin=Dry AND Hout=Normal AND L=Normal AND Solar=Normal AND CO2=Normal AND Wind=Medium AND N=Low AND E=Normal AND W=3,Good,0.3779024908348641,1404
Tin=Normal AND Tout=Normal AND Hin=Normal AND Hout=Normal AND L=Normal AND Solar=Normal AND CO2=Normal AND Wind=Medium AND N=Normal AND E=Normal AND W=0,Acceptable,0.3761451922795266,1405
Tin=Hot AND Tout=Normal AND Hin=Normal AND Hout=Normal AND L=Normal AND Solar=Low AND CO2=Normal AND Wind=Medium AND N=High AND E=High AND W=1,Poor,0.3442859042992816,1406
Tin=Normal AND Tout=Normal AND Hin=Normal AND Hout=Normal AND L=Normal AND Solar=Normal AND CO2=Normal AND Wind=Medium AND N=High AND E=Normal AND W=0,Acceptable,0.3567928438368111,1407
Tin=Normal AND Tout=Normal AND Hin=Dry AND Hout=Dry AND L=Low AND Solar=Normal AND CO2=Normal AND Wind=Medium AND N=High AND E=Low AND W=3,Good,0.3468304990162829,1408
Tin=Normal AND Tout=Normal AND Hin=Normal AND Hout=Wet AND L=High AND Solar=Low AND CO2=Normal AND Wind=Medium AND N=High AND E=Normal AND W=1,Acceptable,0.4320967080781723,1409
Tin=Normal AND Tout=Normal AND Hin=Normal AND Hout=Wet AND L=Normal AND Solar=Low AND CO2=Normal AND Wind=Medium AND N=Low AND E=Normal AND W=1,Acceptable,0.474096253463761,1410
Tin=Hot AND Tout=Hot AND Hin=Normal AND Hout=Normal AND L=Normal AND Solar=Normal AND CO2=Normal AND Wind=Medium AND N=High AND E=Normal AND W=0,Acceptable,0.4509007059640627,1411
Tin=Normal AND Tout=Hot AND Hin=Normal AND Hout=Normal AND L=Normal AND Solar=Low AND CO2=Normal AND Wind=Medium AND N=Low AND E=Normal AND W=1,Acceptable,0.3375917978902967,1412
Tin=Normal AND Tout=Normal AND Hin=Normal AND Hout=Normal AND L=Low AND Solar=Normal AND CO2=High AND Wind=Medium AND N=High AND E=Normal AND W=3,Good,0.4167792083166621,1413
Tin=Hot AND Tout=Normal AND Hin=Wet AND Hout=Wet AND L=Normal AND Solar=Normal AND CO2=Normal AND Wind=Low AND N=High AND E=Normal AND W=0,Poor,0.4674683445941412,1414
Tin=Normal AND Tout=Hot AND Hin=Normal AND Hout=Wet AND L=Normal AND Solar=Normal AND CO2=Normal AND Wind=Medium AND N=Low AND E=Normal AND W=0,Acceptable,0.4684427821997357,1415
Tin=Normal AND Tout=Normal AND Hin=Normal AND Hout=Normal AND L=Normal AND Solar=Low AND CO2=Normal AND Wind=Medium AND N=High AND E=Normal AND W=0,Acceptable,0.4001437577672668,1416
Tin=Normal AND Tout=Normal AND Hin=Dry AND Hout=Normal AND L=Low AND Solar=High AND CO2=Normal AND Wind=Medium AND N=Low AND E=Low AND W=3,Acceptable,0.4778252670976082,1417
Tin=Normal AND Tout=Hot AND Hin=Normal AND Hout=Normal AND L=Normal AND Solar=Normal AND CO2=Normal AND Wind=Medium AND N=Low AND E=High AND W=1,Poor,0.3622608230267606,1418
Tin=Hot AND Tout=Normal AND Hin=Normal AND Hout=Normal AND L=Normal AND Solar=Normal AND CO2=Normal AND Wind=Medium AND N=High AND E=Normal AND W=0,Poor,0.3932993250459506,1419
Tin=Normal AND Tout=Normal AND Hin=Normal AND Hout=Normal AND L=Normal AND Solar=Normal AND CO2=Normal AND Wind=Medium AND N=Low AND E=Normal AND W=1,Acceptable,0.3684869711165722,1420
Tin=Cold AND Tout=Normal AND Hin=Wet AND Hout=Wet AND L=Normal AND Solar=Low AND CO2=Normal AND Wind=Medium AND N=Low AND E=Low AND W=1,Poor,0.4068680892565163,1421
Tin=Normal AND Tout=Normal AND Hin=Normal AND Hout=Dry AND L=Normal AND Solar=Normal AND CO2=Normal AND Wind=Low AND N=High AND E=Normal AND W=0,Acceptable,0.3955314420645807,1422
Tin=Normal AND Tout=Normal AND Hin=Normal AND Hout=Normal AND L=High AND Solar=Normal AND CO2=Normal AND Wind=Low AND N=Normal AND E=Normal AND W=0,Acceptable,0.3773946360153254,1423
Tin=Normal AND Tout=Normal AND Hin=Normal AND Hout=Normal AND L=Normal AND Solar=Low AND CO2=High AND Wind=Medium AND N=Normal AND E=Normal AND W=0,Acceptable,0.3435260506710471,1424
Tin=Normal AND Tout=Normal AND Hin=Normal AND Hout=Normal AND L=Low AND Solar=High AND CO2=Normal AND Wind=Medium AND N=High AND E=Normal AND W=3,Acceptable,0.3919542775159408,1425
Tin=Normal AND Tout=Hot AND Hin=Normal AND Hout=Normal AND L=Low AND Solar=Normal AND CO2=High AND Wind=Medium AND N=Normal AND E=Normal AND W=3,Acceptable,0.3773946360153254,1426
Tin=Normal AND Tout=Normal AND Hin=Wet AND Hout=Wet AND L=Low AND Solar=Normal AND CO2=Normal AND Wind=Low AND N=Normal AND E=Normal AND W=3,Good,0.3561089500451865,1427
Tin=Normal AND Tout=Normal AND Hin=Dry AND Hout=Dry AND L=Normal AND Solar=Normal AND CO2=Normal AND Wind=Low AND N=Normal AND E=Normal AND W=3,Acceptable,0.3528712053995129,1428
Tin=Cold AND Tout=Normal AND Hin=Wet AND Hout=Wet AND L=Normal AND Solar=Low AND CO2=Normal AND Wind=Medium AND N=Normal AND E=Normal AND W=1,Poor,0.3939720234359189,1429
Tin=Normal AND Tout=Normal AND Hin=Normal AND Hout=Normal AND L=Low AND Solar=Normal AND CO2=Normal AND Wind=Low AND N=Normal AND E=Normal AND W=3,Good,0.3862471236598301,1430
Tin=Normal AND Tout=Normal AND Hin=Normal AND Hout=Normal AND L=Normal AND Solar=Normal AND CO2=Normal AND Wind=Medium AND N=Normal AND E=Normal AND W=0,Acceptable,0.3512365842076166,1431
Tin=Normal AND Tout=Normal AND Hin=Wet AND Hout=Wet AND L=Normal AND Solar=Low AND CO2=Normal AND Wind=Medium AND N=Normal AND E=Normal AND W=0,Acceptable,0.4037244286169114,1432
Tin=Hot AND Tout=Normal AND Hin=Normal AND Hout=Normal AND L=Normal AND Solar=Low AND CO2=Normal AND Wind=Medium AND N=High AND E=Normal AND W=3,Acceptable,0.3431637535390204,1433
Tin=Normal AND Tout=Hot AND Hin=Normal AND Hout=Wet AND L=Normal AND Solar=Normal AND CO2=Normal AND Wind=Medium AND N=High AND E=Normal AND W=1,Acceptable,0.4258290720345348,1434
Tin=Cold AND Tout=Normal AND Hin=Normal AND Hout=Normal AND L=High AND Solar=Low AND CO2=Normal AND Wind=Medium AND N=Low AND E=Normal AND W=1,Poor,0.3394202969066423,1435
Tin=Cold AND Tout=Normal AND Hin=Normal AND Hout=Normal AND L=Normal AND Solar=Normal AND CO2=Normal AND Wind=Medium AND N=Low AND E=Low AND W=3,Acceptable,0.3787198858948677,1436
Tin=Normal AND Tout=Normal AND Hin=Normal AND Hout=Normal AND L=High AND Solar=Low AND CO2=Normal AND Wind=Medium AND N=High AND E=Normal AND W=1,Poor,0.3742332838183751,1437
Tin=Normal AND Tout=Normal AND Hin=Normal AND Hout=Normal AND L=Normal AND Solar=Low AND CO2=Normal AND Wind=Low AND N=Low AND E=Low AND W=1,Acceptable,0.3987043816830916,1438
Tin=Normal AND Tout=Normal AND Hin=Normal AND Hout=Normal AND L=Normal AND Solar=Normal AND CO2=Low AND Wind=Low AND N=Low AND E=Normal AND W=0,Acceptable,0.3750490284024861,1439
Tin=Cold AND Tout=Normal AND Hin=Normal AND Hout=Normal AND L=Normal AND Solar=Normal AND CO2=Normal AND Wind=Medium AND N=Low AND E=Low AND W=1,Poor,0.3473659671844797,1440
Tin=Normal AND Tout=Normal AND Hin=Normal AND Hout=Normal AND L=Normal AND Solar=Normal AND CO2=Normal AND Wind=Low AND N=High AND E=Normal AND W=0,Acceptable,0.4367816091954026,1441
Tin=Normal AND Tout=Normal AND Hin=Normal AND Hout=Normal AND L=Normal AND Solar=Low AND CO2=Normal AND Wind=Medium AND N=Normal AND E=Normal AND W=1,Acceptable,0.3965310503598229,1442
Tin=Hot AND Tout=Normal AND Hin=Normal AND Hout=Normal AND L=Normal AND Solar=Normal AND CO2=Normal AND Wind=Low AND N=High AND E=Normal AND W=3,Acceptable,0.4249687090390171,1443
Tin=Normal AND Tout=Normal AND Hin=Normal AND Hout=Normal AND L=Low AND Solar=Normal AND CO2=Normal AND Wind=Medium AND N=Low AND E=Low AND W=0,Acceptable,0.3737564837024441,1444
Tin=Normal AND Tout=Normal AND Hin=Normal AND Hout=Normal AND L=Normal AND Solar=Normal AND CO2=High AND Wind=Medium AND N=Normal AND E=Normal AND W=0,Acceptable,0.4285418901842399,1445
Tin=Normal AND Tout=Normal AND Hin=Normal AND Hout=Normal AND L=Normal AND Solar=Normal AND CO2=Normal AND Wind=Medium AND N=Low AND E=Normal AND W=0,Good,0.4405714230603372,1446
Tin=Normal AND Tout=Normal AND Hin=Normal AND Hout=Normal AND L=Low AND Solar=Normal AND CO2=Normal AND Wind=Low AND N=Normal AND E=Normal AND W=3,Acceptable,0.352829311389258,1447
Tin=Hot AND Tout=Normal AND Hin=Normal AND Hout=Normal AND L=High AND Solar=Low AND CO2=Normal AND Wind=Low AND N=High AND E=Normal AND W=0,Acceptable,0.4263690269590146,1448
Tin=Normal AND Tout=Normal AND Hin=Normal AND Hout=Normal AND L=Normal AND Solar=Normal AND CO2=Normal AND Wind=Medium AND N=High AND E=Normal AND W=3,Acceptable,0.3355695201100759,1449
Tin=Normal AND Tout=Hot AND Hin=Dry AND Hout=Dry AND L=Low AND Solar=Normal AND CO2=Normal AND Wind=Medium AND N=Normal AND E=Normal AND W=3,Acceptable,0.514245934947933,1450
Tin=Normal AND Tout=Cold AND Hin=Wet AND Hout=Wet AND L=Low AND Solar=Normal AND CO2=Low AND Wind=Medium AND N=High AND E=Normal AND W=3,Acceptable,0.3464544520555458,1451
Tin=Normal AND Tout=Normal AND Hin=Dry AND Hout=Normal AND L=Normal AND Solar=Normal AND CO2=Normal AND Wind=Low AND N=Low AND E=Normal AND W=0,Acceptable,0.3868584217392387,1452
Tin=Normal AND Tout=Hot AND Hin=Normal AND Hout=Normal AND L=Normal AND Solar=Normal AND CO2=Normal AND Wind=Medium AND N=Normal AND E=High AND W=0,Acceptable,0.401055773133973,1453
Tin=Normal AND Tout=Normal AND Hin=Dry AND Hout=Normal AND L=Low AND Solar=High AND CO2=Normal AND Wind=Medium AND N=Normal AND E=Normal AND W=3,Good,0.3516178385504145,1454
Tin=Normal AND Tout=Cold AND Hin=Normal AND Hout=Normal AND L=Normal AND Solar=Normal AND CO2=Normal AND Wind=Low AND N=Low AND E=Normal AND W=3,Good,0.494656096168118,1455
Tin=Normal AND Tout=Normal AND Hin=Dry AND Hout=Dry AND L=Normal AND Solar=Normal AND CO2=Normal AND Wind=Medium AND N=Low AND E=Low AND W=3,Good,0.354033685456545,1456
Tin=Normal AND Tout=Hot AND Hin=Normal AND Hout=Normal AND L=Low AND Solar=Normal AND CO2=Normal AND Wind=Medium AND N=High AND E=Normal AND W=3,Acceptable,0.3755920015558694,1457
Tin=Normal AND Tout=Normal AND Hin=Normal AND Hout=Normal AND L=Low AND Solar=Normal AND CO2=Normal AND Wind=Medium AND N=Low AND E=Low AND W=3,Good,0.4006175729966362,1458
Tin=Normal AND Tout=Normal AND Hin=Normal AND Hout=Normal AND L=Normal AND Solar=Normal AND CO2=Normal AND Wind=Low AND N=Normal AND E=Normal AND W=0,Acceptable,0.4052189952276683,1459
Tin=Normal AND Tout=Normal AND Hin=Normal AND Hout=Dry AND L=Low AND Solar=Normal AND CO2=Low AND Wind=Low AND N=Normal AND E=Normal AND W=3,Good,0.3575901484686947,1460
Tin=Normal AND Tout=Normal AND Hin=Wet AND Hout=Wet AND L=Normal AND Solar=Low AND CO2=High AND Wind=High AND N=Low AND E=Normal AND W=1,Acceptable,0.3451428415847255,1461
Tin=Normal AND Tout=Normal AND Hin=Normal AND Hout=Normal AND L=Low AND Solar=Normal AND CO2=Normal AND Wind=Medium AND N=Normal AND E=Normal AND W=3,Good,0.4234439386034462,1462
Tin=Normal AND Tout=Hot AND Hin=Normal AND Hout=Normal AND L=Normal AND Solar=Normal AND CO2=Low AND Wind=Medium AND N=Normal AND E=Normal AND W=0,Acceptable,0.4731800766283523,1463
Tin=Cold AND Tout=Cold AND Hin=Normal AND Hout=Normal AND L=High AND Solar=Low AND CO2=Normal AND Wind=Low AND N=Low AND E=Normal AND W=3,Acceptable,0.3625827706879077,1464
Tin=Normal AND Tout=Normal AND Hin=Normal AND Hout=Normal AND L=Normal AND Solar=High AND CO2=Low AND Wind=Low AND N=Normal AND E=Normal AND W=3,Good,0.3551860780336916,1465
Tin=Normal AND Tout=Normal AND Hin=Normal AND Hout=Normal AND L=Normal AND Solar=Low AND CO2=Normal AND Wind=Low AND N=High AND E=Normal AND W=0,Acceptable,0.3630268527044748,1466
Tin=Normal AND Tout=Normal AND Hin=Wet AND Hout=Wet AND L=Normal AND Solar=Normal AND CO2=Normal AND Wind=Medium AND N=High AND E=Normal AND W=0,Acceptable,0.4367816091954026,1467
Tin=Normal AND Tout=Normal AND Hin=Normal AND Hout=Normal AND L=Normal AND Solar=Normal AND CO2=Normal AND Wind=Medium AND N=Normal AND E=Normal AND W=1,Acceptable,0.4362069353362389,1468
Tin=Normal AND Tout=Cold AND Hin=Normal AND Hout=Normal AND L=Normal AND Solar=Normal AND CO2=Low AND Wind=Medium AND N=High AND E=Normal AND W=1,Acceptable,0.3753870824868233,1469
Tin=Normal AND Tout=Normal AND Hin=Normal AND Hout=Normal AND L=Low AND Solar=High AND CO2=Normal AND Wind=Medium AND N=High AND E=Normal AND W=3,Good,0.5656010634994694,1470
Tin=Normal AND Tout=Cold AND Hin=Normal AND Hout=Normal AND L=Low AND Solar=Normal AND CO2=Normal AND Wind=Medium AND N=High AND E=Normal AND W=3,Good,0.4812688496523044,1471
Tin=Cold AND Tout=Normal AND Hin=Normal AND Hout=Normal AND L=Normal AND Solar=Low AND CO2=Normal AND Wind=Medium AND N=Low AND E=Normal AND W=1,Poor,0.3580047774804643,1472
Tin=Normal AND Tout=Normal AND Hin=Normal AND Hout=Normal AND L=Normal AND Solar=Normal AND CO2=Normal AND Wind=Medium AND N=Normal AND E=Normal AND W=0,Acceptable,0.443886906580954,1473
Tin=Normal AND Tout=Normal AND Hin=Normal AND Hout=Normal AND L=Low AND Solar=Normal AND CO2=Normal AND Wind=Medium AND N=High AND E=Normal AND W=3,Good,0.3414282816310542,1474
Tin=Cold AND Tout=Normal AND Hin=Normal AND Hout=Normal AND L=Normal AND Solar=Normal AND CO2=Normal AND Wind=Medium AND N=Low AND E=Normal AND W=3,Acceptable,0.3711138776858808,1475
Tin=Hot AND Tout=Normal AND Hin=Normal AND Hout=Normal AND L=Low AND Solar=Normal AND CO2=Normal AND Wind=Medium AND N=High AND E=Normal AND W=3,Poor,0.5282108109556445,1476
Tin=Normal AND Tout=Normal AND Hin=Normal AND Hout=Normal AND L=High AND Solar=Low AND CO2=Normal AND Wind=Medium AND N=High AND E=Normal AND W=1,Acceptable,0.434549265553478,1477
Tin=Normal AND Tout=Normal AND Hin=Normal AND Hout=Wet AND L=Normal AND Solar=Normal AND CO2=Normal AND Wind=Medium AND N=High AND E=High AND W=0,Acceptable,0.3754452905546661,1478
Tin=Normal AND Tout=Normal AND Hin=Normal AND Hout=Normal AND L=Normal AND Solar=Normal AND CO2=Normal AND Wind=Low AND N=Normal AND E=Normal AND W=3,Good,0.5140059777555984,1479
Tin=Cold AND Tout=Cold AND Hin=Normal AND Hout=Normal AND L=Low AND Solar=High AND CO2=Normal AND Wind=Medium AND N=Normal AND E=Normal AND W=3,Acceptable,0.3527086859150868,1480
Tin=Normal AND Tout=Hot AND Hin=Normal AND Hout=Normal AND L=Low AND Solar=Normal AND CO2=Normal AND Wind=Low AND N=Normal AND E=High AND W=3,Acceptable,0.3926884082744813,1481
Tin=Normal AND Tout=Normal AND Hin=Wet AND Hout=Wet AND L=Normal AND Solar=Normal AND CO2=Normal AND Wind=Low AND N=Normal AND E=Normal AND W=3,Good,0.3359168260465257,1482
Tin=Normal AND Tout=Normal AND Hin=Normal AND Hout=Normal AND L=Low AND Solar=Normal AND CO2=Normal AND Wind=Medium AND N=Low AND E=Normal AND W=3,Good,0.436781609195402,1483
Tin=Normal AND Tout=Hot AND Hin=Wet AND Hout=Normal AND L=Normal AND Solar=Low AND CO2=High AND Wind=Medium AND N=Normal AND E=Normal AND W=1,Poor,0.4067433179514725,1484
Tin=Hot AND Tout=Normal AND Hin=Wet AND Hout=Wet AND L=Normal AND Solar=Low AND CO2=Normal AND Wind=High AND N=High AND E=Normal AND W=2,Poor,0.4566332364596533,1485
Tin=Normal AND Tout=Normal AND Hin=Normal AND Hout=Normal AND L=Low AND Solar=Normal AND CO2=Low AND Wind=Low AND N=High AND E=Normal AND W=3,Good,0.4211311864244541,1486
Tin=Normal AND Tout=Normal AND Hin=Dry AND Hout=Normal AND L=Low AND Solar=Normal AND CO2=High AND Wind=Medium AND N=Low AND E=Low AND W=3,Acceptable,0.4513676834487858,1487
Tin=Normal AND Tout=Normal AND Hin=Normal AND Hout=Normal AND L=Low AND Solar=Normal AND CO2=Normal AND Wind=Medium AND N=Low AND E=Low AND W=3,Good,0.46166582667461,1488
Tin=Cold AND Tout=Normal AND Hin=Normal AND Hout=Dry AND L=Normal AND Solar=Normal AND CO2=Normal AND Wind=Medium AND N=Normal AND E=Normal AND W=3,Poor,0.3442153781407264,1489
Tin=Normal AND Tout=Normal AND Hin=Normal AND Hout=Wet AND L=High AND Solar=Low AND CO2=Normal AND Wind=Low AND N=Low AND E=Normal AND W=3,Acceptable,0.3961954252608525,1490
Tin=Cold AND Tout=Normal AND Hin=Dry AND Hout=Dry AND L=Low AND Solar=High AND CO2=Normal AND Wind=Low AND N=High AND E=Low AND W=3,Poor,0.4050857730345154,1491
Tin=Normal AND Tout=Normal AND Hin=Normal AND Hout=Normal AND L=Normal AND Solar=Low AND CO2=Normal AND Wind=Medium AND N=High AND E=Normal AND W=1,Acceptable,0.3360671938475384,1492
Tin=Normal AND Tout=Normal AND Hin=Normal AND Hout=Normal AND L=Low AND Solar=High AND CO2=Normal AND Wind=Medium AND N=Normal AND E=Normal AND W=3,Good,0.3819064819642678,1493
Tin=Normal AND Tout=Hot AND Hin=Dry AND Hout=Dry AND L=Normal AND Solar=Normal AND CO2=Normal AND Wind=Medium AND N=Normal AND E=Normal AND W=0,Acceptable,0.3973862257277976,1494
Tin=Hot AND Tout=Normal AND Hin=Normal AND Hout=Normal AND L=Normal AND Solar=Low AND CO2=Normal AND Wind=Low AND N=Normal AND E=High AND W=1,Poor,0.3875461257570758,1495
Tin=Cold AND Tout=Normal AND Hin=Normal AND Hout=Normal AND L=Normal AND Solar=Low AND CO2=High AND Wind=Medium AND N=Low AND E=Normal AND W=1,Poor,0.3611795711340338,1496
Tin=Normal AND Tout=Normal AND Hin=Normal AND Hout=Normal AND L=High AND Solar=Low AND CO2=Normal AND Wind=Medium AND N=Normal AND E=Normal AND W=1,Acceptable,0.559549104332851,1497
Tin=Normal AND Tout=Normal AND Hin=Normal AND Hout=Normal AND L=Normal AND Solar=Low AND CO2=High AND Wind=Medium AND N=Normal AND E=Normal AND W=0,Acceptable,0.3652658926004486,1498
Tin=Normal AND Tout=Hot AND Hin=Normal AND Hout=Normal AND L=Normal AND Solar=Low AND CO2=Normal AND Wind=Low AND N=Low AND E=Normal AND W=0,Acceptable,0.3978423686573594,1499
Tin=Normal AND Tout=Cold AND Hin=Normal AND Hout=Normal AND L=Low AND Solar=Normal AND CO2=Normal AND Wind=Low AND N=Normal AND E=Normal AND W=3,Acceptable,0.3349606461223256,1500
Tin=Hot AND Tout=Normal AND Hin=Dry AND Hout=Dry AND L=Normal AND Solar=Low AND CO2=Normal AND Wind=Medium AND N=Low AND E=Normal AND W=0,Acceptable,0.3970630205936714,1501
Tin=Hot AND Tout=Hot AND Hin=Dry AND Hout=Dry AND L=Low AND Solar=Normal AND CO2=High AND Wind=Medium AND N=Normal AND E=Normal AND W=3,Acceptable,0.3721919356847017,1502
Tin=Cold AND Tout=Normal AND Hin=Normal AND Hout=Normal AND L=Normal AND Solar=Normal AND CO2=Normal AND Wind=Medium AND N=Low AND E=Normal AND W=0,Acceptable,0.3694720231250746,1503
Tin=Normal AND Tout=Normal AND Hin=Wet AND Hout=Wet AND L=Normal AND Solar=Low AND CO2=Normal AND Wind=Low AND N=Normal AND E=Normal AND W=1,Acceptable,0.3773946360153258,1504
Tin=Normal AND Tout=Normal AND Hin=Wet AND Hout=Wet AND L=Low AND Solar=Normal AND CO2=High AND Wind=Low AND N=Normal AND E=Normal AND W=0,Acceptable,0.4376181531616732,1505
Tin=Normal AND Tout=Normal AND Hin=Normal AND Hout=Normal AND L=Normal AND Solar=Low AND CO2=High AND Wind=Medium AND N=Normal AND E=Normal AND W=0,Acceptable,0.3484673663871092,1506
Tin=Normal AND Tout=Normal AND Hin=Normal AND Hout=Wet AND L=Low AND Solar=High AND CO2=Normal AND Wind=Medium AND N=Normal AND E=Normal AND W=3,Good,0.3773946360153258,1507
Tin=Normal AND Tout=Normal AND Hin=Wet AND Hout=Wet AND L=Normal AND Solar=Low AND CO2=Low AND Wind=Medium AND N=Normal AND E=Normal AND W=1,Acceptable,0.3832262169131608,1508
Tin=Hot AND Tout=Normal AND Hin=Normal AND Hout=Normal AND L=Normal AND Solar=Normal AND CO2=Normal AND Wind=Low AND N=High AND E=Normal AND W=0,Acceptable,0.466374937554563,1509
Tin=Cold AND Tout=Normal AND Hin=Normal AND Hout=Normal AND L=Normal AND Solar=Normal AND CO2=Normal AND Wind=Low AND N=Low AND E=Low AND W=3,Poor,0.3994564802621632,1510
Tin=Normal AND Tout=Normal AND Hin=Normal AND Hout=Normal AND L=Low AND Solar=High AND CO2=Normal AND Wind=Medium AND N=Normal AND E=Normal AND W=3,Good,0.3691237442033958,1511
Tin=Normal AND Tout=Normal AND Hin=Normal AND Hout=Normal AND L=Low AND Solar=High AND CO2=Normal AND Wind=Medium AND N=Normal AND E=Normal AND W=3,Good,0.4202513536908264,1512
Tin=Normal AND Tout=Normal AND Hin=Normal AND Hout=Normal AND L=Normal AND Solar=Low AND CO2=Normal AND Wind=Medium AND N=High AND E=Normal AND W=0,Acceptable,0.4279044703129867,1513
Tin=Normal AND Tout=Cold AND Hin=Wet AND Hout=Normal AND L=High AND Solar=Low AND CO2=Low AND Wind=Medium AND N=Normal AND E=Normal AND W=0,Acceptable,0.3520548526995845,1514
Tin=Normal AND Tout=Normal AND Hin=Normal AND Hout=Normal AND L=Normal AND Solar=Low AND CO2=Normal AND Wind=Medium AND N=Normal AND E=Normal AND W=1,Poor,0.3412422295431787,1515
Tin=Normal AND Tout=Normal AND Hin=Normal AND Hout=Dry AND L=Normal AND Solar=Normal AND CO2=High AND Wind=Medium AND N=Normal AND E=Normal AND W=3,Acceptable,0.4851482401578827,1516
Tin=Normal AND Tout=Normal AND Hin=Normal AND Hout=Normal AND L=Normal AND Solar=Normal AND CO2=Normal AND Wind=Medium AND N=Normal AND E=Normal AND W=0,Acceptable,0.3392228102547527,1517
Tin=Cold AND Tout=Normal AND Hin=Normal AND Hout=Normal AND L=Low AND Solar=Normal AND CO2=Normal AND Wind=Medium AND N=High AND E=Normal AND W=3,Acceptable,0.3600729821443305,1518
Tin=Normal AND Tout=Normal AND Hin=Normal AND Hout=Normal AND L=Low AND Solar=Normal AND CO2=Normal AND Wind=Low AND N=Low AND E=Low AND W=3,Good,0.3623885541405421,1519
Tin=Normal AND Tout=Normal AND Hin=Normal AND Hout=Normal AND L=Normal AND Solar=Normal AND CO2=Normal AND Wind=Medium AND N=High AND E=Normal AND W=0,Acceptable,0.4083562810762761,1520
Tin=Normal AND Tout=Normal AND Hin=Normal AND Hout=Normal AND L=Normal AND Solar=Normal AND CO2=Normal AND Wind=Medium AND N=Low AND E=Normal AND W=0,Acceptable,0.4732829462989777,1521
Tin=Normal AND Tout=Normal AND Hin=Normal AND Hout=Normal AND L=Normal AND Solar=Normal AND CO2=Low AND Wind=High AND N=High AND E=Normal AND W=0,Acceptable,0.3699130774993178,1522
Tin=Normal AND Tout=Normal AND Hin=Normal AND Hout=Normal AND L=Normal AND Solar=Low AND CO2=Normal AND Wind=Medium AND N=Normal AND E=Normal AND W=1,Acceptable,0.3538018802378653,1523
Tin=Normal AND Tout=Normal AND Hin=Normal AND Hout=Normal AND L=Normal AND Solar=Low AND CO2=Normal AND Wind=Medium AND N=High AND E=Normal AND W=1,Acceptable,0.3907900819061651,1524
Tin=Cold AND Tout=Normal AND Hin=Normal AND Hout=Normal AND L=Normal AND Solar=Normal AND CO2=Normal AND Wind=Medium AND N=Normal AND E=Normal AND W=0,Poor,0.460651098950061,1525
Tin=Normal AND Tout=Normal AND Hin=Normal AND Hout=Normal AND L=Normal AND Solar=Normal AND CO2=Normal AND Wind=Medium AND N=Normal AND E=Normal AND W=0,Acceptable,0.4471441029280535,1526
Tin=Normal AND Tout=Hot AND Hin=Normal AND Hout=Wet AND L=Normal AND Solar=Low AND CO2=Normal AND Wind=Medium AND N=Normal AND E=Normal AND W=1,Acceptable,0.3972649661661332,1527
Tin=Normal AND Tout=Cold AND Hin=Normal AND Hout=Normal AND L=Low AND Solar=Normal AND CO2=Normal AND Wind=Medium AND N=Normal AND E=Normal AND W=3,Good,0.4581762811202682,1528
Tin=Normal AND Tout=Hot AND Hin=Normal AND Hout=Normal AND L=Normal AND Solar=Low AND CO2=High AND Wind=Medium AND N=Low AND E=High AND W=0,Poor,0.3653408849894689,1529
Tin=Normal AND Tout=Normal AND Hin=Normal AND Hout=Normal AND L=Low AND Solar=High AND CO2=Normal AND Wind=High AND N=Normal AND E=Normal AND W=3,Good,0.3495927222724826,1530
Tin=Normal AND Tout=Normal AND Hin=Normal AND Hout=Normal AND L=Normal AND Solar=Normal AND CO2=Normal AND Wind=Medium AND N=High AND E=Normal AND W=0,Acceptable,0.4367816091954026,1531
Tin=Hot AND Tout=Hot AND Hin=Wet AND Hout=Wet AND L=Normal AND Solar=Low AND CO2=Low AND Wind=Medium AND N=High AND E=Normal AND W=0,Poor,0.3648282223162863,1532
Tin=Hot AND Tout=Hot AND Hin=Wet AND Hout=Wet AND L=Normal AND Solar=Low AND CO2=Normal AND Wind=Medium AND N=Normal AND E=Normal AND W=1,Acceptable,0.4515748570028269,1533
Tin=Normal AND Tout=Cold AND Hin=Dry AND Hout=Dry AND L=Normal AND Solar=Low AND CO2=Normal AND Wind=Low AND N=High AND E=High AND W=3,Acceptable,0.7441518232958071,1534
Tin=Hot AND Tout=Normal AND Hin=Normal AND Hout=Normal AND L=Normal AND Solar=Low AND CO2=Normal AND Wind=Low AND N=Low AND E=Normal AND W=0,Poor,0.3573691816756961,1535
Tin=Normal AND Tout=Normal AND Hin=Normal AND Hout=Normal AND L=Normal AND Solar=Normal AND CO2=Normal AND Wind=Low AND N=Normal AND E=Normal AND W=0,Acceptable,0.537849790455871,1536
Tin=Normal AND Tout=Normal AND Hin=Normal AND Hout=Normal AND L=Normal AND Solar=Low AND CO2=Normal AND Wind=Medium AND N=Normal AND E=Normal AND W=1,Acceptable,0.4055465491363502,1537
Tin=Hot AND Tout=Hot AND Hin=Normal AND Hout=Normal AND L=Normal AND Solar=Normal AND CO2=Normal AND Wind=Low AND N=High AND E=Normal AND W=0,Acceptable,0.4395145674267336,1538
Tin=Hot AND Tout=Normal AND Hin=Normal AND Hout=Normal AND L=Normal AND Solar=Normal AND CO2=Normal AND Wind=Low AND N=Normal AND E=Normal AND W=0,Acceptable,0.3808441243496724,1539
Tin=Normal AND Tout=Normal AND Hin=Wet AND Hout=Wet AND L=Low AND Solar=Normal AND CO2=High AND Wind=Medium AND N=High AND E=Normal AND W=0,Acceptable,0.4143788402948688,1540
Tin=Normal AND Tout=Cold AND Hin=Normal AND Hout=Normal AND L=Normal AND Solar=Normal AND CO2=Normal AND Wind=Medium AND N=Normal AND E=High AND W=0,Acceptable,0.3773946360153254,1541
Tin=Cold AND Tout=Normal AND Hin=Normal AND Hout=Dry AND L=Normal AND Solar=Normal AND CO2=Normal AND Wind=Low AND N=Normal AND E=Normal AND W=3,Acceptable,0.4034373928847319,1542
Tin=Normal AND Tout=Normal AND Hin=Normal AND Hout=Normal AND L=Normal AND Solar=Normal AND CO2=Normal AND Wind=Low AND N=Normal AND E=Normal AND W=3,Good,0.3991553923278697,1543
Tin=Normal AND Tout=Normal AND Hin=Normal AND Hout=Normal AND L=Low AND Solar=Normal AND CO2=Normal AND Wind=Medium AND N=Normal AND E=Normal AND W=0,Acceptable,0.418550767615615,1544
Tin=Cold AND Tout=Normal AND Hin=Normal AND Hout=Wet AND L=Normal AND Solar=Normal AND CO2=Normal AND Wind=Medium AND N=High AND E=Normal AND W=1,Poor,0.4280570249361347,1545
Tin=Hot AND Tout=Hot AND Hin=Wet AND Hout=Wet AND L=Normal AND Solar=Low AND CO2=High AND Wind=Medium AND N=High AND E=Normal AND W=1,Poor,0.342839458907068,1546
Tin=Cold AND Tout=Cold AND Hin=Normal AND Hout=Normal AND L=Normal AND Solar=Normal AND CO2=Normal AND Wind=Low AND N=High AND E=Normal AND W=0,Acceptable,0.4606321570498404,1547
Tin=Normal AND Tout=Cold AND Hin=Normal AND Hout=Normal AND L=Normal AND Solar=Normal AND CO2=Normal AND Wind=Medium AND N=Low AND E=Normal AND W=3,Acceptable,0.3592448803249207,1548
Tin=Normal AND Tout=Normal AND Hin=Normal AND Hout=Normal AND L=Normal AND Solar=Normal AND CO2=Normal AND Wind=Low AND N=Normal AND E=Normal AND W=3,Good,0.4001372163971125,1549
Tin=Normal AND Tout=Normal AND Hin=Normal AND Hout=Normal AND L=Low AND Solar=Normal AND CO2=Low AND Wind=Low AND N=Normal AND E=Normal AND W=3,Acceptable,0.3987927774935976,1550
Tin=Normal AND Tout=Normal AND Hin=Normal AND Hout=Normal AND L=High AND Solar=Low AND CO2=Normal AND Wind=Medium AND N=High AND E=Normal AND W=1,Acceptable,0.3364688767530881,1551
Tin=Normal AND Tout=Hot AND Hin=Normal AND Hout=Normal AND L=Normal AND Solar=Normal AND CO2=Normal AND Wind=Medium AND N=Normal AND E=High AND W=0,Acceptable,0.4731800766283523,1552
Tin=Normal AND Tout=Normal AND Hin=Wet AND Hout=Wet AND L=Low AND Solar=Normal AND CO2=Normal AND Wind=Low AND N=Normal AND E=Normal AND W=3,Good,0.3773946360153254,1553
Tin=Normal AND Tout=Normal AND Hin=Wet AND Hout=Normal AND L=Normal AND Solar=Low AND CO2=Normal AND Wind=Medium AND N=Normal AND E=Normal AND W=1,Acceptable,0.3952347715354725,1554
Tin=Normal AND Tout=Hot AND Hin=Normal AND Hout=Normal AND L=Normal AND Solar=Normal AND CO2=Normal AND Wind=Medium AND N=Normal AND E=High AND W=0,Acceptable,0.3726601360757689,1555
Tin=Hot AND Tout=Normal AND Hin=Normal AND Hout=Normal AND L=Normal AND Solar=Normal AND CO2=Normal AND Wind=Medium AND N=High AND E=Normal AND W=3,Good,0.3826918949327713,1556
Tin=Cold AND Tout=Normal AND Hin=Normal AND Hout=Normal AND L=Normal AND Solar=Low AND CO2=High AND Wind=Medium AND N=Normal AND E=Normal AND W=0,Poor,0.3815167031304585,1557
Tin=Normal AND Tout=Normal AND Hin=Normal AND Hout=Wet AND L=Normal AND Solar=Low AND CO2=Normal AND Wind=Medium AND N=Low AND E=Normal AND W=1,Acceptable,0.350150402036996,1558
Tin=Cold AND Tout=Normal AND Hin=Dry AND Hout=Dry AND L=Low AND Solar=High AND CO2=Low AND Wind=Medium AND N=Low AND E=Normal AND W=3,Acceptable,0.453727622846224,1559
Tin=Normal AND Tout=Normal AND Hin=Normal AND Hout=Normal AND L=Low AND Solar=Normal AND CO2=Normal AND Wind=Medium AND N=Normal AND E=Normal AND W=0,Acceptable,0.3432559421051004,1560
Tin=Normal AND Tout=Cold AND Hin=Normal AND Hout=Normal AND L=Normal AND Solar=Normal AND CO2=Normal AND Wind=Low AND N=Low AND E=Normal AND W=3,Acceptable,0.3659585212586774,1561
Tin=Normal AND Tout=Cold AND Hin=Normal AND Hout=Dry AND L=Normal AND Solar=Normal AND CO2=Normal AND Wind=Medium AND N=High AND E=Normal AND W=3,Acceptable,0.3543671678745714,1562
Tin=Normal AND Tout=Normal AND Hin=Normal AND Hout=Wet AND L=Normal AND Solar=Normal AND CO2=Normal AND Wind=Medium AND N=Normal AND E=Normal AND W=0,Acceptable,0.3801136954058616,1563
Tin=Normal AND Tout=Hot AND Hin=Normal AND Hout=Normal AND L=Low AND Solar=Normal AND CO2=Normal AND Wind=Medium AND N=Low AND E=Normal AND W=3,Good,0.4545504665048821,1564
Tin=Normal AND Tout=Normal AND Hin=Normal AND Hout=Normal AND L=Normal AND Solar=Normal AND CO2=Normal AND Wind=Low AND N=Low AND E=Normal AND W=0,Acceptable,0.3779699019931533,1565
Tin=Normal AND Tout=Normal AND Hin=Normal AND Hout=Normal AND L=Normal AND Solar=Normal AND CO2=Normal AND Wind=Medium AND N=Low AND E=Normal AND W=0,Acceptable,0.4559783890096895,1566
Tin=Normal AND Tout=Normal AND Hin=Normal AND Hout=Normal AND L=Low AND Solar=Normal AND CO2=Normal AND Wind=Medium AND N=Normal AND E=Normal AND W=3,Acceptable,0.3760452122305748,1567
Tin=Cold AND Tout=Cold AND Hin=Normal AND Hout=Normal AND L=Normal AND Solar=Low AND CO2=Normal AND Wind=Medium AND N=Low AND E=Normal AND W=1,Poor,0.4659510231010071,1568
Tin=Normal AND Tout=Normal AND Hin=Normal AND Hout=Normal AND L=Normal AND Solar=Low AND CO2=Normal AND Wind=Medium AND N=Low AND E=Normal AND W=0,Acceptable,0.4507073944630395,1569
Tin=Cold AND Tout=Normal AND Hin=Normal AND Hout=Normal AND L=Normal AND Solar=Low AND CO2=Normal AND Wind=Medium AND N=Low AND E=Normal AND W=1,Poor,0.425586276885281,1570
Tin=Normal AND Tout=Normal AND Hin=Normal AND Hout=Wet AND L=Normal AND Solar=Low AND CO2=Normal AND Wind=Low AND N=Normal AND E=Normal AND W=1,Acceptable,0.3797572838830175,1571
Tin=Normal AND Tout=Normal AND Hin=Normal AND Hout=Normal AND L=Normal AND Solar=Normal AND CO2=High AND Wind=Medium AND N=Normal AND E=Normal AND W=0,Acceptable,0.5156400007955728,1572
Tin=Cold AND Tout=Cold AND Hin=Wet AND Hout=Wet AND L=High AND Solar=Low AND CO2=Normal AND Wind=Medium AND N=Normal AND E=Normal AND W=1,Poor,0.3347710434196441,1573
Tin=Normal AND Tout=Normal AND Hin=Normal AND Hout=Dry AND L=Normal AND Solar=Low AND CO2=Low AND Wind=Medium AND N=Normal AND E=Normal AND W=3,Acceptable,0.3379411190663977,1574
Tin=Hot AND Tout=Hot AND Hin=Wet AND Hout=Wet AND L=Normal AND Solar=Low AND CO2=Normal AND Wind=Medium AND N=Normal AND E=Normal AND W=0,Poor,0.347160879407887,1575
Tin=Normal AND Tout=Normal AND Hin=Normal AND Hout=Normal AND L=Low AND Solar=Normal AND CO2=Normal AND Wind=Low AND N=High AND E=Normal AND W=3,Good,0.4465060926155944,1576
Tin=Normal AND Tout=Normal AND Hin=Normal AND Hout=Normal AND L=High AND Solar=Normal AND CO2=Normal AND Wind=Low AND N=Normal AND E=Normal AND W=3,Good,0.3540110904825685,1577
Tin=Normal AND Tout=Hot AND Hin=Wet AND Hout=Normal AND L=Normal AND Solar=Low AND CO2=Normal AND Wind=Medium AND N=High AND E=Normal AND W=0,Acceptable,0.4568067711366588,1578
Tin=Normal AND Tout=Normal AND Hin=Normal AND Hout=Normal AND L=Normal AND Solar=Normal AND CO2=Normal AND Wind=High AND N=Normal AND E=Normal AND W=0,Acceptable,0.3535690508032413,1579
Tin=Normal AND Tout=Normal AND Hin=Normal AND Hout=Normal AND L=High AND Solar=Low AND CO2=Normal AND Wind=Medium AND N=Normal AND E=Normal AND W=1,Acceptable,0.512745209951553,1580
Tin=Normal AND Tout=Cold AND Hin=Normal AND Hout=Normal AND L=Normal AND Solar=Low AND CO2=High AND Wind=Medium AND N=Low AND E=High AND W=0,Poor,0.377617221388668,1581
Tin=Normal AND Tout=Normal AND Hin=Normal AND Hout=Normal AND L=Low AND Solar=Normal AND CO2=Low AND Wind=Low AND N=High AND E=Normal AND W=3,Good,0.3368041940826974,1582
Tin=Normal AND Tout=Normal AND Hin=Normal AND Hout=Normal AND L=Normal AND Solar=Low AND CO2=Normal AND Wind=Medium AND N=High AND E=Normal AND W=0,Acceptable,0.3973187835583059,1583
Tin=Normal AND Tout=Hot AND Hin=Normal AND Hout=Normal AND L=Normal AND Solar=Normal AND CO2=Normal AND Wind=Medium AND N=Normal AND E=Normal AND W=3,Good,0.3931154326960451,1584
Tin=Normal AND Tout=Normal AND Hin=Normal AND Hout=Normal AND L=Low AND Solar=Normal AND CO2=Normal AND Wind=Low AND N=High AND E=Normal AND W=3,Good,0.431058218115176,1585
Tin=Normal AND Tout=Cold AND Hin=Normal AND Hout=Normal AND L=Low AND Solar=Normal AND CO2=Low AND Wind=Medium AND N=High AND E=High AND W=3,Acceptable,0.4123758398352674,1586
Tin=Normal AND Tout=Normal AND Hin=Dry AND Hout=Dry AND L=Normal AND Solar=Normal AND CO2=Normal AND Wind=Low AND N=Normal AND E=Normal AND W=3,Acceptable,0.371292384936378,1587
Tin=Normal AND Tout=Normal AND Hin=Wet AND Hout=Wet AND L=High AND Solar=Low AND CO2=High AND Wind=Medium AND N=Normal AND E=Normal AND W=2,Poor,0.3335267266870433,1588
Tin=Normal AND Tout=Normal AND Hin=Normal AND Hout=Normal AND L=Low AND Solar=High AND CO2=Normal AND Wind=Low AND N=Low AND E=Normal AND W=3,Good,0.4383871391727515,1589
Tin=Normal AND Tout=Normal AND Hin=Wet AND Hout=Wet AND L=Normal AND Solar=Low AND CO2=Normal AND Wind=Medium AND N=Normal AND E=Normal AND W=1,Acceptable,0.3353759112888754,1590
Tin=Normal AND Tout=Normal AND Hin=Dry AND Hout=Dry AND L=Normal AND Solar=Normal AND CO2=Normal AND Wind=Low AND N=Normal AND E=Normal AND W=3,Acceptable,0.3499931424761493,1591
Tin=Normal AND Tout=Normal AND Hin=Normal AND Hout=Normal AND L=Low AND Solar=High AND CO2=Normal AND Wind=Medium AND N=Low AND E=Normal AND W=3,Acceptable,0.3615172164154184,1592
Tin=Normal AND Tout=Normal AND Hin=Normal AND Hout=Normal AND L=Normal AND Solar=Normal AND CO2=Normal AND Wind=Low AND N=Normal AND E=Normal AND W=3,Good,0.5162856212020485,1593
Tin=Normal AND Tout=Normal AND Hin=Dry AND Hout=Dry AND L=Normal AND Solar=Normal AND CO2=Normal AND Wind=Low AND N=Normal AND E=Low AND W=3,Acceptable,0.3497721201686074,1594
Tin=Normal AND Tout=Normal AND Hin=Wet AND Hout=Normal AND L=Normal AND Solar=Low AND CO2=Normal AND Wind=Low AND N=High AND E=Normal AND W=1,Acceptable,0.3839669602163373,1595
Tin=Normal AND Tout=Cold AND Hin=Normal AND Hout=Normal AND L=Normal AND Solar=Low AND CO2=Normal AND Wind=High AND N=Low AND E=High AND W=1,Poor,0.4191780868877915,1596
Tin=Normal AND Tout=Normal AND Hin=Normal AND Hout=Normal AND L=Normal AND Solar=High AND CO2=Normal AND Wind=Medium AND N=Low AND E=Normal AND W=3,Acceptable,0.3365941275787321,1597
Tin=Normal AND Tout=Normal AND Hin=Normal AND Hout=Normal AND L=Normal AND Solar=Normal AND CO2=Normal AND Wind=Low AND N=Normal AND E=Normal AND W=3,Good,0.3711941995150513,1598
Tin=Normal AND Tout=Normal AND Hin=Normal AND Hout=Normal AND L=Normal AND Solar=Normal AND CO2=Normal AND Wind=Medium AND N=High AND E=Normal AND W=3,Good,0.5051435119489108,1599
Tin=Normal AND Tout=Hot AND Hin=Dry AND Hout=Dry AND L=Normal AND Solar=Normal AND CO2=Normal AND Wind=Medium AND N=Low AND E=High AND W=3,Poor,0.3473248877922456,1600
Tin=Normal AND Tout=Normal AND Hin=Normal AND Hout=Normal AND L=Normal AND Solar=Normal AND CO2=Normal AND Wind=Medium AND N=Low AND E=Normal AND W=3,Good,0.3606504799065168,1601
Tin=Normal AND Tout=Normal AND Hin=Normal AND Hout=Normal AND L=Normal AND Solar=Low AND CO2=High AND Wind=High AND N=Normal AND E=Normal AND W=0,Acceptable,0.4944528045799661,1602
Tin=Cold AND Tout=Normal AND Hin=Normal AND Hout=Normal AND L=Low AND Solar=Normal AND CO2=Low AND Wind=Low AND N=High AND E=Normal AND W=3,Acceptable,0.3540369065281143,1603
Tin=Normal AND Tout=Normal AND Hin=Normal AND Hout=Normal AND L=Normal AND Solar=Normal AND CO2=High AND Wind=Medium AND N=Low AND E=Normal AND W=0,Acceptable,0.3632753844801106,1604
Tin=Normal AND Tout=Normal AND Hin=Wet AND Hout=Wet AND L=Normal AND Solar=Low AND CO2=Low AND Wind=Low AND N=Normal AND E=Normal AND W=0,Poor,0.4731800766283523,1605
Tin=Normal AND Tout=Normal AND Hin=Normal AND Hout=Normal AND L=Normal AND Solar=Normal AND CO2=Normal AND Wind=Medium AND N=Normal AND E=Normal AND W=3,Good,0.3713989394434239,1606
Tin=Normal AND Tout=Normal AND Hin=Normal AND Hout=Dry AND L=Low AND Solar=Normal AND CO2=Normal AND Wind=Low AND N=High AND E=Normal AND W=3,Good,0.3605267983129706,1607
Tin=Normal AND Tout=Normal AND Hin=Dry AND Hout=Dry AND L=Normal AND Solar=Normal AND CO2=Normal AND Wind=Medium AND N=Normal AND E=Normal AND W=0,Acceptable,0.386379653504197,1608
Tin=Hot AND Tout=Normal AND Hin=Normal AND Hout=Normal AND L=Low AND Solar=Normal AND CO2=Normal AND Wind=Medium AND N=High AND E=Normal AND W=3,Acceptable,0.4645882467240802,1609
Tin=Normal AND Tout=Cold AND Hin=Normal AND Hout=Wet AND L=Normal AND Solar=Low AND CO2=Normal AND Wind=Medium AND N=Low AND E=Normal AND W=1,Acceptable,0.4443555484014547,1610
Tin=Normal AND Tout=Normal AND Hin=Normal AND Hout=Normal AND L=Low AND Solar=High AND CO2=High AND Wind=Medium AND N=High AND E=Low AND W=3,Acceptable,0.3771512881483862,1611
Tin=Normal AND Tout=Normal AND Hin=Normal AND Hout=Normal AND L=Normal AND Solar=Normal AND CO2=High AND Wind=Low AND N=High AND E=High AND W=3,Acceptable,0.348024136190453,1612
Tin=Normal AND Tout=Cold AND Hin=Wet AND Hout=Normal AND L=Normal AND Solar=Low AND CO2=High AND Wind=Medium AND N=High AND E=Normal AND W=2,Poor,0.3850184557265385,1613
Tin=Cold AND Tout=Normal AND Hin=Normal AND Hout=Normal AND L=Normal AND Solar=Normal AND CO2=Normal AND Wind=Low AND N=High AND E=Normal AND W=3,Poor,0.4279082258364604,1614
Tin=Normal AND Tout=Normal AND Hin=Normal AND Hout=Normal AND L=Normal AND Solar=Low AND CO2=Low AND Wind=Medium AND N=Normal AND E=Low AND W=3,Good,0.3380039117080289,1615
Tin=Normal AND Tout=Normal AND Hin=Wet AND Hout=Wet AND L=Normal AND Solar=Low AND CO2=High AND Wind=Medium AND N=Low AND E=Normal AND W=1,Poor,0.436781609195402,1616
Tin=Normal AND Tout=Normal AND Hin=Normal AND Hout=Normal AND L=Normal AND Solar=Low AND CO2=Normal AND Wind=Medium AND N=High AND E=Normal AND W=0,Acceptable,0.3687301100474485,1617
Tin=Normal AND Tout=Normal AND Hin=Wet AND Hout=Wet AND L=Normal AND Solar=Normal AND CO2=Normal AND Wind=Medium AND N=High AND E=Normal AND W=0,Acceptable,0.4367816091954026,1618
Tin=Normal AND Tout=Hot AND Hin=Normal AND Hout=Normal AND L=Normal AND Solar=Normal AND CO2=Normal AND Wind=Low AND N=High AND E=Normal AND W=3,Good,0.4811491432098929,1619
Tin=Hot AND Tout=Normal AND Hin=Normal AND Hout=Normal AND L=Normal AND Solar=Normal AND CO2=Low AND Wind=Medium AND N=High AND E=Low AND W=0,Poor,0.4630121911330362,1620
Tin=Normal AND Tout=Cold AND Hin=Wet AND Hout=Wet AND L=Normal AND Solar=Low AND CO2=Normal AND Wind=Low AND N=Low AND E=High AND W=1,Acceptable,0.4404889547192053,1621
Tin=Normal AND Tout=Hot AND Hin=Normal AND Hout=Normal AND L=Normal AND Solar=Normal AND CO2=Normal AND Wind=Low AND N=Low AND E=Normal AND W=0,Acceptable,0.4276619964689844,1622
Tin=Normal AND Tout=Normal AND Hin=Normal AND Hout=Normal AND L=Normal AND Solar=Normal AND CO2=Normal AND Wind=Medium AND N=Low AND E=Low AND W=0,Acceptable,0.3542103152896646,1623
Tin=Normal AND Tout=Normal AND Hin=Normal AND Hout=Normal AND L=Normal AND Solar=Normal AND CO2=Normal AND Wind=Medium AND N=Low AND E=Normal AND W=0,Acceptable,0.3531011392056697,1624
Tin=Normal AND Tout=Normal AND Hin=Normal AND Hout=Normal AND L=Normal AND Solar=Low AND CO2=Normal AND Wind=High AND N=Low AND E=Normal AND W=1,Acceptable,0.3574080637568648,1625
Tin=Normal AND Tout=Normal AND Hin=Normal AND Hout=Normal AND L=Normal AND Solar=Normal AND CO2=Normal AND Wind=Medium AND N=Normal AND E=Normal AND W=3,Acceptable,0.3773946360153254,1626
Tin=Normal AND Tout=Normal AND Hin=Wet AND Hout=Wet AND L=Normal AND Solar=Low AND CO2=Normal AND Wind=Medium AND N=Low AND E=Normal AND W=2,Poor,0.3383019982469752,1627
Tin=Normal AND Tout=Normal AND Hin=Wet AND Hout=Wet AND L=Normal AND Solar=Low AND CO2=Normal AND Wind=Medium AND N=Low AND E=Normal AND W=1,Acceptable,0.3842783524300948,1628
Tin=Normal AND Tout=Hot AND Hin=Normal AND Hout=Normal AND L=Normal AND Solar=Normal AND CO2=Normal AND Wind=Low AND N=High AND E=Normal AND W=0,Acceptable,0.4294938895514448,1629
Tin=Normal AND Tout=Normal AND Hin=Normal AND Hout=Normal AND L=Normal AND Solar=Low AND CO2=Normal AND Wind=Medium AND N=High AND E=Normal AND W=1,Acceptable,0.3700829456828829,1630
Tin=Cold AND Tout=Normal AND Hin=Normal AND Hout=Normal AND L=Normal AND Solar=Normal AND CO2=High AND Wind=Low AND N=Normal AND E=Normal AND W=0,Poor,0.4401613536596543,1631
Tin=Normal AND Tout=Cold AND Hin=Wet AND Hout=Wet AND L=Low AND Solar=High AND CO2=Normal AND Wind=Medium AND N=High AND E=Normal AND W=3,Acceptable,0.3899995082652276,1632
Tin=Hot AND Tout=Normal AND Hin=Normal AND Hout=Normal AND L=Normal AND Solar=Normal AND CO2=Normal AND Wind=High AND N=Normal AND E=High AND W=0,Poor,0.3915778805631624,1633
Tin=Normal AND Tout=Normal AND Hin=Dry AND Hout=Normal AND L=Low AND Solar=High AND CO2=Normal AND Wind=Medium AND N=Normal AND E=Low AND W=3,Good,0.4434724088944169,1634
Tin=Cold AND Tout=Normal AND Hin=Normal AND Hout=Normal AND L=Normal AND Solar=Normal AND CO2=Normal AND Wind=Medium AND N=Low AND E=Low AND W=3,Poor,0.3338310759695884,1635
Tin=Normal AND Tout=Normal AND Hin=Normal AND Hout=Normal AND L=Normal AND Solar=Normal AND CO2=Normal AND Wind=Medium AND N=High AND E=Normal AND W=3,Good,0.3559288213219426,1636
Tin=Normal AND Tout=Normal AND Hin=Normal AND Hout=Normal AND L=Normal AND Solar=Normal AND CO2=Normal AND Wind=Low AND N=Normal AND E=Normal AND W=0,Acceptable,0.3372539147787924,1637
Tin=Normal AND Tout=Normal AND Hin=Normal AND Hout=Normal AND L=Normal AND Solar=Normal AND CO2=Normal AND Wind=High AND N=Low AND E=Low AND W=3,Acceptable,0.3340486122810033,1638
Tin=Normal AND Tout=Cold AND Hin=Normal AND Hout=Normal AND L=Low AND Solar=Normal AND CO2=Normal AND Wind=Low AND N=High AND E=Normal AND W=3,Good,0.420424623862448,1639
Tin=Normal AND Tout=Normal AND Hin=Normal AND Hout=Normal AND L=Normal AND Solar=Normal AND CO2=Normal AND Wind=Medium AND N=Normal AND E=Normal AND W=0,Acceptable,0.4756761780299964,1640
Tin=Normal AND Tout=Normal AND Hin=Normal AND Hout=Normal AND L=Normal AND Solar=Normal AND CO2=Normal AND Wind=Low AND N=Normal AND E=Normal AND W=3,Good,0.3383184843736787,1641
Tin=Normal AND Tout=Normal AND Hin=Normal AND Hout=Normal AND L=Normal AND Solar=Low AND CO2=Normal AND Wind=Medium AND N=Low AND E=Normal AND W=1,Acceptable,0.4137262235081832,1642
Tin=Normal AND Tout=Normal AND Hin=Normal AND Hout=Normal AND L=Normal AND Solar=Normal AND CO2=Normal AND Wind=Medium AND N=Normal AND E=Normal AND W=3,Good,0.390632544960847,1643
Tin=Normal AND Tout=Normal AND Hin=Wet AND Hout=Normal AND L=Normal AND Solar=Normal AND CO2=Normal AND Wind=Medium AND N=High AND E=Normal AND W=3,Good,0.3692449637163354,1644
Tin=Normal AND Tout=Normal AND Hin=Wet AND Hout=Wet AND L=Normal AND Solar=Low AND CO2=Normal AND Wind=Medium AND N=Low AND E=Normal AND W=1,Acceptable,0.436781609195402,1645
Tin=Normal AND Tout=Normal AND Hin=Normal AND Hout=Normal AND L=High AND Solar=Low AND CO2=Normal AND Wind=Medium AND N=Normal AND E=Normal AND W=1,Acceptable,0.4910465534790316,1646
Tin=Normal AND Tout=Cold AND Hin=Normal AND Hout=Normal AND L=Normal AND Solar=Normal AND CO2=Low AND Wind=Medium AND N=High AND E=Normal AND W=0,Acceptable,0.3676900634833756,1647
Tin=Normal AND Tout=Normal AND Hin=Normal AND Hout=Normal AND L=Low AND Solar=High AND CO2=Normal AND Wind=Low AND N=Normal AND E=Low AND W=3,Good,0.4096586967542797,1648
Tin=Normal AND Tout=Normal AND Hin=Normal AND Hout=Normal AND L=Low AND Solar=Normal AND CO2=High AND Wind=Medium AND N=Normal AND E=Normal AND W=3,Acceptable,0.3811012188173593,1649
Tin=Normal AND Tout=Normal AND Hin=Normal AND Hout=Normal AND L=Normal AND Solar=Low AND CO2=Low AND Wind=Medium AND N=Low AND E=Normal AND W=1,Acceptable,0.3667324601024276,1650
Tin=Hot AND Tout=Normal AND Hin=Normal AND Hout=Wet AND L=Low AND Solar=High AND CO2=Low AND Wind=Medium AND N=Normal AND E=Low AND W=3,Poor,0.4005227825689295,1651
Tin=Normal AND Tout=Normal AND Hin=Normal AND Hout=Normal AND L=Normal AND Solar=Normal AND CO2=Normal AND Wind=Medium AND N=Normal AND E=Normal AND W=0,Acceptable,0.4731800766283526,1652
Tin=Normal AND Tout=Normal AND Hin=Normal AND Hout=Normal AND L=Normal AND Solar=Normal AND CO2=Normal AND Wind=Medium AND N=High AND E=Normal AND W=3,Good,0.4657713778145459,1653
Tin=Normal AND Tout=Normal AND Hin=Normal AND Hout=Normal AND L=Normal AND Solar=Low AND CO2=Normal AND Wind=High AND N=Low AND E=Normal AND W=1,Acceptable,0.3394446400733295,1654
Tin=Normal AND Tout=Normal AND Hin=Normal AND Hout=Wet AND L=Normal AND Solar=Low AND CO2=High AND Wind=Medium AND N=Low AND E=Normal AND W=1,Acceptable,0.3655111466615077,1655
Tin=Normal AND Tout=Normal AND Hin=Normal AND Hout=Normal AND L=Normal AND Solar=Low AND CO2=Normal AND Wind=Medium AND N=High AND E=Normal AND W=1,Acceptable,0.451508698958462,1656
Tin=Normal AND Tout=Normal AND Hin=Normal AND Hout=Normal AND L=Low AND Solar=Normal AND CO2=Low AND Wind=Low AND N=Normal AND E=Normal AND W=3,Good,0.3364317508041222,1657
Tin=Normal AND Tout=Normal AND Hin=Normal AND Hout=Normal AND L=Normal AND Solar=Low AND CO2=Normal AND Wind=Medium AND N=Normal AND E=Normal AND W=1,Acceptable,0.4594562813231374,1658
Tin=Normal AND Tout=Normal AND Hin=Normal AND Hout=Normal AND L=Normal AND Solar=Normal AND CO2=Normal AND Wind=Medium AND N=Normal AND E=Normal AND W=3,Acceptable,0.3773946360153258,1659
Tin=Normal AND Tout=Normal AND Hin=Wet AND Hout=Wet AND L=Normal AND Solar=Low AND CO2=Normal AND Wind=Medium AND N=High AND E=Normal AND W=1,Acceptable,0.4248548299185231,1660
Tin=Cold AND Tout=Normal AND Hin=Normal AND Hout=Normal AND L=Normal AND Solar=Low AND CO2=High AND Wind=Medium AND N=Low AND E=Normal AND W=1,Poor,0.4518898575128481,1661
Tin=Normal AND Tout=Normal AND Hin=Wet AND Hout=Wet AND L=High AND Solar=Low AND CO2=Normal AND Wind=Medium AND N=Normal AND E=Normal AND W=1,Acceptable,0.4347402583081848,1662
Tin=Normal AND Tout=Hot AND Hin=Normal AND Hout=Normal AND L=Normal AND Solar=Normal AND CO2=Normal AND Wind=Low AND N=Low AND E=Normal AND W=3,Good,0.3334795817199466,1663
Tin=Cold AND Tout=Normal AND Hin=Normal AND Hout=Normal AND L=Normal AND Solar=Normal AND CO2=Normal AND Wind=Medium AND N=Normal AND E=Normal AND W=1,Poor,0.3419440017396299,1664
Tin=Normal AND Tout=Normal AND Hin=Normal AND Hout=Normal AND L=Normal AND Solar=Low AND CO2=Normal AND Wind=Low AND N=High AND E=Normal AND W=1,Acceptable,0.3606553958054553,1665
Tin=Hot AND Tout=Cold AND Hin=Normal AND Hout=Normal AND L=Normal AND Solar=Normal AND CO2=Normal AND Wind=Medium AND N=Low AND E=High AND W=3,Acceptable,0.3473852763623821,1666
Tin=Normal AND Tout=Normal AND Hin=Dry AND Hout=Dry AND L=Normal AND Solar=Normal AND CO2=Normal AND Wind=Medium AND N=Low AND E=Normal AND W=3,Acceptable,0.3955379362802049,1667
Tin=Normal AND Tout=Hot AND Hin=Normal AND Hout=Normal AND L=Normal AND Solar=Normal AND CO2=High AND Wind=Low AND N=Normal AND E=Normal AND W=0,Acceptable,0.3393243374015733,1668
Tin=Normal AND Tout=Normal AND Hin=Normal AND Hout=Normal AND L=Low AND Solar=Normal AND CO2=Low AND Wind=Medium AND N=Normal AND E=Normal AND W=3,Good,0.3969364862269005,1669
Tin=Normal AND Tout=Normal AND Hin=Normal AND Hout=Normal AND L=Normal AND Solar=Low AND CO2=Normal AND Wind=Medium AND N=High AND E=Normal AND W=1,Acceptable,0.4973574149537011,1670
Tin=Normal AND Tout=Normal AND Hin=Normal AND Hout=Normal AND L=Normal AND Solar=Normal AND CO2=Normal AND Wind=Medium AND N=Normal AND E=Normal AND W=0,Acceptable,0.3933118578898059,1671
Tin=Normal AND Tout=Normal AND Hin=Normal AND Hout=Normal AND L=Normal AND Solar=Low AND CO2=Normal AND Wind=High AND N=Low AND E=Low AND W=1,Poor,0.3841460819097087,1672
Tin=Normal AND Tout=Hot AND Hin=Normal AND Hout=Normal AND L=Normal AND Solar=Low AND CO2=Normal AND Wind=Medium AND N=High AND E=Normal AND W=1,Acceptable,0.3725821070582273,1673
Tin=Normal AND Tout=Normal AND Hin=Normal AND Hout=Normal AND L=Normal AND Solar=Normal AND CO2=Low AND Wind=Medium AND N=Normal AND E=Normal AND W=3,Good,0.4244541813109383,1674
Tin=Normal AND Tout=Normal AND Hin=Normal AND Hout=Normal AND L=Normal AND Solar=Normal AND CO2=Normal AND Wind=Medium AND N=High AND E=Normal AND W=3,Good,0.3451942983038498,1675
Tin=Hot AND Tout=Normal AND Hin=Normal AND Hout=Normal AND L=Low AND Solar=High AND CO2=Normal AND Wind=High AND N=Normal AND E=Low AND W=3,Acceptable,0.3503544432339334,1676
Tin=Normal AND Tout=Normal AND Hin=Normal AND Hout=Normal AND L=Normal AND Solar=Low AND CO2=High AND Wind=High AND N=Normal AND E=Normal AND W=2,Poor,0.3773946360153258,1677
Tin=Normal AND Tout=Normal AND Hin=Normal AND Hout=Normal AND L=Normal AND Solar=Normal AND CO2=Normal AND Wind=Low AND N=Low AND E=Low AND W=3,Good,0.5503197781942217,1678
Tin=Normal AND Tout=Normal AND Hin=Normal AND Hout=Normal AND L=Low AND Solar=High AND CO2=Normal AND Wind=Medium AND N=Normal AND E=Low AND W=3,Good,0.4210750071298508,1679
Tin=Normal AND Tout=Normal AND Hin=Normal AND Hout=Normal AND L=Low AND Solar=High AND CO2=Normal AND Wind=Low AND N=Low AND E=Low AND W=3,Good,0.4151215321757957,1680
Tin=Normal AND Tout=Normal AND Hin=Normal AND Hout=Normal AND L=Normal AND Solar=Normal AND CO2=Normal AND Wind=Medium AND N=High AND E=Normal AND W=0,Acceptable,0.4285681536839264,1681
Tin=Normal AND Tout=Normal AND Hin=Normal AND Hout=Normal AND L=Normal AND Solar=Normal AND CO2=Normal AND Wind=Medium AND N=Normal AND E=Normal AND W=0,Acceptable,0.553059860478154,1682
Tin=Normal AND Tout=Normal AND Hin=Normal AND Hout=Normal AND L=Normal AND Solar=Low AND CO2=Normal AND Wind=Medium AND N=Low AND E=Low AND W=0,Acceptable,0.4931697475371852,1683
Tin=Hot AND Tout=Normal AND Hin=Normal AND Hout=Normal AND L=Low AND Solar=Normal AND CO2=Normal AND Wind=Low AND N=High AND E=Normal AND W=3,Acceptable,0.3498951076605525,1684
Tin=Normal AND Tout=Normal AND Hin=Normal AND Hout=Normal AND L=Normal AND Solar=Low AND CO2=Low AND Wind=Low AND N=Normal AND E=Normal AND W=3,Good,0.430126558148535,1685
Tin=Normal AND Tout=Normal AND Hin=Normal AND Hout=Normal AND L=Low AND Solar=High AND CO2=Normal AND Wind=Medium AND N=Normal AND E=Low AND W=3,Acceptable,0.3897997440561542,1686
Tin=Normal AND Tout=Normal AND Hin=Normal AND Hout=Normal AND L=Normal AND Solar=Low AND CO2=Normal AND Wind=Medium AND N=Low AND E=Normal AND W=0,Acceptable,0.4181588538001466,1687
Tin=Normal AND Tout=Normal AND Hin=Normal AND Hout=Normal AND L=Normal AND Solar=Normal AND CO2=Normal AND Wind=Medium AND N=Normal AND E=Normal AND W=0,Acceptable,0.4487112866809612,1688
Tin=Normal AND Tout=Hot AND Hin=Normal AND Hout=Normal AND L=Low AND Solar=High AND CO2=Normal AND Wind=Low AND N=High AND E=Normal AND W=3,Good,0.5263312897416509,1689
Tin=Normal AND Tout=Hot AND Hin=Normal AND Hout=Normal AND L=Normal AND Solar=Normal AND CO2=Normal AND Wind=Medium AND N=Normal AND E=Normal AND W=3,Good,0.4008927607014954,1690
Tin=Normal AND Tout=Normal AND Hin=Normal AND Hout=Normal AND L=High AND Solar=Low AND CO2=Normal AND Wind=Medium AND N=Normal AND E=Normal AND W=2,Poor,0.3387793191400172,1691
Tin=Normal AND Tout=Normal AND Hin=Normal AND Hout=Normal AND L=Normal AND Solar=Normal AND CO2=Normal AND Wind=Medium AND N=High AND E=Normal AND W=0,Acceptable,0.505258859927034,1692
Tin=Cold AND Tout=Normal AND Hin=Normal AND Hout=Normal AND L=Normal AND Solar=Low AND CO2=Normal AND Wind=Medium AND N=Normal AND E=Normal AND W=2,Poor,0.3364929902089473,1693
Tin=Normal AND Tout=Cold AND Hin=Normal AND Hout=Normal AND L=Normal AND Solar=Normal AND CO2=Normal AND Wind=High AND N=High AND E=Normal AND W=3,Good,0.4925042263744207,1694
Tin=Normal AND Tout=Normal AND Hin=Normal AND Hout=Normal AND L=Normal AND Solar=Normal AND CO2=High AND Wind=Medium AND N=Normal AND E=Normal AND W=3,Acceptable,0.4622363417604603,1695
Tin=Hot AND Tout=Normal AND Hin=Normal AND Hout=Normal AND L=Normal AND Solar=Normal AND CO2=Low AND Wind=High AND N=Normal AND E=Normal AND W=3,Poor,0.5689655172413791,1696
Tin=Normal AND Tout=Normal AND Hin=Normal AND Hout=Normal AND L=Normal AND Solar=Normal AND CO2=Normal AND Wind=Medium AND N=High AND E=High AND W=0,Poor,0.3472952432218205,1697
Tin=Normal AND Tout=Hot AND Hin=Normal AND Hout=Normal AND L=Low AND Solar=Normal AND CO2=Normal AND Wind=Low AND N=High AND E=Normal AND W=3,Good,0.3346822438213531,1698
Tin=Cold AND Tout=Cold AND Hin=Normal AND Hout=Normal AND L=Normal AND Solar=Normal AND CO2=High AND Wind=Medium AND N=Normal AND E=Normal AND W=3,Poor,0.3892633926594656,1699
Tin=Normal AND Tout=Normal AND Hin=Normal AND Hout=Normal AND L=Low AND Solar=High AND CO2=Low AND Wind=Medium AND N=Low AND E=Low AND W=3,Good,0.4727343354447986,1700
Tin=Normal AND Tout=Normal AND Hin=Normal AND Hout=Normal AND L=Normal AND Solar=Normal AND CO2=Normal AND Wind=Medium AND N=Normal AND E=Normal AND W=3,Good,0.3715220472407012,1701
Tin=Normal AND Tout=Normal AND Hin=Normal AND Hout=Wet AND L=Normal AND Solar=Normal AND CO2=Low AND Wind=Low AND N=Normal AND E=Normal AND W=1,Acceptable,0.3796232658854366,1702
Tin=Normal AND Tout=Normal AND Hin=Normal AND Hout=Normal AND L=Normal AND Solar=Normal AND CO2=Normal AND Wind=Medium AND N=High AND E=Normal AND W=0,Acceptable,0.3770551684000757,1703
Tin=Normal AND Tout=Normal AND Hin=Dry AND Hout=Dry AND L=Normal AND Solar=Normal AND CO2=Normal AND Wind=Low AND N=High AND E=Normal AND W=3,Acceptable,0.4020395717550797,1704
Tin=Normal AND Tout=Normal AND Hin=Dry AND Hout=Dry AND L=Normal AND Solar=Normal AND CO2=Normal AND Wind=Medium AND N=Low AND E=Normal AND W=3,Acceptable,0.3750595576737783,1705
Tin=Normal AND Tout=Normal AND Hin=Wet AND Hout=Wet AND L=Normal AND Solar=Low AND CO2=Normal AND Wind=Medium AND N=Normal AND E=Normal AND W=1,Poor,0.3847416352157077,1706
Tin=Normal AND Tout=Hot AND Hin=Normal AND Hout=Normal AND L=Normal AND Solar=Low AND CO2=Normal AND Wind=Medium AND N=High AND E=Normal AND W=0,Acceptable,0.3803639348870818,1707
Tin=Normal AND Tout=Hot AND Hin=Normal AND Hout=Normal AND L=Low AND Solar=High AND CO2=Normal AND Wind=Low AND N=Normal AND E=High AND W=3,Acceptable,0.3773946360153254,1708
Tin=Cold AND Tout=Cold AND Hin=Normal AND Hout=Normal AND L=Normal AND Solar=Low AND CO2=Normal AND Wind=Medium AND N=Normal AND E=Normal AND W=1,Poor,0.4448261135674538,1709
Tin=Hot AND Tout=Normal AND Hin=Normal AND Hout=Normal AND L=Low AND Solar=High AND CO2=Normal AND Wind=Low AND N=Normal AND E=Normal AND W=3,Acceptable,0.4390291637858702,1710
Tin=Cold AND Tout=Normal AND Hin=Dry AND Hout=Dry AND L=Low AND Solar=High AND CO2=Low AND Wind=Low AND N=Normal AND E=Low AND W=3,Acceptable,0.3468352275488481,1711
Tin=Cold AND Tout=Cold AND Hin=Normal AND Hout=Wet AND L=Normal AND Solar=Normal AND CO2=Normal AND Wind=Medium AND N=Normal AND E=Normal AND W=1,Poor,0.3528675535429331,1712
Tin=Normal AND Tout=Normal AND Hin=Normal AND Hout=Normal AND L=High AND Solar=Low AND CO2=Normal AND Wind=Medium AND N=Low AND E=Low AND W=1,Acceptable,0.5549280122948326,1713
Tin=Hot AND Tout=Normal AND Hin=Normal AND Hout=Normal AND L=Normal AND Solar=Normal AND CO2=Normal AND Wind=Medium AND N=Normal AND E=Normal AND W=0,Poor,0.3947708285271596,1714
Tin=Normal AND Tout=Normal AND Hin=Normal AND Hout=Normal AND L=Normal AND Solar=Normal AND CO2=Normal AND Wind=High AND N=High AND E=Normal AND W=1,Acceptable,0.3595811035278962,1715
Tin=Normal AND Tout=Normal AND Hin=Normal AND Hout=Normal AND L=High AND Solar=Normal AND CO2=Normal AND Wind=Low AND N=High AND E=Normal AND W=0,Acceptable,0.424850859014744,1716
Tin=Cold AND Tout=Normal AND Hin=Normal AND Hout=Normal AND L=Normal AND Solar=Normal AND CO2=Normal AND Wind=Medium AND N=Normal AND E=Normal AND W=0,Poor,0.4394112619680685,1717
Tin=Normal AND Tout=Normal AND Hin=Wet AND Hout=Wet AND L=Normal AND Solar=Low AND CO2=Normal AND Wind=Medium AND N=Normal AND E=Normal AND W=1,Poor,0.3839574299251649,1718
Tin=Normal AND Tout=Normal AND Hin=Normal AND Hout=Normal AND L=Normal AND Solar=Low AND CO2=High AND Wind=High AND N=Low AND E=Normal AND W=0,Acceptable,0.4904755630748939,1719
Tin=Normal AND Tout=Normal AND Hin=Normal AND Hout=Wet AND L=Normal AND Solar=Normal AND CO2=Low AND Wind=Medium AND N=Normal AND E=Normal AND W=0,Acceptable,0.3509605001386142,1720
Tin=Normal AND Tout=Normal AND Hin=Wet AND Hout=Normal AND L=Low AND Solar=Normal AND CO2=Normal AND Wind=Low AND N=Normal AND E=Normal AND W=3,Good,0.4643769552841414,1721
Tin=Normal AND Tout=Normal AND Hin=Normal AND Hout=Normal AND L=Normal AND Solar=Low AND CO2=Normal AND Wind=Medium AND N=Normal AND E=Normal AND W=0,Good,0.4217890985991766,1722
Tin=Normal AND Tout=Normal AND Hin=Normal AND Hout=Normal AND L=Normal AND Solar=Normal AND CO2=Normal AND Wind=Medium AND N=High AND E=Normal AND W=0,Acceptable,0.3360503940614442,1723
Tin=Cold AND Tout=Normal AND Hin=Normal AND Hout=Normal AND L=Low AND Solar=Normal AND CO2=Normal AND Wind=Medium AND N=Normal AND E=Normal AND W=3,Acceptable,0.401101944022472,1724
Tin=Normal AND Tout=Normal AND Hin=Normal AND Hout=Normal AND L=Normal AND Solar=Normal AND CO2=High AND Wind=Low AND N=Normal AND E=Normal AND W=3,Acceptable,0.3773946360153258,1725
Tin=Normal AND Tout=Normal AND Hin=Normal AND Hout=Normal AND L=Normal AND Solar=Low AND CO2=High AND Wind=Medium AND N=Low AND E=Normal AND W=1,Acceptable,0.3531819348100384,1726
Tin=Normal AND Tout=Normal AND Hin=Normal AND Hout=Normal AND L=Low AND Solar=High AND CO2=Normal AND Wind=Low AND N=High AND E=Low AND W=3,Good,0.4525745754529104,1727
Tin=Normal AND Tout=Cold AND Hin=Normal AND Hout=Normal AND L=Normal AND Solar=Normal AND CO2=High AND Wind=Medium AND N=Low AND E=High AND W=3,Acceptable,0.4006370804860914,1728
Tin=Hot AND Tout=Normal AND Hin=Normal AND Hout=Normal AND L=Normal AND Solar=Normal AND CO2=Normal AND Wind=Medium AND N=High AND E=Normal AND W=0,Acceptable,0.4089244285306517,1729
Tin=Cold AND Tout=Normal AND Hin=Wet AND Hout=Wet AND L=Normal AND Solar=Low AND CO2=Normal AND Wind=High AND N=Low AND E=Normal AND W=2,Poor,0.3573498236157388,1730
Tin=Normal AND Tout=Normal AND Hin=Normal AND Hout=Normal AND L=Normal AND Solar=Normal AND CO2=Normal AND Wind=Low AND N=High AND E=Normal AND W=0,Acceptable,0.3881820310363965,1731
Tin=Normal AND Tout=Cold AND Hin=Normal AND Hout=Normal AND L=Normal AND Solar=Normal AND CO2=High AND Wind=Medium AND N=Low AND E=High AND W=0,Acceptable,0.5278760254340492,1732
Tin=Normal AND Tout=Normal AND Hin=Normal AND Hout=Normal AND L=Normal AND Solar=Normal AND CO2=Normal AND Wind=Medium AND N=Low AND E=Normal AND W=3,Good,0.4958761229169873,1733
Tin=Normal AND Tout=Cold AND Hin=Normal AND Hout=Normal AND L=Normal AND Solar=Low AND CO2=Normal AND Wind=Medium AND N=Normal AND E=Normal AND W=2,Poor,0.3441228095847664,1734
Tin=Normal AND Tout=Normal AND Hin=Normal AND Hout=Normal AND L=Normal AND Solar=Low AND CO2=Normal AND Wind=Medium AND N=Low AND E=Normal AND W=1,Acceptable,0.3357779333174875,1735
Tin=Normal AND Tout=Normal AND Hin=Normal AND Hout=Normal AND L=Normal AND Solar=Normal AND CO2=Normal AND Wind=Medium AND N=Normal AND E=Normal AND W=3,Good,0.4731800766283526,1736
Tin=Normal AND Tout=Normal AND Hin=Normal AND Hout=Normal AND L=Normal AND Solar=Low AND CO2=Normal AND Wind=Low AND N=Low AND E=Low AND W=0,Acceptable,0.3647504669849548,1737
Tin=Normal AND Tout=Normal AND Hin=Dry AND Hout=Normal AND L=Normal AND Solar=Normal AND CO2=Normal AND Wind=Low AND N=Normal AND E=Normal AND W=0,Acceptable,0.3773946360153258,1738
Tin=Normal AND Tout=Normal AND Hin=Normal AND Hout=Normal AND L=Low AND Solar=Normal AND CO2=Normal AND Wind=Low AND N=Low AND E=Normal AND W=3,Good,0.3822996708946289,1739
Tin=Normal AND Tout=Normal AND Hin=Dry AND Hout=Normal AND L=Normal AND Solar=Normal AND CO2=Normal AND Wind=High AND N=Normal AND E=Normal AND W=1,Acceptable,0.3506666910748941,1740
Tin=Hot AND Tout=Normal AND Hin=Normal AND Hout=Normal AND L=High AND Solar=Low AND CO2=Low AND Wind=High AND N=Low AND E=High AND W=1,Poor,0.3350354670182199,1741
Tin=Hot AND Tout=Normal AND Hin=Normal AND Hout=Normal AND L=Normal AND Solar=Low AND CO2=Normal AND Wind=Medium AND N=High AND E=Normal AND W=1,Poor,0.6465407374670755,1742
Tin=Normal AND Tout=Normal AND Hin=Wet AND Hout=Wet AND L=Normal AND Solar=Low AND CO2=Normal AND Wind=Medium AND N=Normal AND E=Normal AND W=0,Acceptable,0.3773946360153254,1743
Tin=Normal AND Tout=Normal AND Hin=Dry AND Hout=Dry AND L=Normal AND Solar=Normal AND CO2=Normal AND Wind=Medium AND N=Low AND E=Normal AND W=3,Acceptable,0.3688138527539281,1744
Tin=Cold AND Tout=Normal AND Hin=Dry AND Hout=Dry AND L=Normal AND Solar=Normal AND CO2=Normal AND Wind=Low AND N=Low AND E=Low AND W=3,Poor,0.3425659044170823,1745
Tin=Normal AND Tout=Normal AND Hin=Normal AND Hout=Normal AND L=Low AND Solar=High AND CO2=Normal AND Wind=Medium AND N=Normal AND E=Low AND W=3,Good,0.4419544612934345,1746
Tin=Cold AND Tout=Normal AND Hin=Normal AND Hout=Normal AND L=Normal AND Solar=Low AND CO2=Low AND Wind=Low AND N=High AND E=Normal AND W=1,Acceptable,0.4367816091954026,1747
Tin=Normal AND Tout=Normal AND Hin=Normal AND Hout=Wet AND L=Normal AND Solar=Normal AND CO2=Normal AND Wind=High AND N=Normal AND E=Normal AND W=3,Good,0.4200660572117273,1748
Tin=Normal AND Tout=Normal AND Hin=Normal AND Hout=Normal AND L=Normal AND Solar=Normal AND CO2=Normal AND Wind=Medium AND N=Normal AND E=Normal AND W=0,Acceptable,0.4731800766283526,1749
Tin=Normal AND Tout=Normal AND Hin=Normal AND Hout=Normal AND L=Low AND Solar=Normal AND CO2=Normal AND Wind=Low AND N=Normal AND E=Normal AND W=3,Acceptable,0.3482202675223093,1750
Tin=Normal AND Tout=Normal AND Hin=Dry AND Hout=Dry AND L=Normal AND Solar=Normal AND CO2=Normal AND Wind=Medium AND N=Normal AND E=Normal AND W=3,Acceptable,0.4119592185995713,1751
Tin=Normal AND Tout=Normal AND Hin=Wet AND Hout=Normal AND L=Normal AND Solar=Normal AND CO2=Low AND Wind=Medium AND N=High AND E=Normal AND W=3,Acceptable,0.4367816091954026,1752
Tin=Normal AND Tout=Normal AND Hin=Dry AND Hout=Normal AND L=Normal AND Solar=Normal AND CO2=Normal AND Wind=Medium AND N=Low AND E=Low AND W=0,Acceptable,0.3813841739101188,1753
Tin=Normal AND Tout=Cold AND Hin=Dry AND Hout=Dry AND L=Low AND Solar=Normal AND CO2=Normal AND Wind=Low AND N=Low AND E=High AND W=3,Acceptable,0.4467861918854097,1754
Tin=Normal AND Tout=Normal AND Hin=Normal AND Hout=Normal AND L=Normal AND Solar=Low AND CO2=Normal AND Wind=Medium AND N=High AND E=Normal AND W=1,Acceptable,0.5168310115670659,1755
Tin=Normal AND Tout=Normal AND Hin=Normal AND Hout=Normal AND L=Normal AND Solar=Normal AND CO2=Normal AND Wind=Medium AND N=High AND E=Normal AND W=3,Acceptable,0.5558262608970205,1756
Tin=Normal AND Tout=Normal AND Hin=Normal AND Hout=Normal AND L=Normal AND Solar=Normal AND CO2=Normal AND Wind=Low AND N=Normal AND E=Normal AND W=3,Good,0.4589492651032563,1757
Tin=Normal AND Tout=Normal AND Hin=Normal AND Hout=Normal AND L=Normal AND Solar=Normal AND CO2=Normal AND Wind=Medium AND N=High AND E=Normal AND W=3,Good,0.3850594536843303,1758
Tin=Normal AND Tout=Normal AND Hin=Normal AND Hout=Normal AND L=Normal AND Solar=Normal AND CO2=Normal AND Wind=Medium AND N=Normal AND E=Normal AND W=1,Acceptable,0.4097917668886695,1759
Tin=Hot AND Tout=Normal AND Hin=Dry AND Hout=Dry AND L=Normal AND Solar=Normal AND CO2=Normal AND Wind=Medium AND N=Normal AND E=High AND W=3,Poor,0.3412549709664377,1760
Tin=Normal AND Tout=Cold AND Hin=Normal AND Hout=Wet AND L=Normal AND Solar=Normal AND CO2=Normal AND Wind=Low AND N=Low AND E=Normal AND W=0,Acceptable,0.3707961289945307,1761
Tin=Cold AND Tout=Normal AND Hin=Dry AND Hout=Dry AND L=Normal AND Solar=Normal AND CO2=Normal AND Wind=Medium AND N=Low AND E=Low AND W=0,Poor,0.3547796787113236,1762
Tin=Normal AND Tout=Normal AND Hin=Normal AND Hout=Normal AND L=Normal AND Solar=Normal AND CO2=Normal AND Wind=Medium AND N=Normal AND E=Normal AND W=0,Good,0.3359929288585743,1763
Tin=Normal AND Tout=Normal AND Hin=Normal AND Hout=Normal AND L=Normal AND Solar=Low AND CO2=Normal AND Wind=Low AND N=Low AND E=Normal AND W=1,Acceptable,0.396856404221475,1764
Tin=Normal AND Tout=Normal AND Hin=Normal AND Hout=Normal AND L=Low AND Solar=High AND CO2=Normal AND Wind=Medium AND N=High AND E=Normal AND W=3,Good,0.3960441780645615,1765
Tin=Normal AND Tout=Normal AND Hin=Normal AND Hout=Normal AND L=Normal AND Solar=Normal AND CO2=Normal AND Wind=Low AND N=Low AND E=Low AND W=0,Acceptable,0.4008880947131292,1766
Tin=Normal AND Tout=Normal AND Hin=Normal AND Hout=Normal AND L=High AND Solar=Low AND CO2=Low AND Wind=Medium AND N=Normal AND E=Normal AND W=1,Poor,0.337679719417339,1767
Tin=Normal AND Tout=Cold AND Hin=Normal AND Hout=Normal AND L=Normal AND Solar=Low AND CO2=Normal AND Wind=Low AND N=Normal AND E=High AND W=0,Acceptable,0.4215684163715142,1768
Tin=Normal AND Tout=Normal AND Hin=Normal AND Hout=Normal AND L=Normal AND Solar=Normal AND CO2=High AND Wind=Medium AND N=Low AND E=Normal AND W=3,Good,0.3967801793465965,1769
Tin=Normal AND Tout=Cold AND Hin=Normal AND Hout=Normal AND L=Low AND Solar=Normal AND CO2=Normal AND Wind=Medium AND N=Normal AND E=High AND W=3,Acceptable,0.3343021075027541,1770
Tin=Cold AND Tout=Normal AND Hin=Normal AND Hout=Normal AND L=Normal AND Solar=Normal AND CO2=Normal AND Wind=Medium AND N=Normal AND E=Normal AND W=0,Acceptable,0.3396040635784181,1771
Tin=Normal AND Tout=Normal AND Hin=Normal AND Hout=Normal AND L=Normal AND Solar=Normal AND CO2=Normal AND Wind=Low AND N=Normal AND E=Normal AND W=3,Good,0.3773946360153254,1772
Tin=Normal AND Tout=Hot AND Hin=Normal AND Hout=Normal AND L=Low AND Solar=Normal AND CO2=Normal AND Wind=Low AND N=Normal AND E=High AND W=3,Acceptable,0.5787142800764604,1773
Tin=Normal AND Tout=Normal AND Hin=Normal AND Hout=Normal AND L=Low AND Solar=Normal AND CO2=Normal AND Wind=Medium AND N=Normal AND E=Normal AND W=3,Good,0.3490045743000375,1774
Tin=Normal AND Tout=Normal AND Hin=Normal AND Hout=Normal AND L=Normal AND Solar=Normal AND CO2=Normal AND Wind=Low AND N=Low AND E=Normal AND W=0,Acceptable,0.3845052861835363,1775
Tin=Normal AND Tout=Normal AND Hin=Normal AND Hout=Normal AND L=Normal AND Solar=Low AND CO2=Normal AND Wind=Medium AND N=High AND E=Normal AND W=0,Good,0.4099511563424735,1776
